condition,run,seg,L_k_m,Kp,Kth,t_arrive_s,eps_m,T_bound_s,within_bound,d_at_switch_m,V_before,V_after,t_switch_s
halt1cm_pnn,0,0,0.485869,0.926766,0.913096,3.8200,0.01,9.9426,1,0.009974,0.05661634,1.82151677,3.8200
halt1cm_pnn,0,1,0.241061,1.000000,1.077763,3.2220,0.01,7.7325,1,0.009995,0.08893582,0.05277829,7.0420
halt1cm_pnn,0,2,0.308184,0.858437,2.999105,2.6780,0.01,8.5235,1,0.009981,0.00008812,1.11786873,9.7200
halt1cm_pnn,0,3,0.423267,0.883835,2.838621,3.3190,0.01,9.0166,1,0.009990,0.00006405,1.94265603,13.0390
halt1cm_pnn,0,4,0.424110,1.000000,1.074672,3.2950,0.01,8.8314,1,0.009978,0.18550982,0.43267143,16.3340
halt1cm_pnn,0,5,0.927634,0.855952,2.928291,3.1800,0.01,11.0833,1,0.009978,0.00258343,0.21331944,19.5140
halt1cm_pnn,0,6,0.625915,0.845963,2.927668,3.0790,0.01,10.2907,1,0.009997,0.00070299,1.25392982,22.5930
halt1cm_pnn,0,7,0.468512,0.906267,2.836691,3.2950,0.01,9.0250,1,0.009986,0.00028971,1.53064152,25.8880
halt1cm_pnn,0,8,0.153329,0.917635,1.740737,3.0090,0.01,6.8842,1,0.009999,0.00016919,0.53879744,28.8970
halt1cm_pnn,0,9,0.914008,0.838707,2.886542,3.3580,0.01,11.2734,1,0.009997,0.00033549,1.33537767,32.2550
halt1cm_pnn,0,10,0.168834,0.832825,2.376789,3.1690,0.01,7.5088,1,0.009984,0.00907102,0.30467266,35.4240
halt1cm_pnn,0,11,0.302806,0.873127,3.000000,2.7990,0.01,8.3487,1,0.009983,0.00537100,,38.2230
halt1cm_pnn,1,0,0.371483,0.858126,2.953057,2.8040,0.01,8.9565,1,0.009980,0.00093686,0.75788111,2.8040
halt1cm_pnn,1,1,0.988913,0.860160,2.881519,3.3780,0.01,11.1863,1,0.009978,0.00020975,1.51521673,6.1820
halt1cm_pnn,1,2,0.117782,0.892609,1.731429,2.8640,0.01,6.5092,1,0.009992,0.00066181,0.34018766,9.0460
halt1cm_pnn,1,3,0.768341,0.826547,2.902035,3.3430,0.01,11.0145,1,0.009992,0.00006407,0.27955503,12.3890
halt1cm_pnn,1,4,0.732427,0.843502,2.923273,3.1420,0.01,10.6872,1,0.009981,0.00005456,1.42698040,15.5310
halt1cm_pnn,1,5,0.200825,0.862483,2.196220,3.1720,0.01,7.7002,1,0.009995,0.01392181,2.01542270,18.7030
halt1cm_pnn,1,6,0.858530,0.839515,2.188947,4.0710,0.01,11.2685,1,0.009979,0.00006273,1.77719777,22.7740
halt1cm_pnn,1,7,0.098121,0.929468,1.335177,2.8740,0.01,6.1609,1,0.009993,0.02971658,1.44348167,25.6480
halt1cm_pnn,1,8,0.379167,0.831303,2.726208,3.5690,0.01,9.3174,1,0.009992,0.00318583,0.93902290,29.2170
halt1cm_pnn,1,9,0.881189,0.943465,2.769952,3.1070,0.01,10.0185,1,0.009979,0.04796341,1.26945232,32.3240
halt1cm_pnn,1,10,0.319088,0.846011,2.860188,3.5100,0.01,8.7440,1,0.009997,0.00311339,2.31259546,35.8340
halt1cm_pnn,1,11,0.608065,0.961606,0.897799,3.7110,0.01,10.1214,1,0.009965,0.09650476,,39.5450
halt1cm_pnn,2,0,0.823140,0.900767,2.856225,3.0620,0.01,10.3050,1,0.009987,0.01280261,0.67944034,3.0620
halt1cm_pnn,2,1,0.395940,0.906415,2.988093,3.0910,0.01,8.6360,1,0.009979,0.00469480,0.67410105,6.1530
halt1cm_pnn,2,2,0.508491,0.919669,2.959241,3.1100,0.01,9.0549,1,0.009996,0.00896700,2.08480741,9.2630
halt1cm_pnn,2,3,0.294590,0.967360,0.987151,3.2860,0.01,8.4676,1,0.009991,0.06575363,1.61386848,12.5490
halt1cm_pnn,2,4,0.600423,0.883239,2.483768,3.5460,0.01,9.8683,1,0.009981,0.00128714,,16.0950
halt1cm_pnn,3,0,0.948938,0.848384,2.888569,3.3890,0.01,11.2374,1,0.009977,0.00021028,1.52159950,3.3890
halt1cm_pnn,3,1,0.163289,0.916574,1.762621,2.9980,0.01,7.0105,1,0.009979,0.00005147,0.73019517,6.3870
halt1cm_pnn,3,2,0.336825,0.884575,2.986986,3.0540,0.01,8.4820,1,0.009992,0.00137017,0.88227628,9.4410
halt1cm_pnn,3,3,0.728922,0.955597,2.848522,2.9940,0.01,9.4917,1,0.009991,0.04712387,0.20898810,12.4350
halt1cm_pnn,3,4,0.559639,0.888048,2.956569,2.9240,0.01,9.5729,1,0.009998,0.01165190,0.86329173,15.3590
halt1cm_pnn,3,5,0.366442,0.894199,2.961680,3.1790,0.01,8.5830,1,0.009977,0.00070535,,18.5380
halt1cm_pnn,4,0,0.104753,0.790136,2.960462,2.4860,0.01,6.6449,1,0.009990,0.00426419,0.76898603,2.4860
halt1cm_pnn,4,1,0.814639,0.931498,2.816302,3.0480,0.01,9.9659,1,0.009970,0.03251122,0.66373997,5.5340
halt1cm_pnn,4,2,0.262021,0.849307,2.993966,3.1710,0.01,8.2418,1,0.009985,0.00012949,0.81637367,8.7050
halt1cm_pnn,4,3,0.696571,0.949695,2.869330,3.0780,0.01,9.4499,1,0.009997,0.03806442,0.13958704,11.7830
halt1cm_pnn,4,4,0.527884,0.865153,2.948495,2.9070,0.01,9.6826,1,0.009978,0.00239383,1.16314650,14.6900
halt1cm_pnn,4,5,0.129493,0.784610,2.672357,3.1210,0.01,7.2366,1,0.009990,0.00226545,2.16475085,17.8110
halt1cm_pnn,4,6,0.353228,0.950548,0.955674,3.4830,0.01,9.0093,1,0.009988,0.06045716,2.55835497,21.2940
halt1cm_pnn,4,7,0.949015,0.883384,0.856413,4.3560,0.01,11.9502,1,0.009979,0.04836288,0.25474665,25.6500
halt1cm_pnn,4,8,0.705791,0.848573,2.924527,3.0860,0.01,10.5399,1,0.009991,0.00016007,0.28403980,28.7360
halt1cm_pnn,4,9,0.593780,0.899859,2.960709,2.8480,0.01,9.5822,1,0.009972,0.00996407,1.75273293,31.5840
halt1cm_pnn,4,10,0.653297,0.860035,2.342290,3.7270,0.01,10.3464,1,0.009998,0.00046875,0.32481178,35.3110
halt1cm_pnn,4,11,0.803667,0.848204,2.925530,3.1470,0.01,10.8463,1,0.009980,0.00045525,2.17927323,38.4580
halt1cm_pnn,4,12,0.773007,0.902359,1.294093,3.8530,0.01,10.7360,1,0.009972,0.02423246,1.78583185,42.3110
halt1cm_pnn,4,13,0.371044,0.962478,1.490478,3.3350,0.01,8.4946,1,0.009973,0.02060100,0.63463665,45.6460
halt1cm_pnn,4,14,0.892369,0.865968,2.880461,3.2460,0.01,10.8799,1,0.009992,0.00006154,1.18736142,48.8920
halt1cm_pnn,4,15,0.375915,0.858551,2.840223,3.4350,0.01,8.9979,1,0.009996,0.00166039,0.19431014,52.3270
halt1cm_pnn,4,16,0.313238,0.873342,3.000000,2.7420,0.01,8.4219,1,0.009981,0.00588770,0.43020407,55.0690
halt1cm_pnn,4,17,0.901780,0.866085,2.913113,3.0780,0.01,10.8971,1,0.009981,0.00006177,,58.1470
halt1cm_pnn,5,0,0.955018,0.856281,2.887016,3.3750,0.01,11.1532,1,0.009981,0.00012505,2.56000798,3.3750
halt1cm_pnn,5,1,0.504109,0.876386,0.944767,4.0820,0.01,10.4585,1,0.009985,0.03358799,1.75010795,7.4570
halt1cm_pnn,5,2,0.569958,0.841202,2.373784,3.8580,0.01,10.2377,1,0.009998,0.00024874,0.03176706,11.3150
halt1cm_pnn,5,3,0.169304,0.821915,2.982373,2.5200,0.01,7.4887,1,0.009984,0.00065846,2.28853095,13.8350
halt1cm_pnn,5,4,0.507405,0.929678,0.933038,3.7640,0.01,9.9753,1,0.009988,0.06859999,1.38037463,17.5990
halt1cm_pnn,5,5,0.228875,0.818463,2.585492,3.3540,0.01,8.2906,1,0.009989,0.00021557,0.12694149,20.9530
halt1cm_pnn,5,6,0.486480,0.875723,2.958930,2.8100,0.01,9.3868,1,0.009992,0.00170302,0.31964830,23.7630
halt1cm_pnn,5,7,0.755410,0.876728,2.931334,2.9670,0.01,10.3684,1,0.009981,0.00147440,0.14315397,26.7300
halt1cm_pnn,5,8,0.273149,0.861309,3.000000,2.6830,0.01,8.2256,1,0.009987,0.00429210,0.79307410,29.4130
halt1cm_pnn,5,9,0.915797,0.889858,2.853688,3.3070,0.01,10.6629,1,0.009980,0.00246534,0.87642455,32.7200
halt1cm_pnn,5,10,0.525521,0.924554,2.887409,3.1790,0.01,9.0911,1,0.009984,0.00784973,0.11343315,35.8990
halt1cm_pnn,5,11,0.383005,0.881283,2.996489,2.6890,0.01,8.7942,1,0.009990,0.00083326,0.88491107,38.5880
halt1cm_pnn,5,12,0.969772,0.889485,2.846776,3.3420,0.01,10.7957,1,0.009993,0.00136166,2.65342903,41.9300
halt1cm_pnn,5,13,0.219251,0.904615,0.930205,3.6790,0.01,8.4153,1,0.009992,0.02210366,0.50337100,45.6090
halt1cm_pnn,5,14,0.883835,0.880808,2.865475,3.1160,0.01,10.6856,1,0.009982,0.00686230,0.23085356,48.7250
halt1cm_pnn,5,15,0.673194,0.851201,2.926061,3.0680,0.01,10.3990,1,0.009977,0.00108990,1.12902424,51.7930
halt1cm_pnn,5,16,0.857797,0.976456,2.667455,3.0970,0.01,9.6617,1,0.009996,0.11044763,0.08609257,54.8900
halt1cm_pnn,5,17,0.272150,0.832048,2.972779,2.8740,0.01,8.4944,1,0.009988,0.00541528,,57.7640
halt1cm_pnn,6,0,0.677518,0.936028,0.888444,3.8890,0.01,10.5996,1,0.009985,0.08206662,0.62317005,3.8890
halt1cm_pnn,6,1,0.795429,0.914154,2.846158,3.0040,0.01,10.0889,1,0.009983,0.01817733,1.87161900,6.8930
halt1cm_pnn,6,2,0.923247,0.912978,2.262627,3.5360,0.01,10.5496,1,0.009998,0.03152164,0.25560923,10.4290
halt1cm_pnn,6,3,0.633110,0.846511,2.919444,3.1730,0.01,10.3122,1,0.009996,0.00184994,0.69278829,13.6020
halt1cm_pnn,6,4,0.945085,0.893508,2.817462,3.1940,0.01,10.6972,1,0.009980,0.01045422,0.24684450,16.7960
halt1cm_pnn,6,5,0.197071,0.818069,3.000000,2.8550,0.01,7.8710,1,0.009985,0.00435138,1.65801265,19.6510
halt1cm_pnn,6,6,0.984347,0.970040,2.353647,3.3360,0.01,10.0721,1,0.009991,0.13352432,0.67424359,22.9870
halt1cm_pnn,6,7,0.962868,0.887199,2.825977,3.1030,0.01,10.8099,1,0.009973,0.00141929,1.11633353,26.0900
halt1cm_pnn,6,8,0.856752,0.970913,2.697016,3.1390,0.01,9.7057,1,0.009972,0.09254935,0.18001701,29.2290
halt1cm_pnn,6,9,0.460763,0.896245,2.977416,2.8620,0.01,9.0609,1,0.009979,0.01537367,0.44906303,32.0910
halt1cm_pnn,6,10,0.546812,0.925407,2.951514,2.8310,0.01,9.1570,1,0.009993,0.02101904,0.11156967,34.9220
halt1cm_pnn,6,11,0.115346,0.795860,2.977760,2.3760,0.01,6.8197,1,0.009987,0.00341630,0.08966890,37.2980
halt1cm_pnn,6,12,0.207143,0.814350,2.975955,2.7490,0.01,8.0252,1,0.009995,0.00225407,0.34948375,40.0470
halt1cm_pnn,6,13,0.535661,0.917522,2.962187,2.8500,0.01,9.1859,1,0.009972,0.02072755,2.14431890,42.8970
halt1cm_pnn,6,14,0.876885,0.798133,2.087199,4.2980,0.01,11.9032,1,0.009983,0.00059772,0.11802091,47.1950
halt1cm_pnn,6,15,0.485786,0.865573,2.955399,2.8400,0.01,9.4887,1,0.009982,0.00005760,0.31780163,50.0350
halt1cm_pnn,6,16,0.783619,0.841305,2.921809,3.1840,0.01,10.8726,1,0.009996,0.00008495,0.71022108,53.2190
halt1cm_pnn,6,17,0.830200,0.920230,2.820192,3.0860,0.01,10.1219,1,0.009966,0.02527493,0.16031045,56.3050
halt1cm_pnn,6,18,0.216977,0.823152,2.989234,2.8340,0.01,8.0499,1,0.009990,0.00506862,,59.1390
halt1cm_pnn,7,0,0.764538,0.958205,2.831134,3.0490,0.01,9.5685,1,0.009992,0.05440534,0.30897711,3.0490
halt1cm_pnn,7,1,0.678308,0.891303,2.945218,3.0190,0.01,9.9661,1,0.009979,0.01368966,1.34837179,6.0680
halt1cm_pnn,7,2,0.986668,0.992815,2.510460,3.0350,0.01,9.8225,1,0.009992,0.18536943,2.97622985,9.1030
halt1cm_pnn,7,3,0.857419,0.735812,1.074035,5.0720,0.01,13.4214,1,0.009989,0.00005877,0.48315964,14.1750
halt1cm_pnn,7,4,0.539215,0.918849,2.960365,2.9270,0.01,9.1877,1,0.009996,0.01764099,0.56995697,17.1020
halt1cm_pnn,7,5,0.141298,0.799360,2.928328,2.9460,0.01,7.2705,1,0.009990,0.00360154,0.09010568,20.0480
halt1cm_pnn,7,6,0.400360,0.863873,2.950606,2.8040,0.01,9.0694,1,0.009985,0.00199724,0.99610529,22.8520
halt1cm_pnn,7,7,0.242720,0.820275,2.883378,3.3150,0.01,8.3555,1,0.009998,0.00078276,1.82887137,26.1670
halt1cm_pnn,7,8,0.399361,1.000000,1.330950,3.2780,0.01,8.4656,1,0.009985,0.12323837,2.51360654,29.4450
halt1cm_pnn,7,9,0.524272,0.928533,0.911365,3.9700,0.01,10.0902,1,0.009975,0.06253938,2.28522581,33.4150
halt1cm_pnn,7,10,0.286184,0.931599,0.917122,3.6730,0.01,8.7859,1,0.009985,0.03199550,1.56650232,37.0880
halt1cm_pnn,7,11,0.759716,0.942291,2.416207,3.3340,0.01,9.7926,1,0.009981,0.05108294,1.11434143,40.4220
halt1cm_pnn,7,12,0.497719,0.927681,2.859487,3.2890,0.01,8.9518,1,0.009998,0.00343525,0.21506050,43.7110
halt1cm_pnn,7,13,0.578244,0.886205,2.953430,2.8970,0.01,9.6649,1,0.009994,0.00834202,0.64568747,46.6080
halt1cm_pnn,7,14,0.896112,0.867177,2.879854,3.3350,0.01,10.8751,1,0.009995,0.00043493,0.10441222,49.9430
halt1cm_pnn,7,15,0.447832,0.875012,2.965121,2.7670,0.01,9.2078,1,0.009999,0.00116858,2.00224026,52.7100
halt1cm_pnn,7,16,0.483410,1.000000,1.028948,3.4330,0.01,9.1448,1,0.009998,0.20321663,0.21815614,56.1430
halt1cm_pnn,7,17,0.599066,0.841649,2.923365,3.1600,0.01,10.2392,1,0.009997,0.00181033,,59.3030
halt1cm_pnn,8,0,0.432010,0.906382,0.924643,3.8460,0.01,9.8594,1,0.009980,0.04094777,1.01998601,3.8460
halt1cm_pnn,8,1,0.340884,0.859927,2.897879,3.3460,0.01,8.7532,1,0.009982,0.00078644,1.54919857,7.1920
halt1cm_pnn,8,2,0.824385,0.925568,2.369985,3.4690,0.01,10.1447,1,0.009987,0.03701701,2.14393928,10.6610
halt1cm_pnn,8,3,0.956510,0.767662,2.147290,4.5590,0.01,12.5548,1,0.009999,0.00137676,0.78502348,15.2200
halt1cm_pnn,8,4,0.522933,0.938143,2.937476,3.0400,0.01,8.9479,1,0.009974,0.01777313,2.24080749,18.2600
halt1cm_pnn,8,5,0.319777,0.935685,0.941129,3.7220,0.01,8.9453,1,0.009984,0.04360323,0.34878388,21.9820
halt1cm_pnn,8,6,0.664865,0.900251,2.940337,2.9420,0.01,9.8287,1,0.009990,0.01398845,,24.9240
halt1cm_pnn,9,0,0.269877,0.854645,3.000000,2.6870,0.01,8.2589,1,0.009988,0.00152115,0.03392305,2.6870
halt1cm_pnn,9,1,0.255739,0.840008,2.993708,2.6710,0.01,8.2724,1,0.009990,0.00025147,1.33330963,5.3580
halt1cm_pnn,9,2,0.594147,0.925955,2.658163,3.3160,0.01,9.3799,1,0.009987,0.01118250,2.36205349,8.6740
halt1cm_pnn,9,3,0.240250,0.926848,0.942411,3.6390,0.01,8.4190,1,0.010000,0.03035116,1.75679180,12.3130
halt1cm_pnn,9,4,0.384400,0.969094,1.716680,3.1620,0.01,8.3915,1,0.009998,0.00018548,0.10265429,15.4750
halt1cm_pnn,9,5,0.196744,0.837432,2.989158,2.5800,0.01,7.6975,1,0.009988,0.00312747,0.89857219,18.0550
halt1cm_pnn,9,6,0.841575,0.944749,2.790877,3.0620,0.01,9.9056,1,0.009968,0.04648011,0.29020782,21.1170
halt1cm_pnn,9,7,0.464991,0.908108,2.978837,2.7370,0.01,8.9681,1,0.009998,0.00838349,,23.8540
halt1cm_pnn,10,0,0.285516,0.845398,2.912674,3.3010,0.01,8.4867,1,0.009998,0.00098782,1.11873977,3.3010
halt1cm_pnn,10,1,0.588891,0.946691,2.763120,3.1430,0.01,9.1476,1,0.009970,0.02552647,0.50790902,6.4440
halt1cm_pnn,10,2,0.833404,0.891764,2.867878,3.1610,0.01,10.4297,1,0.009982,0.01240297,0.11271078,9.6050
halt1cm_pnn,10,3,0.311527,0.842377,2.967979,2.8580,0.01,8.7069,1,0.009990,0.00393172,2.37505873,12.4630
halt1cm_pnn,10,4,0.886313,0.931565,0.940023,3.9690,0.01,11.1267,1,0.009980,0.16067631,2.22516948,16.4320
halt1cm_pnn,10,5,0.741459,0.957910,0.978396,3.8350,0.01,10.4354,1,0.009999,0.20727505,1.54834786,20.2670
halt1cm_pnn,10,6,0.385063,0.846745,2.721772,3.5160,0.01,9.1931,1,0.009988,0.00246264,0.01549880,23.7830
halt1cm_pnn,10,7,0.170537,0.818795,2.978848,2.5290,0.01,7.5327,1,0.009991,0.00013052,2.75385968,26.3120
halt1cm_pnn,10,8,0.895817,0.905878,0.899955,4.1340,0.01,11.4893,1,0.009976,0.09131342,0.34842731,30.4460
halt1cm_pnn,10,9,0.799272,0.873622,2.925347,2.9920,0.01,10.5321,1,0.009971,0.00013612,2.00465286,33.4380
halt1cm_pnn,10,10,0.817345,0.796326,2.247841,4.3230,0.01,11.7067,1,0.009985,0.00203714,0.16893959,37.7610
halt1cm_pnn,10,11,0.181757,0.807974,2.997188,2.7510,0.01,7.7738,1,0.009999,0.00302810,0.39311245,40.5120
halt1cm_pnn,10,12,0.877327,0.862269,2.925986,3.1000,0.01,10.8780,1,0.009978,0.00121501,0.38438692,43.6120
halt1cm_pnn,10,13,0.441724,0.907140,2.991251,2.8490,0.01,8.8646,1,0.009989,0.01320416,2.06037026,46.4610
halt1cm_pnn,10,14,0.173599,0.981940,1.027379,3.0510,0.01,7.2767,1,0.009986,0.04794989,0.01631545,49.5120
halt1cm_pnn,10,15,0.179581,0.820251,2.978787,2.5470,0.01,7.6394,1,0.009983,0.00011780,0.48417658,52.0590
halt1cm_pnn,10,16,0.973057,0.857560,2.916347,3.1560,0.01,11.1757,1,0.009997,0.00028467,,55.2150
halt1cm_pnn,11,0,0.277919,0.837336,2.975823,2.7780,0.01,8.4915,1,0.009991,0.00088860,1.66089197,2.7780
halt1cm_pnn,11,1,0.685624,0.881666,2.413441,3.6320,0.01,10.1976,1,0.009983,0.00212211,0.27915836,6.4100
halt1cm_pnn,11,2,0.620327,0.894764,2.954476,2.9040,0.01,9.7312,1,0.009974,0.01080565,0.34492685,9.3140
halt1cm_pnn,11,3,0.545208,0.891187,2.954867,2.9910,0.01,9.4836,1,0.009998,0.00985257,1.43482591,12.3050
halt1cm_pnn,11,4,0.266801,0.807465,2.631799,3.6000,0.01,8.7518,1,0.009992,0.00108238,2.15867888,15.9050
halt1cm_pnn,11,5,0.495844,0.989475,0.955561,3.5310,0.01,9.3815,1,0.009982,0.13844937,2.30474683,19.4360
halt1cm_pnn,11,6,0.644935,0.965861,0.903255,3.8170,0.01,10.1943,1,0.009996,0.11595509,0.56830658,23.2530
halt1cm_pnn,11,7,0.139202,0.798361,2.926924,2.7940,0.01,7.2443,1,0.009996,0.00454154,0.48179429,26.0470
halt1cm_pnn,11,8,0.905884,0.825059,2.888071,3.4670,0.01,11.4303,1,0.010000,0.00013655,0.82667605,29.5140
halt1cm_pnn,11,9,0.714534,0.951476,2.856666,3.0440,0.01,9.4880,1,0.009966,0.04359989,0.74720241,32.5580
halt1cm_pnn,11,10,0.990617,0.858047,2.885153,3.5210,0.01,11.2160,1,0.009978,0.00044242,0.63673368,36.0790
halt1cm_pnn,11,11,0.249228,0.843506,2.995485,3.0450,0.01,8.1809,1,0.009988,0.00039759,1.18332962,39.1240
halt1cm_pnn,11,12,0.507317,0.923504,2.825517,3.2040,0.01,9.0365,1,0.009996,0.00434993,0.10018168,42.3280
halt1cm_pnn,11,13,0.207941,0.841132,2.992437,2.6670,0.01,7.7906,1,0.009987,0.00589811,0.46199677,44.9950
halt1cm_pnn,11,14,0.865832,0.878265,2.878868,3.0520,0.01,10.6666,1,0.009998,0.00260531,0.88412606,48.0470
halt1cm_pnn,11,15,0.371400,0.895402,2.956171,3.1750,0.01,8.6022,1,0.009990,0.00074596,0.23334398,51.2220
halt1cm_pnn,11,16,0.680233,0.853149,2.926195,3.0500,0.01,10.4004,1,0.009974,0.00049676,0.56968065,54.2720
halt1cm_pnn,11,17,0.133528,0.780832,2.912704,2.9020,0.01,7.2993,1,0.009992,0.00271373,2.44033669,57.1740
halt1cm_pnn,11,18,0.508093,0.939905,0.907866,3.7110,0.01,9.9269,1,0.009986,0.06725839,0.05869745,60.8850
halt1cm_pnn,11,19,0.230570,0.825351,2.984320,2.7160,0.01,8.1714,1,0.009987,0.00241234,,63.6010
halt1cm_pnn,12,0,0.327556,0.879399,2.964496,3.0420,0.01,8.4712,1,0.009980,0.00234629,0.31609781,3.0420
halt1cm_pnn,12,1,0.130407,0.801898,2.960469,2.6120,0.01,7.0575,1,0.009994,0.00586611,0.05016193,5.6540
halt1cm_pnn,12,2,0.315795,0.857403,2.988536,2.7040,0.01,8.5900,1,0.009982,0.00017592,0.07888340,8.3580
halt1cm_pnn,12,3,0.341522,0.852422,2.961303,2.7730,0.01,8.8201,1,0.009982,0.00099428,2.13105941,11.1310
halt1cm_pnn,12,4,0.164206,0.975414,1.016183,3.1880,0.01,7.2236,1,0.009992,0.04157408,1.71575949,14.3190
halt1cm_pnn,12,5,0.984385,0.961913,2.324087,3.3870,0.01,10.1598,1,0.009969,0.11616182,1.00409296,17.7060
halt1cm_pnn,12,6,0.929712,0.944083,2.739741,3.0400,0.01,10.1301,1,0.009972,0.04732849,0.98114675,20.7460
halt1cm_pnn,12,7,0.960933,0.933373,2.746835,3.0710,0.01,10.3093,1,0.009992,0.03465190,0.38298064,23.8170
halt1cm_pnn,12,8,0.641631,0.879350,2.923853,3.1460,0.01,9.9741,1,0.009986,0.00601406,2.17149527,26.9630
halt1cm_pnn,12,9,0.762622,0.910358,1.263492,3.8820,0.01,10.6477,1,0.009985,0.03988857,0.57336027,30.8450
halt1cm_pnn,12,10,0.406771,0.899332,3.000000,3.0640,0.01,8.7570,1,0.009989,0.00499819,2.36575107,33.9090
halt1cm_pnn,12,11,0.938809,0.901094,1.223692,4.0320,0.01,11.2375,1,0.009981,0.04724790,1.22383239,37.9410
halt1cm_pnn,12,12,0.709400,0.957613,2.626009,3.2490,0.01,9.4581,1,0.009970,0.05310340,0.31943972,41.1900
halt1cm_pnn,12,13,0.320076,0.877947,3.000000,2.9570,0.01,8.4278,1,0.009978,0.00872644,0.41228502,44.1470
halt1cm_pnn,12,14,0.649640,0.884609,2.923231,3.1110,0.01,9.9453,1,0.009997,0.00665257,0.51781273,47.2580
halt1cm_pnn,12,15,0.611348,0.915423,2.933423,2.9300,0.01,9.4942,1,0.009995,0.01412493,1.89986866,50.1880
halt1cm_pnn,12,16,0.966053,0.852410,2.235169,3.8850,0.01,11.3684,1,0.009981,0.00044225,1.79943568,54.0730
halt1cm_pnn,12,17,0.352526,1.000000,1.278090,3.1810,0.01,8.2657,1,0.009974,0.12982621,1.42058653,57.2540
halt1cm_pnn,12,18,0.329343,0.836828,2.787523,3.5990,0.01,8.9206,1,0.009985,0.00353838,0.60131529,60.8530
halt1cm_pnn,12,19,0.890024,0.859695,2.881507,3.3020,0.01,10.9495,1,0.009993,0.00013615,,64.1550
halt1cm_pnn,13,0,0.480936,0.903321,2.785124,3.2900,0.01,9.1187,1,0.009989,0.00150281,1.12627616,3.2900
halt1cm_pnn,13,1,0.183321,0.786690,2.803449,3.3710,0.01,8.0242,1,0.009999,0.00058443,0.14236411,6.6610
halt1cm_pnn,13,2,0.533186,0.864723,2.947531,2.8860,0.01,9.7100,1,0.009988,0.00022630,0.40482044,9.5470
halt1cm_pnn,13,3,0.322566,0.878672,3.000000,2.8980,0.01,8.4383,1,0.009981,0.00609741,0.26551227,12.4450
halt1cm_pnn,13,4,0.704832,0.871380,2.932720,2.9590,0.01,10.2720,1,0.009985,0.00005497,0.12743879,15.4040
halt1cm_pnn,13,5,0.339195,0.850152,2.964727,2.8280,0.01,8.8262,1,0.009980,0.00263490,0.70501317,18.2320
halt1cm_pnn,13,6,0.252328,0.843698,2.986128,3.0770,0.01,8.2087,1,0.009994,0.00013174,0.44334770,21.3090
halt1cm_pnn,13,7,0.550896,0.925883,2.949951,2.9120,0.01,9.1686,1,0.009976,0.02565294,0.44392753,24.2210
halt1cm_pnn,13,8,0.323913,0.878697,3.000000,2.8650,0.01,8.4473,1,0.009988,0.00395944,2.38561201,27.0860
halt1cm_pnn,13,9,0.861600,0.919953,0.910338,3.8890,0.01,11.2358,1,0.009972,0.11135366,2.69441410,30.9750
halt1cm_pnn,13,10,0.982546,0.920789,0.837212,4.0100,0.01,11.6423,1,0.009993,0.06951826,1.01909276,34.9850
halt1cm_pnn,13,11,0.685175,0.959256,2.790636,3.1400,0.01,9.3402,1,0.009974,0.04458817,1.80433311,38.1250
halt1cm_pnn,13,12,0.233932,1.000000,1.115390,3.2810,0.01,7.6315,1,0.009990,0.09336345,0.57634441,41.4060
halt1cm_pnn,13,13,0.414702,0.906402,3.000000,2.9230,0.01,8.7339,1,0.009982,0.00659373,0.67731352,44.3290
halt1cm_pnn,13,14,0.547153,0.933697,2.963854,2.9360,0.01,9.0792,1,0.009973,0.01759755,0.55191286,47.2650
halt1cm_pnn,13,15,0.696264,0.904237,2.903736,2.9910,0.01,9.8940,1,0.009999,0.00727420,,50.2560
halt1cm_pnn,14,0,0.128422,0.783274,2.976363,2.6080,0.01,7.1754,1,0.009992,0.00206686,0.40273958,2.6080
halt1cm_pnn,14,1,0.887872,0.839406,2.920112,3.2460,0.01,11.1905,1,0.009978,0.00008834,1.59506357,5.8540
halt1cm_pnn,14,2,0.409104,0.822344,2.615803,3.7400,0.01,9.6151,1,0.009997,0.00303615,1.62679377,9.5940
halt1cm_pnn,14,3,0.262784,0.925355,1.758369,3.1750,0.01,7.9340,1,0.009977,0.00130275,0.92875809,12.7690
halt1cm_pnn,14,4,0.348999,0.870504,2.918689,3.2500,0.01,8.7018,1,0.009992,0.00008739,0.43965519,16.0190
halt1cm_pnn,14,5,0.784204,0.891671,2.891886,2.9810,0.01,10.2919,1,0.009974,0.00623884,0.04856695,19.0000
halt1cm_pnn,14,6,0.172627,0.807661,2.978396,2.6120,0.01,7.6587,1,0.009988,0.00232715,0.32577887,21.6120
halt1cm_pnn,14,7,0.339069,0.871505,3.000000,2.8870,0.01,8.6151,1,0.009992,0.00459470,1.18434770,24.4990
halt1cm_pnn,14,8,0.591091,0.932332,2.711714,3.2940,0.01,9.2981,1,0.009992,0.01386897,2.02212278,27.7930
halt1cm_pnn,14,9,0.933186,0.866175,2.200023,3.8180,0.01,11.1284,1,0.009992,0.00321287,2.10358144,31.6110
halt1cm_pnn,14,10,0.777456,0.838478,1.833695,4.0110,0.01,11.1706,1,0.009985,0.00705697,1.62673600,35.6220
halt1cm_pnn,14,11,0.463391,0.859275,2.607599,3.6440,0.01,9.5098,1,0.009979,0.00100388,0.17291711,39.2660
halt1cm_pnn,14,12,0.204117,0.818923,2.993462,2.7540,0.01,7.9459,1,0.009990,0.00263170,,42.0200
halt1cm_pnn,15,0,0.786001,0.957836,2.460813,3.2890,0.01,9.7027,1,0.009971,0.07349567,0.48779816,3.2890
halt1cm_pnn,15,1,0.611372,0.909276,2.934316,3.1100,0.01,9.5552,1,0.009988,0.01380600,2.18744183,6.3990
halt1cm_pnn,15,2,0.891201,0.819958,1.833979,4.1600,0.01,11.7349,1,0.009984,0.00285874,0.68316824,10.5590
halt1cm_pnn,15,3,0.110625,0.779630,2.878504,2.8540,0.01,6.8695,1,0.009991,0.00521008,0.13714485,13.4130
halt1cm_pnn,15,4,0.463398,0.885444,2.968421,2.7460,0.01,9.1798,1,0.009993,0.00100178,0.32983464,16.1590
halt1cm_pnn,15,5,0.641846,0.866141,2.918164,3.0870,0.01,10.1207,1,0.009994,0.00281670,0.44334415,19.2460
halt1cm_pnn,15,6,0.298954,0.872047,3.000000,2.9640,0.01,8.3300,1,0.009982,0.00485555,1.69249028,22.2100
halt1cm_pnn,15,7,0.763132,0.910231,2.360839,3.4900,0.01,10.1405,1,0.009972,0.01898671,,25.7000
halt1cm_pnn,16,0,0.970621,0.897696,2.837318,3.3020,0.01,10.7050,1,0.009978,0.00281889,0.07552902,3.3020
halt1cm_pnn,16,1,0.357516,0.858106,2.960165,2.7450,0.01,8.8686,1,0.009981,0.00006993,0.44380312,6.0470
halt1cm_pnn,16,2,0.937324,0.842025,2.924145,3.2410,0.01,11.2839,1,0.009997,0.00005262,2.19263126,9.2880
halt1cm_pnn,16,3,0.786239,0.957878,1.148826,3.6920,0.01,10.3463,1,0.009984,0.23147112,2.44418850,12.9800
halt1cm_pnn,16,4,0.223854,0.910586,0.911887,3.7310,0.01,8.4435,1,0.009995,0.02067208,2.10574980,16.7110
halt1cm_pnn,16,5,0.670149,1.000000,1.015326,3.5720,0.01,9.8048,1,0.009995,0.34447934,1.61338539,20.2830
halt1cm_pnn,16,6,0.667559,0.890857,2.445174,3.6730,0.01,10.0318,1,0.009987,0.00264308,0.03082178,23.9560
halt1cm_pnn,16,7,0.237021,0.834302,2.994886,2.6480,0.01,8.1505,1,0.009990,0.00007186,0.66602832,26.6040
halt1cm_pnn,16,8,0.845621,0.888752,2.865385,3.1970,0.01,10.4961,1,0.009975,0.00398320,0.49958920,29.8010
halt1cm_pnn,16,9,0.987559,0.834304,2.913895,3.3230,0.01,11.5094,1,0.009996,0.00046117,0.13324149,33.1240
halt1cm_pnn,16,10,0.513442,0.868311,2.951854,2.8440,0.01,9.5858,1,0.009974,0.00009885,1.67336448,35.9680
halt1cm_pnn,16,11,0.140913,0.949835,1.325358,2.9610,0.01,6.7609,1,0.009994,0.03704413,0.10021153,38.9290
halt1cm_pnn,16,12,0.385719,0.879756,2.991364,2.6950,0.01,8.8251,1,0.009983,0.00046448,0.35743440,41.6240
halt1cm_pnn,16,13,0.421412,0.893815,3.000000,2.9100,0.01,8.8855,1,0.009988,0.00945703,1.51078883,44.5340
halt1cm_pnn,16,14,0.468046,0.852332,2.632964,3.6790,0.01,9.6007,1,0.009998,0.00179031,,48.2130
halt1cm_pnn,17,0,0.847487,0.975027,2.680325,3.0770,0.01,9.6481,1,0.009989,0.10523145,0.33669087,3.0770
halt1cm_pnn,17,1,0.185938,0.830001,2.990255,2.6870,0.01,7.6328,1,0.009988,0.00337237,1.70719862,5.7640
halt1cm_pnn,17,2,0.680654,0.868826,2.396493,3.7640,0.01,10.3274,1,0.009978,0.00033058,1.17883805,9.5280
halt1cm_pnn,17,3,0.913718,0.980390,2.629736,3.1170,0.01,9.7599,1,0.009982,0.13256173,1.96597166,12.6450
halt1cm_pnn,17,4,0.441284,1.000000,1.048297,3.5660,0.01,8.9414,1,0.009982,0.18828134,1.23332395,16.2110
halt1cm_pnn,17,5,0.325841,0.833731,2.826133,3.4050,0.01,8.9202,1,0.009999,0.00243590,0.87273987,19.6160
halt1cm_pnn,17,6,0.590508,0.936921,2.879219,3.0880,0.01,9.2233,1,0.009985,0.01783882,0.90018904,22.7040
halt1cm_pnn,17,7,0.747737,0.956683,2.819462,2.9720,0.01,9.5391,1,0.009999,0.05099459,2.16636598,25.6760
halt1cm_pnn,17,8,0.112393,0.968352,1.028961,3.1770,0.01,6.5203,1,0.009985,0.03111563,0.05640460,28.8530
halt1cm_pnn,17,9,0.114358,0.780999,2.972456,2.4580,0.01,6.9211,1,0.009993,0.00232946,0.56523157,31.3110
halt1cm_pnn,17,10,0.195252,0.826209,2.958719,2.9790,0.01,7.7831,1,0.009991,0.00169992,0.63118783,34.2900
halt1cm_pnn,17,11,0.919697,0.856568,2.884370,3.3900,0.01,11.0630,1,0.009975,0.00005521,0.30381555,37.6800
halt1cm_pnn,17,12,0.449301,0.906116,2.983459,2.8330,0.01,8.9120,1,0.009994,0.01549933,0.32657523,40.5130
halt1cm_pnn,17,13,0.376402,0.891998,2.999706,2.7970,0.01,8.6556,1,0.009980,0.00734207,0.31320053,43.3100
halt1cm_pnn,17,14,0.249424,0.857350,3.000000,2.7720,0.01,8.0573,1,0.009994,0.00460272,0.52822021,46.0820
halt1cm_pnn,17,15,0.967511,0.867063,2.873243,3.1260,0.01,11.0525,1,0.009982,0.00028945,2.58847779,49.2080
halt1cm_pnn,17,16,0.749339,0.922835,0.887929,4.0230,0.01,10.9451,1,0.009987,0.08193256,1.91305978,53.2310
halt1cm_pnn,17,17,0.767536,0.820024,2.302243,4.1440,0.01,11.2202,1,0.009986,0.00165263,,57.3750
halt1cm_pnn,18,0,0.871044,0.870498,2.907481,3.0680,0.01,10.7664,1,0.009991,0.00145037,2.72327575,3.0680
halt1cm_pnn,18,1,0.854592,0.907085,0.902731,4.1450,0.01,11.3686,1,0.009973,0.08824805,0.34526309,7.2130
halt1cm_pnn,18,2,0.537330,0.892991,2.957775,2.9860,0.01,9.4329,1,0.009973,0.01064246,0.37053670,10.1990
halt1cm_pnn,18,3,0.809940,0.875739,2.918697,3.0590,0.01,10.5388,1,0.009984,0.00584278,0.18927219,13.2580
halt1cm_pnn,18,4,0.589583,0.848273,2.931206,3.0450,0.01,10.1247,1,0.009986,0.00117973,0.12277952,16.3030
halt1cm_pnn,18,5,0.188624,0.809462,2.985459,2.7040,0.01,7.8491,1,0.009991,0.00213231,1.37081330,19.0070
halt1cm_pnn,18,6,0.183873,0.846799,2.298173,3.1950,0.01,7.6052,1,0.009986,0.01133531,,22.2020
halt1cm_pnn,19,0,0.399997,0.903064,3.000000,2.9910,0.01,8.6865,1,0.009992,0.00611725,2.35312648,2.9910
halt1cm_pnn,19,1,0.407279,0.940304,0.910806,3.5960,0.01,9.4581,1,0.009982,0.05144350,1.15314076,6.5870
halt1cm_pnn,19,2,0.766047,0.965569,2.670133,3.1810,0.01,9.5328,1,0.009986,0.07039444,1.09641988,9.7680
halt1cm_pnn,19,3,0.863071,0.974820,2.684995,3.2060,0.01,9.6861,1,0.009998,0.09935642,1.62049695,12.9740
halt1cm_pnn,19,4,0.882797,0.918825,2.311091,3.6340,0.01,10.3771,1,0.009973,0.03266942,2.41938235,16.6080
halt1cm_pnn,19,5,0.590390,0.907659,0.919733,4.0680,0.01,10.5305,1,0.009973,0.05854629,0.39909200,20.6760
halt1cm_pnn,19,6,0.178301,0.809838,2.997314,2.8350,0.01,7.7120,1,0.009997,0.00212500,1.40407865,23.5110
halt1cm_pnn,19,7,0.322080,0.835185,2.794516,3.4730,0.01,8.8841,1,0.009989,0.00267776,,26.9840
tol5cm_pnn,0,0,0.485869,0.926766,0.913096,3.1460,0.05,6.6368,1,0.049997,0.01113964,1.24066603,3.1460
tol5cm_pnn,0,1,0.235922,0.806650,2.798001,2.3300,0.05,4.8188,1,0.049951,0.01516713,0.10784864,5.4760
tol5cm_pnn,0,2,0.348085,0.847583,2.953159,1.9170,0.05,5.3649,1,0.049947,0.00125099,0.92751832,7.3930
tol5cm_pnn,0,3,0.433285,0.902785,2.882656,2.3670,0.05,5.5067,1,0.049940,0.02381035,2.86154919,9.7600
tol5cm_pnn,0,4,0.398484,0.804948,0.975611,3.3370,0.05,6.8719,1,0.049943,0.00938620,0.46988719,13.0970
tol5cm_pnn,0,5,0.969289,0.850446,2.930164,2.4890,0.05,7.5631,1,0.049966,0.00128149,0.23298111,15.5860
tol5cm_pnn,0,6,0.665550,0.847121,2.925403,2.2830,0.05,6.7564,1,0.049983,0.00168167,1.22871460,17.8690
tol5cm_pnn,0,7,0.470256,0.909487,2.846086,2.5250,0.05,5.6379,1,0.049976,0.03077526,0.49356799,20.3940
tol5cm_pnn,0,8,0.165347,0.814673,2.955844,1.7040,0.05,4.0538,1,0.049978,0.02087491,0.77032000,22.0980
tol5cm_pnn,0,9,0.945775,0.876307,2.865447,2.5700,0.05,7.3113,1,0.049970,0.01244842,0.66195033,24.6680
tol5cm_pnn,0,10,0.176514,0.812600,2.932014,1.8660,0.05,4.1912,1,0.049956,0.00527212,0.24177189,26.5340
tol5cm_pnn,0,11,0.330932,0.879224,3.000000,2.0120,0.05,5.0812,1,0.049975,0.00125613,,28.5460
tol5cm_pnn,1,0,0.371483,0.858126,2.953057,1.9810,0.05,5.4378,1,0.049974,0.00129358,0.78980098,1.9810
tol5cm_pnn,1,1,1.018001,0.857248,2.882433,2.7170,0.05,7.6236,1,0.049952,0.01096388,1.37740067,4.6980
tol5cm_pnn,1,2,0.111858,0.849833,2.038557,1.6920,0.05,3.4446,1,0.049950,0.06664682,0.33722865,6.3900
tol5cm_pnn,1,3,0.807661,0.866537,2.927789,2.3490,0.05,7.0334,1,0.049992,0.00197098,0.31056184,8.7390
tol5cm_pnn,1,4,0.771479,0.840488,2.921446,2.4020,0.05,7.1351,1,0.049913,0.00190802,1.22899751,11.1410
tol5cm_pnn,1,5,0.198451,0.788484,2.771462,2.2050,0.05,4.5668,1,0.049952,0.00749685,1.69672086,13.3460
tol5cm_pnn,1,6,0.852518,0.939164,2.341352,2.8030,0.05,6.7532,1,0.049993,0.02496657,0.56850635,16.1490
tol5cm_pnn,1,7,0.104077,0.762734,2.865718,1.2630,0.05,3.4348,1,0.049962,0.07737820,1.93384256,17.4120
tol5cm_pnn,1,8,0.375936,1.000000,1.065496,2.6480,0.05,5.5856,1,0.049996,0.02708978,0.83042810,20.0600
tol5cm_pnn,1,9,0.896027,0.924682,2.783886,2.5490,0.05,6.8575,1,0.049995,0.02237753,0.64997390,22.6090
tol5cm_pnn,1,10,0.332116,0.883271,2.996039,2.1800,0.05,5.0676,1,0.049998,0.01157695,3.19672428,24.7890
tol5cm_pnn,1,11,0.578454,0.765718,1.077511,3.6960,0.05,7.8980,1,0.049956,0.00575163,,28.4850
tol5cm_pnn,2,0,0.823140,0.900767,2.856225,2.4350,0.05,6.8357,1,0.049993,0.01207490,0.38244672,2.4350
tol5cm_pnn,2,1,0.421512,0.896057,3.000000,2.1120,0.05,5.4705,1,0.049994,0.00508984,0.35520652,4.5470
tol5cm_pnn,2,2,0.540398,0.917786,2.960163,2.1150,0.05,5.8482,1,0.049925,0.00536273,2.59420916,6.6620
tol5cm_pnn,2,3,0.266774,0.897703,0.926542,2.9640,0.05,5.6093,1,0.049959,0.00711084,1.45139305,9.6260
tol5cm_pnn,2,4,0.600272,0.911955,2.590040,2.7000,0.05,6.1613,1,0.049931,0.02734634,,12.3260
tol5cm_pnn,3,0,0.948938,0.848384,2.888569,2.6590,0.05,7.5396,1,0.049957,0.00792551,0.82806603,2.6590
tol5cm_pnn,3,1,0.166468,0.799079,2.892391,1.9100,0.05,4.1471,1,0.049973,0.00309487,0.78837019,4.5690
tol5cm_pnn,3,2,0.350504,0.890027,2.979759,2.1680,0.05,5.1408,1,0.049941,0.01779073,1.46631950,6.7370
tol5cm_pnn,3,3,0.732586,0.929331,2.459800,2.7400,0.05,6.4831,1,0.049923,0.02589324,0.18891566,9.4770
tol5cm_pnn,3,4,0.601281,0.851173,2.933764,2.1990,0.05,6.5040,1,0.049938,0.00181532,0.86401231,11.6760
tol5cm_pnn,3,5,0.378905,0.899170,2.956609,2.2880,0.05,5.2493,1,0.049933,0.02174829,,13.9640
tol5cm_pnn,4,0,0.104753,0.790136,2.960462,1.2200,0.05,3.3281,1,0.049953,0.01972802,0.52618399,1.2200
tol5cm_pnn,4,1,0.842889,0.892309,2.862797,2.4460,0.05,6.9449,1,0.049911,0.00992223,0.32726650,3.6660
tol5cm_pnn,4,2,0.288903,0.857002,3.000000,1.9210,0.05,4.9281,1,0.049993,0.00129078,0.55774375,5.5870
tol5cm_pnn,4,3,0.727456,0.917853,2.878000,2.3090,0.05,6.4609,1,0.049915,0.01405186,0.22091257,7.8960
tol5cm_pnn,4,4,0.567177,0.889812,2.956813,2.0930,0.05,6.1175,1,0.049997,0.00247107,0.98491818,9.9890
tol5cm_pnn,4,5,0.131615,0.776007,2.830541,1.7630,0.05,3.8141,1,0.049980,0.02053285,2.03172530,11.7520
tol5cm_pnn,4,6,0.326186,0.979841,1.004153,2.8790,0.05,5.4997,1,0.049988,0.01671848,2.49183018,14.6310
tol5cm_pnn,4,7,0.925854,0.898707,0.876431,3.5840,0.05,8.1941,1,0.049922,0.01215181,0.30885931,18.2150
tol5cm_pnn,4,8,0.745674,0.833228,2.913816,2.4080,0.05,7.1178,1,0.049912,0.00257771,0.25884405,20.6230
tol5cm_pnn,4,9,0.630483,0.887980,2.949399,2.1830,0.05,6.3503,1,0.049917,0.00256752,1.83785870,22.8060
tol5cm_pnn,4,10,0.642823,0.833246,2.295310,3.0790,0.05,6.9136,1,0.049955,0.01360736,0.39274049,25.8850
tol5cm_pnn,4,11,0.843312,0.872946,2.912113,2.3520,0.05,7.0811,1,0.049915,0.00333789,2.25440134,28.2370
tol5cm_pnn,4,12,0.758488,0.948835,0.961667,3.1940,0.05,7.3080,1,0.049920,0.02501984,0.68737481,31.4310
tol5cm_pnn,4,13,0.384933,0.894392,2.968759,2.2590,0.05,5.3041,1,0.049980,0.01645534,0.72955267,33.6900
tol5cm_pnn,4,14,0.910949,0.879780,2.865790,2.5960,0.05,7.2034,1,0.049968,0.01540554,0.65573505,36.2860
tol5cm_pnn,4,15,0.388298,0.895408,2.977759,2.2600,0.05,5.3145,1,0.049993,0.01606005,0.47314446,38.5460
tol5cm_pnn,4,16,0.340092,0.882973,3.000000,2.0690,0.05,5.1154,1,0.049979,0.00542941,0.54081900,40.6150
tol5cm_pnn,4,17,0.938522,0.875104,2.858498,2.4890,0.05,7.3052,1,0.049941,0.00707297,,43.1040
tol5cm_pnn,5,0,0.955018,0.856281,2.887016,2.6630,0.05,7.4890,1,0.049953,0.00960782,1.90553825,2.6630
tol5cm_pnn,5,1,0.486316,0.980297,1.303494,2.7950,0.05,5.9043,1,0.049928,0.04859762,1.50804284,5.4580
tol5cm_pnn,5,2,0.554027,0.879953,2.570200,2.8320,0.05,6.2024,1,0.049955,0.02317701,0.13606656,8.2900
tol5cm_pnn,5,3,0.207131,0.842148,2.991676,1.5130,0.05,4.3524,1,0.049956,0.00773062,2.08314962,9.8030
tol5cm_pnn,5,4,0.485131,0.983819,0.995973,2.9970,0.05,6.2109,1,0.049967,0.02346978,1.26989345,12.8000
tol5cm_pnn,5,5,0.230976,0.802045,2.778333,2.2880,0.05,4.8036,1,0.049992,0.01342756,0.16996996,15.0880
tol5cm_pnn,5,6,0.526349,0.846832,2.931788,2.1820,0.05,6.2466,1,0.049947,0.00192422,0.32439269,17.2700
tol5cm_pnn,5,7,0.794832,0.865216,2.927335,2.3280,0.05,7.0086,1,0.049918,0.00165326,0.15284532,19.5980
tol5cm_pnn,5,8,0.308558,0.870285,3.000000,1.7910,0.05,4.9895,1,0.049936,0.00245550,0.77574859,21.3890
tol5cm_pnn,5,9,0.945565,0.877348,2.864225,2.5940,0.05,7.3029,1,0.049992,0.01416839,0.48529563,23.9830
tol5cm_pnn,5,10,0.549042,0.926217,2.950079,2.2540,0.05,5.8322,1,0.049935,0.01089541,0.28936557,26.2370
tol5cm_pnn,5,11,0.416261,0.899491,2.989842,2.0210,0.05,5.4281,1,0.049931,0.00206937,0.72652721,28.2580
tol5cm_pnn,5,12,1.001253,0.851577,2.891791,2.6570,0.05,7.6325,1,0.049948,0.00848740,1.69964011,30.9150
tol5cm_pnn,5,13,0.202929,0.989232,1.241711,2.3590,0.05,4.3939,1,0.049941,0.03141836,0.45260508,33.2740
tol5cm_pnn,5,14,0.919906,0.865887,2.903144,2.4370,0.05,7.3264,1,0.049992,0.00300691,0.25547553,35.7110
tol5cm_pnn,5,15,0.713419,0.860403,2.926855,2.2700,0.05,6.8097,1,0.049914,0.00129598,1.11117683,37.9810
tol5cm_pnn,5,16,0.871842,0.976025,2.674988,2.5290,0.05,6.4901,1,0.049909,0.02959648,0.05208114,40.5100
tol5cm_pnn,5,17,0.314267,0.858868,2.994444,1.7050,0.05,5.0873,1,0.049942,0.00140630,,42.2150
tol5cm_pnn,6,0,0.677518,0.936028,0.888444,3.2950,0.05,7.2816,1,0.049978,0.01212063,0.73981722,3.2950
tol5cm_pnn,6,1,0.822019,0.925995,2.817811,2.4390,0.05,6.6665,1,0.049943,0.01959626,2.42316601,5.7340
tol5cm_pnn,6,2,0.909427,0.919026,0.912694,3.3860,0.05,7.9481,1,0.049910,0.01809833,0.36330758,9.1200
tol5cm_pnn,6,3,0.671595,0.866761,2.912845,2.3120,0.05,6.6355,1,0.049994,0.00691985,0.58409063,11.4320
tol5cm_pnn,6,4,0.979780,0.873034,2.849502,2.5030,0.05,7.4165,1,0.049990,0.00700631,0.09263264,13.9350
tol5cm_pnn,6,5,0.233645,0.821665,2.976968,1.6250,0.05,4.6905,1,0.049966,0.00738023,1.69200454,15.5600
tol5cm_pnn,6,6,0.990228,0.966361,2.334021,2.7400,0.05,6.8756,1,0.049990,0.02539147,0.93895052,18.3000
tol5cm_pnn,6,7,0.989699,0.920358,2.755661,2.5620,0.05,7.0976,1,0.049961,0.02279414,0.71688782,20.8620
tol5cm_pnn,6,8,0.878967,0.887896,2.860960,2.5990,0.05,7.0665,1,0.049996,0.01796434,0.13420604,23.4610
tol5cm_pnn,6,9,0.501270,0.874894,2.956246,2.0380,0.05,5.9558,1,0.049963,0.00141537,0.39693974,25.4990
tol5cm_pnn,6,10,0.575915,0.919313,2.947397,2.1990,0.05,5.9683,1,0.049932,0.00669307,0.15065171,27.6980
tol5cm_pnn,6,11,0.149201,0.814288,2.991766,1.2540,0.05,3.8585,1,0.049954,0.02906097,0.21061451,28.9520
tol5cm_pnn,6,12,0.244053,0.835538,2.994121,1.7610,0.05,4.7040,1,0.049940,0.00202277,0.30734068,30.7130
tol5cm_pnn,6,13,0.571461,0.907021,2.965598,2.1200,0.05,6.0242,1,0.049940,0.00584225,2.39160542,32.8330
tol5cm_pnn,6,14,0.859841,0.917256,0.904543,3.4240,0.05,7.8585,1,0.049916,0.01599281,0.15796975,36.2570
tol5cm_pnn,6,15,0.525701,0.849885,2.935131,2.1190,0.05,6.2227,1,0.049960,0.00185034,0.36003926,38.3760
tol5cm_pnn,6,16,0.822912,0.833211,2.913166,2.4750,0.05,7.3404,1,0.049947,0.00228106,0.64054005,40.8510
tol5cm_pnn,6,17,0.858381,0.904655,2.830045,2.4650,0.05,6.9003,1,0.049904,0.01449636,0.04803135,43.3160
tol5cm_pnn,6,18,0.256222,0.835299,2.984575,1.6270,0.05,4.8037,1,0.049961,0.00377922,,44.9430
tol5cm_pnn,7,0,0.764538,0.958205,2.831134,2.4680,0.05,6.3143,1,0.049918,0.02932812,0.25866583,2.4680
tol5cm_pnn,7,1,0.719248,0.857026,2.925526,2.2830,0.05,6.8526,1,0.049979,0.00127591,1.30571895,4.7510
tol5cm_pnn,7,2,0.995770,0.986291,2.545058,2.6060,0.05,6.7102,1,0.049883,0.02827941,3.53503667,7.3570
tol5cm_pnn,7,3,0.824645,0.694485,1.231530,4.2120,0.05,9.3672,1,0.049957,0.00132649,0.37991885,11.5690
tol5cm_pnn,7,4,0.570702,0.893550,2.948513,2.2420,0.05,6.1080,1,0.049914,0.00833998,0.20932459,13.8110
tol5cm_pnn,7,5,0.171003,0.825073,2.996658,1.4370,0.05,4.0651,1,0.049980,0.02872301,0.13311904,15.2480
tol5cm_pnn,7,6,0.440576,0.852647,2.939392,2.0430,0.05,5.8280,1,0.049947,0.00316506,0.70542778,17.2910
tol5cm_pnn,7,7,0.254207,0.845211,2.958550,2.0830,0.05,4.7413,1,0.049987,0.00567050,0.99847595,19.3740
tol5cm_pnn,7,8,0.405117,0.903274,2.929805,2.3470,0.05,5.3632,1,0.049927,0.02608369,2.31255164,21.7210
tol5cm_pnn,7,9,0.516603,0.961277,0.910290,3.0610,0.05,6.5738,1,0.049918,0.01217866,1.43108777,24.7820
tol5cm_pnn,7,10,0.277907,0.815696,2.721045,2.4940,0.05,5.1208,1,0.049959,0.01981617,0.90398146,27.2760
tol5cm_pnn,7,11,0.769616,0.958267,2.807558,2.4830,0.05,6.3310,1,0.049906,0.02827983,0.63378205,29.7590
tol5cm_pnn,7,12,0.513614,0.926668,2.978730,2.3020,0.05,5.6935,1,0.049940,0.01929896,0.20507960,32.0610
tol5cm_pnn,7,13,0.618938,0.847888,2.930202,2.2380,0.05,6.5911,1,0.049927,0.00178516,0.72649596,34.2990
tol5cm_pnn,7,14,0.925637,0.874231,2.870484,2.6090,0.05,7.2799,1,0.049995,0.01431758,0.14350177,36.9080
tol5cm_pnn,7,15,0.487805,0.850967,2.938010,2.0790,0.05,6.0548,1,0.049920,0.00223074,2.09491517,38.9870
tol5cm_pnn,7,16,0.466932,1.000000,0.979053,2.8840,0.05,6.0877,1,0.049942,0.02066066,0.20627258,41.8710
tol5cm_pnn,7,17,0.641576,0.856618,2.930841,2.2130,0.05,6.6063,1,0.049958,0.00125126,,44.0840
tol5cm_pnn,8,0,0.432010,0.906382,0.924643,3.1120,0.05,6.4992,1,0.049936,0.01043102,0.67177217,3.1120
tol5cm_pnn,8,1,0.355042,0.886483,2.962078,2.2110,0.05,5.1877,1,0.049927,0.01331515,0.89287351,5.3230
tol5cm_pnn,8,2,0.840975,0.934478,2.829876,2.5180,0.05,6.6544,1,0.049939,0.02694001,2.63303697,7.8410
tol5cm_pnn,8,3,0.940759,0.925287,0.836591,3.4710,0.05,8.1123,1,0.049983,0.00851791,0.46026869,11.3120
tol5cm_pnn,8,4,0.548572,0.915422,2.955268,2.2230,0.05,5.8929,1,0.049916,0.00986039,1.35104057,13.5350
tol5cm_pnn,8,5,0.314002,0.817403,2.778378,2.5290,0.05,5.3561,1,0.049943,0.02125244,0.57423222,16.0640
tol5cm_pnn,8,6,0.698174,0.925632,2.886051,2.3090,0.05,6.3263,1,0.049956,0.01495070,,18.3730
tol5cm_pnn,9,0,0.269877,0.854645,3.000000,1.7980,0.05,4.8052,1,0.049932,0.00139604,0.04515286,1.7980
tol5cm_pnn,9,1,0.295698,0.849631,2.984968,1.7380,0.05,5.0159,1,0.049952,0.00134552,1.26494748,3.5360
tol5cm_pnn,9,2,0.596962,0.934382,2.686845,2.5910,0.05,5.9961,1,0.049911,0.03028487,1.16527566,6.1270
tol5cm_pnn,9,3,0.233273,0.803047,2.823339,2.3300,0.05,4.8105,1,0.049985,0.01498755,1.00819513,8.4570
tol5cm_pnn,9,4,0.383337,0.894045,2.934893,2.3720,0.05,5.3032,1,0.049946,0.02583673,0.10167529,10.8290
tol5cm_pnn,9,5,0.226220,0.846640,2.998884,1.6030,0.05,4.4998,1,0.049948,0.01014161,0.80286587,12.4320
tol5cm_pnn,9,6,0.858987,0.927995,2.797421,2.5540,0.05,6.7463,1,0.049973,0.02317550,0.51991630,14.9860
tol5cm_pnn,9,7,0.493140,0.917067,2.975519,2.1750,0.05,5.6680,1,0.049986,0.01219530,,17.1610
tol5cm_pnn,10,0,0.285516,0.845398,2.912674,2.3210,0.05,4.9795,1,0.049942,0.01981783,1.65660774,2.3210
tol5cm_pnn,10,1,0.587363,0.873040,2.466784,2.8400,0.05,6.3929,1,0.049967,0.02078725,0.39004415,5.1610
tol5cm_pnn,10,2,0.873584,0.862534,2.926010,2.4060,0.05,7.2358,1,0.049901,0.00176930,0.08513669,7.5670
tol5cm_pnn,10,3,0.350989,0.853442,2.957749,1.8490,0.05,5.3476,1,0.049988,0.00135292,2.25401274,9.4160
tol5cm_pnn,10,4,0.872826,0.854106,1.498426,3.3000,0.05,7.7520,1,0.049950,0.00162170,2.65413300,12.7160
tol5cm_pnn,10,5,0.718603,0.842311,0.952676,3.6170,0.05,7.9434,1,0.049959,0.01189432,1.58966475,16.3330
tol5cm_pnn,10,6,0.375786,0.856921,2.600092,2.6070,0.05,5.5323,1,0.049941,0.02167619,0.10420951,18.9400
tol5cm_pnn,10,7,0.209143,0.816358,2.979037,1.5670,0.05,4.4963,1,0.049957,0.00484392,2.72160548,20.5070
tol5cm_pnn,10,8,0.869372,0.908798,0.896754,3.5650,0.05,7.9536,1,0.049936,0.01520747,0.41617241,24.0720
tol5cm_pnn,10,9,0.838424,0.876915,2.896939,2.3490,0.05,7.0411,1,0.049990,0.00453745,1.63288473,26.4210
tol5cm_pnn,10,10,0.812351,0.902468,2.351427,2.9170,0.05,6.9003,1,0.049926,0.02237914,0.31864692,29.3380
tol5cm_pnn,10,11,0.213845,0.827318,3.000000,1.6820,0.05,4.4831,1,0.049986,0.00697154,0.42693889,31.0200
tol5cm_pnn,10,12,0.917527,0.858807,2.924649,2.4430,0.05,7.3736,1,0.049983,0.00138577,0.36738319,33.4630
tol5cm_pnn,10,13,0.471252,0.912279,2.983172,2.0870,0.05,5.6039,1,0.049928,0.00496520,2.13752320,35.5500
tol5cm_pnn,10,14,0.150973,0.979856,1.027540,2.4100,0.05,4.1886,1,0.049930,0.00623122,0.02424475,37.9600
tol5cm_pnn,10,15,0.219524,0.833080,2.991993,1.5200,0.05,4.5077,1,0.049967,0.00125478,0.52554002,39.4800
tol5cm_pnn,10,16,1.012482,0.855779,2.913410,2.5020,0.05,7.6187,1,0.049943,0.00201628,,41.9820
tol5cm_pnn,11,0,0.277919,0.837336,2.975823,1.8520,0.05,4.9581,1,0.049930,0.00127423,1.58279910,1.8520
tol5cm_pnn,11,1,0.680642,0.898017,2.450561,2.8530,0.05,6.5386,1,0.049924,0.02352396,0.21807868,4.7050
tol5cm_pnn,11,2,0.660337,0.857533,2.929516,2.2430,0.05,6.6624,1,0.049953,0.00134743,0.36037326,6.9480
tol5cm_pnn,11,3,0.578379,0.887332,2.944266,2.2270,0.05,6.1759,1,0.049944,0.00736093,0.85183308,9.1750
tol5cm_pnn,11,4,0.274001,0.844022,2.935774,2.1970,0.05,4.9003,1,0.049981,0.01255219,1.29157035,11.3720
tol5cm_pnn,11,5,0.491889,0.908399,2.797883,2.5600,0.05,5.7422,1,0.049958,0.02988708,3.11030467,13.9320
tol5cm_pnn,11,6,0.623675,0.778171,1.067134,3.6380,0.05,7.9833,1,0.049997,0.00649355,0.26372633,17.5700
tol5cm_pnn,11,7,0.168967,0.823182,2.992563,1.4950,0.05,4.0515,1,0.049969,0.02209344,0.54092311,19.0650
tol5cm_pnn,11,8,0.945589,0.827928,2.892717,2.6230,0.05,7.7053,1,0.049924,0.00293333,0.65124951,21.6880
tol5cm_pnn,11,9,0.738452,0.929115,2.859178,2.4100,0.05,6.4218,1,0.049997,0.01801629,0.58714275,24.0980
tol5cm_pnn,11,10,1.028310,0.807444,2.909399,2.7540,0.05,8.0835,1,0.049920,0.00313584,0.73080755,26.8520
tol5cm_pnn,11,11,0.262789,0.848353,2.982850,2.0830,0.05,4.7873,1,0.049995,0.00774979,1.72509986,28.9350
tol5cm_pnn,11,12,0.498305,0.875018,2.365518,2.8120,0.05,6.0598,1,0.049931,0.01882827,0.04013102,31.7470
tol5cm_pnn,11,13,0.249018,0.835166,2.988557,1.6200,0.05,4.7468,1,0.049992,0.00125952,0.44855721,33.3670
tol5cm_pnn,11,14,0.904298,0.868802,2.896279,2.4140,0.05,7.2672,1,0.049920,0.00336564,0.62450272,35.7810
tol5cm_pnn,11,15,0.388664,0.902321,3.000000,2.1970,0.05,5.2757,1,0.049927,0.01387571,0.38237202,37.9780
tol5cm_pnn,11,16,0.717080,0.858709,2.903168,2.4000,0.05,6.8372,1,0.049939,0.00694304,0.52076486,40.3780
tol5cm_pnn,11,17,0.154083,0.794407,2.952713,1.6010,0.05,4.0105,1,0.049962,0.02739972,2.22035213,41.9790
tol5cm_pnn,11,18,0.479043,0.974016,0.931589,3.1420,0.05,6.3321,1,0.049926,0.01422314,0.05283033,45.1210
tol5cm_pnn,11,19,0.268886,0.837961,2.981316,1.6560,0.05,4.8872,1,0.049974,0.00322780,,46.7770
tol5cm_pnn,12,0,0.327556,0.879399,2.964496,2.1710,0.05,5.0655,1,0.049959,0.01125907,0.40658243,2.1710
tol5cm_pnn,12,1,0.154945,0.812463,2.963662,1.5450,0.05,3.9405,1,0.049965,0.03331472,0.07482248,3.7160
tol5cm_pnn,12,2,0.355507,0.857723,2.960722,1.8920,0.05,5.3489,1,0.049929,0.00406013,0.10899668,5.6080
tol5cm_pnn,12,3,0.380555,0.855563,2.946062,1.9270,0.05,5.5036,1,0.049944,0.00129845,1.54697794,7.5350
tol5cm_pnn,12,4,0.152716,0.923853,1.692977,1.9960,0.05,3.8492,1,0.049999,0.05214155,1.58582282,9.5310
tol5cm_pnn,12,5,0.974222,0.976999,2.393623,2.7900,0.05,6.7607,1,0.049946,0.02915446,1.38328803,12.3210
tol5cm_pnn,12,6,0.941402,0.988962,2.495524,2.5890,0.05,6.5964,1,0.049963,0.02670285,1.57932064,14.9100
tol5cm_pnn,12,7,0.967237,0.976880,2.398006,2.7020,0.05,6.7464,1,0.049892,0.02712779,0.23469235,17.6120
tol5cm_pnn,12,8,0.682906,0.853668,2.926182,2.2580,0.05,6.7642,1,0.049913,0.00125048,1.90986490,19.8700
tol5cm_pnn,12,9,0.754088,0.840190,2.247042,3.1380,0.05,7.2290,1,0.049937,0.01327047,0.37851215,23.0080
tol5cm_pnn,12,10,0.444401,0.907555,2.990199,2.0660,0.05,5.5131,1,0.049962,0.00591901,1.68139630,25.0740
tol5cm_pnn,12,11,0.937156,0.912057,2.274059,2.9130,0.05,7.1504,1,0.049979,0.02122479,0.99303801,27.9870
tol5cm_pnn,12,12,0.736457,0.962145,2.795143,2.4490,0.05,6.2238,1,0.049989,0.03059921,0.10140005,30.4360
tol5cm_pnn,12,13,0.357828,0.875454,3.000000,1.8330,0.05,5.2569,1,0.049955,0.00296380,0.40496035,32.2690
tol5cm_pnn,12,14,0.685231,0.873682,2.912592,2.3310,0.05,6.6296,1,0.049949,0.00861151,0.72294415,34.6000
tol5cm_pnn,12,15,0.633478,0.942570,2.924206,2.3400,0.05,6.0231,1,0.049979,0.02314599,2.55510853,36.9400
tol5cm_pnn,12,16,0.951083,0.935782,0.853126,3.4400,0.05,8.0299,1,0.049986,0.01100926,1.27278496,40.3800
tol5cm_pnn,12,17,0.345487,0.858379,2.870043,2.4960,0.05,5.3016,1,0.049953,0.02643848,1.36177019,42.8760
tol5cm_pnn,12,18,0.340348,0.847706,2.823845,2.4840,0.05,5.3393,1,0.049994,0.02441429,1.01758865,45.3600
tol5cm_pnn,12,19,0.913563,0.939174,2.794278,2.5470,0.05,6.7966,1,0.049972,0.02965282,,47.9070
tol5cm_pnn,13,0,0.480936,0.903321,2.785124,2.5230,0.05,5.7287,1,0.049985,0.02634943,0.39497440,2.5230
tol5cm_pnn,13,1,0.201010,0.821675,3.000000,1.7900,0.05,4.3894,1,0.049971,0.00718189,0.16941276,4.3130
tol5cm_pnn,13,2,0.571870,0.853666,2.938432,2.2260,0.05,6.3774,1,0.049981,0.00124978,0.31192294,6.5390
tol5cm_pnn,13,3,0.352219,0.886005,3.000000,1.9580,0.05,5.1686,1,0.049984,0.00183120,0.34899589,8.4970
tol5cm_pnn,13,4,0.741611,0.886691,2.926207,2.3100,0.05,6.7038,1,0.049958,0.00411573,0.08455139,10.8070
tol5cm_pnn,13,5,0.378260,0.861436,2.953745,1.8740,0.05,5.4557,1,0.049924,0.00127806,0.57373852,12.6810
tol5cm_pnn,13,6,0.269131,0.854282,3.000000,2.0450,0.05,4.8016,1,0.049952,0.00422499,0.24092197,14.7260
tol5cm_pnn,13,7,0.588466,0.891116,2.955335,2.1280,0.05,6.1856,1,0.049945,0.00355375,0.47804777,16.8540
tol5cm_pnn,13,8,0.346965,0.884707,3.000000,2.0730,0.05,5.1457,1,0.049922,0.00554274,2.94329980,18.9270
tol5cm_pnn,13,9,0.835316,0.742033,1.062975,4.0660,0.05,9.0502,1,0.049970,0.00288613,2.15119268,22.9930
tol5cm_pnn,13,10,0.971838,0.767607,2.140312,3.6000,0.05,8.5094,1,0.049931,0.00270172,1.37909351,26.5930
tol5cm_pnn,13,11,0.689672,0.939906,2.530903,2.6430,0.05,6.2806,1,0.049990,0.02701878,0.77016118,29.2360
tol5cm_pnn,13,12,0.240920,0.835503,2.940237,2.1180,0.05,4.6870,1,0.049936,0.00602580,0.32335292,31.3540
tol5cm_pnn,13,13,0.440604,0.894154,2.993016,2.0670,0.05,5.5710,1,0.049969,0.00507116,0.95612157,33.4210
tol5cm_pnn,13,14,0.558275,0.946806,2.860482,2.4340,0.05,5.7626,1,0.049902,0.02964925,0.97324962,35.8550
tol5cm_pnn,13,15,0.715483,0.960086,2.810942,2.4420,0.05,6.1770,1,0.049911,0.03051501,,38.2970
tol5cm_pnn,14,0,0.128422,0.783274,2.976363,1.3870,0.05,3.7140,1,0.049990,0.00999692,0.43178377,1.3870
tol5cm_pnn,14,1,0.927730,0.854771,2.929175,2.4570,0.05,7.4300,1,0.049951,0.00127326,1.40503057,3.8440
tol5cm_pnn,14,2,0.405334,0.845195,2.740119,2.6460,0.05,5.7331,1,0.049941,0.02214602,2.10542030,6.4900
tol5cm_pnn,14,3,0.248491,0.964821,0.988875,2.5890,0.05,5.1056,1,0.049930,0.01029759,0.27123551,9.0790
tol5cm_pnn,14,4,0.380428,0.891507,2.996772,1.9820,0.05,5.2921,1,0.049915,0.00151035,0.62773982,11.0610
tol5cm_pnn,14,5,0.811346,0.911778,2.841458,2.4680,0.05,6.7317,1,0.049945,0.01605607,0.02430182,13.5290
tol5cm_pnn,14,6,0.212886,0.832833,2.990564,1.4410,0.05,4.4492,1,0.049994,0.00125739,0.25267983,14.9700
tol5cm_pnn,14,7,0.371250,0.872264,2.995504,1.9980,0.05,5.3494,1,0.049987,0.00208577,0.85794736,16.9680
tol5cm_pnn,14,8,0.606818,0.939281,2.884298,2.3920,0.05,5.9644,1,0.049996,0.02699868,2.84408836,19.3600
tol5cm_pnn,14,9,0.912822,0.777963,0.982446,3.9270,0.05,9.0151,1,0.049955,0.00581997,2.12775363,23.2870
tol5cm_pnn,14,10,0.757214,0.861931,1.635471,3.2070,0.05,7.3019,1,0.049964,0.00132661,1.13400640,26.4940
tol5cm_pnn,14,11,0.470066,0.918912,2.878883,2.4550,0.05,5.5787,1,0.049960,0.03090276,0.42553095,28.9490
tol5cm_pnn,14,12,0.233395,0.837396,3.000000,1.8200,0.05,4.6055,1,0.049963,0.00165591,,30.7690
tol5cm_pnn,15,0,0.786001,0.957836,2.460813,2.7020,0.05,6.4445,1,0.049918,0.02804140,0.28424056,2.7020
tol5cm_pnn,15,1,0.647450,0.851713,2.914618,2.3240,0.05,6.6641,1,0.049915,0.00389741,2.50093879,5.0260
tol5cm_pnn,15,2,0.871460,0.940985,0.855750,3.4300,0.05,7.8133,1,0.049927,0.01056167,0.68652787,8.4560
tol5cm_pnn,15,3,0.124697,0.786407,2.890591,1.4620,0.05,3.6612,1,0.049992,0.07165303,0.12998351,9.9180
tol5cm_pnn,15,4,0.501311,0.858415,2.947248,2.1220,0.05,6.0627,1,0.049974,0.00290418,0.36553186,12.0400
tol5cm_pnn,15,5,0.677600,0.865630,2.911533,2.3310,0.05,6.6629,1,0.049942,0.00697049,0.22674515,14.3710
tol5cm_pnn,15,6,0.330044,0.878522,3.000000,1.8960,0.05,5.0795,1,0.049985,0.00151241,1.86841791,16.2670
tol5cm_pnn,15,7,0.750121,0.852203,2.271136,3.1390,0.05,7.1176,1,0.049987,0.01502424,,19.4060
tol5cm_pnn,16,0,0.970621,0.897696,2.837318,2.6700,0.05,7.2083,1,0.049998,0.01995650,0.18494128,2.6700
tol5cm_pnn,16,1,0.395522,0.869482,2.966812,1.9390,0.05,5.4984,1,0.049961,0.00213939,0.51049392,4.6090
tol5cm_pnn,16,2,0.976086,0.820587,2.905266,2.6480,0.05,7.8414,1,0.049977,0.00292186,2.24019956,7.2570
tol5cm_pnn,16,3,0.771749,0.981652,0.944791,3.1220,0.05,7.1708,1,0.049876,0.02580652,0.98438645,10.3790
tol5cm_pnn,16,4,0.226356,0.818780,2.902917,2.1880,0.05,4.6537,1,0.049996,0.00973596,2.66797160,12.5670
tol5cm_pnn,16,5,0.649556,0.907951,0.935696,3.3740,0.05,7.2934,1,0.049999,0.01622403,1.29213457,15.9410
tol5cm_pnn,16,6,0.670572,0.946780,2.596987,2.6400,0.05,6.1698,1,0.049944,0.02935951,0.15542863,18.5810
tol5cm_pnn,16,7,0.275122,0.839066,2.989361,1.7430,0.05,4.9263,1,0.049975,0.00200016,0.73020684,20.3240
tol5cm_pnn,16,8,0.869677,0.893135,2.856408,2.6020,0.05,7.0062,1,0.049996,0.01899784,0.64227694,22.9260
tol5cm_pnn,16,9,1.025340,0.826122,2.902513,2.6890,0.05,7.9060,1,0.049985,0.00384188,0.15389855,25.6150
tol5cm_pnn,16,10,0.553404,0.859129,2.942726,2.1300,0.05,6.2690,1,0.049985,0.00142020,1.22516207,27.7450
tol5cm_pnn,16,11,0.136367,0.799187,2.485874,1.8750,0.05,3.8503,1,0.049985,0.02323103,0.11624137,29.6200
tol5cm_pnn,16,12,0.425713,0.885966,2.975939,1.9480,0.05,5.5513,1,0.049923,0.00468416,0.24766825,31.5680
tol5cm_pnn,16,13,0.453832,0.886672,2.969842,2.0690,0.05,5.6778,1,0.049976,0.00216469,1.09986101,33.6370
tol5cm_pnn,16,14,0.474016,0.904116,2.800542,2.4730,0.05,5.6923,1,0.049967,0.02647001,,36.1100
tol5cm_pnn,17,0,0.847487,0.975027,2.680325,2.5320,0.05,6.4403,1,0.049953,0.03005916,0.50350610,2.5320
tol5cm_pnn,17,1,0.210151,0.835893,2.975196,1.7670,0.05,4.4120,1,0.049962,0.00594878,1.50376023,4.2990
tol5cm_pnn,17,2,0.684886,0.914652,2.481199,2.6890,0.05,6.4357,1,0.049907,0.02520862,0.73077780,6.9880
tol5cm_pnn,17,3,0.937452,0.900497,2.806030,2.5670,0.05,7.1195,1,0.049905,0.01677383,1.45702924,9.5550
tol5cm_pnn,17,4,0.433743,0.873706,2.754225,2.6660,0.05,5.6985,1,0.049954,0.02596544,0.79550857,12.2210
tol5cm_pnn,17,5,0.322484,0.868466,2.944144,2.2910,0.05,5.0955,1,0.049932,0.01707370,1.45397292,14.5120
tol5cm_pnn,17,6,0.592814,0.902596,2.571644,2.7230,0.05,6.1979,1,0.049965,0.02574881,1.45643184,17.2350
tol5cm_pnn,17,7,0.753075,0.955814,2.504738,2.6390,0.05,6.3630,1,0.049944,0.02880523,0.76667452,19.8740
tol5cm_pnn,17,8,0.114306,0.763546,2.842145,1.5320,0.05,3.6040,1,0.049970,0.07070613,0.01143467,21.4060
tol5cm_pnn,17,9,0.150685,0.807617,2.983176,1.3220,0.05,3.9062,1,0.049986,0.00362258,0.52159630,22.7280
tol5cm_pnn,17,10,0.216713,0.838153,2.974724,1.8960,0.05,4.4609,1,0.049987,0.00144757,0.53625965,24.6240
tol5cm_pnn,17,11,0.958478,0.821278,2.895904,2.6460,0.05,7.7946,1,0.049985,0.00243083,0.20347315,27.2700
tol5cm_pnn,17,12,0.485513,0.898070,2.973437,2.0390,0.05,5.7469,1,0.049944,0.00139323,0.34724877,29.3090
tol5cm_pnn,17,13,0.404235,0.898620,2.995756,2.0730,0.05,5.3738,1,0.049994,0.00323223,0.40151679,31.3820
tol5cm_pnn,17,14,0.273986,0.864783,3.000000,1.9540,0.05,4.7838,1,0.049929,0.00125847,0.62763045,33.3360
tol5cm_pnn,17,15,1.001414,0.874578,2.838118,2.5780,0.05,7.4538,1,0.049930,0.00950237,2.03908925,35.9140
tol5cm_pnn,17,16,0.732411,0.872709,1.848798,3.1120,0.05,7.0529,1,0.049917,0.00508839,2.59412154,39.0260
tol5cm_pnn,17,17,0.748620,0.921932,0.890180,3.4100,0.05,7.5683,1,0.049969,0.01330725,,42.4360
tol5cm_pnn,18,0,0.871044,0.870498,2.907481,2.4180,0.05,7.1706,1,0.049984,0.00312739,2.39114664,2.4180
tol5cm_pnn,18,1,0.835131,0.958062,0.892904,3.3270,0.05,7.5516,1,0.049973,0.01644192,0.21270916,5.7450
tol5cm_pnn,18,2,0.576303,0.846790,2.928235,2.2220,0.05,6.4438,1,0.049959,0.00225715,0.37506836,7.9670
tol5cm_pnn,18,3,0.849678,0.866364,2.924856,2.3640,0.05,7.1456,1,0.049919,0.00197639,0.20288074,10.3310
tol5cm_pnn,18,4,0.629422,0.852188,2.930542,2.2270,0.05,6.5966,1,0.049939,0.00136345,0.11044483,12.5580
tol5cm_pnn,18,5,0.224511,0.821275,2.981059,1.6180,0.05,4.6122,1,0.049998,0.00692117,1.11962396,14.1760
tol5cm_pnn,18,6,0.188497,0.789901,2.816674,2.0710,0.05,4.4479,1,0.049963,0.00392862,,16.2470
tol5cm_pnn,19,0,0.399997,0.903064,3.000000,2.2070,0.05,5.3282,1,0.049999,0.01426544,2.94913614,2.2070
tol5cm_pnn,19,1,0.378921,0.829246,0.956703,3.2840,0.05,6.6327,1,0.049986,0.00990427,1.24762268,5.4910
tol5cm_pnn,19,2,0.768037,0.962474,2.590383,2.6200,0.05,6.3429,1,0.049911,0.02959678,0.65746918,8.1110
tol5cm_pnn,19,3,0.890855,0.900193,2.824844,2.5090,0.05,7.0111,1,0.049914,0.01473375,1.19208544,10.6200
tol5cm_pnn,19,4,0.893070,0.973272,2.634850,2.6010,0.05,6.5617,1,0.049900,0.03152848,1.55939199,13.2210
tol5cm_pnn,19,5,0.578944,0.879622,2.517186,2.8420,0.05,6.3078,1,0.049915,0.02244437,0.13790366,16.0630
tol5cm_pnn,19,6,0.205315,0.817411,2.987584,1.6130,0.05,4.4534,1,0.049982,0.01483760,1.12460820,17.6760
tol5cm_pnn,19,7,0.315434,0.856091,2.908363,2.4400,0.05,5.1235,1,0.049977,0.02466572,,20.1160
timer_pnn,0,0,0.485869,0.926766,0.913096,2.0010,0.01,9.9426,1,0.281595,0.05110766,0.53384671,2.0010
timer_pnn,0,1,0.324259,0.878838,3.000000,2.0010,0.01,8.4484,1,0.040932,0.00255336,0.41179582,4.0020
timer_pnn,0,2,0.326154,0.873504,3.000000,2.0010,0.01,8.5101,1,0.057361,0.00200554,0.71523448,6.0030
timer_pnn,0,3,0.442952,0.907529,2.960596,2.0010,0.01,8.8717,1,0.075109,0.00601740,2.61418871,8.0040
timer_pnn,0,4,0.380582,0.875267,0.941307,2.0010,0.01,9.8474,1,0.253740,0.04732557,0.71645770,10.0050
timer_pnn,0,5,1.172943,0.848752,2.883115,2.0010,0.01,11.7283,1,0.137538,0.01114584,0.28411339,12.0060
timer_pnn,0,6,0.753129,0.852401,2.925177,2.0010,0.01,10.6448,1,0.079054,0.00313636,1.08204892,14.0070
timer_pnn,0,7,0.474807,0.924397,2.887921,2.0010,0.01,8.8772,1,0.105167,0.00585871,0.34674312,16.0080
timer_pnn,0,8,0.205484,0.838972,2.996116,2.0010,0.01,7.7819,1,0.025325,0.00251251,0.47621092,18.0090
timer_pnn,0,9,0.928737,0.819139,2.896922,2.0010,0.01,11.5681,1,0.139284,0.01025000,0.37822732,20.0100
timer_pnn,0,10,0.220840,0.845202,2.994880,2.0010,0.01,7.8910,1,0.029989,0.00063464,0.62634950,22.0110
timer_pnn,0,11,0.308120,0.872717,2.960856,2.0010,0.01,8.3971,1,0.066168,0.00253517,,24.0120
timer_pnn,1,0,0.371483,0.858126,2.953057,2.0010,0.01,8.9565,1,0.048327,0.00124100,0.79104256,2.0010
timer_pnn,1,1,1.016784,0.857770,2.881640,2.0010,0.01,11.2802,1,0.169402,0.01454011,0.31439691,4.0020
timer_pnn,1,2,0.151512,0.794662,2.979435,2.0010,0.01,7.4670,1,0.020626,0.00237267,0.64732592,6.0030
timer_pnn,1,3,0.771528,0.905117,2.879949,2.0010,0.01,10.1125,1,0.137025,0.00967345,0.40946431,8.0040
timer_pnn,1,4,0.850671,0.821609,2.895828,2.0010,0.01,11.3236,1,0.120830,0.00775040,0.73831233,10.0050
timer_pnn,1,5,0.207729,0.819618,2.967060,2.0010,0.01,7.9845,1,0.049366,0.00133596,1.51576875,12.0060
timer_pnn,1,6,0.863302,0.971285,2.450655,2.0010,0.01,9.7694,1,0.174512,0.02055329,0.22890100,14.0070
timer_pnn,1,7,0.195844,0.817023,3.000000,2.0010,0.01,7.8659,1,0.011624,0.00010408,0.33800316,16.0080
timer_pnn,1,8,0.386270,0.894456,2.998551,2.0010,0.01,8.6897,1,0.052634,0.00479272,1.21578836,18.0090
timer_pnn,1,9,0.894939,0.982384,2.608782,2.0010,0.01,9.7035,1,0.166763,0.01828518,0.51097335,20.0100
timer_pnn,1,10,0.410236,0.902125,3.000000,2.0010,0.01,8.7497,1,0.047015,0.00490407,3.71255933,22.0110
timer_pnn,1,11,0.573292,0.724627,1.158022,2.0010,0.01,12.4197,1,0.353856,0.06410179,,24.0120
timer_pnn,2,0,0.823140,0.900767,2.856225,2.0010,0.01,10.3050,1,0.114801,0.00671719,0.37142710,2.0010
timer_pnn,2,1,0.470200,0.902795,2.985341,2.0010,0.01,9.0413,1,0.053033,0.00287311,0.31842349,4.0020
timer_pnn,2,2,0.546084,0.912007,2.965771,2.0010,0.01,9.2795,1,0.060012,0.00309760,2.42645304,6.0030
timer_pnn,2,3,0.261345,0.916958,0.937690,2.0010,0.01,8.6779,1,0.171067,0.02870185,0.84257576,8.0040
timer_pnn,2,4,0.619178,0.948981,2.890341,2.0010,0.01,9.2086,1,0.118401,0.00720230,,10.0050
timer_pnn,3,0,0.948938,0.848384,2.888569,2.0010,0.01,11.2374,1,0.152650,0.01196117,0.35099387,2.0010
timer_pnn,3,1,0.223143,0.846960,2.998102,2.0010,0.01,7.8986,1,0.026008,0.00061310,0.40381234,4.0020
timer_pnn,3,2,0.349551,0.880172,3.000000,2.0010,0.01,8.6020,1,0.052445,0.00500425,1.21041996,6.0030
timer_pnn,3,3,0.737116,0.961062,2.628545,2.0010,0.01,9.5042,1,0.156635,0.01575674,0.25310257,8.0040
timer_pnn,3,4,0.708212,0.862303,2.928030,2.0010,0.01,10.3869,1,0.070373,0.00504125,0.65021050,10.0050
timer_pnn,3,5,0.388498,0.903334,2.995486,2.0010,0.01,8.6217,1,0.070855,0.00346845,,12.0060
timer_pnn,4,0,0.104753,0.790136,2.960462,2.0010,0.01,6.6449,1,0.019703,0.00077698,0.75970131,2.0010
timer_pnn,4,1,0.820351,0.929125,2.815548,2.0010,0.01,10.0051,1,0.129885,0.00845773,0.26049940,4.0020
timer_pnn,4,2,0.354600,0.868888,3.000000,2.0010,0.01,8.7398,1,0.035713,0.00246041,0.42506758,6.0030
timer_pnn,4,3,0.720362,0.901952,2.912749,2.0010,0.01,9.9908,1,0.086998,0.00452484,0.20648701,8.0040
timer_pnn,4,4,0.603529,0.877701,2.944256,2.0010,0.01,9.8514,1,0.062082,0.00200482,0.77030601,10.0050
timer_pnn,4,5,0.135775,0.788061,2.882961,2.0010,0.01,7.2810,1,0.035075,0.00062024,2.67628274,12.0060
timer_pnn,4,6,0.333209,0.873635,0.939915,2.0010,0.01,9.5693,1,0.216492,0.04028250,2.77151765,14.0070
timer_pnn,4,7,0.843254,0.794966,0.964259,2.0010,0.01,12.6242,1,0.495910,0.12537482,0.71027880,16.0080
timer_pnn,4,8,1.191393,0.840719,2.926489,2.0010,0.01,11.8655,1,0.121321,0.00805809,0.32653284,18.0090
timer_pnn,4,9,0.696096,0.891257,2.937350,2.0010,0.01,10.0251,1,0.070385,0.00268794,1.83424155,20.0100
timer_pnn,4,10,0.635117,0.832673,2.298757,2.0010,0.01,10.6114,1,0.227715,0.04442365,0.51616773,22.0110
timer_pnn,4,11,1.016039,0.847579,2.928553,2.0010,0.01,11.4007,1,0.117795,0.00901615,1.84238881,24.0120
timer_pnn,4,12,0.737610,0.856806,2.285816,2.0010,0.01,10.6771,1,0.253551,0.05334948,0.46832768,26.0130
timer_pnn,4,13,0.422801,0.903467,3.000000,2.0010,0.01,8.8026,1,0.067921,0.00259172,0.60991470,28.0140
timer_pnn,4,14,0.940556,0.846272,2.888067,2.0010,0.01,11.2436,1,0.133782,0.01136165,0.51154454,30.0150
timer_pnn,4,15,0.432520,0.905306,3.000000,2.0010,0.01,8.8347,1,0.060761,0.00296100,0.48304218,32.0160
timer_pnn,4,16,0.340384,0.883158,3.000000,2.0010,0.01,8.5160,1,0.060350,0.00220204,0.53378395,34.0170
timer_pnn,4,17,0.947517,0.872430,2.863190,2.0010,0.01,10.9418,1,0.127593,0.00852383,,36.0180
timer_pnn,5,0,0.955018,0.856281,2.887016,2.0010,0.01,11.1532,1,0.155733,0.01248462,1.47200172,2.0010
timer_pnn,5,1,0.469390,0.858038,2.656533,2.0010,0.01,9.5423,1,0.136289,0.01055645,1.74768875,4.0020
timer_pnn,5,2,0.522404,0.828876,2.413129,2.0010,0.01,10.1653,1,0.200261,0.03721380,0.06234792,6.0030
timer_pnn,5,3,0.343861,0.865693,2.988627,2.0010,0.01,8.7031,1,0.027332,0.00446220,2.59624336,8.0040
timer_pnn,5,4,0.493116,0.865171,0.950894,2.0010,0.01,10.5156,1,0.311777,0.06003491,0.19772322,10.0050
timer_pnn,5,5,0.365456,0.865225,2.981722,2.0010,0.01,8.8455,1,0.037827,0.00211342,0.36186987,12.0060
timer_pnn,5,6,0.503902,0.903521,2.969768,2.0010,0.01,9.1870,1,0.074307,0.00276086,0.33675629,14.0070
timer_pnn,5,7,0.819884,0.856278,2.926982,2.0010,0.01,10.7943,1,0.095686,0.00529763,0.14338201,16.0080
timer_pnn,5,8,0.351111,0.878679,3.000000,2.0010,0.01,8.6257,1,0.033096,0.00085947,0.68375167,18.0090
timer_pnn,5,9,0.934520,0.862920,2.883027,2.0010,0.01,11.0220,1,0.144041,0.01111760,0.45277636,20.0100
timer_pnn,5,10,0.617367,0.921424,2.931178,2.0010,0.01,9.4568,1,0.067546,0.00290835,0.28692609,22.0110
timer_pnn,5,11,0.427377,0.901484,2.987238,2.0010,0.01,8.8463,1,0.053843,0.00146573,0.73645098,24.0120
timer_pnn,5,12,1.005059,0.852413,2.891744,2.0010,0.01,11.3195,1,0.152634,0.01309361,0.82087968,26.0130
timer_pnn,5,13,0.209655,0.818727,2.914062,2.0010,0.01,8.0227,1,0.047220,0.00118821,0.86960812,28.0140
timer_pnn,5,14,0.902775,0.929166,2.775745,2.0010,0.01,10.2155,1,0.161015,0.01417961,0.34238618,30.0150
timer_pnn,5,15,0.822479,0.861100,2.927581,2.0010,0.01,10.7437,1,0.086977,0.00519071,1.03783373,32.0160
timer_pnn,5,16,0.883390,0.958844,2.725311,2.0010,0.01,9.8792,1,0.155284,0.01351395,0.09332931,34.0170
timer_pnn,5,17,0.420176,0.864333,2.953027,2.0010,0.01,9.1735,1,0.031609,0.00336502,,36.0180
timer_pnn,6,0,0.677518,0.936028,0.888444,2.0010,0.01,10.5996,1,0.394917,0.09334464,0.67236543,2.0010
timer_pnn,6,1,1.083202,0.863044,2.846631,2.0010,0.01,11.3654,1,0.131037,0.01008674,2.10317957,4.0020
timer_pnn,6,2,0.870567,0.811709,2.121881,2.0010,0.01,11.6868,1,0.345600,0.09156847,0.51839401,6.0030
timer_pnn,6,3,0.969455,0.814775,2.902373,2.0010,0.01,11.7308,1,0.116097,0.00896524,0.64021853,8.0040
timer_pnn,6,4,1.036858,0.869205,2.841706,2.0010,0.01,11.1895,1,0.130418,0.00850441,0.09286239,10.0050
timer_pnn,6,5,0.311153,0.841086,2.963845,2.0010,0.01,8.7174,1,0.025843,0.00061844,1.35697489,12.0060
timer_pnn,6,6,0.990520,0.993062,2.505284,2.0010,0.01,9.8291,1,0.176692,0.02222385,0.76171609,14.0070
timer_pnn,6,7,1.079531,0.876125,2.811692,2.0010,0.01,11.2014,1,0.160961,0.01490641,0.85583328,16.0080
timer_pnn,6,8,0.953841,0.889140,2.849301,2.0010,0.01,10.7624,1,0.137464,0.01066809,0.17541808,18.0090
timer_pnn,6,9,0.590657,0.863492,2.939132,2.0010,0.01,9.9574,1,0.055290,0.00202650,0.41820697,20.0100
timer_pnn,6,10,0.580654,0.921458,2.943677,2.0010,0.01,9.3235,1,0.070748,0.00309911,0.10618295,22.0110
timer_pnn,6,11,0.167445,0.823823,2.991338,2.0010,0.01,7.4457,1,0.017895,0.00037078,0.06138070,24.0120
timer_pnn,6,12,0.215466,0.820573,2.982945,2.0010,0.01,8.0584,1,0.030257,0.00141170,0.31690016,26.0130
timer_pnn,6,13,0.552501,0.910986,2.965282,2.0010,0.01,9.3146,1,0.066323,0.00266059,2.25567301,28.0140
timer_pnn,6,14,0.853374,0.868623,1.388468,2.0010,0.01,11.2636,1,0.373779,0.09415236,0.38409639,30.0150
timer_pnn,6,15,0.849576,0.831333,2.910206,2.0010,0.01,11.1913,1,0.082655,0.00347261,0.37934695,32.0160
timer_pnn,6,16,0.855311,0.836762,2.916672,2.0010,0.01,11.1366,1,0.109457,0.00599135,0.66596388,34.0170
timer_pnn,6,17,0.903082,0.898776,2.822719,2.0010,0.01,10.5364,1,0.119454,0.00717603,0.06957968,36.0180
timer_pnn,6,18,0.325841,0.850439,2.966990,2.0010,0.01,8.7313,1,0.026117,0.00105495,,38.0190
timer_pnn,7,0,0.764538,0.958205,2.831134,2.0010,0.01,9.5685,1,0.126963,0.00813337,0.32172966,2.0010
timer_pnn,7,1,0.797045,0.861609,2.927003,2.0010,0.01,10.6657,1,0.082625,0.00463763,1.37491510,4.0020
timer_pnn,7,2,1.003887,0.992992,2.496829,2.0010,0.01,9.8583,1,0.179191,0.02399080,2.69578047,6.0030
timer_pnn,7,3,0.725073,0.819335,0.964319,2.0010,0.01,11.9275,1,0.521726,0.15321176,0.48591223,8.0040
timer_pnn,7,4,0.946155,0.820669,2.900266,2.0010,0.01,11.5917,1,0.117115,0.00806312,0.12299116,10.0050
timer_pnn,7,5,0.239796,0.851521,3.000000,2.0010,0.01,8.0205,1,0.020242,0.00088710,0.09897949,12.0060
timer_pnn,7,6,0.410680,0.882649,2.976704,2.0010,0.01,8.9386,1,0.045638,0.00105487,0.92319521,14.0070
timer_pnn,7,7,0.248016,0.827986,2.907085,2.0010,0.01,8.3283,1,0.065276,0.00255013,1.02622157,16.0080
timer_pnn,7,8,0.407821,0.902718,2.924638,2.0010,0.01,8.7434,1,0.085189,0.00668488,2.13418145,18.0090
timer_pnn,7,9,0.497494,0.994932,0.964995,2.0010,0.01,9.3304,1,0.286679,0.04870284,0.70055229,20.0100
timer_pnn,7,10,0.314850,0.874507,2.990801,2.0010,0.01,8.4241,1,0.048424,0.00265881,0.48610562,22.0110
timer_pnn,7,11,0.795947,0.895857,2.880232,2.0010,0.01,10.2807,1,0.095606,0.00623525,0.75025338,24.0120
timer_pnn,7,12,0.529581,0.936708,2.949448,2.0010,0.01,8.9854,1,0.084613,0.00480417,0.22571944,26.0130
timer_pnn,7,13,0.653057,0.847097,2.926688,2.0010,0.01,10.3764,1,0.079364,0.00363468,0.69374517,28.0140
timer_pnn,7,14,0.946839,0.861024,2.884454,2.0010,0.01,11.0751,1,0.151883,0.01155699,0.18374750,30.0150
timer_pnn,7,15,0.587742,0.850300,2.933971,2.0010,0.01,10.0940,1,0.060878,0.00230582,1.93051335,32.0160
timer_pnn,7,16,0.462277,1.000000,1.077775,2.0010,0.01,8.9962,1,0.216074,0.02356563,0.32902844,34.0170
timer_pnn,7,17,0.807748,0.846880,2.925066,2.0010,0.01,10.8744,1,0.082082,0.00386954,,36.0180
timer_pnn,8,0,0.432010,0.906382,0.924643,2.0010,0.01,9.8594,1,0.249467,0.04038109,0.52376737,2.0010
timer_pnn,8,1,0.473412,0.913378,2.984982,2.0010,0.01,8.9566,1,0.056088,0.00403895,0.63893846,4.0020
timer_pnn,8,2,0.861933,0.877058,2.873052,2.0010,0.01,10.6714,1,0.123817,0.00869778,2.21996879,6.0030
timer_pnn,8,3,0.914620,0.818657,1.801096,2.0010,0.01,11.8288,1,0.373364,0.11245330,0.37415052,8.0040
timer_pnn,8,4,0.711763,0.857978,2.904018,2.0010,0.01,10.4523,1,0.083555,0.00466600,0.96631096,10.0050
timer_pnn,8,5,0.338647,0.863310,2.911980,2.0010,0.01,8.7036,1,0.074951,0.00482003,0.57370890,12.0060
timer_pnn,8,6,0.711504,0.923110,2.880897,2.0010,0.01,9.7515,1,0.105832,0.00571460,,14.0070
timer_pnn,9,0,0.269877,0.854645,3.000000,2.0010,0.01,8.2589,1,0.036088,0.00083029,0.03991540,2.0010
timer_pnn,9,1,0.281864,0.847698,2.991320,2.0010,0.01,8.4231,1,0.032382,0.00055940,1.27487034,4.0020
timer_pnn,9,2,0.595817,0.933053,2.683621,2.0010,0.01,9.3135,1,0.139578,0.01060358,0.87979756,6.0030
timer_pnn,9,3,0.250824,0.832299,2.920274,2.0010,0.01,8.3115,1,0.052228,0.00305047,0.77497319,8.0040
timer_pnn,9,4,0.398614,0.909154,2.962563,2.0010,0.01,8.6298,1,0.071148,0.00616295,0.11866532,10.0050
timer_pnn,9,5,0.246606,0.853198,3.000000,2.0010,0.01,8.0687,1,0.025522,0.00140897,1.10960420,12.0060
timer_pnn,9,6,0.845315,0.974905,2.681090,2.0010,0.01,9.6439,1,0.152288,0.01324695,0.37528604,14.0070
timer_pnn,9,7,0.558821,0.918512,2.953338,2.0010,0.01,9.2684,1,0.070270,0.00322983,,16.0080
timer_pnn,10,0,0.285516,0.845398,2.912674,2.0010,0.01,8.4867,1,0.077181,0.00431961,1.44254947,2.0010
timer_pnn,10,1,0.584510,0.910057,2.613302,2.0010,0.01,9.5083,1,0.167848,0.01918059,0.52129508,4.0020
timer_pnn,10,2,0.992318,0.860128,2.895164,2.0010,0.01,11.1923,1,0.109682,0.00886849,0.08936505,6.0030
timer_pnn,10,3,0.410213,0.865150,2.953451,2.0010,0.01,9.1111,1,0.036015,0.00070972,2.28016864,8.0040
timer_pnn,10,4,0.877731,0.864327,1.380962,2.0010,0.01,11.3844,1,0.358732,0.08946943,0.96802733,10.0050
timer_pnn,10,5,0.715324,0.958202,2.803504,2.0010,0.01,9.4363,1,0.123962,0.00873587,0.66170557,12.0060
timer_pnn,10,6,0.430178,0.914340,2.995138,2.0010,0.01,8.7412,1,0.060473,0.00678365,0.10507786,14.0070
timer_pnn,10,7,0.217226,0.818730,2.979691,2.0010,0.01,8.0950,1,0.028034,0.00040137,3.02029679,16.0080
timer_pnn,10,8,0.882710,0.812702,1.021149,2.0010,0.01,12.4113,1,0.538894,0.14758388,0.86956043,18.0090
timer_pnn,10,9,1.314440,0.837466,2.919476,2.0010,0.01,12.1438,1,0.143225,0.01099468,1.54223170,20.0100
timer_pnn,10,10,0.815167,0.925510,2.378073,2.0010,0.01,10.1193,1,0.201586,0.03294864,0.09153795,22.0110
timer_pnn,10,11,0.336500,0.848016,2.958902,2.0010,0.01,8.8299,1,0.028618,0.00477483,0.40835397,24.0120
timer_pnn,10,12,0.895478,0.840185,2.921228,2.0010,0.01,11.2005,1,0.123474,0.00810823,0.33561594,26.0130
timer_pnn,10,13,0.531103,0.916172,2.965281,2.0010,0.01,9.1799,1,0.054267,0.00210086,2.16254370,28.0140
timer_pnn,10,14,0.145450,0.979404,1.027775,2.0010,0.01,6.9517,1,0.088814,0.00654842,0.04856480,30.0150
timer_pnn,10,15,0.258142,0.849113,3.000000,2.0010,0.01,8.2088,1,0.025343,0.00172527,0.52257773,32.0160
timer_pnn,10,16,0.987938,0.861366,2.889737,2.0010,0.01,11.1677,1,0.125093,0.00794978,,34.0170
timer_pnn,11,0,0.277919,0.837336,2.975823,2.0010,0.01,8.4915,1,0.039705,0.00092607,1.64637126,2.0010
timer_pnn,11,1,0.681586,0.884858,2.421102,2.0010,0.01,10.1479,1,0.204730,0.03139891,0.35595943,4.0020
timer_pnn,11,2,0.815517,0.871526,2.924101,2.0010,0.01,10.6021,1,0.078838,0.00617960,0.28327138,6.0030
timer_pnn,11,3,0.604820,0.862631,2.926545,2.0010,0.01,10.0230,1,0.075854,0.00289212,0.86798975,8.0040
timer_pnn,11,4,0.280113,0.845531,2.932894,2.0010,0.01,8.4385,1,0.063285,0.00349311,1.24907132,10.0050
timer_pnn,11,5,0.496809,0.914305,2.810970,2.0010,0.01,9.0801,1,0.112957,0.00695652,2.82751579,12.0060
timer_pnn,11,6,0.574654,0.841658,0.969221,2.0010,0.01,11.0980,1,0.387313,0.08718366,0.11509387,14.0070
timer_pnn,11,7,0.474194,0.872107,2.959480,2.0010,0.01,9.3662,1,0.031047,0.00396364,0.44165985,16.0080
timer_pnn,11,8,0.927143,0.860760,2.918709,2.0010,0.01,11.0244,1,0.115659,0.00686910,0.70088723,18.0090
timer_pnn,11,9,0.774275,0.929408,2.839338,2.0010,0.01,9.8752,1,0.112873,0.00644430,0.66748831,20.0100
timer_pnn,11,10,1.089662,0.807884,2.918241,2.0010,0.01,12.1108,1,0.159707,0.01417102,0.48179052,22.0110
timer_pnn,11,11,0.314338,0.873487,3.000000,2.0010,0.01,8.4283,1,0.047430,0.00161104,2.06078645,24.0120
timer_pnn,11,12,0.486931,1.000000,0.991033,2.0010,0.01,9.2106,1,0.265412,0.03919777,0.10696488,26.0130
timer_pnn,11,13,0.455965,0.873561,2.963134,2.0010,0.01,9.2629,1,0.029790,0.00306161,0.48507327,28.0140
timer_pnn,11,14,0.882194,0.878344,2.871844,2.0010,0.01,10.7090,1,0.116307,0.00683465,0.52109030,30.0150
timer_pnn,11,15,0.428597,0.906537,3.000000,2.0010,0.01,8.8037,1,0.058444,0.00380278,0.39919797,32.0160
timer_pnn,11,16,0.722068,0.861926,2.902731,2.0010,0.01,10.4397,1,0.104772,0.00551214,0.26602098,34.0170
timer_pnn,11,17,0.188980,0.814477,3.000000,2.0010,0.01,7.8058,1,0.027115,0.00037907,3.31593512,36.0180
timer_pnn,11,18,0.490533,0.755130,1.064479,2.0010,0.01,11.6663,1,0.309017,0.04867497,0.16051863,38.0190
timer_pnn,11,19,0.518981,0.848616,2.934048,2.0010,0.01,9.8250,1,0.047157,0.00209827,,40.0200
timer_pnn,12,0,0.327556,0.879399,2.964496,2.0010,0.01,8.4712,1,0.064920,0.00390008,0.30596713,2.0010
timer_pnn,12,1,0.165099,0.820430,2.984602,2.0010,0.01,7.4432,1,0.027622,0.00042415,0.07721965,4.0020
timer_pnn,12,2,0.332861,0.867751,3.000000,2.0010,0.01,8.6090,1,0.040380,0.00099228,0.07799626,6.0030
timer_pnn,12,3,0.371803,0.861679,2.957736,2.0010,0.01,8.9227,1,0.041200,0.00116636,1.69806317,8.0040
timer_pnn,12,4,0.153000,0.969583,1.302454,2.0010,0.01,6.8218,1,0.059583,0.02150928,1.45094014,10.0050
timer_pnn,12,5,0.984376,0.988213,2.460095,2.0010,0.01,9.8723,1,0.195888,0.03011507,0.94676685,12.0060
timer_pnn,12,6,0.993635,0.920664,2.753886,2.0010,0.01,10.5153,1,0.181399,0.02001016,1.12053426,14.0070
timer_pnn,12,7,1.005159,0.946905,2.691015,2.0010,0.01,10.2737,1,0.195828,0.02423466,0.37594927,16.0080
timer_pnn,12,8,0.827804,0.827651,2.906579,2.0010,0.01,11.1776,1,0.094458,0.00691665,1.56322118,18.0090
timer_pnn,12,9,0.752101,0.940891,2.416750,2.0010,0.01,9.7851,1,0.195633,0.03270897,0.24236371,20.0100
timer_pnn,12,10,0.551649,0.897173,2.963488,2.0010,0.01,9.4478,1,0.058844,0.00394981,1.77261342,22.0110
timer_pnn,12,11,0.942145,0.887238,2.263648,2.0010,0.01,10.8828,1,0.250795,0.04401286,0.61816489,24.0120
timer_pnn,12,12,0.842900,0.878573,2.872733,2.0010,0.01,10.6037,1,0.132650,0.00982920,0.16018056,26.0130
timer_pnn,12,13,0.438913,0.894933,2.980678,2.0010,0.01,8.9668,1,0.035081,0.00274568,0.29856378,28.0140
timer_pnn,12,14,0.674003,0.847268,2.910131,2.0010,0.01,10.4505,1,0.091438,0.00433924,0.58885012,30.0150
timer_pnn,12,15,0.660673,0.919512,2.914021,2.0010,0.01,9.6234,1,0.096492,0.00474810,2.23465563,32.0160
timer_pnn,12,16,0.931533,0.812074,1.815219,2.0010,0.01,11.9571,1,0.391449,0.11991409,0.29922384,34.0170
timer_pnn,12,17,0.363792,0.875235,3.000000,2.0010,0.01,8.7367,1,0.040006,0.00279869,2.46030278,36.0180
timer_pnn,12,18,0.308143,0.914718,0.907962,2.0010,0.01,9.0918,1,0.206708,0.04853372,0.93512540,38.0190
timer_pnn,12,19,1.036942,0.876374,2.853277,2.0010,0.01,11.1002,1,0.155665,0.01441844,,40.0200
timer_pnn,13,0,0.480936,0.903321,2.785124,2.0010,0.01,9.1187,1,0.115750,0.00671096,0.31611738,2.0010
timer_pnn,13,1,0.248963,0.842930,2.999504,2.0010,0.01,8.1831,1,0.030142,0.00285348,0.28153567,4.0020
timer_pnn,13,2,0.550290,0.874873,2.946340,2.0010,0.01,9.6738,1,0.075675,0.00290397,0.24051190,6.0030
timer_pnn,13,3,0.375811,0.889305,2.997525,2.0010,0.01,8.6774,1,0.041415,0.00224252,0.35704759,8.0040
timer_pnn,13,4,0.733375,0.889719,2.924778,2.0010,0.01,10.1593,1,0.088579,0.00392313,0.10530700,10.0050
timer_pnn,13,5,0.416405,0.859384,2.945868,2.0010,0.01,9.2043,1,0.040632,0.00126037,0.67041762,12.0060
timer_pnn,13,6,0.263704,0.850042,2.993063,2.0010,0.01,8.2497,1,0.056018,0.00336203,0.25178060,14.0070
timer_pnn,13,7,0.593746,0.892831,2.955872,2.0010,0.01,9.6545,1,0.063756,0.00341155,0.45961824,16.0080
timer_pnn,13,8,0.355157,0.887043,3.000000,2.0010,0.01,8.5739,1,0.055735,0.00259175,2.88810020,18.0090
timer_pnn,13,9,0.830664,0.756856,1.039458,2.0010,0.01,13.0442,1,0.532439,0.14374852,1.37892819,20.0100
timer_pnn,13,10,0.881453,0.961014,2.476814,2.0010,0.01,9.9046,1,0.207868,0.03899693,1.49640351,22.0110
timer_pnn,13,11,0.606772,0.906838,2.554426,2.0010,0.01,9.6334,1,0.196947,0.03317592,0.51537069,24.0120
timer_pnn,13,12,0.332623,0.881386,2.993896,2.0010,0.01,8.4823,1,0.039989,0.00524293,0.14542538,26.0130
timer_pnn,13,13,0.442759,0.854463,2.940573,2.0010,0.01,9.3958,1,0.054114,0.00214200,0.76583258,28.0140
timer_pnn,13,14,0.565293,0.941593,2.935699,2.0010,0.01,9.0795,1,0.095518,0.00531205,0.80367282,30.0150
timer_pnn,13,15,0.735474,0.944473,2.870272,2.0010,0.01,9.6128,1,0.126685,0.00820339,,32.0160
timer_pnn,14,0,0.128422,0.783274,2.976363,2.0010,0.01,7.1754,1,0.023519,0.00068077,0.41689877,2.0010
timer_pnn,14,1,0.901254,0.837358,2.917171,2.0010,0.01,11.2525,1,0.124278,0.00772491,1.08642341,4.0020
timer_pnn,14,2,0.411536,0.882584,2.857395,2.0010,0.01,8.9633,1,0.098124,0.00495823,1.86162806,6.0030
timer_pnn,14,3,0.217332,1.000000,1.080478,2.0010,0.01,7.5307,1,0.122545,0.00776460,0.38548376,8.0040
timer_pnn,14,4,0.426101,0.903946,2.994304,2.0010,0.01,8.8159,1,0.049906,0.00378333,0.79858943,10.0050
timer_pnn,14,5,0.805494,0.937328,2.816418,2.0010,0.01,9.8832,1,0.130227,0.00861029,0.04337277,12.0060
timer_pnn,14,6,0.293591,0.850370,2.988429,2.0010,0.01,8.4912,1,0.020621,0.00231651,0.33462645,14.0070
timer_pnn,14,7,0.347102,0.874413,3.000000,2.0010,0.01,8.6400,1,0.051770,0.00335500,0.84978555,16.0080
timer_pnn,14,8,0.606545,0.939035,2.887834,2.0010,0.01,9.2583,1,0.102674,0.00626189,2.56286321,18.0090
timer_pnn,14,9,0.882727,0.881120,0.867654,2.0010,0.01,11.7932,1,0.604072,0.21592241,1.30549470,20.0100
timer_pnn,14,10,0.804161,0.974854,2.591138,2.0010,0.01,9.5611,1,0.137563,0.01283738,0.54552842,22.0110
timer_pnn,14,11,0.551009,0.925516,2.957246,2.0010,0.01,9.1713,1,0.062472,0.00602881,0.37900654,24.0120
timer_pnn,14,12,0.237096,0.838874,3.000000,2.0010,0.01,8.1085,1,0.040607,0.00121414,,26.0130
timer_pnn,15,0,0.786001,0.957836,2.460813,2.0010,0.01,9.7027,1,0.186583,0.02625499,0.45335108,2.0010
timer_pnn,15,1,0.772699,0.861330,2.893201,2.0010,0.01,10.6034,1,0.086499,0.00664383,2.71848384,4.0020
timer_pnn,15,2,0.846252,0.907133,0.903722,2.0010,0.01,11.3451,1,0.529070,0.15659274,0.15629225,6.0030
timer_pnn,15,3,0.559032,0.862297,2.942929,2.0010,0.01,9.8445,1,0.026958,0.00584442,0.68633388,8.0040
timer_pnn,15,4,0.463071,0.911571,2.964491,2.0010,0.01,8.9292,1,0.087446,0.00445357,0.27832468,10.0050
timer_pnn,15,5,0.717936,0.839766,2.922235,2.0010,0.01,10.6859,1,0.087985,0.00493018,0.24071437,12.0060
timer_pnn,15,6,0.359251,0.885729,3.000000,2.0010,0.01,8.6111,1,0.041576,0.00116780,2.09857656,14.0070
timer_pnn,15,7,0.749490,0.852789,1.741550,2.0010,0.01,10.9511,1,0.294640,0.08856245,,16.0080
timer_pnn,16,0,0.970621,0.897696,2.837318,2.0010,0.01,10.7050,1,0.169570,0.01456440,0.18715635,2.0010
timer_pnn,16,1,0.503798,0.855879,2.940757,2.0010,0.01,9.6766,1,0.052551,0.00194981,0.50417911,4.0020
timer_pnn,16,2,0.978051,0.824995,2.907377,2.0010,0.01,11.6118,1,0.142506,0.01026572,1.93448607,6.0030
timer_pnn,16,3,0.740350,0.815493,2.285693,2.0010,0.01,11.1963,1,0.275962,0.05755866,0.28729340,8.0040
timer_pnn,16,4,0.251844,0.842972,2.997218,2.0010,0.01,8.2093,1,0.034956,0.00256747,4.19392288,10.0050
timer_pnn,16,5,0.641728,0.698467,1.221266,2.0010,0.01,13.0957,1,0.387634,0.08053764,0.83081549,12.0060
timer_pnn,16,6,0.724876,0.951624,2.869641,2.0010,0.01,9.5142,1,0.102486,0.00537590,0.21788577,14.0070
timer_pnn,16,7,0.306565,0.853079,2.998295,2.0010,0.01,8.5623,1,0.040487,0.00094020,0.87144368,16.0080
timer_pnn,16,8,0.859190,0.924126,2.830134,2.0010,0.01,10.1530,1,0.155340,0.01228089,0.70301723,18.0090
timer_pnn,16,9,1.117610,0.807313,2.922063,2.0010,0.01,12.1806,1,0.178910,0.01621009,0.23282909,20.0100
timer_pnn,16,10,0.682197,0.856546,2.927357,2.0010,0.01,10.3675,1,0.067184,0.00269746,0.97767735,22.0110
timer_pnn,16,11,0.137578,0.769493,2.812332,2.0010,0.01,7.4892,1,0.041287,0.00108245,0.08719597,24.0120
timer_pnn,16,12,0.416978,0.869638,2.960704,2.0010,0.01,9.1020,1,0.048406,0.00237601,0.30492139,26.0130
timer_pnn,16,13,0.450534,0.893883,2.986299,2.0010,0.01,9.0331,1,0.059984,0.00203374,1.06811725,28.0140
timer_pnn,16,14,0.476792,0.908126,2.806975,2.0010,0.01,9.0505,1,0.102265,0.00552779,,30.0150
timer_pnn,17,0,0.847487,0.975027,2.680325,2.0010,0.01,9.6481,1,0.149410,0.01221894,0.18320271,2.0010
timer_pnn,17,1,0.281089,0.864829,3.000000,2.0010,0.01,8.2580,1,0.029703,0.00204910,1.21194310,4.0020
timer_pnn,17,2,0.689188,0.955754,2.642190,2.0010,0.01,9.4126,1,0.130688,0.00868775,0.83423003,6.0030
timer_pnn,17,3,0.996416,0.902553,2.782085,2.0010,0.01,10.7172,1,0.129743,0.00918726,1.10933843,8.0040
timer_pnn,17,4,0.444306,0.911427,2.896438,2.0010,0.01,8.8527,1,0.096107,0.00545623,0.60127348,10.0050
timer_pnn,17,5,0.353890,0.886737,2.979771,2.0010,0.01,8.5720,1,0.055267,0.00504962,1.50431267,12.0060
timer_pnn,17,6,0.586063,0.891727,2.549808,2.0010,0.01,9.7119,1,0.174071,0.02150175,0.99304443,14.0070
timer_pnn,17,7,0.770417,0.963720,2.768624,2.0010,0.01,9.5433,1,0.155058,0.01519075,0.32757543,16.0080
timer_pnn,17,8,0.182463,0.811847,3.000000,2.0010,0.01,7.7475,1,0.016286,0.00089877,0.67512596,18.0090
timer_pnn,17,9,0.112177,0.764961,2.858544,2.0010,0.01,7.0288,1,0.031779,0.00050954,0.38061233,20.0100
timer_pnn,17,10,0.210526,0.840397,2.993062,2.0010,0.01,7.8250,1,0.035458,0.00402248,0.51119374,22.0110
timer_pnn,17,11,0.943978,0.818926,2.894573,2.0010,0.01,11.6107,1,0.143892,0.01075265,0.21540590,24.0120
timer_pnn,17,12,0.573954,0.887129,2.954434,2.0010,0.01,9.6387,1,0.052546,0.00150815,0.36674818,26.0130
timer_pnn,17,13,0.405009,0.899124,2.996736,2.0010,0.01,8.7500,1,0.056756,0.00213648,0.37357624,28.0140
timer_pnn,17,14,0.278181,0.865972,3.000000,2.0010,0.01,8.2245,1,0.046309,0.00134221,0.63871159,30.0150
timer_pnn,17,15,0.998050,0.876424,2.834580,2.0010,0.01,11.0164,1,0.144137,0.01070400,1.92816018,32.0160
timer_pnn,17,16,0.708243,0.836446,2.201065,2.0010,0.01,10.8498,1,0.239530,0.04886722,1.51172499,34.0170
timer_pnn,17,17,0.683070,0.912690,2.479329,2.0010,0.01,9.8472,1,0.211350,0.03914195,,36.0180
timer_pnn,18,0,0.871044,0.870498,2.907481,2.0010,0.01,10.7664,1,0.109632,0.00607506,2.27363332,2.0010
timer_pnn,18,1,0.810835,0.975900,0.939659,2.0010,0.01,10.5085,1,0.425500,0.09588860,0.49419411,4.0020
timer_pnn,18,2,0.939097,0.815105,2.895011,2.0010,0.01,11.6502,1,0.098244,0.00579858,0.40439119,6.0030
timer_pnn,18,3,0.898869,0.853771,2.929811,2.0010,0.01,11.0372,1,0.103444,0.00536427,0.24177688,8.0040
timer_pnn,18,4,0.682262,0.847672,2.924639,2.0010,0.01,10.4717,1,0.076842,0.00296087,0.10136663,10.0050
timer_pnn,18,5,0.248949,0.826522,2.978398,2.0010,0.01,8.3395,1,0.028498,0.00043544,1.03550678,12.0060
timer_pnn,18,6,0.187234,0.795195,2.844186,2.0010,0.01,7.9870,1,0.053256,0.00198593,,14.0070
timer_pnn,19,0,0.399997,0.903064,3.000000,2.0010,0.01,8.6865,1,0.070556,0.00471972,2.72539918,2.0010
timer_pnn,19,1,0.364250,0.885834,0.933239,2.0010,0.01,9.6638,1,0.243097,0.04672244,1.31507213,4.0020
timer_pnn,19,2,0.816530,0.963830,2.522312,2.0010,0.01,9.7103,1,0.149095,0.01426725,0.69962060,6.0030
timer_pnn,19,3,0.984364,0.886124,2.820903,2.0010,0.01,10.8726,1,0.115899,0.00850322,1.10285714,8.0040
timer_pnn,19,4,0.919578,0.958964,2.726296,2.0010,0.01,9.9607,1,0.149894,0.01156210,1.44741876,10.0050
timer_pnn,19,5,0.577929,0.898333,2.586592,2.0010,0.01,9.6061,1,0.142810,0.01187277,0.12260668,12.0060
timer_pnn,19,6,0.297803,0.840949,2.975567,2.0010,0.01,8.6159,1,0.025956,0.00282549,1.98149638,14.0070
timer_pnn,19,7,0.313110,0.995973,1.000435,2.0010,0.01,8.3646,1,0.152772,0.01256527,,16.0080
halt1cm_fixedL1,0,0,0.485869,0.800000,1.700000,4.1540,0.01,10.5748,1,0.009999,0.00323263,2.33288644,4.1540
halt1cm_fixedL1,0,1,0.242380,0.800000,1.700000,3.7280,0.01,8.8863,1,0.009989,0.00449006,0.08061523,7.8820
halt1cm_fixedL1,0,2,0.308562,0.800000,1.700000,3.0030,0.01,9.4685,1,0.009997,0.00007904,1.07779152,10.8850
halt1cm_fixedL1,0,3,0.423561,0.800000,1.700000,3.7840,0.01,10.2391,1,0.009994,0.00344578,2.44955268,14.6690
halt1cm_fixedL1,0,4,0.422677,0.800000,1.700000,4.0630,0.01,10.2340,1,0.009992,0.00362023,0.47328921,18.7320
halt1cm_fixedL1,0,5,0.929674,0.800000,1.700000,3.5970,0.01,12.1728,1,0.009988,0.00038475,0.20429375,22.3290
halt1cm_fixedL1,0,6,0.626140,0.800000,1.700000,3.3750,0.01,11.1976,1,0.009993,0.00007129,1.29303596,25.7040
halt1cm_fixedL1,0,7,0.467958,0.800000,1.700000,3.9090,0.01,10.4828,1,0.009993,0.00356421,1.10231922,29.6130
halt1cm_fixedL1,0,8,0.155345,0.800000,1.700000,3.2480,0.01,7.8291,1,0.009998,0.00129961,0.64274427,32.8610
halt1cm_fixedL1,0,9,0.912609,0.800000,1.700000,3.7750,0.01,12.1270,1,0.009987,0.00164715,1.12010170,36.6360
halt1cm_fixedL1,0,10,0.169414,0.800000,1.700000,3.2970,0.01,8.0332,1,0.009995,0.00169135,0.31263237,39.9330
halt1cm_fixedL1,0,11,0.302282,0.800000,1.700000,3.2120,0.01,9.4188,1,0.009990,0.00047556,,43.1450
halt1cm_fixedL1,1,0,0.371483,0.800000,1.700000,3.1230,0.01,9.9192,1,0.009987,0.00006040,0.76166363,3.1230
halt1cm_fixedL1,1,1,0.988636,0.800000,1.700000,3.8610,0.01,12.3250,1,0.009985,0.00197162,1.84842284,6.9840
halt1cm_fixedL1,1,2,0.116805,0.800000,1.700000,3.2140,0.01,7.1656,1,0.009985,0.00150285,0.34824831,10.1980
halt1cm_fixedL1,1,3,0.768527,0.800000,1.700000,3.5350,0.01,11.7025,1,0.009985,0.00035510,0.29928418,13.7330
halt1cm_fixedL1,1,4,0.732272,0.800000,1.700000,3.4780,0.01,11.5833,1,0.010000,0.00021696,1.52195414,17.2110
halt1cm_fixedL1,1,5,0.200422,0.800000,1.700000,3.4960,0.01,8.4318,1,0.009995,0.00327080,2.03263813,20.7070
halt1cm_fixedL1,1,6,0.859246,0.800000,1.700000,4.3620,0.01,11.9781,1,0.009996,0.00226771,1.52847244,25.0690
halt1cm_fixedL1,1,7,0.098821,0.800000,1.700000,3.0770,0.01,6.7833,1,0.009990,0.00031393,1.15953432,28.1460
halt1cm_fixedL1,1,8,0.378317,0.800000,1.700000,3.7370,0.01,9.9636,1,0.009984,0.00353449,1.19926353,31.8830
halt1cm_fixedL1,1,9,0.880618,0.800000,1.700000,4.0880,0.01,12.0388,1,0.009986,0.00285311,1.08131891,35.9710
halt1cm_fixedL1,1,10,0.322633,0.800000,1.700000,3.6740,0.01,9.5766,1,0.009984,0.00337669,2.87916453,39.6450
halt1cm_fixedL1,1,11,0.607277,0.800000,1.700000,4.3000,0.01,11.1223,1,0.009990,0.00247004,,43.9450
halt1cm_fixedL1,2,0,0.823140,0.800000,1.700000,3.7290,0.01,11.8720,1,0.009996,0.00156417,0.57548156,3.7290
halt1cm_fixedL1,2,1,0.397829,0.800000,1.700000,3.5380,0.01,10.0861,1,0.009997,0.00208023,0.50746131,7.2670
halt1cm_fixedL1,2,2,0.510301,0.800000,1.700000,3.6000,0.01,10.6950,1,0.009987,0.00192052,2.44649494,10.8670
halt1cm_fixedL1,2,3,0.292420,0.800000,1.700000,3.8640,0.01,9.3385,1,0.009985,0.00438777,0.98132076,14.7310
halt1cm_fixedL1,2,4,0.600146,0.800000,1.700000,3.9360,0.01,11.0933,1,0.009997,0.00319833,,18.6670
halt1cm_fixedL1,3,0,0.948938,0.800000,1.700000,3.7650,0.01,12.2236,1,0.009997,0.00140636,1.25154584,3.7650
halt1cm_fixedL1,3,1,0.164207,0.800000,1.700000,3.3170,0.01,7.9596,1,0.009998,0.00191227,0.92511254,7.0820
halt1cm_fixedL1,3,2,0.334745,0.800000,1.700000,3.6070,0.01,9.6660,1,0.009997,0.00302491,1.14012872,10.6890
halt1cm_fixedL1,3,3,0.727208,0.800000,1.700000,4.0220,0.01,11.5662,1,0.009984,0.00305487,0.17764376,14.7110
halt1cm_fixedL1,3,4,0.561193,0.800000,1.700000,3.3430,0.01,10.9283,1,0.009992,0.00007262,0.90662316,18.0540
halt1cm_fixedL1,3,5,0.367541,0.800000,1.700000,3.6460,0.01,9.8932,1,0.009984,0.00308369,,21.7000
halt1cm_fixedL1,4,0,0.104753,0.800000,1.700000,2.4690,0.01,6.9160,1,0.009987,0.00184087,0.64520276,2.4690
halt1cm_fixedL1,4,1,0.814575,0.800000,1.700000,3.8270,0.01,11.8462,1,0.010000,0.00212835,0.57131600,6.2960
halt1cm_fixedL1,4,2,0.264664,0.800000,1.700000,3.3270,0.01,9.0979,1,0.009988,0.00128728,0.63051454,9.6230
halt1cm_fixedL1,4,3,0.697883,0.800000,1.700000,3.7630,0.01,11.4647,1,0.009998,0.00226790,0.14966522,13.3860
halt1cm_fixedL1,4,4,0.528180,0.800000,1.700000,3.2830,0.01,10.7795,1,0.009989,0.00010190,1.28191742,16.6690
halt1cm_fixedL1,4,5,0.129516,0.800000,1.700000,3.1610,0.01,7.4045,1,0.010000,0.00090469,2.47829496,19.8300
halt1cm_fixedL1,4,6,0.351727,0.800000,1.700000,3.9860,0.01,9.7862,1,0.009988,0.00404137,3.42849927,23.8160
halt1cm_fixedL1,4,7,0.949357,0.800000,1.700000,4.5510,0.01,12.2247,1,0.009996,0.00123537,0.26363553,28.3670
halt1cm_fixedL1,4,8,0.705944,0.800000,1.700000,3.4360,0.01,11.4930,1,0.009999,0.00016025,0.29445921,31.8030
halt1cm_fixedL1,4,9,0.593689,0.800000,1.700000,3.4580,0.01,11.0667,1,0.009989,0.00061251,1.81113337,35.2610
halt1cm_fixedL1,4,10,0.651903,0.800000,1.700000,4.1910,0.01,11.2968,1,0.009997,0.00292004,0.33062590,39.4520
halt1cm_fixedL1,4,11,0.803695,0.800000,1.700000,3.4970,0.01,11.8130,1,0.009982,0.00012804,2.22731894,42.9490
halt1cm_fixedL1,4,12,0.773157,0.800000,1.700000,4.3430,0.01,11.7173,1,0.009993,0.00230710,1.27212290,47.2920
halt1cm_fixedL1,4,13,0.376692,0.800000,1.700000,3.7640,0.01,9.9531,1,0.009987,0.00366765,0.91146015,51.0560
halt1cm_fixedL1,4,14,0.888025,0.800000,1.700000,3.9950,0.01,12.0595,1,0.009995,0.00274177,0.95826034,55.0510
halt1cm_fixedL1,4,15,0.376848,0.800000,1.700000,3.7070,0.01,9.9541,1,0.009998,0.00325302,0.34938651,58.7580
halt1cm_fixedL1,4,16,0.312625,0.800000,1.700000,3.2350,0.01,9.5002,1,0.009998,0.00068977,0.43936257,61.9930
halt1cm_fixedL1,4,17,0.901612,0.800000,1.700000,3.5880,0.01,12.0970,1,0.009984,0.00027424,,65.5810
halt1cm_fixedL1,5,0,0.955018,0.800000,1.700000,3.8050,0.01,12.2394,1,0.009997,0.00168004,2.18676895,3.8050
halt1cm_fixedL1,5,1,0.504991,0.800000,1.700000,4.1490,0.01,10.6694,1,0.009998,0.00325844,1.94708747,7.9540
halt1cm_fixedL1,5,2,0.572114,0.800000,1.700000,4.1370,0.01,10.9757,1,0.009987,0.00311358,0.08835713,12.0910
halt1cm_fixedL1,5,3,0.169025,0.800000,1.700000,2.6630,0.01,8.0278,1,0.009992,0.00020678,2.28007568,14.7540
halt1cm_fixedL1,5,4,0.506978,0.800000,1.700000,4.1640,0.01,10.6790,1,0.009994,0.00320665,0.98623601,18.9180
halt1cm_fixedL1,5,5,0.227003,0.800000,1.700000,3.4440,0.01,8.7292,1,0.009987,0.00240880,0.11883712,22.3620
halt1cm_fixedL1,5,6,0.486584,0.800000,1.700000,3.2330,0.01,10.5784,1,0.009998,0.00005468,0.30896223,25.5950
halt1cm_fixedL1,5,7,0.755382,0.800000,1.700000,3.4880,0.01,11.6599,1,0.009993,0.00017396,0.16213649,29.0830
halt1cm_fixedL1,5,8,0.272815,0.800000,1.700000,3.0260,0.01,9.1710,1,0.009984,0.00005904,0.80446404,32.1090
halt1cm_fixedL1,5,9,0.916397,0.800000,1.700000,3.8890,0.01,12.1373,1,0.009994,0.00235710,0.65155426,35.9980
halt1cm_fixedL1,5,10,0.527425,0.800000,1.700000,3.7130,0.01,10.7760,1,0.009991,0.00255920,0.18017411,39.7110
halt1cm_fixedL1,5,11,0.382363,0.800000,1.700000,3.1960,0.01,9.9895,1,0.010000,0.00025208,0.82699559,42.9070
halt1cm_fixedL1,5,12,0.970462,0.800000,1.700000,3.9070,0.01,12.2791,1,0.009995,0.00229577,2.18020480,46.8140
halt1cm_fixedL1,5,13,0.220774,0.800000,1.700000,3.6890,0.01,8.6626,1,0.009986,0.00435492,0.68274415,50.5030
halt1cm_fixedL1,5,14,0.883916,0.800000,1.700000,3.7940,0.01,12.0480,1,0.009985,0.00195544,0.22688429,54.2970
halt1cm_fixedL1,5,15,0.673407,0.800000,1.700000,3.4030,0.01,11.3767,1,0.009982,0.00005692,1.14548962,57.7000
halt1cm_fixedL1,5,16,0.858145,0.800000,1.700000,4.0810,0.01,11.9749,1,0.009994,0.00289843,0.07958736,61.7810
halt1cm_fixedL1,5,17,0.274471,0.800000,1.700000,2.9660,0.01,9.1856,1,0.009989,0.00010872,,64.7470
halt1cm_fixedL1,6,0,0.677518,0.800000,1.700000,4.3220,0.01,11.3917,1,0.009983,0.00240083,0.45451199,4.3220
halt1cm_fixedL1,6,1,0.794402,0.800000,1.700000,3.6600,0.01,11.7843,1,0.010000,0.00099822,2.01110861,7.9820
halt1cm_fixedL1,6,2,0.920975,0.800000,1.700000,4.3650,0.01,12.1496,1,0.009988,0.00220066,0.22981666,12.3470
halt1cm_fixedL1,6,3,0.634308,0.800000,1.700000,3.4190,0.01,11.2294,1,0.010000,0.00012202,0.65260336,15.7660
halt1cm_fixedL1,6,4,0.945800,0.800000,1.700000,3.7780,0.01,12.2154,1,0.009984,0.00155318,0.16962174,19.5440
halt1cm_fixedL1,6,5,0.198535,0.800000,1.700000,2.8660,0.01,8.4093,1,0.009985,0.00020203,1.68874825,22.4100
halt1cm_fixedL1,6,6,0.985253,0.800000,1.700000,4.2880,0.01,12.3165,1,0.009997,0.00243341,0.64319133,26.6980
halt1cm_fixedL1,6,7,0.961565,0.800000,1.700000,3.7410,0.01,12.2563,1,0.009986,0.00137772,0.94399257,30.4390
halt1cm_fixedL1,6,8,0.858175,0.800000,1.700000,3.9990,0.01,11.9750,1,0.009992,0.00281495,0.15903087,34.4380
halt1cm_fixedL1,6,9,0.463179,0.800000,1.700000,3.2760,0.01,10.4577,1,0.009997,0.00010833,0.41234358,37.7140
halt1cm_fixedL1,6,10,0.546110,0.800000,1.700000,3.5460,0.01,10.8614,1,0.009991,0.00139017,0.12685580,41.2600
halt1cm_fixedL1,6,11,0.114661,0.800000,1.700000,2.4540,0.01,7.1230,1,0.009985,0.00189141,0.14925354,43.7140
halt1cm_fixedL1,6,12,0.207171,0.800000,1.700000,2.8420,0.01,8.5107,1,0.009999,0.00005958,0.34429356,46.5560
halt1cm_fixedL1,6,13,0.536163,0.800000,1.700000,3.4680,0.01,10.8163,1,0.009989,0.00100789,2.19145845,50.0240
halt1cm_fixedL1,6,14,0.875073,0.800000,1.700000,4.3840,0.01,12.0232,1,0.009990,0.00212293,0.12547380,54.4080
halt1cm_fixedL1,6,15,0.485778,0.800000,1.700000,3.2340,0.01,10.5743,1,0.009998,0.00011229,0.31316967,57.6420
halt1cm_fixedL1,6,16,0.783663,0.800000,1.700000,3.4870,0.01,11.7507,1,0.009986,0.00007988,0.68204455,61.1290
halt1cm_fixedL1,6,17,0.830454,0.800000,1.700000,3.8180,0.01,11.8939,1,0.009996,0.00216936,0.11380335,64.9470
halt1cm_fixedL1,6,18,0.218550,0.800000,1.700000,2.8720,0.01,8.6384,1,0.009992,0.00019346,,67.8190
halt1cm_fixedL1,7,0,0.764538,0.800000,1.700000,3.9470,0.01,11.6897,1,0.009992,0.00286097,0.27293741,3.9470
halt1cm_fixedL1,7,1,0.680205,0.800000,1.700000,3.4690,0.01,11.4015,1,0.009992,0.00021070,1.37619503,7.4160
halt1cm_fixedL1,7,2,0.985073,0.800000,1.700000,4.2010,0.01,12.3160,1,0.009984,0.00269480,2.75747641,11.6170
halt1cm_fixedL1,7,3,0.853307,0.800000,1.700000,4.4420,0.01,11.9609,1,0.009993,0.00178322,0.45529685,16.0590
halt1cm_fixedL1,7,4,0.539067,0.800000,1.700000,3.6010,0.01,10.8296,1,0.009982,0.00167184,0.50214749,19.6600
halt1cm_fixedL1,7,5,0.143137,0.800000,1.700000,2.9070,0.01,7.6373,1,0.009985,0.00009271,0.08690082,22.5670
halt1cm_fixedL1,7,6,0.400556,0.800000,1.700000,3.1310,0.01,10.1028,1,0.009995,0.00009585,1.01024091,25.6980
halt1cm_fixedL1,7,7,0.243146,0.800000,1.700000,3.4630,0.01,8.8939,1,0.009986,0.00262830,1.40335557,29.1610
halt1cm_fixedL1,7,8,0.400666,0.800000,1.700000,3.8700,0.01,10.1035,1,0.009997,0.00374170,1.97421616,33.0310
halt1cm_fixedL1,7,9,0.530574,0.800000,1.700000,4.1090,0.01,10.7906,1,0.009985,0.00325733,2.45246743,37.1400
halt1cm_fixedL1,7,10,0.288771,0.800000,1.700000,3.8460,0.01,9.3082,1,0.009984,0.00440950,1.03726113,40.9860
halt1cm_fixedL1,7,11,0.759998,0.800000,1.700000,4.0380,0.01,11.6750,1,0.009997,0.00301877,1.08943104,45.0240
halt1cm_fixedL1,7,12,0.500317,0.800000,1.700000,3.8980,0.01,10.6466,1,0.009996,0.00341246,0.16981759,48.9220
halt1cm_fixedL1,7,13,0.578899,0.800000,1.700000,3.3330,0.01,11.0046,1,0.009984,0.00005033,0.68124230,52.2550
halt1cm_fixedL1,7,14,0.896684,0.800000,1.700000,3.8100,0.01,12.0835,1,0.009992,0.00193454,0.10481085,56.0650
halt1cm_fixedL1,7,15,0.447895,0.800000,1.700000,3.1880,0.01,10.3756,1,0.009994,0.00007531,2.12017214,59.2530
halt1cm_fixedL1,7,16,0.483363,0.800000,1.700000,4.1050,0.01,10.5621,1,0.009991,0.00339340,0.28910289,63.3580
halt1cm_fixedL1,7,17,0.602286,0.800000,1.700000,3.4370,0.01,11.1020,1,0.009996,0.00062759,,66.7950
halt1cm_fixedL1,8,0,0.432010,0.800000,1.700000,4.0800,0.01,10.2873,1,0.009988,0.00356476,1.42207517,4.0800
halt1cm_fixedL1,8,1,0.341933,0.800000,1.700000,3.7530,0.01,9.7176,1,0.009993,0.00381823,1.12092836,7.8330
halt1cm_fixedL1,8,2,0.826180,0.800000,1.700000,4.0900,0.01,11.8811,1,0.009998,0.00294883,2.21294880,11.9230
halt1cm_fixedL1,8,3,0.954191,0.800000,1.700000,4.4030,0.01,12.2372,1,0.009984,0.00199416,0.89440426,16.3260
halt1cm_fixedL1,8,4,0.523129,0.800000,1.700000,3.7820,0.01,10.7559,1,0.009994,0.00311261,1.88976423,20.1080
halt1cm_fixedL1,8,5,0.322122,0.800000,1.700000,3.8660,0.01,9.5728,1,0.009993,0.00411909,0.48925835,23.9740
halt1cm_fixedL1,8,6,0.665933,0.800000,1.700000,3.6250,0.01,11.3492,1,0.009987,0.00162786,,27.5990
halt1cm_fixedL1,9,0,0.269877,0.800000,1.700000,2.9550,0.01,9.1449,1,0.009985,0.00005168,0.03489552,2.9550
halt1cm_fixedL1,9,1,0.255769,0.800000,1.700000,2.8670,0.01,9.0156,1,0.009993,0.00005007,1.32330860,5.8220
halt1cm_fixedL1,9,2,0.594017,0.800000,1.700000,4.0290,0.01,11.0680,1,0.009990,0.00328773,1.95691244,9.8510
halt1cm_fixedL1,9,3,0.242372,0.800000,1.700000,3.7170,0.01,8.8863,1,0.009996,0.00422980,1.28970300,13.5680
halt1cm_fixedL1,9,4,0.383777,0.800000,1.700000,3.8280,0.01,9.9985,1,0.009992,0.00369825,0.30537832,17.3960
halt1cm_fixedL1,9,5,0.194045,0.800000,1.700000,2.9800,0.01,8.3549,1,0.009986,0.00005246,0.88764829,20.3760
halt1cm_fixedL1,9,6,0.840976,0.800000,1.700000,3.9730,0.01,11.9250,1,0.009984,0.00277051,0.35069250,24.3490
halt1cm_fixedL1,9,7,0.463540,0.800000,1.700000,3.4130,0.01,10.4596,1,0.009997,0.00107125,,27.7620
halt1cm_fixedL1,10,0,0.285516,0.800000,1.700000,3.5690,0.01,9.2808,1,0.009998,0.00310517,1.50043114,3.5690
halt1cm_fixedL1,10,1,0.587564,0.800000,1.700000,4.0600,0.01,11.0412,1,0.009985,0.00326034,0.41872500,7.6290
halt1cm_fixedL1,10,2,0.835398,0.800000,1.700000,3.6110,0.01,11.9085,1,0.009991,0.00049764,0.08609634,11.2400
halt1cm_fixedL1,10,3,0.312403,0.800000,1.700000,3.0230,0.01,9.4985,1,0.009993,0.00005015,2.40652752,14.2630
halt1cm_fixedL1,10,4,0.886961,0.800000,1.700000,4.4240,0.01,12.0565,1,0.009991,0.00194156,2.40199808,18.6870
halt1cm_fixedL1,10,5,0.745509,0.800000,1.700000,4.3360,0.01,11.6275,1,0.009998,0.00227360,1.44453284,23.0230
halt1cm_fixedL1,10,6,0.378741,0.800000,1.700000,3.8690,0.01,9.9663,1,0.009996,0.00381125,0.03952423,26.8920
halt1cm_fixedL1,10,7,0.170449,0.800000,1.700000,2.6300,0.01,8.0476,1,0.009985,0.00008796,2.85352038,29.5220
halt1cm_fixedL1,10,8,0.895488,0.800000,1.700000,4.4960,0.01,12.0802,1,0.009993,0.00162354,0.32415900,34.0180
halt1cm_fixedL1,10,9,0.799345,0.800000,1.700000,3.5020,0.01,11.7996,1,0.010000,0.00005926,1.93738769,37.5200
halt1cm_fixedL1,10,10,0.817783,0.800000,1.700000,4.3130,0.01,11.8559,1,0.009995,0.00243023,0.24020537,41.8330
halt1cm_fixedL1,10,11,0.181857,0.800000,1.700000,2.8340,0.01,8.2009,1,0.009996,0.00009816,0.39341017,44.6670
halt1cm_fixedL1,10,12,0.877465,0.800000,1.700000,3.5420,0.01,12.0299,1,0.009993,0.00012272,0.40893754,48.2090
halt1cm_fixedL1,10,13,0.441267,0.800000,1.700000,3.4570,0.01,10.3392,1,0.009987,0.00134072,2.19806358,51.6660
halt1cm_fixedL1,10,14,0.171980,0.800000,1.700000,3.5190,0.01,8.0687,1,0.009997,0.00386784,0.12139570,55.1850
halt1cm_fixedL1,10,15,0.179312,0.800000,1.700000,2.7420,0.01,8.1675,1,0.009999,0.00024101,0.48725405,57.9270
halt1cm_fixedL1,10,16,0.972990,0.800000,1.700000,3.6100,0.01,12.2855,1,0.009997,0.00013622,,61.5370
halt1cm_fixedL1,11,0,0.277919,0.800000,1.700000,2.9690,0.01,9.2157,1,0.009989,0.00005063,1.66159402,2.9690
halt1cm_fixedL1,11,1,0.685200,0.800000,1.700000,4.1880,0.01,11.4195,1,0.009983,0.00291785,0.22141231,7.1570
halt1cm_fixedL1,11,2,0.620978,0.800000,1.700000,3.4090,0.01,11.1772,1,0.009996,0.00011584,0.35391051,10.5660
halt1cm_fixedL1,11,3,0.546029,0.800000,1.700000,3.4920,0.01,10.8611,1,0.009991,0.00104086,1.29438403,14.0580
halt1cm_fixedL1,11,4,0.268588,0.800000,1.700000,3.6170,0.01,9.1333,1,0.009999,0.00350824,1.72181708,17.6750
halt1cm_fixedL1,11,5,0.496784,0.800000,1.700000,4.0620,0.01,10.6292,1,0.009997,0.00346516,2.75212153,21.7370
halt1cm_fixedL1,11,6,0.647664,0.800000,1.700000,4.3130,0.01,11.2807,1,0.009997,0.00237951,0.30979949,26.0500
halt1cm_fixedL1,11,7,0.137364,0.800000,1.700000,2.7700,0.01,7.5413,1,0.009993,0.00079508,0.49951618,28.8200
halt1cm_fixedL1,11,8,0.906258,0.800000,1.700000,3.6280,0.01,12.1097,1,0.009982,0.00072211,0.68172850,32.4480
halt1cm_fixedL1,11,9,0.715344,0.800000,1.700000,3.8110,0.01,11.5256,1,0.009982,0.00245200,0.67977324,36.2590
halt1cm_fixedL1,11,10,0.993105,0.800000,1.700000,3.8060,0.01,12.3361,1,0.009997,0.00150671,0.89973480,40.0650
halt1cm_fixedL1,11,11,0.247954,0.800000,1.700000,3.4150,0.01,8.9410,1,0.009995,0.00232095,1.50552907,43.4800
halt1cm_fixedL1,11,12,0.505656,0.800000,1.700000,3.9980,0.01,10.6726,1,0.009991,0.00348860,0.03234146,47.4780
halt1cm_fixedL1,11,13,0.208892,0.800000,1.700000,2.7620,0.01,8.5305,1,0.009984,0.00026158,0.41876914,50.2400
halt1cm_fixedL1,11,14,0.865806,0.800000,1.700000,3.5860,0.01,11.9969,1,0.009999,0.00033000,0.80044810,53.8260
halt1cm_fixedL1,11,15,0.372517,0.800000,1.700000,3.6130,0.01,9.9259,1,0.009984,0.00282021,0.27180834,57.4390
halt1cm_fixedL1,11,16,0.680007,0.800000,1.700000,3.4460,0.01,11.4008,1,0.009988,0.00027826,0.64057136,60.8850
halt1cm_fixedL1,11,17,0.133408,0.800000,1.700000,2.9230,0.01,7.4732,1,0.010000,0.00005561,2.54310338,63.8080
halt1cm_fixedL1,11,18,0.507057,0.800000,1.700000,4.2010,0.01,10.6794,1,0.009990,0.00308766,0.19855936,68.0090
halt1cm_fixedL1,11,19,0.231192,0.800000,1.700000,2.9440,0.01,8.7730,1,0.009992,0.00006208,,70.9530
halt1cm_fixedL1,12,0,0.327556,0.800000,1.700000,3.4560,0.01,9.6133,1,0.009991,0.00198483,0.44670889,3.4560
halt1cm_fixedL1,12,1,0.129228,0.800000,1.700000,2.7840,0.01,7.3993,1,0.009991,0.00042551,0.05072216,6.2400
halt1cm_fixedL1,12,2,0.315827,0.800000,1.700000,2.9950,0.01,9.5249,1,0.009986,0.00010494,0.08120239,9.2350
halt1cm_fixedL1,12,3,0.341492,0.800000,1.700000,3.0580,0.01,9.7145,1,0.009997,0.00005426,2.12153796,12.2930
halt1cm_fixedL1,12,4,0.164582,0.800000,1.700000,3.4830,0.01,7.9650,1,0.009996,0.00361487,2.44663532,15.7760
halt1cm_fixedL1,12,5,0.984011,0.800000,1.700000,4.4650,0.01,12.3134,1,0.009984,0.00176192,1.04879619,20.2410
halt1cm_fixedL1,12,6,0.926317,0.800000,1.700000,4.0170,0.01,12.1639,1,0.009991,0.00276186,1.10627725,24.2580
halt1cm_fixedL1,12,7,0.958213,0.800000,1.700000,4.0510,0.01,12.2476,1,0.009989,0.00275931,0.31605617,28.3090
halt1cm_fixedL1,12,8,0.643690,0.800000,1.700000,3.5170,0.01,11.2656,1,0.009983,0.00059217,1.96139043,31.8260
halt1cm_fixedL1,12,9,0.764358,0.800000,1.700000,4.2960,0.01,11.6891,1,0.009988,0.00251865,0.29842218,36.1220
halt1cm_fixedL1,12,10,0.412253,0.800000,1.700000,3.3190,0.01,10.1730,1,0.009995,0.00077522,2.09301005,39.4410
halt1cm_fixedL1,12,11,0.940707,0.800000,1.700000,4.3980,0.01,12.2020,1,0.009985,0.00209657,0.76720911,43.8390
halt1cm_fixedL1,12,12,0.716562,0.800000,1.700000,3.8240,0.01,11.5298,1,0.009981,0.00264277,0.26422830,47.6630
halt1cm_fixedL1,12,13,0.322717,0.800000,1.700000,3.2250,0.01,9.5772,1,0.009993,0.00033753,0.38175471,50.8880
halt1cm_fixedL1,12,14,0.650669,0.800000,1.700000,3.5530,0.01,11.2921,1,0.009983,0.00101699,0.62251705,54.4410
halt1cm_fixedL1,12,15,0.609958,0.800000,1.700000,3.7150,0.01,11.1331,1,0.009984,0.00235765,2.09213185,58.1560
halt1cm_fixedL1,12,16,0.963956,0.800000,1.700000,4.3890,0.01,12.2624,1,0.009989,0.00207964,2.12697320,62.5450
halt1cm_fixedL1,12,17,0.351283,0.800000,1.700000,3.9150,0.01,9.7832,1,0.009995,0.00405946,1.36605697,66.4600
halt1cm_fixedL1,12,18,0.335278,0.800000,1.700000,3.7290,0.01,9.6699,1,0.009983,0.00376437,0.80392134,70.1890
halt1cm_fixedL1,12,19,0.889367,0.800000,1.700000,3.8770,0.01,12.0632,1,0.009998,0.00240379,,74.0660
halt1cm_fixedL1,13,0,0.480936,0.800000,1.700000,3.8670,0.01,10.5498,1,0.010000,0.00342938,0.81596761,3.8670
halt1cm_fixedL1,13,1,0.185289,0.800000,1.700000,3.2470,0.01,8.2452,1,0.009996,0.00112672,0.15445189,7.1140
halt1cm_fixedL1,13,2,0.533122,0.800000,1.700000,3.2980,0.01,10.8023,1,0.009985,0.00007380,0.37714107,10.4120
halt1cm_fixedL1,13,3,0.322623,0.800000,1.700000,3.2890,0.01,9.5765,1,0.010000,0.00082288,0.28263044,13.7010
halt1cm_fixedL1,13,4,0.704629,0.800000,1.700000,3.4660,0.01,11.4884,1,0.009981,0.00022019,0.10544804,17.1670
halt1cm_fixedL1,13,5,0.339342,0.800000,1.700000,3.0820,0.01,9.6991,1,0.009984,0.00005760,0.70593228,20.2490
halt1cm_fixedL1,13,6,0.251699,0.800000,1.700000,3.3580,0.01,8.9770,1,0.009991,0.00169512,0.32143936,23.6070
halt1cm_fixedL1,13,7,0.551798,0.800000,1.700000,3.4730,0.01,10.8869,1,0.009991,0.00083567,0.46986004,27.0800
halt1cm_fixedL1,13,8,0.322397,0.800000,1.700000,3.3480,0.01,9.5748,1,0.009997,0.00125427,2.60669052,30.4280
halt1cm_fixedL1,13,9,0.860262,0.800000,1.700000,4.4430,0.01,11.9810,1,0.009987,0.00185050,2.21537111,34.8710
halt1cm_fixedL1,13,10,0.979710,0.800000,1.700000,4.4550,0.01,12.3025,1,0.009995,0.00192529,1.43632467,39.3260
halt1cm_fixedL1,13,11,0.686542,0.800000,1.700000,4.0950,0.01,11.4243,1,0.009994,0.00305829,1.46734810,43.4210
halt1cm_fixedL1,13,12,0.237590,0.800000,1.700000,3.6120,0.01,8.8384,1,0.009986,0.00362424,0.43015817,47.0330
halt1cm_fixedL1,13,13,0.412272,0.800000,1.700000,3.4660,0.01,10.1731,1,0.009989,0.00141015,0.80857259,50.4990
halt1cm_fixedL1,13,14,0.545596,0.800000,1.700000,3.7810,0.01,10.8591,1,0.009998,0.00295446,0.67292867,54.2800
halt1cm_fixedL1,13,15,0.694588,0.800000,1.700000,3.7670,0.01,11.4530,1,0.009986,0.00240429,,58.0470
halt1cm_fixedL1,14,0,0.128422,0.800000,1.700000,2.5530,0.01,7.3848,1,0.009997,0.00082345,0.39563409,2.5530
halt1cm_fixedL1,14,1,0.887856,0.800000,1.700000,3.5490,0.01,12.0590,1,0.009984,0.00005231,1.56535502,6.1020
halt1cm_fixedL1,14,2,0.409164,0.800000,1.700000,3.9120,0.01,10.1547,1,0.010000,0.00377961,2.07624800,10.0140
halt1cm_fixedL1,14,3,0.262104,0.800000,1.700000,3.7400,0.01,9.0745,1,0.009997,0.00432293,0.75075260,13.7540
halt1cm_fixedL1,14,4,0.350734,0.800000,1.700000,3.5280,0.01,9.7794,1,0.009990,0.00255427,0.57993173,17.2820
halt1cm_fixedL1,14,5,0.783380,0.800000,1.700000,3.7260,0.01,11.7498,1,0.009996,0.00179803,0.02913275,21.0080
halt1cm_fixedL1,14,6,0.173094,0.800000,1.700000,2.6370,0.01,8.0840,1,0.010000,0.00030713,0.26763676,23.6450
halt1cm_fixedL1,14,7,0.339040,0.800000,1.700000,3.2450,0.01,9.6970,1,0.009987,0.00041310,1.10673400,26.8900
halt1cm_fixedL1,14,8,0.592328,0.800000,1.700000,3.9470,0.01,11.0610,1,0.009995,0.00326474,2.36111887,30.8370
halt1cm_fixedL1,14,9,0.930558,0.800000,1.700000,4.4210,0.01,12.1752,1,0.009993,0.00191247,2.44259900,35.2580
halt1cm_fixedL1,14,10,0.775677,0.800000,1.700000,4.3600,0.01,11.7254,1,0.009986,0.00216451,1.57881571,39.6180
halt1cm_fixedL1,14,11,0.464173,0.800000,1.700000,4.0070,0.01,10.4629,1,0.009990,0.00360333,0.33029190,43.6250
halt1cm_fixedL1,14,12,0.203451,0.800000,1.700000,2.9720,0.01,8.4675,1,0.009989,0.00008825,,46.5970
halt1cm_fixedL1,15,0,0.786001,0.800000,1.700000,4.1900,0.01,11.7580,1,0.009983,0.00281112,0.45688728,4.1900
halt1cm_fixedL1,15,1,0.614314,0.800000,1.700000,3.6390,0.01,11.1506,1,0.009998,0.00159727,2.44476596,7.8290
halt1cm_fixedL1,15,2,0.888878,0.800000,1.700000,4.4280,0.01,12.0619,1,0.009995,0.00191264,0.60874413,12.2570
halt1cm_fixedL1,15,3,0.111395,0.800000,1.700000,2.8220,0.01,7.0566,1,0.009994,0.00053146,0.12603112,15.0790
halt1cm_fixedL1,15,4,0.463248,0.800000,1.700000,3.2460,0.01,10.4581,1,0.010000,0.00005032,0.32923365,18.3250
halt1cm_fixedL1,15,5,0.642075,0.800000,1.700000,3.5020,0.01,11.2594,1,0.009998,0.00070783,0.36042882,21.8270
halt1cm_fixedL1,15,6,0.300049,0.800000,1.700000,3.2470,0.01,9.4008,1,0.009985,0.00063459,1.84644681,25.0740
halt1cm_fixedL1,15,7,0.761602,0.800000,1.700000,4.2700,0.01,11.6802,1,0.009990,0.00261113,,29.3440
halt1cm_fixedL1,16,0,0.970621,0.800000,1.700000,3.9790,0.01,12.2795,1,0.010000,0.00256256,0.12563549,3.9790
halt1cm_fixedL1,16,1,0.357167,0.800000,1.700000,3.1120,0.01,9.8235,1,0.009983,0.00013352,0.45216193,7.0910
halt1cm_fixedL1,16,2,0.937256,0.800000,1.700000,3.5840,0.01,12.1929,1,0.009985,0.00013637,2.26533621,10.6750
halt1cm_fixedL1,16,3,0.786043,0.800000,1.700000,4.3580,0.01,11.7581,1,0.009981,0.00224544,1.90518421,15.0330
halt1cm_fixedL1,16,4,0.230356,0.800000,1.700000,3.6350,0.01,8.7643,1,0.009998,0.00411051,2.68069258,18.6680
halt1cm_fixedL1,16,5,0.670286,0.800000,1.700000,4.3270,0.01,11.3653,1,0.009993,0.00233169,1.81224806,22.9950
halt1cm_fixedL1,16,6,0.674092,0.800000,1.700000,4.1840,0.01,11.3792,1,0.009998,0.00287049,0.06396505,27.1790
halt1cm_fixedL1,16,7,0.236838,0.800000,1.700000,2.8430,0.01,8.8308,1,0.009995,0.00005080,0.71200673,30.0220
halt1cm_fixedL1,16,8,0.845265,0.800000,1.700000,3.8460,0.01,11.9375,1,0.010000,0.00226219,0.53738499,33.8680
halt1cm_fixedL1,16,9,0.987292,0.800000,1.700000,3.6390,0.01,12.3216,1,0.009991,0.00044869,0.13183353,37.5070
halt1cm_fixedL1,16,10,0.513437,0.800000,1.700000,3.2590,0.01,10.7100,1,0.009988,0.00005142,1.68497266,40.7660
halt1cm_fixedL1,16,11,0.140959,0.800000,1.700000,3.3150,0.01,7.6015,1,0.009992,0.00218089,0.07500942,44.0810
halt1cm_fixedL1,16,12,0.385676,0.800000,1.700000,3.1070,0.01,10.0105,1,0.009990,0.00004993,0.35468308,47.1880
halt1cm_fixedL1,16,13,0.421641,0.800000,1.700000,3.4000,0.01,10.2280,1,0.009989,0.00102187,1.38538703,50.5880
halt1cm_fixedL1,16,14,0.469718,0.800000,1.700000,3.9410,0.01,10.4920,1,0.009989,0.00358291,,54.5290
halt1cm_fixedL1,17,0,0.847487,0.800000,1.700000,4.0650,0.01,11.9440,1,0.009987,0.00288921,0.35223125,4.0650
halt1cm_fixedL1,17,1,0.183775,0.800000,1.700000,2.9260,0.01,8.2258,1,0.009997,0.00005153,1.65577978,6.9910
halt1cm_fixedL1,17,2,0.681735,0.800000,1.700000,4.1610,0.01,11.4070,1,0.009996,0.00294466,0.98346967,11.1520
halt1cm_fixedL1,17,3,0.914832,0.800000,1.700000,4.0440,0.01,12.1330,1,0.009980,0.00280119,1.95927454,15.1960
halt1cm_fixedL1,17,4,0.444732,0.800000,1.700000,4.0550,0.01,10.3583,1,0.009998,0.00361315,1.14528005,19.2510
halt1cm_fixedL1,17,5,0.319830,0.800000,1.700000,3.6930,0.01,9.5554,1,0.009990,0.00348526,1.22279121,22.9440
halt1cm_fixedL1,17,6,0.589394,0.800000,1.700000,3.9720,0.01,11.0488,1,0.009983,0.00329487,1.13561131,26.9160
halt1cm_fixedL1,17,7,0.745057,0.800000,1.700000,4.0170,0.01,11.6260,1,0.009981,0.00302391,1.89252367,30.9330
halt1cm_fixedL1,17,8,0.115276,0.800000,1.700000,3.2460,0.01,7.1353,1,0.009999,0.00156566,0.22934403,34.1790
halt1cm_fixedL1,17,9,0.114085,0.800000,1.700000,2.5610,0.01,7.1114,1,0.009993,0.00210299,0.68229536,36.7400
halt1cm_fixedL1,17,10,0.195481,0.800000,1.700000,3.1500,0.01,8.3724,1,0.009984,0.00083722,0.55768871,39.8900
halt1cm_fixedL1,17,11,0.920555,0.800000,1.700000,3.6960,0.01,12.1485,1,0.009999,0.00103904,0.20620124,43.5860
halt1cm_fixedL1,17,12,0.450078,0.800000,1.700000,3.3060,0.01,10.3875,1,0.009985,0.00029256,0.32038854,46.8920
halt1cm_fixedL1,17,13,0.375541,0.800000,1.700000,3.3240,0.01,9.9456,1,0.009999,0.00075021,0.35242672,50.2160
halt1cm_fixedL1,17,14,0.248551,0.800000,1.700000,3.1320,0.01,8.9467,1,0.009999,0.00032398,0.54140522,53.3480
halt1cm_fixedL1,17,15,0.967185,0.800000,1.700000,3.6720,0.01,12.2707,1,0.009993,0.00061253,2.39893746,57.0200
halt1cm_fixedL1,17,16,0.749995,0.800000,1.700000,4.3630,0.01,11.6423,1,0.009996,0.00224332,2.25318799,61.3830
halt1cm_fixedL1,17,17,0.770084,0.800000,1.700000,4.3260,0.01,11.7075,1,0.009999,0.00231237,,65.7090
halt1cm_fixedL1,18,0,0.871044,0.800000,1.700000,3.5790,0.01,12.0118,1,0.009990,0.00028297,2.59845429,3.5790
halt1cm_fixedL1,18,1,0.855324,0.800000,1.700000,4.4440,0.01,11.9668,1,0.009996,0.00186499,0.41917160,8.0230
halt1cm_fixedL1,18,2,0.540213,0.800000,1.700000,3.5160,0.01,10.8348,1,0.009985,0.00143741,0.34774912,11.5390
halt1cm_fixedL1,18,3,0.810590,0.800000,1.700000,3.5230,0.01,11.8341,1,0.009981,0.00014824,0.18479783,15.0620
halt1cm_fixedL1,18,4,0.589854,0.800000,1.700000,3.3460,0.01,11.0507,1,0.009983,0.00008096,0.13208868,18.4080
halt1cm_fixedL1,18,5,0.188354,0.800000,1.700000,2.7880,0.01,8.2841,1,0.009990,0.00027504,1.42419697,21.1960
halt1cm_fixedL1,18,6,0.184403,0.800000,1.700000,3.4040,0.01,8.2338,1,0.009984,0.00275721,,24.6000
halt1cm_fixedL1,19,0,0.399997,0.800000,1.700000,3.5310,0.01,10.0994,1,0.009990,0.00208385,2.68491679,3.5310
halt1cm_fixedL1,19,1,0.405623,0.800000,1.700000,4.0730,0.01,10.1335,1,0.009993,0.00366355,1.77952912,7.6040
halt1cm_fixedL1,19,2,0.765975,0.800000,1.700000,4.2270,0.01,11.6943,1,0.009988,0.00267113,0.92987717,11.8310
halt1cm_fixedL1,19,3,0.867468,0.800000,1.700000,4.0100,0.01,12.0016,1,0.009991,0.00280896,1.50508874,15.8410
halt1cm_fixedL1,19,4,0.887135,0.800000,1.700000,4.2500,0.01,12.0570,1,0.009998,0.00267651,2.28320568,20.0910
halt1cm_fixedL1,19,5,0.592282,0.800000,1.700000,4.2520,0.01,11.0608,1,0.009986,0.00281961,0.28899620,24.3430
halt1cm_fixedL1,19,6,0.176491,0.800000,1.700000,2.9150,0.01,8.1300,1,0.009986,0.00014403,1.42557225,27.2580
halt1cm_fixedL1,19,7,0.321172,0.800000,1.700000,3.7690,0.01,9.5656,1,0.009995,0.00384275,,31.0270
