vel_bias,controller,run,x_ref,y_ref,Kp,Kth,arrived,diverged,t_end_s,final_d_m,final_x,final_y,hold_final_d_m,hold_diverged,e_total_Cl1m,e_line,e_th,e_time,e_l_mean_m,cross_track_rmse_m,energy_J,peak_V
0,ours_bptt,0,-0.4828,-0.7608,0.942736,2.990940,1,0,3.605,0.009992,-0.47880,-0.75159,0.000000,0,238.66,58.71,30.18,45.12,0.058711,0.080686,1.6055,6.558
0,ours_bptt,1,0.3886,-0.1909,0.764456,2.966431,1,0,3.512,0.009984,0.37960,-0.18651,0.000000,0,426.22,5.23,12.12,197.06,0.005229,0.007738,0.2339,3.093
0,ours_bptt,2,0.1373,-0.1241,0.753711,2.948435,1,0,3.119,0.009986,0.12994,-0.11729,0.000000,0,501.75,3.74,5.85,242.23,0.003737,0.005068,0.0896,2.289
0,ours_bptt,3,0.5235,0.3075,0.774782,2.974229,1,0,3.672,0.009993,0.51479,0.30256,0.000000,0,342.51,8.12,11.68,153.49,0.008119,0.012174,0.4528,4.126
0,ours_bptt,4,0.3315,0.9345,0.861521,2.993594,1,0,3.675,0.009974,0.32757,0.92528,0.000000,0,143.70,26.49,31.51,20.47,0.026492,0.036312,1.3601,6.954
0,ours_bptt,5,0.3231,-0.0585,0.758382,2.959751,1,0,3.301,0.010000,0.31322,-0.05669,0.000000,0,435.59,1.71,4.59,211.93,0.001707,0.002493,0.1275,2.070
0,ours_bptt,6,-0.0850,0.5502,0.874156,2.978816,1,0,3.612,0.009985,-0.08446,0.54019,0.000000,0,399.07,19.51,20.06,164.84,0.019507,0.029977,0.6252,4.777
0,ours_bptt,7,-0.0720,-0.5823,0.875241,2.989513,1,0,3.616,0.009984,-0.07177,-0.57230,0.000000,0,382.74,19.96,21.41,154.99,0.019958,0.030622,0.6639,4.925
0,ours_bptt,8,0.3960,-0.5209,0.798478,2.982715,1,0,3.734,0.010000,0.38961,-0.51321,0.000000,0,334.98,13.65,13.87,143.39,0.013646,0.019508,0.5696,4.821
0,ours_bptt,9,0.3685,0.3828,0.779154,2.971864,1,0,3.690,0.009995,0.36137,0.37580,0.000000,0,404.00,9.99,13.49,181.01,0.009991,0.014492,0.3774,4.055
0,ours_bptt,10,0.1283,0.2512,0.770993,2.956847,1,0,3.494,0.009991,0.12359,0.24239,0.000000,0,534.45,6.84,16.54,245.55,0.006843,0.009188,0.1925,3.174
0,ours_bptt,11,0.2440,0.2446,0.763622,2.958522,1,0,3.514,0.009998,0.23683,0.23756,0.000000,0,495.38,6.60,16.24,226.50,0.006599,0.009392,0.1889,3.106
0,ours_bptt,12,0.6768,0.6211,0.810180,2.988567,1,0,3.725,0.009988,0.66922,0.61457,0.000000,0,161.71,16.62,17.43,50.95,0.016623,0.024366,1.0673,6.128
0,ours_bptt,13,0.7407,-0.0375,0.783046,2.981599,1,0,3.597,0.009995,0.73071,-0.03695,0.000000,0,204.49,1.03,1.68,99.79,0.001029,0.001562,0.6737,4.165
0,ours_bptt,14,0.1895,0.9012,0.870512,2.992625,1,0,3.663,0.009991,0.18676,0.89158,0.000000,0,190.55,26.20,31.67,43.96,0.026202,0.036219,1.2286,6.622
0,ours_bptt,15,0.3282,0.2784,0.766475,2.963933,1,0,3.598,0.009993,0.32047,0.27206,0.000000,0,452.39,7.39,14.48,206.17,0.007385,0.010760,0.2523,3.418
0,ours_bptt,16,0.4229,-0.6724,0.820854,2.989136,1,0,3.726,0.009991,0.41712,-0.66418,0.000000,0,252.38,18.02,18.35,94.32,0.018017,0.025366,0.8399,5.669
0,ours_bptt,17,-0.0535,-0.6259,0.875539,2.990744,1,0,3.626,0.009988,-0.05362,-0.61587,0.000000,0,360.16,20.66,22.80,141.79,0.020659,0.031455,0.7198,5.124
0,ours_bptt,18,0.5135,-0.1699,0.771153,2.973060,1,0,3.556,0.009994,0.50405,-0.16674,0.000000,0,354.98,4.65,9.24,164.77,0.004646,0.006972,0.3535,3.467
0,ours_bptt,19,-0.1027,-0.2139,0.843626,2.968687,1,0,3.445,0.009994,-0.09942,-0.20445,0.000000,0,532.56,13.52,0.48,255.66,0.013520,0.018092,0.3704,3.668
0,ours_bptt,20,0.5724,0.0126,0.772358,2.974524,1,0,3.535,0.009985,0.56246,0.01234,0.000000,0,305.73,0.35,0.70,151.91,0.000347,0.000524,0.3927,3.150
0,ours_bptt,21,-0.2534,-0.7892,0.916535,2.993729,1,0,3.613,0.009986,-0.25152,-0.77943,0.000000,0,258.67,36.54,30.87,71.06,0.036535,0.055079,1.2460,6.214
0,ours_bptt,22,0.1756,0.0811,0.753186,2.947710,1,0,3.034,0.009992,0.16662,0.07677,0.000000,0,469.27,2.54,1.31,231.42,0.002539,0.003523,0.0604,1.827
0,ours_bptt,23,-0.1826,-0.5070,0.895091,2.987113,1,0,3.574,0.009996,-0.18033,-0.49723,0.000000,0,412.51,25.43,19.97,167.22,0.025428,0.037030,0.6659,4.727
0,ours_bptt,24,0.5281,0.1638,0.769945,2.972183,1,0,3.573,0.009996,0.51856,0.16083,0.000000,0,348.36,4.46,8.51,162.33,0.004455,0.006710,0.3676,3.497
0,ours_bptt,25,0.2533,-0.1131,0.755527,2.955307,1,0,3.265,0.009999,0.24422,-0.10893,0.000000,0,473.97,3.31,9.04,225.47,0.003306,0.004746,0.1035,2.226
0,ours_bptt,26,-0.0698,0.1000,0.808039,2.949930,1,0,3.223,0.009990,-0.06508,0.09113,0.000000,0,606.91,9.02,24.12,272.57,0.009025,0.011146,0.4129,3.790
0,ours_bptt,27,0.3040,0.0277,0.756651,2.957303,1,0,3.254,0.009997,0.29405,0.02672,0.000000,0,435.74,0.82,2.11,215.14,0.000818,0.001189,0.1085,1.786
0,ours_bptt,28,0.2958,-0.8584,0.856666,2.994087,1,0,3.676,0.009990,0.29197,-0.84917,0.000000,0,193.72,24.23,28.90,49.78,0.024233,0.033216,1.1541,6.484
0,ours_bptt,29,0.3034,0.1431,0.757799,2.957491,1,0,3.385,0.010000,0.29443,0.13879,0.000000,0,463.62,4.04,11.23,217.54,0.004044,0.005894,0.1455,2.556
0,ours_bptt,30,-0.0517,-0.6699,0.879432,2.991847,1,0,3.629,0.009992,-0.05194,-0.65994,0.000000,0,336.39,21.99,24.67,127.04,0.021985,0.033443,0.7956,5.349
0,ours_bptt,31,0.5492,0.3284,0.777753,2.976079,1,0,3.683,0.010000,0.54052,0.32339,0.000000,0,323.34,8.67,11.82,143.35,0.008669,0.013001,0.5032,4.318
0,ours_bptt,32,-0.2470,-0.5392,0.910102,2.988058,1,0,3.573,0.009979,-0.24402,-0.52969,0.000000,0,389.54,32.13,22.06,148.61,0.032132,0.045277,0.7894,4.984
0,ours_bptt,33,0.0352,0.9500,0.887551,2.992608,1,0,3.660,0.009996,0.03392,0.94006,0.000000,0,175.37,29.23,32.49,33.27,0.029234,0.042578,1.3726,6.843
0,ours_bptt,34,0.0707,-0.1224,0.758236,2.946998,1,0,3.052,0.009988,0.06573,-0.11374,0.000000,0,510.77,3.76,2.27,250.29,0.003761,0.004764,0.1349,2.553
0,ours_bptt,35,0.4590,0.2294,0.766979,2.968760,1,0,3.602,0.009994,0.45000,0.22501,0.000000,0,389.28,6.14,11.36,178.67,0.006142,0.009193,0.3224,3.523
0,ours_bptt,36,-0.1107,0.4644,0.873670,2.973227,1,0,3.581,0.009989,-0.10938,0.45448,0.000000,0,440.04,18.59,17.36,188.72,0.018587,0.028304,0.5383,4.427
0,ours_bptt,37,0.1172,0.8775,0.875029,2.991866,1,0,3.660,0.009984,0.11508,0.86769,0.000000,0,212.92,26.01,30.85,56.11,0.026007,0.036552,1.1697,6.448
0,ours_bptt,38,-0.1887,-0.6828,0.903146,2.992199,1,0,3.609,0.009998,-0.18712,-0.67290,0.000000,0,321.19,28.98,26.37,112.49,0.028981,0.044533,0.9457,5.564
0,ours_bptt,39,0.8660,-0.0873,0.790823,2.985454,1,0,3.621,0.009985,0.85607,-0.08629,0.000000,0,125.46,2.40,3.53,57.40,0.002401,0.003647,0.9424,4.997
0,ours_bptt,40,0.3463,-0.5640,0.808433,2.984912,1,0,3.726,0.009992,0.34068,-0.55574,0.000000,0,332.99,14.93,15.26,140.03,0.014927,0.020978,0.6004,4.952
0,ours_bptt,41,0.1016,-0.3385,0.791323,2.970716,1,0,3.614,0.009989,0.09824,-0.32911,0.000000,0,507.38,9.26,13.43,233.32,0.009262,0.012434,0.2763,3.638
0,ours_bptt,42,-0.2362,-0.3342,0.900510,2.979475,1,0,3.530,0.009985,-0.23164,-0.32534,0.000000,0,474.19,28.73,8.81,206.74,0.028726,0.038028,0.5708,4.287
0,ours_bptt,43,0.8826,0.0070,0.791420,2.985747,1,0,3.618,0.009983,0.87259,0.00695,0.000000,0,106.54,0.19,0.29,52.84,0.000194,0.000294,0.9708,4.915
0,ours_bptt,44,0.1563,-0.4355,0.803676,2.978439,1,0,3.673,0.009983,0.15237,-0.42633,0.000000,0,450.41,11.74,13.89,202.52,0.011740,0.015985,0.3706,4.097
0,ours_bptt,45,0.0602,0.2535,0.783820,2.957374,1,0,3.493,0.009988,0.05747,0.24394,0.000000,0,544.32,7.23,14.23,252.51,0.007229,0.009516,0.2226,3.312
0,ours_bptt,46,0.3509,-0.8008,0.845128,2.992823,1,0,3.690,0.009979,0.34639,-0.79194,0.000000,0,210.37,22.20,25.64,62.90,0.022198,0.030572,1.0509,6.240
0,ours_bptt,47,-0.1504,-0.4231,0.882429,2.983405,1,0,3.555,0.009994,-0.14814,-0.41338,0.000000,0,454.83,21.11,15.81,195.77,0.021114,0.030554,0.5366,4.331
0,ours_bptt,48,0.3656,-0.0779,0.761192,2.963221,1,0,3.372,0.009998,0.35586,-0.07580,0.000000,0,422.15,2.23,5.93,203.47,0.002231,0.003286,0.1663,2.371
0,ours_bptt,49,-0.2992,-0.4212,0.916870,2.983455,1,0,3.554,0.009998,-0.29462,-0.41227,0.000000,0,429.83,36.22,14.91,172.83,0.036224,0.048393,0.7288,4.612
0,ours_bptt,50,0.7379,0.3254,0.787691,2.983123,1,0,3.684,0.009994,0.72867,0.32144,0.000000,0,207.11,8.71,11.08,85.94,0.008713,0.013181,0.7996,5.093
0,ours_bptt,51,0.2430,0.2287,0.761678,2.957279,1,0,3.489,0.009987,0.23567,0.22194,0.000000,0,497.51,6.21,16.08,228.02,0.006212,0.008856,0.1759,3.009
0,ours_bptt,52,-0.0147,-0.5282,0.856270,2.987050,1,0,3.626,0.009996,-0.01532,-0.51826,0.000000,0,413.19,16.63,18.32,175.80,0.016630,0.024619,0.5462,4.613
0,ours_bptt,53,0.0787,0.1072,0.755914,2.943116,1,0,2.964,0.009987,0.07282,0.09910,0.000000,0,511.76,3.38,8.55,244.79,0.003382,0.004316,0.1128,2.368
0,ours_bptt,54,-0.1562,0.9648,0.906433,2.991495,1,0,3.655,0.009988,-0.15582,0.95482,0.000000,0,162.47,34.48,31.96,23.42,0.034479,0.053945,1.5488,7.022
0,ours_bptt,55,-0.1446,-0.2073,0.861317,2.969775,1,0,3.460,0.009985,-0.14003,-0.19841,0.000000,0,535.82,17.81,2.56,252.00,0.017811,0.023051,0.4198,3.989
0,ours_bptt,56,0.7844,0.3256,0.790337,2.984554,1,0,3.682,0.009988,0.77513,0.32184,0.000000,0,176.86,8.75,11.03,70.83,0.008753,0.013252,0.8904,5.311
0,ours_bptt,57,0.2535,-0.6401,0.830157,2.988830,1,0,3.698,0.009994,0.24922,-0.63103,0.000000,0,321.11,17.49,19.30,128.14,0.017488,0.024029,0.6853,5.232
0,ours_bptt,58,0.3038,-0.4120,0.784945,2.975288,1,0,3.697,0.009983,0.29756,-0.40419,0.000000,0,419.65,10.75,13.50,188.27,0.010748,0.015259,0.3724,4.091
0,ours_bptt,59,0.7189,-0.3583,0.789477,2.983970,1,0,3.686,0.009988,0.70991,-0.35396,0.000000,0,213.13,9.59,12.13,87.24,0.009592,0.014458,0.7957,5.143
0,ours_bptt,60,0.1800,0.0264,0.752089,2.947505,1,0,2.932,0.009998,0.17011,0.02487,0.000000,0,454.77,0.86,1.16,225.58,0.000858,0.001190,0.0397,1.230
0,ours_bptt,61,-0.4251,0.6545,0.935423,2.976970,1,0,3.599,0.009988,-0.42096,0.64540,0.000000,0,302.20,51.57,25.88,86.54,0.051572,0.070356,1.2685,5.893
0,ours_bptt,62,0.5324,0.0722,0.769636,2.972199,1,0,3.526,0.009989,0.52253,0.07083,0.000000,0,337.44,2.00,4.15,163.07,0.001995,0.003003,0.3445,3.139
0,ours_bptt,63,-0.1463,-0.2830,0.870062,2.975189,1,0,3.499,0.009990,-0.14281,-0.27361,0.000000,0,508.07,18.77,5.97,233.99,0.018771,0.025310,0.4308,3.883
0,ours_bptt,64,0.5285,0.0914,0.769346,2.971929,1,0,3.532,0.009992,0.51862,0.08968,0.000000,0,342.18,2.52,5.20,164.00,0.002520,0.003793,0.3434,3.194
0,ours_bptt,65,0.2105,0.2530,0.765543,2.958062,1,0,3.515,0.009996,0.20405,0.24544,0.000000,0,507.64,6.82,16.72,231.99,0.006817,0.009555,0.1892,3.140
0,ours_bptt,66,-0.2321,0.7541,0.910398,2.985098,1,0,3.622,0.009979,-0.23036,0.74428,0.000000,0,278.57,33.86,28.06,85.83,0.033862,0.051376,1.1373,5.985
0,ours_bptt,67,0.1052,0.6538,0.852349,2.985804,1,0,3.660,0.009990,0.10289,0.64412,0.000000,0,340.49,18.94,22.63,133.41,0.018937,0.026348,0.6997,5.218
0,ours_bptt,68,0.5076,0.3617,0.778970,2.975654,1,0,3.695,0.009987,0.49940,0.35606,0.000000,0,339.51,9.50,12.44,150.19,0.009499,0.014142,0.4839,4.329
0,ours_bptt,69,-0.0513,0.1705,0.807639,2.952766,1,0,3.366,0.009997,-0.04933,0.16068,0.000000,0,550.57,7.95,1.72,267.61,0.007947,0.011171,0.3226,3.452
0,ours_bptt,70,-0.0982,0.3380,0.854279,2.965423,1,0,3.547,0.009995,-0.09642,0.32820,0.000000,0,496.67,14.85,9.74,227.45,0.014851,0.021931,0.4078,3.928
0,ours_bptt,71,-0.2987,-0.5024,0.918781,2.986400,1,0,3.565,0.009995,-0.29483,-0.49316,0.000000,0,397.46,36.97,20.23,150.78,0.036971,0.050424,0.8166,4.931
0,ours_bptt,72,-0.1503,0.3616,0.877012,2.967134,1,0,3.537,0.009997,-0.14756,0.35201,0.000000,0,480.28,20.16,11.71,213.31,0.020162,0.028248,0.4808,4.102
0,ours_bptt,73,-0.1360,0.7558,0.895278,2.986784,1,0,3.640,0.009986,-0.13542,0.74580,0.000000,0,283.50,27.57,26.13,94.94,0.027573,0.042991,1.0286,5.860
0,ours_bptt,74,0.2863,-0.1810,0.759469,2.960034,1,0,3.427,0.009996,0.27787,-0.17560,0.000000,0,476.14,5.03,13.82,220.47,0.005034,0.007293,0.1585,2.767
0,ours_bptt,75,0.2629,0.0381,0.754614,2.953835,1,0,3.179,0.009994,0.25301,0.03663,0.000000,0,449.30,1.15,2.58,221.21,0.001150,0.001654,0.0829,1.669
0,ours_bptt,76,-0.0879,0.1908,0.830895,2.956252,1,0,3.422,0.009992,-0.08478,0.18128,0.000000,0,546.82,11.73,2.22,262.40,0.011729,0.015646,0.3612,3.597
0,ours_bptt,77,0.1878,-0.1637,0.755637,2.953155,1,0,3.309,0.009991,0.18032,-0.15705,0.000000,0,512.48,4.66,13.74,239.00,0.004664,0.006520,0.1172,2.555
0,ours_bptt,78,0.3960,0.0616,0.761630,2.963898,1,0,3.405,0.009993,0.38613,0.06004,0.000000,0,406.83,1.75,4.50,197.60,0.001749,0.002592,0.1895,2.417
0,ours_bptt,79,0.1499,0.3328,0.782863,2.964617,1,0,3.616,0.009989,0.14543,0.32385,0.000000,0,501.85,8.89,14.58,229.68,0.008889,0.012058,0.2606,3.579
0,ours_bptt,80,0.4252,0.0139,0.763691,2.966277,1,0,3.418,0.009995,0.41517,0.01354,0.000000,0,383.67,0.39,0.99,190.56,0.000393,0.000585,0.2128,2.345
0,ours_bptt,81,-0.1576,0.2546,0.869500,2.961818,1,0,3.496,0.009983,-0.15352,0.24549,0.000000,0,513.12,19.59,1.84,240.02,0.019592,0.025814,0.4315,3.911
0,ours_bptt,82,-0.0686,-0.8309,0.894281,2.994634,1,0,3.634,0.009972,-0.06874,-0.82095,0.000000,0,246.62,27.54,31.19,71.47,0.027536,0.042130,1.1416,6.226
0,ours_bptt,83,0.4444,-0.8902,0.849407,2.994157,1,0,3.686,0.009989,0.43952,-0.88150,0.000000,0,135.55,24.78,28.83,20.36,0.024782,0.034274,1.3314,6.895
0,ours_bptt,84,0.2393,0.0573,0.754246,2.952229,1,0,3.143,0.009999,0.22955,0.05489,0.000000,0,458.13,1.74,3.44,224.31,0.001745,0.002489,0.0742,1.734
0,ours_bptt,85,-0.0699,0.1952,0.821898,2.955520,1,0,3.420,0.009997,-0.06750,0.18545,0.000000,0,541.43,10.03,0.08,263.11,0.010031,0.013856,0.3371,3.543
0,ours_bptt,86,0.7095,0.5152,0.801116,2.986543,1,0,3.713,0.009995,0.70125,0.50954,0.000000,0,180.16,13.77,15.42,64.33,0.013773,0.020467,0.9618,5.769
0,ours_bptt,87,-0.0494,-0.2016,0.813981,2.964490,1,0,3.416,0.009991,-0.04785,-0.19176,0.000000,0,544.44,8.44,3.25,262.64,0.008441,0.012212,0.3120,3.490
0,ours_bptt,88,0.0267,0.5306,0.846480,2.979204,1,0,3.645,0.009990,0.02531,0.52071,0.000000,0,412.32,15.93,17.54,176.68,0.015925,0.022801,0.5264,4.591
0,ours_bptt,89,0.5313,0.5599,0.802510,2.984609,1,0,3.734,0.009982,0.52423,0.55292,0.000000,0,258.45,14.79,15.27,102.87,0.014788,0.021505,0.7611,5.365
0,ours_bptt,90,-0.0457,0.0894,0.791456,2.947093,1,0,3.103,0.009986,-0.04209,0.08006,0.000000,0,612.14,6.40,32.84,268.43,0.006402,0.008011,0.3720,3.522
0,ours_bptt,91,-0.3348,-0.7215,0.926757,2.991979,1,0,3.597,0.009993,-0.33181,-0.71195,0.000000,0,286.38,43.23,29.63,81.14,0.043232,0.061423,1.2316,6.021
0,ours_bptt,92,-0.2539,0.6200,0.910624,2.979216,1,0,3.599,0.009976,-0.25134,0.61033,0.000000,0,348.17,33.78,23.99,124.76,0.033783,0.048591,0.9161,5.355
0,ours_bptt,93,0.1010,0.2482,0.774130,2.956487,1,0,3.486,0.009994,0.09701,0.23904,0.000000,0,540.94,6.84,15.90,249.44,0.006845,0.009060,0.1987,3.201
0,ours_bptt,94,0.8495,0.4720,0.803380,2.988508,1,0,3.688,0.009994,0.84069,0.46726,0.000000,0,107.00,12.79,15.25,28.66,0.012794,0.019174,1.1852,6.180
0,ours_bptt,95,0.1372,0.4237,0.804957,2.972355,1,0,3.660,0.009983,0.13353,0.41437,0.000000,0,460.20,11.52,14.36,207.10,0.011520,0.015637,0.3584,4.037
0,ours_bptt,96,0.4789,0.8183,0.837627,2.991766,1,0,3.708,0.009991,0.47343,0.80999,0.000000,0,159.93,22.40,24.25,38.92,0.022397,0.031315,1.1919,6.566
0,ours_bptt,97,-0.0656,0.3396,0.841833,2.965529,1,0,3.560,0.009994,-0.06467,0.32968,0.000000,0,500.82,12.76,10.14,230.70,0.012756,0.019141,0.3782,3.875
0,ours_bptt,98,0.6043,0.2287,0.776148,2.976722,1,0,3.635,0.009990,0.59490,0.22520,0.000000,0,301.57,6.14,9.67,136.51,0.006143,0.009286,0.5061,4.109
0,ours_bptt,99,-0.0616,-0.5886,0.873606,2.989668,1,0,3.620,0.009980,-0.06154,-0.57857,0.000000,0,379.87,19.77,21.45,153.66,0.019775,0.030217,0.6656,4.945
0,ours_bptt,100,0.6577,0.3184,0.782761,2.980212,1,0,3.684,0.009986,0.64867,0.31417,0.000000,0,259.24,8.47,11.10,112.17,0.008474,0.012797,0.6532,4.709
0,ours_bptt,101,0.7053,0.3527,0.787492,2.982521,1,0,3.692,0.010000,0.69634,0.34831,0.000000,0,223.39,9.41,11.72,92.92,0.009407,0.014195,0.7647,5.056
0,ours_bptt,102,-0.2611,-0.8069,0.917975,2.993934,1,0,3.614,0.009989,-0.25922,-0.79712,0.000000,0,248.27,37.54,31.51,64.47,0.037541,0.056546,1.2965,6.320
0,ours_bptt,103,-0.2565,-0.5607,0.912369,2.988700,1,0,3.576,0.009996,-0.25354,-0.55117,0.000000,0,377.91,33.36,23.09,140.85,0.033363,0.047087,0.8326,5.098
0,ours_bptt,104,-0.0062,-0.2025,0.792489,2.961389,1,0,3.409,0.009995,-0.00648,-0.19252,0.000000,0,552.59,6.64,7.71,263.61,0.006635,0.009256,0.2603,3.330
0,ours_bptt,105,0.1683,-0.1221,0.753162,2.949779,1,0,3.157,0.009999,0.16027,-0.11612,0.000000,0,497.32,3.65,7.66,238.26,0.003650,0.005053,0.0861,2.226
0,ours_bptt,106,0.1073,0.7657,0.865482,2.989401,1,0,3.660,0.009980,0.10518,0.75597,0.000000,0,277.67,22.50,26.87,95.09,0.022499,0.031529,0.9175,5.823
0,ours_bptt,107,0.2607,-0.0935,0.755300,2.955238,1,0,3.243,0.009995,0.25133,-0.09004,0.000000,0,465.70,2.76,7.26,223.52,0.002757,0.003967,0.0982,2.092
0,ours_bptt,108,0.2814,0.9272,0.864950,2.993357,1,0,3.670,0.009976,0.27791,0.91782,0.000000,0,159.23,26.49,31.88,27.87,0.026492,0.036319,1.3178,6.852
0,ours_bptt,109,0.5130,0.7951,0.833284,2.991425,1,0,3.713,0.009977,0.50718,0.78696,0.000000,0,158.98,21.65,23.14,40.11,0.021654,0.030482,1.1768,6.521
0,ours_bptt,110,0.4870,-0.3349,0.777309,2.975959,1,0,3.669,0.009984,0.47871,-0.32938,0.000000,0,356.41,8.85,12.90,158.67,0.008846,0.013153,0.4365,4.139
0,ours_bptt,111,0.2839,0.6459,0.826269,2.986017,1,0,3.715,0.009981,0.27930,0.63701,0.000000,0,310.10,17.48,18.01,123.93,0.017478,0.024123,0.7044,5.291
0,ours_bptt,112,0.3172,0.1950,0.759873,2.959451,1,0,3.482,0.009990,0.30867,0.18977,0.000000,0,464.15,5.34,13.57,214.50,0.005345,0.007815,0.1839,2.915
0,ours_bptt,113,0.3999,-0.0481,0.762919,2.965270,1,0,3.395,0.009993,0.38995,-0.04684,0.000000,0,401.06,1.37,3.53,195.97,0.001371,0.002029,0.1912,2.370
0,ours_bptt,114,0.0845,-0.3381,0.794456,2.971364,1,0,3.611,0.009990,0.08150,-0.32854,0.000000,0,509.36,9.37,12.97,234.68,0.009371,0.012586,0.2816,3.651
0,ours_bptt,115,0.2833,0.3617,0.778201,2.968350,1,0,3.661,0.009998,0.27692,0.35399,0.000000,0,447.90,9.47,14.39,202.46,0.009472,0.013458,0.3089,3.798
0,ours_bptt,116,-0.0960,-0.1708,0.834356,2.964373,1,0,3.394,0.009998,-0.09222,-0.16154,0.000000,0,557.95,12.37,5.31,264.39,0.012373,0.016072,0.3857,3.688
0,ours_bptt,117,0.1426,0.0149,0.751182,2.944619,1,0,2.764,0.009987,0.13271,0.01387,0.000000,0,452.04,0.51,3.21,222.42,0.000514,0.000694,0.0244,0.950
0,ours_bptt,118,0.2298,-0.1089,0.754372,2.953401,1,0,3.221,0.009987,0.22082,-0.10456,0.000000,0,479.34,3.22,8.30,228.96,0.003221,0.004588,0.0915,2.147
0,ours_bptt,119,0.3467,0.6367,0.820041,2.985888,1,0,3.722,0.009999,0.34146,0.62822,0.000000,0,296.47,17.07,17.54,117.90,0.017065,0.023798,0.7204,5.336
0,ours_bptt,120,0.1427,0.1849,0.759547,2.950293,1,0,3.336,0.009996,0.13659,0.17695,0.000000,0,531.56,5.21,15.20,246.67,0.005210,0.007073,0.1361,2.754
0,ours_bptt,121,0.9039,0.2691,0.795985,2.987295,1,0,3.654,0.009997,0.89426,0.26630,0.000000,0,101.10,7.35,9.72,35.31,0.007354,0.011143,1.1120,5.716
0,ours_bptt,122,0.6186,-0.7694,0.824620,2.991804,1,0,3.734,0.009980,0.61201,-0.76188,0.000000,0,127.21,20.72,20.20,27.86,0.020718,0.029712,1.2534,6.654
0,ours_bptt,123,0.1330,0.4410,0.809351,2.973644,1,0,3.663,0.009987,0.12953,0.43159,0.000000,0,451.86,12.06,14.62,202.27,0.012055,0.016382,0.3793,4.123
0,ours_bptt,124,0.3040,-0.5997,0.818492,2.986800,1,0,3.712,0.009984,0.29901,-0.59102,0.000000,0,328.65,16.09,17.20,135.06,0.016092,0.022326,0.6358,5.078
0,ours_bptt,125,0.8777,-0.3398,0.796602,2.987492,1,0,3.674,0.009981,0.86836,-0.33624,0.000000,0,112.88,9.22,11.55,37.97,0.009221,0.013949,1.1053,5.816
0,ours_bptt,126,0.4647,-0.7285,0.826602,2.990761,1,0,3.722,0.009986,0.45893,-0.72038,0.000000,0,209.40,19.66,20.31,69.65,0.019657,0.027686,0.9860,6.056
0,ours_bptt,127,-0.1434,-0.2996,0.870582,2.976225,1,0,3.507,0.009982,-0.14019,-0.29013,0.000000,0,503.61,18.68,7.54,230.25,0.018681,0.025484,0.4354,3.917
0,ours_bptt,128,0.7348,0.4244,0.794306,2.984950,1,0,3.702,0.009984,0.72612,0.41958,0.000000,0,189.90,11.35,13.39,73.06,0.011347,0.017035,0.8930,5.481
0,ours_bptt,129,-0.1202,-0.4211,0.872777,2.983018,1,0,3.564,0.009996,-0.11846,-0.41128,0.000000,0,458.70,18.31,15.24,200.37,0.018314,0.027450,0.5029,4.273
0,ours_bptt,130,0.0262,0.7331,0.870396,2.987900,1,0,3.661,0.009984,0.02492,0.72322,0.000000,0,299.95,22.32,24.33,108.91,0.022322,0.032442,0.8704,5.633
0,ours_bptt,131,0.1806,-0.8313,0.863349,2.994066,1,0,3.672,0.009991,0.17776,-0.82169,0.000000,0,230.35,23.94,27.86,69.36,0.023943,0.033092,1.0585,6.217
0,ours_bptt,132,0.0616,0.4904,0.832388,2.976838,1,0,3.652,0.009983,0.05959,0.48058,0.000000,0,432.70,14.19,15.82,189.89,0.014190,0.019771,0.4581,4.380
0,ours_bptt,133,0.3828,0.6743,0.823639,2.987505,1,0,3.721,0.009984,0.37743,0.66589,0.000000,0,265.63,18.14,18.83,100.38,0.018139,0.025356,0.8123,5.601
0,ours_bptt,134,0.6240,-0.1220,0.776895,2.977626,1,0,3.577,0.009999,0.61420,-0.12008,0.000000,0,285.74,3.35,6.02,134.34,0.003345,0.005055,0.4894,3.796
0,ours_bptt,135,0.7082,-0.4265,0.793435,2.985214,1,0,3.703,0.009996,0.69955,-0.42152,0.000000,0,205.48,11.38,13.44,80.77,0.011379,0.017059,0.8472,5.379
0,ours_bptt,136,0.3059,-0.0613,0.757399,2.958409,1,0,3.277,0.009995,0.29610,-0.05931,0.000000,0,442.48,1.80,4.79,215.10,0.001800,0.002618,0.1157,2.016
0,ours_bptt,137,0.3815,0.8201,0.843309,2.991592,1,0,3.703,0.009992,0.37673,0.81132,0.000000,0,190.59,22.61,24.67,53.68,0.022606,0.031242,1.1110,6.385
0,ours_bptt,138,-0.4068,-0.7436,0.935492,2.991605,1,0,3.599,0.009990,-0.40326,-0.73428,0.000000,0,263.18,50.73,30.39,63.15,0.050733,0.070702,1.4092,6.289
0,ours_bptt,139,0.2478,-0.2333,0.762926,2.961058,1,0,3.494,0.009990,0.24052,-0.22646,0.000000,0,494.47,6.33,16.19,226.29,0.006331,0.009029,0.1812,3.043
0,ours_bptt,140,0.6772,0.6933,0.817765,2.990252,1,0,3.722,0.009992,0.66999,0.68641,0.000000,0,133.00,18.67,19.52,32.98,0.018673,0.027134,1.1971,6.473
0,ours_bptt,141,0.0428,-0.2079,0.776140,2.958280,1,0,3.410,0.009998,0.04039,-0.19817,0.000000,0,555.12,6.08,12.43,260.57,0.006084,0.007916,0.2098,3.164
0,ours_bptt,142,0.6916,-0.1596,0.781418,2.980467,1,0,3.610,0.009991,0.68183,-0.15734,0.000000,0,244.84,4.35,7.04,112.12,0.004353,0.006594,0.6146,4.270
0,ours_bptt,143,0.3035,0.5051,0.801196,2.978993,1,0,3.718,0.009991,0.29798,0.49677,0.000000,0,376.69,13.31,14.30,164.06,0.013305,0.018649,0.4906,4.575
0,ours_bptt,144,0.1292,-0.1752,0.759267,2.952379,1,0,3.300,0.009988,0.12331,-0.16714,0.000000,0,532.89,4.98,14.21,248.50,0.004985,0.006703,0.1318,2.715
0,ours_bptt,145,0.4745,0.7177,0.825188,2.989398,1,0,3.720,0.010000,0.46861,0.70960,0.000000,0,211.20,19.36,20.33,70.76,0.019357,0.027323,0.9749,6.023
0,ours_bptt,146,0.3993,0.8983,0.851294,2.993119,1,0,3.694,0.009988,0.39477,0.88942,0.000000,0,144.11,25.02,27.97,25.32,0.025018,0.034492,1.3099,6.846
0,ours_bptt,147,-0.1444,0.3214,0.871102,2.964835,1,0,3.524,0.009989,-0.14144,0.31186,0.000000,0,495.89,19.02,8.53,225.15,0.019019,0.026215,0.4464,3.967
0,ours_bptt,148,0.0548,-0.4646,0.828045,2.982712,1,0,3.651,0.009999,0.05282,-0.45483,0.000000,0,445.92,13.46,14.19,198.67,0.013462,0.018767,0.4282,4.260
0,ours_bptt,149,0.3302,-0.5948,0.815375,2.986459,1,0,3.718,0.009984,0.32490,-0.58638,0.000000,0,322.99,15.88,16.69,132.89,0.015883,0.022160,0.6410,5.091
0,ours_bptt,150,0.1291,0.0400,0.751556,2.943712,1,0,2.749,0.009999,0.11954,0.03702,0.000000,0,469.25,1.38,9.84,223.75,0.001382,0.001849,0.0297,1.291
0,ours_bptt,151,0.1204,0.0183,0.751173,2.943088,1,0,2.649,0.009998,0.11047,0.01678,0.000000,0,452.43,0.66,7.02,218.70,0.000656,0.000868,0.0190,0.929
0,ours_bptt,152,0.3968,0.7576,0.834393,2.990088,1,0,3.712,0.009991,0.39164,0.74907,0.000000,0,218.46,20.65,22.01,71.74,0.020645,0.028705,0.9867,6.073
0,ours_bptt,153,0.0547,0.2267,0.778994,2.954447,1,0,3.443,0.009991,0.05200,0.21704,0.000000,0,551.00,6.53,13.79,256.81,0.006526,0.008516,0.2080,3.207
0,ours_bptt,154,0.0069,0.1062,0.767163,2.943095,1,0,3.024,0.009991,0.00589,0.09626,0.000000,0,562.75,3.64,19.54,259.11,0.003636,0.004602,0.2328,2.982
0,ours_bptt,155,0.3885,0.8374,0.844957,2.991972,1,0,3.701,0.009997,0.38377,0.82861,0.000000,0,179.40,23.13,25.39,46.96,0.023131,0.031959,1.1557,6.492
0,ours_bptt,156,0.0770,0.0732,0.754002,2.941620,1,0,2.721,0.009998,0.06974,0.06634,0.000000,0,520.28,2.52,27.56,230.69,0.002519,0.003190,0.0783,1.984
0,ours_bptt,157,0.0515,-0.0915,0.758566,2.945437,1,0,2.835,0.009992,0.04653,-0.08285,0.000000,0,539.91,3.03,25.83,241.86,0.003027,0.003691,0.1347,2.435
0,ours_bptt,158,0.1176,-0.1584,0.758094,2.950602,1,0,3.235,0.009995,0.11166,-0.15034,0.000000,0,528.31,4.59,11.61,249.10,0.004592,0.006119,0.1237,2.625
0,ours_bptt,159,-0.1864,-0.2631,0.882168,2.974699,1,0,3.499,0.010000,-0.18186,-0.25421,0.000000,0,505.30,22.78,2.86,232.70,0.022784,0.029822,0.4728,4.129
0,ours_bptt,160,0.2632,-0.1929,0.759204,2.959185,1,0,3.433,0.009997,0.25518,-0.18701,0.000000,0,487.86,5.34,14.78,225.15,0.005339,0.007682,0.1563,2.806
0,ours_bptt,161,-0.3555,-0.7662,0.929670,2.992579,1,0,3.602,0.009987,-0.35259,-0.75671,0.000000,0,260.02,45.89,31.14,64.46,0.045885,0.065291,1.3605,6.289
0,ours_bptt,162,-0.1215,-0.1778,0.847670,2.966402,1,0,3.424,0.009988,-0.11704,-0.16885,0.000000,0,555.84,15.11,5.73,260.86,0.015109,0.019405,0.4124,3.908
0,ours_bptt,163,-0.0238,-0.5614,0.862583,2.988480,1,0,3.627,0.009996,-0.02433,-0.55140,0.000000,0,395.45,17.87,19.80,164.53,0.017865,0.026680,0.5990,4.780
0,ours_bptt,164,0.4774,0.4709,0.790877,2.979708,1,0,3.727,0.009985,0.47009,0.46415,0.000000,0,319.86,12.33,13.56,137.12,0.012330,0.018021,0.5755,4.770
0,ours_bptt,165,0.0443,-0.5806,0.851161,2.988534,1,0,3.650,0.009984,0.04272,-0.57070,0.000000,0,384.43,17.27,19.43,159.83,0.017269,0.024583,0.5937,4.838
0,ours_bptt,166,-0.0210,-0.5374,0.858881,2.987506,1,0,3.626,0.009981,-0.02151,-0.52743,0.000000,0,408.24,17.05,18.71,172.62,0.017051,0.025383,0.5627,4.662
0,ours_bptt,167,0.8175,0.5027,0.804012,2.988357,1,0,3.697,0.009996,0.80890,0.49763,0.000000,0,119.48,13.58,15.76,33.79,0.013580,0.020292,1.1553,6.162
0,ours_bptt,168,0.8027,-0.3400,0.792725,2.985771,1,0,3.678,0.009996,0.79347,-0.33615,0.000000,0,162.19,9.17,11.61,62.61,0.009170,0.013862,0.9416,5.454
0,ours_bptt,169,0.1514,0.0679,0.752480,2.945709,1,0,2.925,0.009996,0.14228,0.06373,0.000000,0,471.77,2.20,4.00,230.23,0.002202,0.003009,0.0486,1.672
0,ours_bptt,170,0.5304,0.7692,0.829435,2.990942,1,0,3.717,0.009979,0.52436,0.76126,0.000000,0,164.69,20.86,22.05,44.65,0.020862,0.029518,1.1413,6.427
0,ours_bptt,171,0.2090,0.4792,0.803908,2.976369,1,0,3.704,0.009993,0.20445,0.47024,0.000000,0,416.90,12.75,13.61,185.28,0.012746,0.017520,0.4262,4.335
0,ours_bptt,172,0.5598,-0.3460,0.781275,2.978889,1,0,3.679,0.009992,0.55124,-0.34086,0.000000,0,312.27,9.17,12.55,136.70,0.009169,0.013714,0.5348,4.445
0,ours_bptt,173,0.5464,-0.7222,0.821202,2.990566,1,0,3.736,0.009998,0.53997,-0.71453,0.000000,0,179.83,19.35,18.82,56.58,0.019350,0.027637,1.0609,6.215
0,ours_bptt,174,-0.1182,-0.2340,0.853254,2.970918,1,0,3.467,0.009982,-0.11478,-0.22464,0.000000,0,526.00,15.32,1.95,249.56,0.015324,0.020501,0.3826,3.731
0,ours_bptt,175,-0.2591,-0.7992,0.917555,2.993838,1,0,3.613,0.010000,-0.25724,-0.78943,0.000000,0,252.68,37.23,31.29,67.12,0.037234,0.056051,1.2764,6.277
0,ours_bptt,176,0.5500,-0.2108,0.773937,2.975180,1,0,3.600,0.009984,0.54071,-0.20722,0.000000,0,334.01,5.70,10.09,152.63,0.005703,0.008581,0.4209,3.803
0,ours_bptt,177,0.2832,0.3475,0.776107,2.967263,1,0,3.650,0.009993,0.27671,0.33990,0.000000,0,453.15,9.11,14.59,205.15,0.009113,0.012974,0.2944,3.723
0,ours_bptt,178,0.3999,0.1449,0.761797,2.963847,1,0,3.483,0.009997,0.39049,0.14151,0.000000,0,418.95,4.01,9.64,196.83,0.004008,0.005956,0.2193,2.876
0,ours_bptt,179,-0.3922,0.5944,0.931397,2.974970,1,0,3.591,0.009982,-0.38802,0.58540,0.000000,0,337.03,47.57,23.45,109.39,0.047567,0.064603,1.1024,5.536
0,ours_bptt,180,0.1187,-0.5094,0.823726,2.984266,1,0,3.679,0.009982,0.11572,-0.49983,0.000000,0,416.58,14.17,14.89,182.77,0.014168,0.019431,0.4685,4.463
0,ours_bptt,181,0.2591,0.4505,0.793916,2.974645,1,0,3.706,0.009994,0.25376,0.44212,0.000000,0,417.61,11.82,13.46,186.48,0.011825,0.016492,0.4010,4.232
0,ours_bptt,182,-0.1886,-0.2921,0.885065,2.976606,1,0,3.509,0.009994,-0.18440,-0.28301,0.000000,0,497.09,23.28,5.80,225.28,0.023282,0.030817,0.4865,4.051
0,ours_bptt,183,0.1147,-0.5915,0.838626,2.988284,1,0,3.680,0.009992,0.11207,-0.58182,0.000000,0,372.10,16.75,17.63,155.85,0.016751,0.023173,0.5905,4.882
0,ours_bptt,184,0.3148,0.1334,0.757834,2.958044,1,0,3.385,0.009987,0.30560,0.12948,0.000000,0,457.32,3.78,10.41,215.41,0.003776,0.005520,0.1477,2.524
0,ours_bptt,185,0.2581,-0.2319,0.762870,2.961443,1,0,3.496,0.009990,0.25064,-0.22522,0.000000,0,490.01,6.30,16.00,224.29,0.006295,0.009012,0.1833,3.045
0,ours_bptt,186,-0.0058,-0.3736,0.827012,2.977980,1,0,3.600,0.009986,-0.00656,-0.36362,0.000000,0,491.90,11.67,11.90,225.30,0.011667,0.016866,0.3618,3.914
0,ours_bptt,187,0.6780,0.6485,0.812976,2.989232,1,0,3.725,0.009983,0.67060,0.64179,0.000000,0,150.56,17.39,18.13,44.10,0.017390,0.025411,1.1164,6.261
0,ours_bptt,188,0.1861,0.6801,0.845238,2.987183,1,0,3.675,0.009981,0.18287,0.67071,0.000000,0,314.48,19.14,22.77,120.12,0.019139,0.026250,0.7455,5.394
0,ours_bptt,189,0.5062,-0.1910,0.771038,2.972897,1,0,3.569,0.009997,0.49686,-0.18750,0.000000,0,359.96,5.20,10.10,165.98,0.005199,0.007797,0.3548,3.531
0,ours_bptt,190,0.3110,0.0827,0.756708,2.957308,1,0,3.314,0.009994,0.30137,0.08008,0.000000,0,447.38,2.40,6.56,215.34,0.002397,0.003497,0.1249,2.177
0,ours_bptt,191,0.2038,0.5088,0.811388,2.978490,1,0,3.699,0.009992,0.19955,0.49979,0.000000,0,402.60,13.67,14.85,176.20,0.013670,0.018744,0.4662,4.489
0,ours_bptt,192,0.1233,-0.0533,0.751264,2.944533,1,0,2.774,0.009998,0.11410,-0.04934,0.000000,0,479.30,1.82,11.89,226.40,0.001820,0.002428,0.0371,1.492
0,ours_bptt,193,-0.0796,-0.7824,0.892337,2.993993,1,0,3.632,0.009972,-0.07962,-0.77240,0.000000,0,273.41,26.33,29.23,87.73,0.026329,0.040494,1.0408,5.967
0,ours_bptt,194,0.2915,-0.1221,0.757566,2.958386,1,0,3.333,0.009992,0.28228,-0.11820,0.000000,0,463.12,3.51,9.85,219.08,0.003508,0.005092,0.1282,2.385
0,ours_bptt,195,-0.1019,0.1701,0.835383,2.955914,1,0,3.406,0.009986,-0.09786,0.16092,0.000000,0,561.81,12.94,6.44,264.75,0.012943,0.016712,0.3917,3.742
0,ours_bptt,196,0.4572,-0.2213,0.769125,2.970969,1,0,3.576,0.009985,0.44820,-0.21703,0.000000,0,388.28,5.98,11.75,177.90,0.005983,0.008929,0.3170,3.485
0,ours_bptt,197,0.1068,0.1660,0.759453,2.947855,1,0,3.262,0.009990,0.10141,0.15761,0.000000,0,534.99,4.78,12.32,251.59,0.004778,0.006313,0.1350,2.710
0,ours_bptt,198,0.6025,-0.0753,0.775104,2.976444,1,0,3.555,0.009985,0.59254,-0.07408,0.000000,0,295.08,2.08,3.95,142.03,0.002076,0.003135,0.4444,3.519
0,ours_bptt,199,0.0462,0.5396,0.843957,2.979855,1,0,3.651,0.009996,0.04448,0.52971,0.000000,0,406.92,15.93,17.73,173.78,0.015928,0.022534,0.5309,4.627
0,ours_bptt,200,0.1240,-0.0387,0.750948,2.944054,1,0,2.724,0.009988,0.11445,-0.03571,0.000000,0,470.08,1.35,10.90,223.13,0.001348,0.001795,0.0282,1.268
0,ours_bptt,201,0.4164,-0.5120,0.796524,2.982389,1,0,3.735,0.009995,0.40977,-0.50453,0.000000,0,330.60,13.40,13.69,141.56,0.013396,0.019258,0.5733,4.821
0,ours_bptt,202,-0.1230,0.4612,0.876444,2.972854,1,0,3.578,0.009996,-0.12148,0.45135,0.000000,0,440.18,19.34,17.14,188.45,0.019338,0.029267,0.5463,4.431
0,ours_bptt,203,0.4410,-0.4585,0.790377,2.980530,1,0,3.715,0.009987,0.43387,-0.45150,0.000000,0,341.53,12.02,13.99,147.76,0.012020,0.017471,0.5252,4.616
0,ours_bptt,204,0.2855,0.1293,0.756941,2.956102,1,0,3.340,0.009999,0.27641,0.12506,0.000000,0,467.66,3.70,10.43,220.63,0.003701,0.005367,0.1280,2.418
0,ours_bptt,205,0.3098,0.8479,0.853557,2.992071,1,0,3.683,0.009994,0.30581,0.83873,0.000000,0,195.88,23.80,27.79,52.30,0.023799,0.032649,1.1344,6.438
0,ours_bptt,206,0.7544,0.5438,0.805044,2.988024,1,0,3.709,0.009998,0.74613,0.53814,0.000000,0,145.44,14.61,16.37,45.39,0.014614,0.021703,1.0855,6.072
0,ours_bptt,207,0.2818,0.3011,0.769704,2.963742,1,0,3.605,0.009999,0.27480,0.29396,0.000000,0,468.16,7.96,15.26,212.85,0.007961,0.011404,0.2497,3.470
0,ours_bptt,208,0.4930,0.1739,0.767833,2.970177,1,0,3.566,0.009989,0.48359,0.17060,0.000000,0,369.58,4.73,9.35,171.90,0.004725,0.007098,0.3292,3.391
0,ours_bptt,209,0.3355,-0.5061,0.799624,2.981910,1,0,3.721,0.009991,0.32962,-0.49804,0.000000,0,364.89,13.30,14.24,158.23,0.013301,0.018783,0.5090,4.633
0,ours_bptt,210,0.2506,-0.7408,0.845718,2.991930,1,0,3.686,0.009983,0.24680,-0.73155,0.000000,0,267.73,20.66,23.76,94.61,0.020662,0.028338,0.8764,5.777
0,ours_bptt,211,0.5757,-0.1236,0.774135,2.975593,1,0,3.558,0.009991,0.56591,-0.12149,0.000000,0,315.34,3.40,6.51,148.61,0.003396,0.005119,0.4179,3.561
0,ours_bptt,212,0.1789,0.4176,0.795659,2.971706,1,0,3.679,0.009999,0.17450,0.40859,0.000000,0,455.37,11.11,13.44,205.92,0.011105,0.015186,0.3483,4.006
0,ours_bptt,213,0.3431,0.9019,0.856522,2.993103,1,0,3.683,0.009998,0.33900,0.89275,0.000000,0,158.02,25.36,29.42,30.57,0.025364,0.034815,1.2823,6.783
0,ours_bptt,214,0.4497,-0.0405,0.765806,2.968369,1,0,3.443,0.009999,0.43971,-0.03961,0.000000,0,375.55,1.14,2.76,184.15,0.001143,0.001704,0.2412,2.588
0,ours_bptt,215,-0.0738,-0.8147,0.893809,2.994431,1,0,3.633,0.009983,-0.07394,-0.80467,0.000000,0,255.56,27.17,30.55,76.85,0.027172,0.041673,1.1081,6.140
0,ours_bptt,216,-0.0007,-0.2767,0.805438,2.969129,1,0,3.531,0.009987,-0.00141,-0.26675,0.000000,0,535.12,8.67,10.27,250.79,0.008671,0.012226,0.2806,3.543
0,ours_bptt,217,0.1157,-0.0892,0.752267,2.945499,1,0,2.921,0.009991,0.10783,-0.08302,0.000000,0,491.61,2.87,7.24,236.42,0.002868,0.003818,0.0681,1.989
0,ours_bptt,218,0.2996,0.3432,0.774950,2.967293,1,0,3.650,0.009998,0.29285,0.33581,0.000000,0,447.89,9.00,14.49,202.70,0.008999,0.012887,0.2971,3.722
0,ours_bptt,219,0.1075,0.0912,0.753600,2.943452,1,0,2.909,0.009991,0.09995,0.08469,0.000000,0,496.49,2.94,9.07,236.96,0.002945,0.003886,0.0740,2.044
0,ours_bptt,220,-0.1180,0.5028,0.878257,2.975345,1,0,3.592,0.009979,-0.11677,0.49291,0.000000,0,420.63,19.97,18.78,176.56,0.019967,0.030547,0.5909,4.602
0,ours_bptt,221,-0.0384,-0.1602,0.800989,2.959607,1,0,3.322,0.009992,-0.03680,-0.15037,0.000000,0,549.09,6.80,1.61,267.84,0.006797,0.009676,0.3092,3.393
0,ours_bptt,222,0.6916,-0.2139,0.782136,2.980787,1,0,3.633,0.009995,0.68206,-0.21099,0.000000,0,245.28,5.79,8.82,109.48,0.005794,0.008774,0.6401,4.462
0,ours_bptt,223,-0.0588,0.1179,0.804203,2.950170,1,0,3.243,0.009994,-0.05534,0.10856,0.000000,0,587.74,8.02,16.64,271.22,0.008020,0.010267,0.3696,3.525
0,ours_bptt,224,-0.0745,-0.3129,0.843373,2.975546,1,0,3.532,0.009998,-0.07322,-0.30297,0.000000,0,509.97,12.65,9.41,236.09,0.012649,0.018857,0.3696,3.816
0,ours_bptt,225,-0.1780,-0.3364,0.885006,2.979044,1,0,3.522,0.009992,-0.17441,-0.32701,0.000000,0,485.15,22.64,10.01,215.58,0.022645,0.030721,0.4975,4.084
0,ours_bptt,226,0.6911,0.0578,0.779739,2.979645,1,0,3.589,0.009997,0.68115,0.05696,0.000000,0,239.06,1.59,2.70,115.65,0.001586,0.002405,0.5851,3.941
0,ours_bptt,227,0.2381,-0.1180,0.754997,2.954330,1,0,3.253,0.009991,0.22922,-0.11346,0.000000,0,480.36,3.45,9.39,228.20,0.003455,0.004936,0.0996,2.234
0,ours_bptt,228,0.1519,0.8000,0.864493,2.990504,1,0,3.662,0.009978,0.14938,0.79031,0.000000,0,253.42,23.23,28.25,81.03,0.023232,0.032202,0.9887,6.032
0,ours_bptt,229,0.1294,-0.0464,0.751044,2.944561,1,0,2.775,0.009990,0.12001,-0.04303,0.000000,0,473.26,1.59,10.00,225.44,0.001586,0.002126,0.0332,1.387
0,ours_bptt,230,0.0091,0.7864,0.876962,2.989224,1,0,3.663,0.009984,0.00800,0.77652,0.000000,0,269.63,24.26,25.84,90.78,0.024264,0.035692,0.9886,5.925
0,ours_bptt,231,0.7804,-0.0773,0.785721,2.983006,1,0,3.609,0.009987,0.77042,-0.07628,0.000000,0,182.27,2.12,3.32,86.23,0.002121,0.003220,0.7571,4.491
0,ours_bptt,232,0.1448,0.2357,0.766906,2.955232,1,0,3.464,0.009995,0.13940,0.22731,0.000000,0,532.52,6.44,16.91,244.52,0.006439,0.008729,0.1763,3.068
0,ours_bptt,233,0.0215,0.4271,0.829301,2.972440,1,0,3.629,0.009999,0.02015,0.41718,0.000000,0,466.70,12.80,13.69,210.06,0.012797,0.018120,0.3992,4.107
0,ours_bptt,234,-0.0409,-0.1955,0.808198,2.963368,1,0,3.403,0.009999,-0.03965,-0.18553,0.000000,0,546.51,7.78,3.42,264.01,0.007775,0.011255,0.3029,3.449
0,ours_bptt,235,0.4958,-0.7270,0.824216,2.990674,1,0,3.730,0.009978,0.48977,-0.71904,0.000000,0,198.16,19.54,19.50,64.92,0.019541,0.027678,1.0134,6.115
0,ours_bptt,236,0.8988,-0.2304,0.794399,2.986898,1,0,3.649,0.009998,0.88908,-0.22793,0.000000,0,106.67,6.30,8.47,40.14,0.006299,0.009557,1.0746,5.568
0,ours_bptt,237,0.0532,-0.4550,0.826590,2.982116,1,0,3.649,0.009990,0.05126,-0.44520,0.000000,0,451.14,13.19,13.92,201.76,0.013186,0.018369,0.4172,4.215
0,ours_bptt,238,0.1776,-0.1698,0.756557,2.953267,1,0,3.315,0.009999,0.17043,-0.16285,0.000000,0,517.11,4.82,14.25,240.68,0.004825,0.006703,0.1213,2.606
0,ours_bptt,239,0.4213,0.3347,0.773737,2.970960,1,0,3.671,0.009986,0.41335,0.32868,0.000000,0,392.98,8.78,13.01,176.89,0.008781,0.012959,0.3703,3.935
0,ours_bptt,240,0.3769,-0.3379,0.775121,2.972350,1,0,3.652,0.009999,0.36930,-0.33134,0.000000,0,413.37,8.90,14.15,185.86,0.008895,0.012986,0.3386,3.846
0,ours_bptt,241,0.2876,0.6481,0.826174,2.986116,1,0,3.716,0.009983,0.28297,0.63927,0.000000,0,307.88,17.53,17.99,122.80,0.017530,0.024206,0.7098,5.307
0,ours_bptt,242,-0.2242,-0.5692,0.906207,2.989163,1,0,3.582,0.009993,-0.22166,-0.55953,0.000000,0,377.68,30.31,23.01,143.10,0.030311,0.043740,0.8011,5.076
0,ours_bptt,243,0.2114,0.6827,0.842408,2.987346,1,0,3.680,0.009999,0.20778,0.67341,0.000000,0,308.15,19.07,22.46,117.31,0.019068,0.026123,0.7536,5.426
0,ours_bptt,244,0.3551,-0.4475,0.788583,2.978192,1,0,3.717,0.009987,0.34861,-0.43994,0.000000,0,384.19,11.67,13.27,170.08,0.011666,0.016704,0.4432,4.362
0,ours_bptt,245,-0.0902,0.2305,0.837373,2.958621,1,0,3.469,0.009985,-0.08762,0.22091,0.000000,0,532.22,12.46,2.24,254.53,0.012459,0.017176,0.3503,3.647
0,ours_bptt,246,0.3024,-0.0595,0.757184,2.958107,1,0,3.270,0.009991,0.29260,-0.05756,0.000000,0,443.29,1.75,4.64,215.69,0.001751,0.002545,0.1129,1.989
0,ours_bptt,247,0.0963,-0.5319,0.831469,2.985826,1,0,3.675,0.009994,0.09371,-0.52221,0.000000,0,406.63,15.05,15.57,176.46,0.015055,0.020819,0.5040,4.575
0,ours_bptt,248,0.6870,-0.3791,0.789353,2.983623,1,0,3.692,0.009986,0.67817,-0.37443,0.000000,0,228.99,10.12,12.62,94.29,0.010116,0.015207,0.7599,5.092
0,ours_bptt,249,0.6621,-0.5816,0.805715,2.988156,1,0,3.728,0.009980,0.65445,-0.57526,0.000000,0,184.12,15.49,16.19,64.25,0.015495,0.022797,0.9786,5.891
0,ours_bptt,250,-0.1159,-0.8802,0.902570,2.995202,1,0,3.632,0.009999,-0.11565,-0.87022,0.000000,0,216.76,30.60,33.01,52.42,0.030604,0.047505,1.2984,6.535
0,ours_bptt,251,0.1278,0.4828,0.818914,2.976625,1,0,3.668,0.009986,0.12460,0.47336,0.000000,0,430.50,13.35,15.57,189.67,0.013350,0.018211,0.4324,4.333
0,ours_bptt,252,-0.4713,-0.6876,0.941623,2.989608,1,0,3.600,0.009969,-0.46708,-0.67855,0.000000,0,275.99,56.80,27.26,68.13,0.056796,0.077358,1.4314,6.175
0,ours_bptt,253,0.0785,-0.2458,0.776270,2.961125,1,0,3.488,0.009998,0.07512,-0.23640,0.000000,0,545.68,6.87,14.81,252.88,0.006866,0.009023,0.2068,3.235
0,ours_bptt,254,0.1938,-0.0414,0.751889,2.948748,1,0,3.003,0.009989,0.18406,-0.03923,0.000000,0,456.04,1.31,0.12,226.92,0.001314,0.001839,0.0487,1.438
0,ours_bptt,255,0.2595,0.6392,0.828604,2.985698,1,0,3.704,0.009997,0.25514,0.63019,0.000000,0,320.19,17.41,18.80,128.24,0.017408,0.023943,0.6847,5.230
0,ours_bptt,256,-0.1225,-0.6050,0.887173,2.990368,1,0,3.609,0.009978,-0.12163,-0.59503,0.000000,0,367.62,22.88,22.80,143.86,0.022875,0.035432,0.7421,5.090
0,ours_bptt,257,-0.2557,-0.7313,0.915672,2.992788,1,0,3.605,0.009991,-0.25358,-0.72156,0.000000,0,290.25,35.78,29.18,89.10,0.035782,0.053076,1.1274,5.919
0,ours_bptt,258,0.9286,-0.2665,0.796973,2.987863,1,0,3.655,0.009991,0.91904,-0.26382,0.000000,0,84.69,7.29,9.54,27.34,0.007290,0.011051,1.1696,5.836
0,ours_bptt,259,-0.1529,0.2949,0.871622,2.963470,1,0,3.513,0.009982,-0.14942,0.28550,0.000000,0,503.01,19.54,6.04,230.81,0.019539,0.026365,0.4416,3.913
0,ours_bptt,260,-0.5134,-0.8404,0.945134,2.991910,1,0,3.613,0.009979,-0.50967,-0.83117,0.000000,0,192.36,62.71,32.54,16.61,0.062712,0.086679,1.8576,7.033
0,ours_bptt,261,0.1135,0.7021,0.857980,2.987616,1,0,3.658,0.009990,0.11116,0.69236,0.000000,0,313.05,20.43,24.85,116.35,0.020426,0.028435,0.7888,5.480
0,ours_bptt,262,0.1363,0.0233,0.751276,2.944181,1,0,2.744,0.009988,0.12643,0.02159,0.000000,0,457.06,0.81,5.68,222.24,0.000807,0.001085,0.0244,1.050
0,ours_bptt,263,0.6920,-0.4273,0.792821,2.984864,1,0,3.705,0.009983,0.68343,-0.42219,0.000000,0,215.15,11.38,13.41,85.63,0.011381,0.017049,0.8198,5.316
0,ours_bptt,264,0.2765,0.2692,0.765922,2.961396,1,0,3.565,0.009987,0.26929,0.26230,0.000000,0,477.73,7.18,15.60,217.88,0.007181,0.010312,0.2198,3.284
0,ours_bptt,265,0.2175,0.3285,0.776452,2.964708,1,0,3.619,0.009989,0.21170,0.32030,0.000000,0,484.36,8.67,15.32,220.35,0.008674,0.012084,0.2579,3.563
0,ours_bptt,266,0.5969,-0.4234,0.788743,2.982441,1,0,3.710,0.009987,0.58862,-0.41782,0.000000,0,271.96,11.19,13.23,114.36,0.011186,0.016665,0.6654,4.931
0,ours_bptt,267,0.0093,-0.2934,0.805691,2.970325,1,0,3.550,0.009985,0.00822,-0.28345,0.000000,0,529.54,8.98,10.99,247.05,0.008982,0.012535,0.2849,3.581
0,ours_bptt,268,-0.0703,-0.4002,0.853200,2.981206,1,0,3.580,0.009999,-0.06961,-0.39025,0.000000,0,473.36,14.66,13.20,212.49,0.014659,0.022218,0.4361,4.112
0,ours_bptt,269,-0.1298,0.8148,0.896668,2.988568,1,0,3.650,0.009971,-0.12939,0.80486,0.000000,0,249.98,28.95,27.21,76.07,0.028949,0.045147,1.1495,6.166
0,ours_bptt,270,0.3659,0.1527,0.760064,2.961541,1,0,3.465,0.009988,0.35670,0.14884,0.000000,0,437.22,4.23,10.65,204.79,0.004231,0.006255,0.1939,2.799
0,ours_bptt,271,0.1731,0.7224,0.853037,2.988571,1,0,3.667,0.009995,0.17007,0.71284,0.000000,0,293.63,20.59,25.06,106.31,0.020594,0.028323,0.8265,5.617
0,ours_bptt,272,-0.1537,-0.3882,0.881170,2.981682,1,0,3.542,0.009987,-0.15108,-0.37853,0.000000,0,469.39,20.90,13.89,205.13,0.020905,0.029633,0.5082,4.208
0,ours_bptt,273,0.3157,0.8481,0.852917,2.992085,1,0,3.685,0.009988,0.31163,0.83900,0.000000,0,194.20,23.77,27.56,51.71,0.023771,0.032624,1.1376,6.446
0,ours_bptt,274,-0.0314,-0.5603,0.863963,2.988509,1,0,3.626,0.009979,-0.03184,-0.55028,0.000000,0,395.85,18.01,19.73,164.69,0.018010,0.027042,0.6020,4.780
0,ours_bptt,275,0.8578,-0.3810,0.797353,2.987581,1,0,3.684,0.009987,0.84867,-0.37708,0.000000,0,120.22,10.31,12.53,39.85,0.010306,0.015559,1.0988,5.866
0,ours_bptt,276,0.1279,-0.9419,0.880302,2.995627,1,0,3.654,0.009988,0.12585,-0.93214,0.000000,0,175.17,28.06,33.84,32.70,0.028058,0.039413,1.3334,6.824
0,ours_bptt,277,0.3437,0.3660,0.777215,2.970083,1,0,3.676,0.009992,0.33670,0.35894,0.000000,0,421.03,9.57,13.81,189.53,0.009566,0.013825,0.3436,3.918
0,ours_bptt,278,0.4443,0.0492,0.764411,2.967135,1,0,3.449,0.009994,0.43440,0.04806,0.000000,0,381.23,1.38,3.34,186.24,0.001383,0.002062,0.2360,2.595
0,ours_bptt,279,0.5094,-0.5381,0.799780,2.984800,1,0,3.733,0.009993,0.50228,-0.53109,0.000000,0,277.66,14.17,14.73,113.47,0.014172,0.020606,0.7029,5.194
0,ours_bptt,280,0.6178,0.6921,0.817721,2.989683,1,0,3.727,0.009999,0.61083,0.68487,0.000000,0,161.97,18.58,19.08,47.97,0.018578,0.026839,1.1015,6.276
0,ours_bptt,281,-0.0121,0.1057,0.773934,2.944352,1,0,3.075,0.009993,-0.01155,0.09576,0.000000,0,575.45,4.04,20.83,263.86,0.004044,0.005505,0.2761,3.166
0,ours_bptt,282,0.5679,0.2579,0.774380,2.975205,1,0,3.650,0.009992,0.55878,0.25380,0.000000,0,322.63,6.87,10.50,145.66,0.006872,0.010367,0.4724,4.074
0,ours_bptt,283,0.2760,0.1287,0.756681,2.955476,1,0,3.327,0.009988,0.26699,0.12445,0.000000,0,471.12,3.70,10.46,222.33,0.003698,0.005348,0.1226,2.391
0,ours_bptt,284,0.4500,0.3983,0.781344,2.975205,1,0,3.707,0.009987,0.44232,0.39191,0.000000,0,359.50,10.41,12.94,159.01,0.010406,0.015304,0.4614,4.333
0,ours_bptt,285,0.4344,0.0610,0.763735,2.966408,1,0,3.445,0.009997,0.42446,0.05957,0.000000,0,388.34,1.72,4.19,188.70,0.001715,0.002556,0.2273,2.599
0,ours_bptt,286,0.2625,-0.1936,0.759215,2.959174,1,0,3.434,0.009995,0.25445,-0.18767,0.000000,0,488.29,5.36,14.82,225.31,0.005356,0.007703,0.1564,2.809
0,ours_bptt,287,0.4951,-0.4703,0.792225,2.982093,1,0,3.717,0.009989,0.48770,-0.46359,0.000000,0,310.81,12.37,14.20,131.92,0.012368,0.018100,0.5949,4.824
0,ours_bptt,288,-0.0609,0.1904,0.816202,2.954710,1,0,3.410,0.009984,-0.05877,0.18067,0.000000,0,543.22,9.12,0.19,264.58,0.009117,0.012794,0.3276,3.507
0,ours_bptt,289,0.4627,-0.5742,0.804030,2.985483,1,0,3.743,0.009989,0.45611,-0.56674,0.000000,0,283.22,15.11,14.61,115.67,0.015105,0.021714,0.7071,5.246
0,ours_bptt,290,-0.2671,0.5113,0.911646,2.973489,1,0,3.573,0.009987,-0.26361,0.50197,0.000000,0,399.09,33.74,20.09,154.15,0.033735,0.046615,0.7777,4.893
0,ours_bptt,291,-0.1914,0.4290,0.892857,2.970604,1,0,3.555,0.009996,-0.18843,0.41942,0.000000,0,446.97,25.12,15.85,188.80,0.025121,0.035138,0.5868,4.416
0,ours_bptt,292,0.3585,0.0772,0.759424,2.961081,1,0,3.372,0.009997,0.34876,0.07505,0.000000,0,426.81,2.21,5.90,205.86,0.002207,0.003251,0.1597,2.333
0,ours_bptt,293,0.0225,0.1187,0.764283,2.943397,1,0,3.074,0.009988,0.02038,0.10897,0.000000,0,542.55,3.82,9.34,259.06,0.003822,0.004728,0.2048,2.888
0,ours_bptt,294,0.4545,0.0289,0.765259,2.967972,1,0,3.451,0.009990,0.44452,0.02823,0.000000,0,372.32,0.81,1.95,183.60,0.000812,0.001213,0.2449,2.563
0,ours_bptt,295,-0.0097,-0.2389,0.800521,2.965579,1,0,3.482,0.009986,-0.01003,-0.22893,0.000000,0,546.33,7.76,8.83,258.51,0.007756,0.011000,0.2688,3.445
0,ours_bptt,296,-0.0414,-0.4969,0.858223,2.985922,1,0,3.614,0.009990,-0.04153,-0.48689,0.000000,0,428.45,16.36,17.21,184.74,0.016356,0.024640,0.5218,4.489
0,ours_bptt,297,-0.4635,-0.8276,0.941075,2.992352,1,0,3.609,0.009976,-0.45999,-0.81829,0.000000,0,209.54,57.48,32.77,28.89,0.057479,0.080102,1.7133,6.845
0,ours_bptt,298,-0.1078,-0.2116,0.845741,2.968721,1,0,3.445,0.009991,-0.10437,-0.20223,0.000000,0,532.43,14.01,0.12,255.58,0.014014,0.018620,0.3771,3.679
0,ours_bptt,299,0.1967,0.7699,0.856545,2.990021,1,0,3.667,0.009981,0.19364,0.76044,0.000000,0,263.47,21.97,26.92,88.34,0.021966,0.030174,0.9270,5.896
0,lyap1,0,-0.4828,-0.7608,0.800000,1.700000,1,0,4.472,0.009988,-0.47901,-0.75150,0.000000,0,474.92,40.26,76.17,131.09,0.040261,0.048228,1.1618,5.710
0,lyap1,1,0.3886,-0.1909,0.800000,1.700000,1,0,3.289,0.009984,0.37942,-0.18691,0.000000,0,408.55,9.89,21.32,175.54,0.009889,0.014543,0.2403,3.013
0,lyap1,2,0.1373,-0.1241,0.800000,1.700000,1,0,2.929,0.009991,0.12937,-0.11794,0.000000,0,504.78,6.91,22.94,224.26,0.006910,0.009609,0.0673,1.986
0,lyap1,3,0.5235,0.3075,0.800000,1.700000,1,0,3.502,0.009997,0.51467,0.30276,0.000000,0,343.34,14.90,23.65,136.85,0.014901,0.022528,0.4621,4.013
0,lyap1,4,0.3315,0.9345,0.800000,1.700000,1,0,4.147,0.009988,0.32807,0.92507,0.000000,0,231.45,31.06,24.86,67.57,0.031061,0.048238,1.1679,6.201
0,lyap1,5,0.3231,-0.0585,0.800000,1.700000,1,0,3.050,0.010000,0.31318,-0.05696,0.000000,0,395.94,3.29,7.67,187.83,0.003293,0.004700,0.1374,2.102
0,lyap1,6,-0.0850,0.5502,0.800000,1.700000,1,0,4.082,0.009989,-0.08463,0.54018,0.000000,0,566.62,12.99,63.39,210.18,0.012986,0.016124,0.4590,4.043
0,lyap1,7,-0.0720,-0.5823,0.800000,1.700000,1,0,4.098,0.009995,-0.07185,-0.57229,0.000000,0,543.53,13.72,59.83,201.65,0.013718,0.017347,0.4945,4.191
0,lyap1,8,0.3960,-0.5209,0.800000,1.700000,1,0,3.755,0.009995,0.38972,-0.51313,0.000000,0,384.89,21.93,30.55,145.44,0.021934,0.033750,0.5310,4.442
0,lyap1,9,0.3685,0.3828,0.800000,1.700000,1,0,3.577,0.009991,0.36127,0.37591,0.000000,0,429.43,17.43,31.58,170.06,0.017432,0.026378,0.3595,3.778
0,lyap1,10,0.1283,0.2512,0.800000,1.700000,1,0,3.386,0.009991,0.12302,0.24272,0.000000,0,580.77,10.90,46.83,235.38,0.010902,0.015742,0.1425,2.686
0,lyap1,11,0.2440,0.2446,0.800000,1.700000,1,0,3.328,0.009989,0.23646,0.23797,0.000000,0,502.58,11.98,33.52,208.78,0.011985,0.017554,0.1675,2.827
0,lyap1,12,0.6768,0.6211,0.800000,1.700000,1,0,3.826,0.009986,0.66935,0.61443,0.000000,0,207.97,26.80,22.87,61.02,0.026802,0.042023,1.0232,5.756
0,lyap1,13,0.7407,-0.0375,0.800000,1.700000,1,0,3.463,0.009987,0.73072,-0.03699,0.000000,0,181.12,1.87,2.65,86.51,0.001870,0.002829,0.6973,4.232
0,lyap1,14,0.1895,0.9012,0.800000,1.700000,1,0,4.181,0.009993,0.18723,0.89145,0.000000,0,292.44,27.11,30.39,95.50,0.027115,0.040727,1.0248,5.861
0,lyap1,15,0.3282,0.2784,0.800000,1.700000,1,0,3.406,0.009989,0.32023,0.27237,0.000000,0,456.45,13.56,30.34,187.72,0.013558,0.020133,0.2425,3.205
0,lyap1,16,0.4229,-0.6724,0.800000,1.700000,1,0,3.908,0.009992,0.41743,-0.66397,0.000000,0,319.35,26.40,27.55,112.33,0.026402,0.041132,0.7647,5.168
0,lyap1,17,-0.0535,-0.6259,0.800000,1.700000,1,0,4.119,0.009996,-0.05359,-0.61587,0.000000,0,512.54,14.88,55.39,189.72,0.014877,0.019301,0.5471,4.398
0,lyap1,18,0.5135,-0.1699,0.800000,1.700000,1,0,3.356,0.009986,0.50397,-0.16703,0.000000,0,335.19,8.70,15.83,145.25,0.008695,0.012936,0.3700,3.457
0,lyap1,19,-0.1027,-0.2139,0.800000,1.700000,1,0,3.692,0.009989,-0.10081,-0.20409,0.000000,0,794.99,9.29,111.93,278.59,0.009290,0.010789,0.1958,2.627
0,lyap1,20,0.5724,0.0126,0.800000,1.700000,1,0,3.331,0.009997,0.56245,0.01236,0.000000,0,267.12,0.65,1.15,131.92,0.000651,0.000967,0.4156,3.243
0,lyap1,21,-0.2534,-0.7892,0.800000,1.700000,1,0,4.352,0.009991,-0.25154,-0.77942,0.000000,0,440.10,20.45,60.64,144.07,0.020451,0.025831,0.9335,5.403
0,lyap1,22,0.1756,0.0811,0.800000,1.700000,1,0,2.816,0.009999,0.16638,0.07731,0.000000,0,449.60,4.86,10.47,210.69,0.004858,0.006687,0.0550,1.698
0,lyap1,23,-0.1826,-0.5070,0.800000,1.700000,1,0,4.135,0.009983,-0.18081,-0.49714,0.000000,0,619.30,14.80,77.36,221.19,0.014803,0.018442,0.4645,3.935
0,lyap1,24,0.5281,0.1638,0.800000,1.700000,1,0,3.361,0.009996,0.51848,0.16110,0.000000,0,325.80,8.38,15.00,141.62,0.008377,0.012474,0.3865,3.502
0,lyap1,25,0.2533,-0.1131,0.800000,1.700000,1,0,3.025,0.009984,0.24401,-0.10946,0.000000,0,447.37,6.35,16.35,202.57,0.006353,0.009011,0.1033,2.134
0,lyap1,26,-0.0698,0.1000,0.800000,1.700000,1,0,3.311,0.009988,-0.06726,0.09029,0.000000,0,844.76,7.58,136.00,280.70,0.007580,0.008205,0.1677,2.459
0,lyap1,27,0.3040,0.0277,0.800000,1.700000,1,0,2.998,0.009983,0.29405,0.02687,0.000000,0,390.87,1.58,3.65,190.60,0.001583,0.002244,0.1183,1.847
0,lyap1,28,0.2958,-0.8584,0.800000,1.700000,1,0,4.107,0.009998,0.29243,-0.84899,0.000000,0,283.33,28.65,27.52,92.66,0.028652,0.044194,0.9891,5.777
0,lyap1,29,0.3034,0.1431,0.800000,1.700000,1,0,3.141,0.009990,0.29422,0.13928,0.000000,0,438.48,7.75,19.25,194.18,0.007752,0.011171,0.1478,2.471
0,lyap1,30,-0.0517,-0.6699,0.800000,1.700000,1,0,4.152,0.009987,-0.05186,-0.65994,0.000000,0,485.46,15.88,52.72,178.11,0.015876,0.020776,0.6114,4.617
0,lyap1,31,0.5492,0.3284,0.800000,1.700000,1,0,3.533,0.009998,0.54042,0.32357,0.000000,0,328.09,15.77,23.60,128.63,0.015765,0.023931,0.5117,4.194
0,lyap1,32,-0.2470,-0.5392,0.800000,1.700000,1,0,4.213,0.010000,-0.24452,-0.52952,0.000000,0,610.78,19.71,80.09,210.52,0.019713,0.024261,0.5532,4.184
0,lyap1,33,0.0352,0.9500,0.800000,1.700000,1,0,4.281,0.009990,0.03441,0.94002,0.000000,0,298.46,24.11,36.05,95.09,0.024113,0.033998,1.1102,6.037
0,lyap1,34,0.0707,-0.1224,0.800000,1.700000,1,0,2.929,0.009997,0.06480,-0.11433,0.000000,0,554.80,6.18,34.04,238.73,0.006176,0.008483,0.0756,2.034
0,lyap1,35,0.4590,0.2294,0.800000,1.700000,1,0,3.383,0.009989,0.44985,0.22533,0.000000,0,375.67,11.56,21.77,157.39,0.011561,0.017222,0.3335,3.452
0,lyap1,36,-0.1107,0.4644,0.800000,1.700000,1,0,4.028,0.009997,-0.10984,0.45443,0.000000,0,627.83,11.57,73.79,231.44,0.011574,0.013990,0.3745,3.655
0,lyap1,37,0.1172,0.8775,0.800000,1.700000,1,0,4.199,0.009985,0.11552,0.86761,0.000000,0,324.65,24.75,34.14,109.62,0.024750,0.036180,0.9602,5.689
0,lyap1,38,-0.1887,-0.6828,0.800000,1.700000,1,0,4.255,0.009999,-0.18722,-0.67288,0.000000,0,502.73,16.90,62.96,175.73,0.016896,0.020944,0.7033,4.790
0,lyap1,39,0.8660,-0.0873,0.800000,1.700000,1,0,3.545,0.009996,0.85605,-0.08637,0.000000,0,116.27,4.26,5.12,49.82,0.004258,0.006513,0.9596,5.023
0,lyap1,40,0.3463,-0.5640,0.800000,1.700000,1,0,3.819,0.009992,0.34087,-0.55561,0.000000,0,395.67,22.57,31.77,149.14,0.022565,0.034723,0.5440,4.502
0,lyap1,41,0.1016,-0.3385,0.800000,1.700000,1,0,3.617,0.009991,0.09792,-0.32923,0.000000,0,590.88,12.45,52.50,233.60,0.012450,0.017923,0.2056,3.063
0,lyap1,42,-0.2362,-0.3342,0.800000,1.700000,1,0,4.058,0.009988,-0.23262,-0.32490,0.000000,0,760.28,22.15,106.84,256.69,0.022148,0.025328,0.3540,3.279
0,lyap1,43,0.8826,0.0070,0.800000,1.700000,1,0,3.546,0.009994,0.87257,0.00695,0.000000,0,92.65,0.34,0.41,45.66,0.000343,0.000525,0.9879,4.960
0,lyap1,44,0.1563,-0.4355,0.800000,1.700000,1,0,3.741,0.009995,0.15232,-0.42633,0.000000,0,531.81,16.05,44.84,209.03,0.016054,0.023741,0.3004,3.564
0,lyap1,45,0.0602,0.2535,0.800000,1.700000,1,0,3.468,0.009999,0.05675,0.24416,0.000000,0,634.39,9.28,60.07,250.17,0.009283,0.012936,0.1484,2.666
0,lyap1,46,0.3509,-0.8008,0.800000,1.700000,1,0,4.043,0.009989,0.34681,-0.79173,0.000000,0,292.63,28.44,27.02,97.97,0.028438,0.044214,0.9184,5.594
0,lyap1,47,-0.1504,-0.4231,0.800000,1.700000,1,0,4.032,0.009991,-0.14879,-0.41325,0.000000,0,667.90,12.51,83.38,241.19,0.012513,0.015428,0.3578,3.510
0,lyap1,48,0.3656,-0.0779,0.800000,1.700000,1,0,3.128,0.009997,0.35581,-0.07610,0.000000,0,385.75,4.28,9.69,179.97,0.004280,0.006175,0.1780,2.398
0,lyap1,49,-0.2992,-0.4212,0.800000,1.700000,1,0,4.189,0.009994,-0.29541,-0.41192,0.000000,0,705.40,27.30,98.55,233.69,0.027295,0.031616,0.4810,3.766
0,lyap1,50,0.7379,0.3254,0.800000,1.700000,1,0,3.595,0.009987,0.72862,0.32158,0.000000,0,214.60,15.50,18.57,77.10,0.015502,0.023791,0.8117,5.002
0,lyap1,51,0.2430,0.2287,0.800000,1.700000,1,0,3.291,0.009988,0.23528,0.22238,0.000000,0,499.95,11.40,32.26,209.17,0.011402,0.016638,0.1568,2.747
0,lyap1,52,-0.0147,-0.5282,0.800000,1.700000,1,0,4.001,0.009982,-0.01538,-0.51828,0.000000,0,559.23,13.45,57.64,211.89,0.013445,0.017809,0.4079,3.909
0,lyap1,53,0.0787,0.1072,0.800000,1.700000,1,0,2.829,0.009988,0.07206,0.09971,0.000000,0,520.52,5.82,23.84,232.06,0.005823,0.007945,0.0653,1.915
0,lyap1,54,-0.1562,0.9648,0.800000,1.700000,1,0,4.380,0.009996,-0.15538,0.95484,0.000000,0,314.98,21.34,45.86,95.63,0.021338,0.027230,1.2119,6.188
0,lyap1,55,-0.1446,-0.2073,0.800000,1.700000,1,0,3.773,0.009994,-0.14145,-0.19781,0.000000,0,830.17,14.37,123.24,281.07,0.014371,0.016021,0.2221,2.677
0,lyap1,56,0.7844,0.3256,0.800000,1.700000,1,0,3.611,0.010000,0.77506,0.32197,0.000000,0,185.92,15.46,17.60,63.77,0.015463,0.023793,0.9008,5.218
0,lyap1,57,0.2535,-0.6401,0.800000,1.700000,1,0,3.939,0.009989,0.24952,-0.63090,0.000000,0,405.97,22.87,34.07,151.77,0.022872,0.034885,0.5912,4.664
0,lyap1,58,0.3038,-0.4120,0.800000,1.700000,1,0,3.632,0.009991,0.29750,-0.40424,0.000000,0,460.66,17.84,34.96,181.99,0.017843,0.026991,0.3394,3.731
0,lyap1,59,0.7189,-0.3583,0.800000,1.700000,1,0,3.613,0.009994,0.70985,-0.35408,0.000000,0,225.38,16.93,20.00,79.99,0.016935,0.026030,0.8029,5.019
0,lyap1,60,0.1800,0.0264,0.800000,1.700000,1,0,2.703,0.009993,0.17009,0.02507,0.000000,0,414.03,1.66,2.04,203.74,0.001658,0.002250,0.0427,1.239
0,lyap1,61,-0.4251,0.6545,0.800000,1.700000,1,0,4.400,0.009998,-0.42135,0.64522,0.000000,0,547.88,36.23,81.45,165.32,0.036226,0.043018,0.9076,5.084
0,lyap1,62,0.5324,0.0722,0.800000,1.700000,1,0,3.308,0.009994,0.52251,0.07099,0.000000,0,303.12,3.76,6.95,141.78,0.003764,0.005572,0.3658,3.207
0,lyap1,63,-0.1463,-0.2830,0.800000,1.700000,1,0,3.877,0.009985,-0.14393,-0.27328,0.000000,0,768.90,13.06,105.26,269.39,0.013063,0.015135,0.2539,2.924
0,lyap1,64,0.5285,0.0914,0.800000,1.700000,1,0,3.313,0.009996,0.51858,0.08987,0.000000,0,309.93,4.76,8.79,142.61,0.004756,0.007044,0.3643,3.250
0,lyap1,65,0.2105,0.2530,0.800000,1.700000,1,0,3.351,0.009986,0.20364,0.24583,0.000000,0,524.84,12.05,36.97,216.41,0.012048,0.017627,0.1593,2.802
0,lyap1,66,-0.2321,0.7541,0.800000,1.700000,1,0,4.322,0.009995,-0.23037,0.74426,0.000000,0,461.25,19.24,61.40,154.79,0.019245,0.024163,0.8534,5.199
0,lyap1,67,0.1052,0.6538,0.800000,1.700000,1,0,4.034,0.009989,0.10312,0.64407,0.000000,0,452.99,19.62,41.84,169.95,0.019619,0.028448,0.5676,4.558
0,lyap1,68,0.5076,0.3617,0.800000,1.700000,1,0,3.560,0.009993,0.49931,0.35620,0.000000,0,351.32,17.08,25.88,136.97,0.017083,0.025971,0.4852,4.158
0,lyap1,69,-0.0513,0.1705,0.800000,1.700000,1,0,3.464,0.009994,-0.05089,0.16049,0.000000,0,769.66,5.11,104.32,276.68,0.005111,0.006000,0.1522,2.436
0,lyap1,70,-0.0982,0.3380,0.800000,1.700000,1,0,3.873,0.009989,-0.09720,0.32810,0.000000,0,704.60,9.25,87.23,258.13,0.009254,0.011100,0.2587,3.083
0,lyap1,71,-0.2987,-0.5024,0.800000,1.700000,1,0,4.236,0.009992,-0.29547,-0.49291,0.000000,0,646.43,25.75,88.30,215.60,0.025754,0.030275,0.5606,4.115
0,lyap1,72,-0.1503,0.3616,0.800000,1.700000,1,0,3.971,0.009998,-0.14842,0.35180,0.000000,0,711.13,12.38,91.96,254.33,0.012377,0.015199,0.3068,3.243
0,lyap1,73,-0.1360,0.7558,0.800000,1.700000,1,0,4.263,0.010000,-0.13526,0.74579,0.000000,0,447.23,17.23,54.45,156.24,0.017234,0.021560,0.7889,5.102
0,lyap1,74,0.2863,-0.1810,0.800000,1.700000,1,0,3.201,0.009984,0.27758,-0.17611,0.000000,0,461.20,9.53,24.58,198.87,0.009528,0.013811,0.1538,2.614
0,lyap1,75,0.2629,0.0381,0.800000,1.700000,1,0,2.925,0.009993,0.25298,0.03686,0.000000,0,407.24,2.23,5.03,196.92,0.002231,0.003128,0.0901,1.703
0,lyap1,76,-0.0879,0.1908,0.800000,1.700000,1,0,3.612,0.009998,-0.08629,0.18090,0.000000,0,799.27,7.96,113.66,280.00,0.007963,0.009307,0.1795,2.539
0,lyap1,77,0.1878,-0.1637,0.800000,1.700000,1,0,3.100,0.009986,0.17984,-0.15766,0.000000,0,507.70,8.69,28.14,219.19,0.008689,0.012371,0.0972,2.290
0,lyap1,78,0.3960,0.0616,0.800000,1.700000,1,0,3.156,0.009985,0.38611,0.06026,0.000000,0,366.89,3.36,7.37,173.56,0.003358,0.004867,0.2039,2.471
0,lyap1,79,0.1499,0.3328,0.800000,1.700000,1,0,3.564,0.009985,0.14513,0.32401,0.000000,0,562.51,13.43,46.43,224.75,0.013434,0.019706,0.2048,3.085
0,lyap1,80,0.4252,0.0139,0.800000,1.700000,1,0,3.176,0.009986,0.41518,0.01359,0.000000,0,338.59,0.75,1.60,167.13,0.000753,0.001094,0.2293,2.434
0,lyap1,81,-0.1576,0.2546,0.800000,1.700000,1,0,3.861,0.009993,-0.15474,0.24503,0.000000,0,797.33,14.90,113.38,274.11,0.014904,0.016850,0.2482,2.840
0,lyap1,82,-0.0686,-0.8309,0.800000,1.700000,1,0,4.267,0.009992,-0.06849,-0.82093,0.000000,0,389.20,19.13,46.18,134.08,0.019129,0.025262,0.8929,5.441
0,lyap1,83,0.4444,-0.8902,0.800000,1.700000,1,0,4.080,0.009983,0.43998,-0.88126,0.000000,0,213.43,32.12,22.94,59.69,0.032117,0.050543,1.1738,6.201
0,lyap1,84,0.2393,0.0573,0.800000,1.700000,1,0,2.898,0.009991,0.22947,0.05524,0.000000,0,422.10,3.38,7.59,200.92,0.003375,0.004711,0.0787,1.723
0,lyap1,85,-0.0699,0.1952,0.800000,1.700000,1,0,3.577,0.009986,-0.06894,0.18522,0.000000,0,777.62,6.35,106.39,277.66,0.006348,0.007577,0.1700,2.529
0,lyap1,86,0.7095,0.5152,0.800000,1.700000,1,0,3.739,0.009990,0.70127,0.50951,0.000000,0,213.58,23.16,22.51,66.91,0.023158,0.036046,0.9424,5.502
0,lyap1,87,-0.0494,-0.2016,0.800000,1.700000,1,0,3.541,0.009997,-0.04919,-0.19164,0.000000,0,751.99,5.57,97.57,274.24,0.005572,0.006499,0.1608,2.525
0,lyap1,88,0.0267,0.5306,0.800000,1.700000,1,0,3.968,0.009989,0.02531,0.52071,0.000000,0,544.33,14.67,53.38,207.78,0.014674,0.020102,0.4026,3.921
0,lyap1,89,0.5313,0.5599,0.800000,1.700000,1,0,3.778,0.009984,0.52434,0.55280,0.000000,0,303.26,24.12,26.32,107.22,0.024122,0.037468,0.7273,5.013
0,lyap1,90,-0.0457,0.0894,0.800000,1.700000,1,0,3.145,0.009988,-0.04428,0.07949,0.000000,0,790.51,4.60,119.48,272.32,0.004599,0.005159,0.1542,2.289
0,lyap1,91,-0.3348,-0.7215,0.800000,1.700000,1,0,4.371,0.009985,-0.33206,-0.71188,0.000000,0,494.92,25.94,70.61,157.40,0.025936,0.032304,0.8991,5.205
0,lyap1,92,-0.2539,0.6200,0.800000,1.700000,1,0,4.266,0.009995,-0.25165,0.61023,0.000000,0,555.04,19.62,73.02,189.79,0.019624,0.024800,0.6637,4.576
0,lyap1,93,0.1010,0.2482,0.800000,1.700000,1,0,3.403,0.009993,0.09638,0.23935,0.000000,0,601.33,10.25,51.34,241.64,0.010248,0.014656,0.1405,2.654
0,lyap1,94,0.8495,0.4720,0.800000,1.700000,1,0,3.728,0.009983,0.84068,0.46730,0.000000,0,136.55,21.55,19.46,32.66,0.021552,0.033605,1.1660,5.956
0,lyap1,95,0.1372,0.4237,0.800000,1.700000,1,0,3.737,0.009990,0.13343,0.41440,0.000000,0,545.54,15.33,46.82,214.46,0.015327,0.022500,0.2851,3.486
0,lyap1,96,0.4789,0.8183,0.800000,1.700000,1,0,4.017,0.009989,0.47385,0.80974,0.000000,0,232.92,30.88,23.58,69.72,0.030876,0.048606,1.0712,5.954
0,lyap1,97,-0.0656,0.3396,0.800000,1.700000,1,0,3.829,0.009988,-0.06535,0.32965,0.000000,0,687.17,8.56,81.16,256.01,0.008561,0.010229,0.2439,3.062
0,lyap1,98,0.6043,0.2287,0.800000,1.700000,1,0,3.462,0.009996,0.59481,0.22543,0.000000,0,290.99,11.34,17.50,119.49,0.011337,0.017104,0.5250,4.079
0,lyap1,99,-0.0616,-0.5886,0.800000,1.700000,1,0,4.095,0.009993,-0.06159,-0.57856,0.000000,0,537.09,13.95,58.42,199.66,0.013948,0.017837,0.4987,4.217
0,lyap1,100,0.6577,0.3184,0.800000,1.700000,1,0,3.561,0.009983,0.64860,0.31433,0.000000,0,263.39,15.28,20.23,100.01,0.015278,0.023324,0.6666,4.618
0,lyap1,101,0.7053,0.3527,0.800000,1.700000,1,0,3.605,0.009981,0.69629,0.34845,0.000000,0,233.94,16.70,20.15,84.29,0.016703,0.025646,0.7741,4.941
0,lyap1,102,-0.2611,-0.8069,0.800000,1.700000,1,0,4.365,0.009983,-0.25923,-0.79712,0.000000,0,429.03,20.94,60.05,138.76,0.020941,0.026499,0.9727,5.502
0,lyap1,103,-0.2565,-0.5607,0.800000,1.700000,1,0,4.234,0.009997,-0.25402,-0.55103,0.000000,0,597.29,20.37,78.71,204.66,0.020371,0.025132,0.5879,4.301
0,lyap1,104,-0.0062,-0.2025,0.800000,1.700000,1,0,3.442,0.009985,-0.00765,-0.19264,0.000000,0,703.67,5.82,80.79,266.68,0.005823,0.007321,0.1407,2.487
0,lyap1,105,0.1683,-0.1221,0.800000,1.700000,1,0,2.946,0.009988,0.15984,-0.11677,0.000000,0,487.82,6.89,20.48,218.26,0.006887,0.009622,0.0706,1.996
0,lyap1,106,0.1073,0.7657,0.800000,1.700000,1,0,4.126,0.009984,0.10553,0.75590,0.000000,0,391.12,22.10,37.95,141.03,0.022096,0.032117,0.7494,5.118
0,lyap1,107,0.2607,-0.0935,0.800000,1.700000,1,0,2.997,0.009988,0.25118,-0.09051,0.000000,0,434.34,5.32,13.15,200.03,0.005319,0.007523,0.1011,2.039
0,lyap1,108,0.2814,0.9272,0.800000,1.700000,1,0,4.161,0.009982,0.27841,0.91765,0.000000,0,251.35,29.83,26.48,76.82,0.029831,0.045898,1.1203,6.093
0,lyap1,109,0.5130,0.7951,0.800000,1.700000,1,0,3.990,0.009997,0.50755,0.78668,0.000000,0,228.25,30.71,23.36,67.73,0.030714,0.048398,1.0681,5.938
0,lyap1,110,0.4870,-0.3349,0.800000,1.700000,1,0,3.524,0.009984,0.47859,-0.32957,0.000000,0,364.68,16.01,25.82,144.51,0.016009,0.024231,0.4381,3.977
0,lyap1,111,0.2839,0.6459,0.800000,1.700000,1,0,3.931,0.009993,0.27961,0.63685,0.000000,0,390.96,23.60,32.64,145.14,0.023598,0.036192,0.6163,4.744
0,lyap1,112,0.3172,0.1950,0.800000,1.700000,1,0,3.248,0.009990,0.30841,0.19022,0.000000,0,448.57,10.14,24.61,192.07,0.010140,0.014798,0.1824,2.780
0,lyap1,113,0.3999,-0.0481,0.800000,1.700000,1,0,3.153,0.009998,0.38993,-0.04701,0.000000,0,360.58,2.62,5.73,172.59,0.002624,0.003801,0.2058,2.434
0,lyap1,114,0.0845,-0.3381,0.800000,1.700000,1,0,3.634,0.009983,0.08116,-0.32866,0.000000,0,601.54,11.98,54.94,236.85,0.011975,0.017061,0.2056,3.049
0,lyap1,115,0.2833,0.3617,0.800000,1.700000,1,0,3.556,0.009987,0.27676,0.35414,0.000000,0,480.33,16.13,35.69,192.37,0.016133,0.024209,0.2795,3.459
0,lyap1,116,-0.0960,-0.1708,0.800000,1.700000,1,0,3.592,0.009992,-0.09387,-0.16103,0.000000,0,823.63,9.33,122.11,282.71,0.009332,0.010440,0.1803,2.498
0,lyap1,117,0.1426,0.0149,0.800000,1.700000,1,0,2.553,0.009988,0.13270,0.01397,0.000000,0,406.98,0.99,0.48,202.27,0.000988,0.001311,0.0264,0.962
0,lyap1,118,0.2298,-0.1089,0.800000,1.700000,1,0,2.983,0.009991,0.22057,-0.10511,0.000000,0,454.04,6.19,16.09,206.29,0.006190,0.008724,0.0889,2.036
0,lyap1,119,0.3467,0.6367,0.800000,1.700000,1,0,3.897,0.009994,0.34175,0.62805,0.000000,0,367.88,24.44,30.49,135.12,0.024439,0.037767,0.6452,4.828
0,lyap1,120,0.1427,0.1849,0.800000,1.700000,1,0,3.169,0.009987,0.13595,0.17750,0.000000,0,549.61,9.17,37.01,230.92,0.009169,0.013072,0.1019,2.363
0,lyap1,121,0.9039,0.2691,0.800000,1.700000,1,0,3.625,0.009990,0.89423,0.26643,0.000000,0,110.85,12.79,13.42,32.42,0.012791,0.019748,1.1171,5.644
0,lyap1,122,0.6186,-0.7694,0.800000,1.700000,1,0,3.950,0.009990,0.61234,-0.76159,0.000000,0,189.44,31.05,22.00,49.43,0.031053,0.049083,1.1651,6.136
0,lyap1,123,0.1330,0.4410,0.800000,1.700000,1,0,3.767,0.009983,0.12948,0.43161,0.000000,0,541.42,15.62,46.77,212.22,0.015622,0.022905,0.3021,3.562
0,lyap1,124,0.3040,-0.5997,0.800000,1.700000,1,0,3.874,0.009998,0.29924,-0.59087,0.000000,0,401.72,22.85,32.80,150.93,0.022845,0.035071,0.5623,4.570
0,lyap1,125,0.8777,-0.3398,0.800000,1.700000,1,0,3.652,0.009991,0.86831,-0.33634,0.000000,0,127.98,15.98,16.23,35.78,0.015978,0.024730,1.1066,5.702
0,lyap1,126,0.4647,-0.7285,0.800000,1.700000,1,0,3.948,0.009981,0.45928,-0.72015,0.000000,0,277.78,28.39,25.50,92.10,0.028387,0.044476,0.8975,5.521
0,lyap1,127,-0.1434,-0.2996,0.800000,1.700000,1,0,3.892,0.009995,-0.14123,-0.28983,0.000000,0,754.45,12.44,101.52,266.37,0.012444,0.014686,0.2611,2.983
0,lyap1,128,0.7348,0.4244,0.800000,1.700000,1,0,3.669,0.009994,0.72608,0.41964,0.000000,0,211.20,19.66,21.08,69.77,0.019660,0.030405,0.8908,5.303
0,lyap1,129,-0.1202,-0.4211,0.800000,1.700000,1,0,3.996,0.009991,-0.11903,-0.41120,0.000000,0,659.06,11.16,79.71,241.46,0.011155,0.013509,0.3378,3.466
0,lyap1,130,0.0262,0.7331,0.800000,1.700000,1,0,4.148,0.009989,0.02523,0.72318,0.000000,0,430.37,19.17,44.07,156.74,0.019167,0.026604,0.6944,4.925
0,lyap1,131,0.1806,-0.8313,0.800000,1.700000,1,0,4.137,0.009993,0.17822,-0.82157,0.000000,0,334.01,25.40,32.50,115.45,0.025404,0.038047,0.8838,5.502
0,lyap1,132,0.0616,0.4904,0.800000,1.700000,1,0,3.892,0.009994,0.05956,0.48058,0.000000,0,551.87,14.79,51.93,212.92,0.014787,0.020790,0.3523,3.739
0,lyap1,133,0.3828,0.6743,0.800000,1.700000,1,0,3.922,0.009988,0.37774,0.66569,0.000000,0,336.58,25.91,28.62,120.23,0.025914,0.040254,0.7311,5.079
0,lyap1,134,0.6240,-0.1220,0.800000,1.700000,1,0,3.405,0.009991,0.61418,-0.12026,0.000000,0,263.99,6.18,9.94,117.42,0.006180,0.009270,0.5113,3.833
0,lyap1,135,0.7082,-0.4265,0.800000,1.700000,1,0,3.665,0.009994,0.69951,-0.42158,0.000000,0,227.03,19.74,21.71,77.00,0.019745,0.030506,0.8450,5.195
0,lyap1,136,0.3059,-0.0613,0.800000,1.700000,1,0,3.026,0.009983,0.29605,-0.05961,0.000000,0,403.62,3.47,8.17,191.03,0.003475,0.004942,0.1244,2.037
0,lyap1,137,0.3815,0.8201,0.800000,1.700000,1,0,4.047,0.009999,0.37719,0.81108,0.000000,0,271.58,29.43,25.82,87.90,0.029431,0.045943,0.9788,5.744
0,lyap1,138,-0.4068,-0.7436,0.800000,1.700000,1,0,4.423,0.009989,-0.40351,-0.73419,0.000000,0,485.25,32.86,73.36,144.61,0.032863,0.039756,1.0239,5.456
0,lyap1,139,0.2478,-0.2333,0.800000,1.700000,1,0,3.302,0.009992,0.24014,-0.22689,0.000000,0,497.98,11.59,32.30,208.00,0.011591,0.016939,0.1620,2.780
0,lyap1,140,0.6772,0.6933,0.800000,1.700000,1,0,3.884,0.009991,0.67019,0.68621,0.000000,0,186.34,29.15,22.16,49.15,0.029151,0.045937,1.1314,6.029
0,lyap1,141,0.0428,-0.2079,0.800000,1.700000,1,0,3.359,0.009994,0.03944,-0.19846,0.000000,0,649.80,7.63,63.37,255.81,0.007634,0.010426,0.1261,2.475
0,lyap1,142,0.6916,-0.1596,0.800000,1.700000,1,0,3.468,0.009993,0.68179,-0.15752,0.000000,0,231.02,7.94,11.48,98.07,0.007935,0.012001,0.6360,4.285
0,lyap1,143,0.3035,0.5051,0.800000,1.700000,1,0,3.763,0.009986,0.29808,0.49670,0.000000,0,436.27,20.43,34.38,168.44,0.020427,0.031179,0.4404,4.142
0,lyap1,144,0.1292,-0.1752,0.800000,1.700000,1,0,3.138,0.009997,0.12260,-0.16770,0.000000,0,554.07,8.70,37.27,233.24,0.008705,0.012346,0.0957,2.303
0,lyap1,145,0.4745,0.7177,0.800000,1.700000,1,0,3.936,0.009984,0.46894,0.70939,0.000000,0,277.72,28.22,25.48,92.21,0.028218,0.044209,0.8904,5.499
0,lyap1,146,0.3993,0.8983,0.800000,1.700000,1,0,4.099,0.009994,0.39528,0.88917,0.000000,0,226.44,31.55,23.83,65.73,0.031552,0.049436,1.1471,6.146
0,lyap1,147,-0.1444,0.3214,0.800000,1.700000,1,0,3.919,0.009998,-0.14241,0.31160,0.000000,0,738.28,12.19,97.70,262.30,0.012193,0.014691,0.2750,3.070
0,lyap1,148,0.0548,-0.4646,0.800000,1.700000,1,0,3.865,0.009998,0.05277,-0.45484,0.000000,0,567.01,14.01,53.86,219.14,0.014009,0.019572,0.3246,3.614
0,lyap1,149,0.3302,-0.5948,0.800000,1.700000,1,0,3.859,0.009992,0.32512,-0.58624,0.000000,0,391.84,23.14,31.86,146.71,0.023136,0.035615,0.5735,4.603
0,lyap1,150,0.1291,0.0400,0.800000,1.700000,1,0,2.552,0.009992,0.11947,0.03729,0.000000,0,416.63,2.64,1.38,204.96,0.002638,0.003494,0.0272,1.206
0,lyap1,151,0.1204,0.0183,0.800000,1.700000,1,0,2.455,0.009996,0.11046,0.01687,0.000000,0,407.71,1.25,2.76,200.15,0.001253,0.001635,0.0197,0.912
0,lyap1,152,0.3968,0.7576,0.800000,1.700000,1,0,3.992,0.009989,0.39204,0.74884,0.000000,0,294.60,28.19,26.63,99.53,0.028188,0.043993,0.8798,5.488
0,lyap1,153,0.0547,0.2267,0.800000,1.700000,1,0,3.399,0.009997,0.05116,0.21731,0.000000,0,639.60,8.47,60.75,252.70,0.008468,0.011726,0.1335,2.551
0,lyap1,154,0.0069,0.1062,0.800000,1.700000,1,0,2.981,0.009997,0.00438,0.09653,0.000000,0,643.58,3.69,63.93,255.09,0.003694,0.004708,0.1078,2.143
0,lyap1,155,0.3885,0.8374,0.800000,1.700000,1,0,4.058,0.009998,0.38424,0.82837,0.000000,0,260.53,29.96,25.29,82.51,0.029955,0.046818,1.0175,5.839
0,lyap1,156,0.0770,0.0732,0.800000,1.700000,1,0,2.585,0.009988,0.06939,0.06675,0.000000,0,445.09,4.52,1.39,217.77,0.004521,0.005994,0.0463,1.626
0,lyap1,157,0.0515,-0.0915,0.800000,1.700000,1,0,2.738,0.010000,0.04573,-0.08334,0.000000,0,515.13,4.85,21.22,232.70,0.004849,0.006516,0.0704,1.888
0,lyap1,158,0.1176,-0.1584,0.800000,1.700000,1,0,3.076,0.009994,0.11092,-0.15094,0.000000,0,551.24,8.02,35.47,234.13,0.008020,0.011287,0.0862,2.206
0,lyap1,159,-0.1864,-0.2631,0.800000,1.700000,1,0,3.920,0.009996,-0.18306,-0.25369,0.000000,0,802.48,18.03,115.61,272.11,0.018030,0.020350,0.2737,2.920
0,lyap1,160,0.2632,-0.1929,0.800000,1.700000,1,0,3.213,0.009998,0.25483,-0.18752,0.000000,0,477.75,10.04,27.19,204.16,0.010039,0.014550,0.1461,2.612
0,lyap1,161,-0.3555,-0.7662,0.800000,1.700000,1,0,4.402,0.009988,-0.35277,-0.75665,0.000000,0,465.57,27.36,68.71,143.55,0.027360,0.034186,0.9986,5.460
0,lyap1,162,-0.1215,-0.1778,0.800000,1.700000,1,0,3.673,0.009992,-0.11863,-0.16821,0.000000,0,840.62,12.27,127.19,283.91,0.012275,0.013585,0.1991,2.596
0,lyap1,163,-0.0238,-0.5614,0.800000,1.700000,1,0,4.041,0.009982,-0.02436,-0.55141,0.000000,0,543.02,13.98,56.51,204.51,0.013982,0.018454,0.4512,4.071
0,lyap1,164,0.4774,0.4709,0.800000,1.700000,1,0,3.686,0.009988,0.47010,0.46413,0.000000,0,353.86,20.94,28.13,133.09,0.020939,0.032185,0.5562,4.481
0,lyap1,165,0.0443,-0.5806,0.800000,1.700000,1,0,4.006,0.009983,0.04283,-0.57068,0.000000,0,511.68,16.30,49.30,194.31,0.016303,0.022711,0.4638,4.168
0,lyap1,166,-0.0210,-0.5374,0.800000,1.700000,1,0,4.015,0.009993,-0.02157,-0.52742,0.000000,0,555.93,13.50,57.75,210.09,0.013503,0.017806,0.4206,3.954
0,lyap1,167,0.8175,0.5027,0.800000,1.700000,1,0,3.743,0.009999,0.80889,0.49763,0.000000,0,151.65,22.77,20.36,38.39,0.022771,0.035538,1.1331,5.912
0,lyap1,168,0.8027,-0.3400,0.800000,1.700000,1,0,3.627,0.009994,0.79342,-0.33627,0.000000,0,174.50,16.07,17.67,57.53,0.016069,0.024775,0.9482,5.347
0,lyap1,169,0.1514,0.0679,0.800000,1.700000,1,0,2.719,0.009984,0.14208,0.06421,0.000000,0,440.23,4.20,6.33,210.64,0.004202,0.005704,0.0424,1.536
0,lyap1,170,0.5304,0.7692,0.800000,1.700000,1,0,3.966,0.009989,0.52470,0.76100,0.000000,0,231.22,30.22,23.48,69.47,0.030221,0.047606,1.0436,5.874
0,lyap1,171,0.2090,0.4792,0.800000,1.700000,1,0,3.772,0.009986,0.20452,0.47021,0.000000,0,490.95,18.20,39.99,191.83,0.018203,0.027355,0.3626,3.841
0,lyap1,172,0.5598,-0.3460,0.800000,1.700000,1,0,3.555,0.009992,0.55114,-0.34102,0.000000,0,321.40,16.49,23.82,124.52,0.016485,0.025089,0.5402,4.301
0,lyap1,173,0.5464,-0.7222,0.800000,1.700000,1,0,3.924,0.009995,0.54029,-0.71427,0.000000,0,242.18,29.09,23.98,75.30,0.029088,0.045734,0.9844,5.721
0,lyap1,174,-0.1182,-0.2340,0.800000,1.700000,1,0,3.758,0.009993,-0.11607,-0.22426,0.000000,0,790.88,10.74,110.75,276.64,0.010736,0.012377,0.2129,2.712
0,lyap1,175,-0.2591,-0.7992,0.800000,1.700000,1,0,4.360,0.009991,-0.25726,-0.78944,0.000000,0,433.96,20.79,60.41,140.98,0.020787,0.026295,0.9569,5.461
0,lyap1,176,0.5500,-0.2108,0.800000,1.700000,1,0,3.416,0.009995,0.54060,-0.20749,0.000000,0,320.71,10.58,17.81,134.61,0.010583,0.015865,0.4374,3.770
0,lyap1,177,0.2832,0.3475,0.800000,1.700000,1,0,3.531,0.009992,0.27652,0.34007,0.000000,0,481.89,15.69,35.45,193.72,0.015693,0.023499,0.2670,3.396
0,lyap1,178,0.3999,0.1449,0.800000,1.700000,1,0,3.237,0.009995,0.39037,0.14188,0.000000,0,390.79,7.67,16.57,173.07,0.007670,0.011220,0.2309,2.854
0,lyap1,179,-0.3922,0.5944,0.800000,1.700000,1,0,4.354,0.009994,-0.38851,0.58517,0.000000,0,588.76,33.90,84.94,184.01,0.033899,0.040034,0.7800,4.735
0,lyap1,180,0.1187,-0.5094,0.800000,1.700000,1,0,3.871,0.009986,0.11581,-0.49979,0.000000,0,519.59,16.80,45.93,201.26,0.016799,0.024495,0.3758,3.869
0,lyap1,181,0.2591,0.4505,0.800000,1.700000,1,0,3.706,0.009986,0.25378,0.44212,0.000000,0,475.04,18.35,37.28,186.48,0.018352,0.027752,0.3532,3.803
0,lyap1,182,-0.1886,-0.2921,0.800000,1.700000,1,0,3.954,0.009986,-0.18551,-0.28258,0.000000,0,779.94,17.69,109.63,267.07,0.017688,0.020107,0.2896,3.027
0,lyap1,183,0.1147,-0.5915,0.800000,1.700000,1,0,3.967,0.009990,0.11229,-0.58177,0.000000,0,481.99,18.51,43.39,183.72,0.018511,0.026959,0.4795,4.260
0,lyap1,184,0.3148,0.1334,0.800000,1.700000,1,0,3.136,0.009992,0.30541,0.12995,0.000000,0,429.31,7.26,17.67,191.54,0.007257,0.010457,0.1523,2.461
0,lyap1,185,0.2581,-0.2319,0.800000,1.700000,1,0,3.300,0.009998,0.25027,-0.22565,0.000000,0,491.44,11.58,31.44,205.59,0.011579,0.016931,0.1664,2.797
0,lyap1,186,-0.0058,-0.3736,0.800000,1.700000,1,0,3.800,0.009998,-0.00695,-0.36364,0.000000,0,638.34,10.07,67.42,244.20,0.010074,0.013146,0.2488,3.185
0,lyap1,187,0.6780,0.6485,0.800000,1.700000,1,0,3.848,0.009993,0.67074,0.64161,0.000000,0,199.56,27.71,22.62,56.37,0.027714,0.043539,1.0646,5.862
0,lyap1,188,0.1861,0.6801,0.800000,1.700000,1,0,4.011,0.010000,0.18316,0.67059,0.000000,0,412.23,22.27,36.32,153.08,0.022274,0.033410,0.6243,4.761
0,lyap1,189,0.5062,-0.1910,0.800000,1.700000,1,0,3.370,0.009992,0.49676,-0.18781,0.000000,0,342.96,9.72,17.63,146.57,0.009721,0.014481,0.3701,3.503
0,lyap1,190,0.3110,0.0827,0.800000,1.700000,1,0,3.057,0.009994,0.30128,0.08045,0.000000,0,410.39,4.63,11.02,190.70,0.004635,0.006617,0.1331,2.176
0,lyap1,191,0.2038,0.5088,0.800000,1.700000,1,0,3.814,0.010000,0.19966,0.49973,0.000000,0,482.36,18.81,39.76,187.32,0.018808,0.028265,0.3951,3.970
0,lyap1,192,0.1233,-0.0533,0.800000,1.700000,1,0,2.582,0.009984,0.11397,-0.04970,0.000000,0,421.88,3.46,0.24,208.11,0.003461,0.004602,0.0309,1.350
0,lyap1,193,-0.0796,-0.7824,0.800000,1.700000,1,0,4.245,0.009988,-0.07943,-0.77239,0.000000,0,421.38,17.94,49.08,148.16,0.017944,0.023356,0.8079,5.198
0,lyap1,194,0.2915,-0.1221,0.800000,1.700000,1,0,3.090,0.009995,0.28208,-0.11869,0.000000,0,435.36,6.74,16.80,195.83,0.006736,0.009645,0.1311,2.315
0,lyap1,195,-0.1019,0.1701,0.800000,1.700000,1,0,3.607,0.009986,-0.09950,0.16036,0.000000,0,830.17,10.06,124.20,283.34,0.010059,0.011181,0.1842,2.505
0,lyap1,196,0.4572,-0.2213,0.800000,1.700000,1,0,3.372,0.009993,0.44805,-0.21735,0.000000,0,375.52,11.20,21.29,158.07,0.011199,0.016662,0.3271,3.412
0,lyap1,197,0.1068,0.1660,0.800000,1.700000,1,0,3.114,0.009994,0.10061,0.15817,0.000000,0,566.38,8.11,39.43,237.68,0.008114,0.011430,0.0912,2.251
0,lyap1,198,0.6025,-0.0753,0.800000,1.700000,1,0,3.370,0.009983,0.59253,-0.07421,0.000000,0,266.49,3.86,6.49,123.86,0.003858,0.005762,0.4669,3.583
0,lyap1,199,0.0462,0.5396,0.800000,1.700000,1,0,3.962,0.009986,0.04452,0.52971,0.000000,0,532.85,15.44,51.07,203.77,0.015441,0.021496,0.4113,3.969
0,lyap1,200,0.1240,-0.0387,0.800000,1.700000,1,0,2.527,0.009998,0.11437,-0.03595,0.000000,0,417.30,2.57,2.39,204.33,0.002574,0.003396,0.0255,1.180
0,lyap1,201,0.4164,-0.5120,0.800000,1.700000,1,0,3.741,0.009984,0.40987,-0.50446,0.000000,0,376.91,21.85,29.92,142.15,0.021848,0.033629,0.5393,4.462
0,lyap1,202,-0.1230,0.4612,0.800000,1.700000,1,0,4.038,0.009992,-0.12197,0.45129,0.000000,0,633.74,11.82,75.60,232.40,0.011822,0.014329,0.3780,3.652
0,lyap1,203,0.4410,-0.4585,0.800000,1.700000,1,0,3.673,0.009995,0.43386,-0.45150,0.000000,0,376.39,20.34,29.30,143.64,0.020341,0.031174,0.5032,4.313
0,lyap1,204,0.2855,0.1293,0.800000,1.700000,1,0,3.096,0.009996,0.27620,0.12557,0.000000,0,441.13,7.10,17.95,197.29,0.007104,0.010175,0.1297,2.334
0,lyap1,205,0.3098,0.8479,0.800000,1.700000,1,0,4.094,0.009996,0.30628,0.83854,0.000000,0,284.01,28.71,27.30,93.18,0.028710,0.044392,0.9776,5.747
0,lyap1,206,0.7544,0.5438,0.800000,1.700000,1,0,3.766,0.009995,0.74617,0.53809,0.000000,0,182.00,24.28,21.72,51.07,0.024280,0.037930,1.0581,5.782
0,lyap1,207,0.2818,0.3011,0.800000,1.700000,1,0,3.446,0.009987,0.27454,0.29424,0.000000,0,484.78,14.17,34.14,197.62,0.014171,0.021058,0.2284,3.183
0,lyap1,208,0.4930,0.1739,0.800000,1.700000,1,0,3.344,0.009999,0.48348,0.17090,0.000000,0,347.28,8.93,16.67,150.28,0.008925,0.013252,0.3459,3.379
0,lyap1,209,0.3355,-0.5061,0.800000,1.700000,1,0,3.753,0.009994,0.32971,-0.49797,0.000000,0,419.98,20.87,32.98,161.35,0.020870,0.031945,0.4637,4.221
0,lyap1,210,0.2506,-0.7408,0.800000,1.700000,1,0,4.034,0.009986,0.24719,-0.73140,0.000000,0,359.13,25.08,31.78,128.97,0.025083,0.038299,0.7493,5.140
0,lyap1,211,0.5757,-0.1236,0.800000,1.700000,1,0,3.370,0.009986,0.56587,-0.12170,0.000000,0,291.52,6.32,10.84,130.18,0.006321,0.009434,0.4386,3.594
0,lyap1,212,0.1789,0.4176,0.800000,1.700000,1,0,3.698,0.009986,0.17444,0.40863,0.000000,0,526.05,16.11,43.20,207.74,0.016114,0.023968,0.2876,3.512
0,lyap1,213,0.3431,0.9019,0.800000,1.700000,1,0,4.121,0.009984,0.33951,0.89255,0.000000,0,244.69,30.57,25.17,74.24,0.030574,0.047558,1.1083,6.062
0,lyap1,214,0.4497,-0.0405,0.800000,1.700000,1,0,3.211,0.009996,0.43971,-0.03973,0.000000,0,335.53,2.18,4.49,161.65,0.002175,0.003177,0.2584,2.664
0,lyap1,215,-0.0738,-0.8147,0.800000,1.700000,1,0,4.261,0.009983,-0.07371,-0.80467,0.000000,0,400.25,18.70,47.20,138.90,0.018704,0.024559,0.8643,5.360
0,lyap1,216,-0.0007,-0.2767,0.800000,1.700000,1,0,3.619,0.009987,-0.00215,-0.26683,0.000000,0,677.74,7.88,73.95,259.01,0.007879,0.010165,0.1775,2.769
0,lyap1,217,0.1157,-0.0892,0.800000,1.700000,1,0,2.741,0.009990,0.10740,-0.08360,0.000000,0,469.04,5.34,11.16,219.35,0.005342,0.007250,0.0484,1.713
0,lyap1,218,0.2996,0.3432,0.800000,1.700000,1,0,3.521,0.009984,0.29267,0.33600,0.000000,0,472.87,15.68,34.37,190.30,0.015684,0.023500,0.2734,3.417
0,lyap1,219,0.1075,0.0912,0.800000,1.700000,1,0,2.742,0.009985,0.09948,0.08528,0.000000,0,474.61,5.42,12.10,221.14,0.005418,0.007348,0.0500,1.737
0,lyap1,220,-0.1180,0.5028,0.800000,1.700000,1,0,4.071,0.009985,-0.11714,0.49287,0.000000,0,605.41,12.37,70.88,222.55,0.012374,0.015020,0.4195,3.842
0,lyap1,221,-0.0384,-0.1602,0.800000,1.700000,1,0,3.394,0.009998,-0.03841,-0.15024,0.000000,0,755.35,4.51,99.79,274.51,0.004508,0.005231,0.1421,2.391
0,lyap1,222,0.6916,-0.2139,0.800000,1.700000,1,0,3.499,0.009984,0.68202,-0.21119,0.000000,0,237.63,10.52,14.71,96.22,0.010522,0.015968,0.6596,4.445
0,lyap1,223,-0.0588,0.1179,0.800000,1.700000,1,0,3.324,0.009997,-0.05736,0.10803,0.000000,0,809.89,5.75,121.93,278.70,0.005750,0.006499,0.1539,2.340
0,lyap1,224,-0.0745,-0.3129,0.800000,1.700000,1,0,3.803,0.009986,-0.07403,-0.30291,0.000000,0,708.14,8.18,86.43,261.51,0.008177,0.009694,0.2297,2.958
0,lyap1,225,-0.1780,-0.3364,0.800000,1.700000,1,0,3.983,0.009984,-0.17538,-0.32671,0.000000,0,741.33,15.65,99.86,259.07,0.015652,0.018229,0.3081,3.180
0,lyap1,226,0.6911,0.0578,0.800000,1.700000,1,0,3.432,0.009991,0.68116,0.05704,0.000000,0,213.37,2.91,4.38,100.13,0.002910,0.004383,0.6095,4.010
0,lyap1,227,0.2381,-0.1180,0.800000,1.700000,1,0,3.016,0.009984,0.22896,-0.11402,0.000000,0,456.15,6.63,17.49,205.61,0.006628,0.009382,0.0967,2.118
0,lyap1,228,0.1519,0.8000,0.800000,1.700000,1,0,4.128,0.009992,0.14975,0.79020,0.000000,0,359.56,24.01,34.66,127.12,0.024007,0.035583,0.8179,5.320
0,lyap1,229,0.1294,-0.0464,0.800000,1.700000,1,0,2.575,0.009998,0.11989,-0.04333,0.000000,0,418.38,3.03,0.54,206.38,0.003031,0.004028,0.0293,1.280
0,lyap1,230,0.0091,0.7864,0.800000,1.700000,1,0,4.195,0.009999,0.00837,0.77647,0.000000,0,402.47,19.87,43.10,143.23,0.019869,0.027400,0.7894,5.195
0,lyap1,231,0.7804,-0.0773,0.800000,1.700000,1,0,3.494,0.009998,0.77040,-0.07636,0.000000,0,165.56,3.82,5.11,74.80,0.003822,0.005807,0.7790,4.538
0,lyap1,232,0.1448,0.2357,0.800000,1.700000,1,0,3.330,0.009996,0.13882,0.22770,0.000000,0,566.28,10.76,43.19,231.88,0.010756,0.015542,0.1335,2.626
0,lyap1,233,0.0215,0.4271,0.800000,1.700000,1,0,3.847,0.009993,0.01994,0.41721,0.000000,0,599.46,12.16,59.82,230.80,0.012156,0.016432,0.2908,3.429
0,lyap1,234,-0.0409,-0.1955,0.800000,1.700000,1,0,3.505,0.009986,-0.04100,-0.18547,0.000000,0,745.50,5.29,95.31,273.47,0.005288,0.006166,0.1541,2.497
0,lyap1,235,0.4958,-0.7270,0.800000,1.700000,1,0,3.939,0.009984,0.49011,-0.71879,0.000000,0,264.20,28.71,24.87,85.70,0.028707,0.045049,0.9299,5.597
0,lyap1,236,0.8988,-0.2304,0.800000,1.700000,1,0,3.606,0.009986,0.88906,-0.22807,0.000000,0,112.11,11.02,11.94,35.84,0.011020,0.016978,1.0839,5.522
0,lyap1,237,0.0532,-0.4550,0.800000,1.700000,1,0,3.854,0.009993,0.05118,-0.44521,0.000000,0,572.26,13.74,54.48,221.34,0.013744,0.019169,0.3146,3.568
0,lyap1,238,0.1776,-0.1698,0.800000,1.700000,1,0,3.116,0.009993,0.16990,-0.16344,0.000000,0,517.31,8.89,30.14,221.85,0.008892,0.012669,0.0982,2.312
0,lyap1,239,0.4213,0.3347,0.800000,1.700000,1,0,3.510,0.009992,0.41320,0.32886,0.000000,0,402.94,15.91,28.28,161.25,0.015914,0.023992,0.3663,3.743
0,lyap1,240,0.3769,-0.3379,0.800000,1.700000,1,0,3.510,0.009982,0.36915,-0.33155,0.000000,0,428.62,15.91,30.26,172.12,0.015906,0.023929,0.3274,3.612
0,lyap1,241,0.2876,0.6481,0.800000,1.700000,1,0,3.932,0.009986,0.28329,0.63911,0.000000,0,388.47,23.72,32.43,144.02,0.023718,0.036400,0.6219,4.761
0,lyap1,242,-0.2242,-0.5692,0.800000,1.700000,1,0,4.213,0.009995,-0.22206,-0.55943,0.000000,0,585.14,17.56,75.13,204.27,0.017564,0.022104,0.5706,4.288
0,lyap1,243,0.2114,0.6827,0.800000,1.700000,1,0,4.001,0.009988,0.20809,0.67331,0.000000,0,401.98,22.92,34.96,148.84,0.022921,0.034642,0.6373,4.805
0,lyap1,244,0.3551,-0.4475,0.800000,1.700000,1,0,3.671,0.009990,0.34861,-0.43993,0.000000,0,425.37,19.39,32.54,165.61,0.019387,0.029548,0.4128,4.017
0,lyap1,245,-0.0902,0.2305,0.800000,1.700000,1,0,3.695,0.009989,-0.08888,0.22065,0.000000,0,772.23,7.88,104.67,275.54,0.007877,0.009491,0.1944,2.665
0,lyap1,246,0.3024,-0.0595,0.800000,1.700000,1,0,3.018,0.009991,0.29254,-0.05785,0.000000,0,404.03,3.38,7.94,191.54,0.003382,0.004805,0.1214,2.012
0,lyap1,247,0.0963,-0.5319,0.800000,1.700000,1,0,3.914,0.009999,0.09383,-0.52217,0.000000,0,518.11,16.70,47.02,199.51,0.016695,0.024051,0.4010,3.958
0,lyap1,248,0.6870,-0.3791,0.800000,1.700000,1,0,3.621,0.009985,0.67811,-0.37454,0.000000,0,243.78,17.82,21.27,87.25,0.017822,0.027398,0.7645,4.947
0,lyap1,249,0.6621,-0.5816,0.800000,1.700000,1,0,3.793,0.009985,0.65454,-0.57514,0.000000,0,226.33,25.41,23.38,70.72,0.025415,0.039712,0.9452,5.556
0,lyap1,250,-0.1159,-0.8802,0.800000,1.700000,1,0,4.320,0.009983,-0.11540,-0.87024,0.000000,0,364.87,19.71,46.98,120.67,0.019707,0.025391,1.0104,5.722
0,lyap1,251,0.1278,0.4828,0.800000,1.700000,1,0,3.830,0.009986,0.12462,0.47336,0.000000,0,527.19,16.44,46.03,205.24,0.016441,0.024071,0.3464,3.752
0,lyap1,252,-0.4713,-0.6876,0.800000,1.700000,1,0,4.441,0.009989,-0.46737,-0.67839,0.000000,0,525.13,40.36,81.12,151.17,0.040363,0.048015,1.0242,5.347
0,lyap1,253,0.0785,-0.2458,0.800000,1.700000,1,0,3.422,0.010000,0.07444,-0.23667,0.000000,0,619.38,9.62,55.78,246.69,0.009621,0.013592,0.1409,2.635
0,lyap1,254,0.1938,-0.0414,0.800000,1.700000,1,0,2.765,0.010000,0.18399,-0.03952,0.000000,0,420.87,2.55,4.30,204.22,0.002546,0.003486,0.0515,1.424
0,lyap1,255,0.2595,0.6392,0.800000,1.700000,1,0,3.935,0.009996,0.25543,0.63006,0.000000,0,403.91,22.97,33.84,150.89,0.022973,0.035078,0.5929,4.670
0,lyap1,256,-0.1225,-0.6050,0.800000,1.700000,1,0,4.156,0.009993,-0.12175,-0.59501,0.000000,0,541.18,14.27,62.93,196.95,0.014273,0.017543,0.5487,4.338
0,lyap1,257,-0.2557,-0.7313,0.800000,1.700000,1,0,4.326,0.009985,-0.25370,-0.72154,0.000000,0,479.30,20.07,64.54,160.05,0.020070,0.025432,0.8354,5.119
0,lyap1,258,0.9286,-0.2665,0.800000,1.700000,1,0,3.634,0.009980,0.91901,-0.26394,0.000000,0,95.32,12.64,12.94,25.24,0.012641,0.019543,1.1730,5.762
0,lyap1,259,-0.1529,0.2949,0.800000,1.700000,1,0,3.901,0.009999,-0.15050,0.28516,0.000000,0,762.80,13.60,104.00,267.20,0.013599,0.015779,0.2648,2.979
0,lyap1,260,-0.5134,-0.8404,0.800000,1.700000,1,0,4.513,0.009981,-0.50975,-0.83113,0.000000,0,419.98,42.01,72.28,106.21,0.042012,0.050674,1.3558,6.155
0,lyap1,261,0.1135,0.7021,0.800000,1.700000,1,0,4.071,0.009997,0.11142,0.69230,0.000000,0,424.49,20.89,39.70,156.88,0.020891,0.030434,0.6433,4.803
0,lyap1,262,0.1363,0.0233,0.800000,1.700000,1,0,2.538,0.009995,0.12640,0.02174,0.000000,0,409.70,1.55,1.12,202.57,0.001549,0.002049,0.0254,1.031
0,lyap1,263,0.6920,-0.4273,0.800000,1.700000,1,0,3.663,0.009981,0.68340,-0.42225,0.000000,0,236.74,19.77,22.08,81.46,0.019769,0.030526,0.8176,5.130
0,lyap1,264,0.2765,0.2692,0.800000,1.700000,1,0,3.382,0.010000,0.26897,0.26264,0.000000,0,486.09,13.03,32.89,200.38,0.013030,0.019237,0.2017,3.022
0,lyap1,265,0.2175,0.3285,0.800000,1.700000,1,0,3.516,0.009983,0.21144,0.32050,0.000000,0,522.20,14.43,39.75,210.53,0.014427,0.021414,0.2189,3.169
0,lyap1,266,0.5969,-0.4234,0.800000,1.700000,1,0,3.642,0.009990,0.58858,-0.41788,0.000000,0,293.40,19.56,24.38,107.64,0.019561,0.030068,0.6623,4.730
0,lyap1,267,0.0093,-0.2934,0.800000,1.700000,1,0,3.638,0.009996,0.00758,-0.28353,0.000000,0,664.47,8.61,70.48,255.29,0.008612,0.011296,0.1851,2.836
0,lyap1,268,-0.0703,-0.4002,0.800000,1.700000,1,0,3.915,0.009987,-0.07008,-0.39024,0.000000,0,653.23,9.84,75.00,244.24,0.009841,0.011913,0.2944,3.330
0,lyap1,269,-0.1298,0.8148,0.800000,1.700000,1,0,4.293,0.009987,-0.12911,0.80486,0.000000,0,408.53,18.36,50.89,139.60,0.018362,0.023247,0.8911,5.397
0,lyap1,270,0.3659,0.1527,0.800000,1.700000,1,0,3.216,0.009992,0.35653,0.14925,0.000000,0,410.54,8.11,18.37,180.82,0.008112,0.011822,0.2021,2.751
0,lyap1,271,0.1731,0.7224,0.800000,1.700000,1,0,4.056,0.009985,0.17039,0.71276,0.000000,0,395.03,22.87,35.77,144.59,0.022870,0.034161,0.6883,4.954
0,lyap1,272,-0.1537,-0.3882,0.800000,1.700000,1,0,4.002,0.009999,-0.15185,-0.37834,0.000000,0,693.38,12.59,88.50,248.75,0.012591,0.015535,0.3298,3.361
0,lyap1,273,0.3157,0.8481,0.800000,1.700000,1,0,4.092,0.009995,0.31209,0.83880,0.000000,0,281.85,28.83,27.11,92.20,0.028834,0.044629,0.9819,5.758
0,lyap1,274,-0.0314,-0.5603,0.800000,1.700000,1,0,4.046,0.009986,-0.03188,-0.55027,0.000000,0,545.84,13.79,57.33,205.25,0.013791,0.018072,0.4519,4.068
0,lyap1,275,0.8578,-0.3810,0.800000,1.700000,1,0,3.670,0.009999,0.84862,-0.37716,0.000000,0,138.97,17.78,17.70,38.45,0.017785,0.027569,1.0967,5.724
0,lyap1,276,0.1279,-0.9419,0.800000,1.700000,1,0,4.234,0.009987,0.12632,-0.93205,0.000000,0,284.40,26.40,31.94,90.46,0.026402,0.038789,1.0955,6.024
0,lyap1,277,0.3437,0.3660,0.800000,1.700000,1,0,3.553,0.009998,0.33656,0.35907,0.000000,0,445.36,16.73,32.49,177.65,0.016731,0.025222,0.3244,3.635
0,lyap1,278,0.4443,0.0492,0.800000,1.700000,1,0,3.208,0.009995,0.43438,0.04820,0.000000,0,340.67,2.64,5.48,162.87,0.002641,0.003856,0.2534,2.668
0,lyap1,279,0.5094,-0.5381,0.800000,1.700000,1,0,3.757,0.009997,0.50237,-0.53099,0.000000,0,320.72,23.30,27.04,115.84,0.023304,0.036097,0.6724,4.854
0,lyap1,280,0.6178,0.6921,0.800000,1.700000,1,0,3.889,0.009982,0.61107,0.68467,0.000000,0,217.63,28.76,23.12,64.12,0.028760,0.045246,1.0358,5.822
0,lyap1,281,-0.0121,0.1057,0.800000,1.700000,1,0,3.060,0.009998,-0.01331,0.09581,0.000000,0,694.64,3.02,82.60,262.46,0.003017,0.003612,0.1226,2.206
0,lyap1,282,0.5679,0.2579,0.800000,1.700000,1,0,3.469,0.009997,0.55867,0.25403,0.000000,0,314.95,12.71,20.04,127.90,0.012713,0.019177,0.4886,4.017
0,lyap1,283,0.2760,0.1287,0.800000,1.700000,1,0,3.084,0.010000,0.26675,0.12496,0.000000,0,445.15,7.10,18.14,199.11,0.007096,0.010145,0.1233,2.299
0,lyap1,284,0.4500,0.3983,0.800000,1.700000,1,0,3.598,0.009988,0.44225,0.39199,0.000000,0,381.31,18.33,28.55,148.36,0.018325,0.027902,0.4518,4.098
0,lyap1,285,0.4344,0.0610,0.800000,1.700000,1,0,3.202,0.009990,0.42444,0.05975,0.000000,0,349.01,3.28,6.88,165.16,0.003280,0.004784,0.2440,2.662
0,lyap1,286,0.2625,-0.1936,0.800000,1.700000,1,0,3.215,0.009983,0.25411,-0.18818,0.000000,0,478.57,10.06,27.32,204.42,0.010064,0.014590,0.1461,2.614
0,lyap1,287,0.4951,-0.4703,0.800000,1.700000,1,0,3.685,0.009982,0.48771,-0.46359,0.000000,0,344.22,20.99,27.59,128.78,0.020994,0.032292,0.5760,4.537
0,lyap1,288,-0.0609,0.1904,0.800000,1.700000,1,0,3.543,0.009985,-0.06022,0.18046,0.000000,0,770.73,5.81,104.11,276.91,0.005806,0.006866,0.1633,2.504
0,lyap1,289,0.4627,-0.5742,0.800000,1.700000,1,0,3.801,0.009996,0.45628,-0.56659,0.000000,0,334.82,24.09,27.96,121.39,0.024089,0.037359,0.6651,4.857
0,lyap1,290,-0.2671,0.5113,0.800000,1.700000,1,0,4.214,0.009985,-0.26422,0.50176,0.000000,0,634.91,22.26,84.73,216.03,0.022255,0.026559,0.5393,4.093
0,lyap1,291,-0.1914,0.4290,0.800000,1.700000,1,0,4.082,0.009995,-0.18916,0.41923,0.000000,0,676.49,15.57,87.49,239.08,0.015568,0.019078,0.3916,3.594
0,lyap1,292,0.3585,0.0772,0.800000,1.700000,1,0,3.118,0.009996,0.34870,0.07535,0.000000,0,388.59,4.25,9.70,181.41,0.004252,0.006126,0.1714,2.361
0,lyap1,293,0.0225,0.1187,0.800000,1.700000,1,0,3.007,0.009992,0.01904,0.10935,0.000000,0,626.00,4.67,56.70,252.80,0.004667,0.006166,0.0990,2.139
0,lyap1,294,0.4545,0.0289,0.800000,1.700000,1,0,3.214,0.009985,0.44452,0.02832,0.000000,0,329.90,1.55,3.18,160.61,0.001549,0.002264,0.2629,2.647
0,lyap1,295,-0.0097,-0.2389,0.800000,1.700000,1,0,3.548,0.009987,-0.01098,-0.22900,0.000000,0,698.06,6.66,79.38,264.66,0.006657,0.008394,0.1593,2.624
0,lyap1,296,-0.0414,-0.4969,0.800000,1.700000,1,0,3.992,0.009999,-0.04170,-0.48689,0.000000,0,585.68,12.17,62.73,220.98,0.012171,0.015603,0.3795,3.765
0,lyap1,297,-0.4635,-0.8276,0.800000,1.700000,1,0,4.483,0.009995,-0.46011,-0.81823,0.000000,0,428.74,37.23,70.67,115.78,0.037231,0.045172,1.2539,5.979
0,lyap1,298,-0.1078,-0.2116,0.800000,1.700000,1,0,3.699,0.009996,-0.10578,-0.20183,0.000000,0,801.02,9.94,113.89,279.17,0.009941,0.011390,0.1983,2.627
0,lyap1,299,0.1967,0.7699,0.800000,1.700000,1,0,4.083,0.009990,0.19400,0.76032,0.000000,0,362.33,24.48,33.37,129.44,0.024482,0.036857,0.7769,5.213
0,lyap2,0,-0.4828,-0.7608,0.500000,2.500000,1,0,8.056,0.009999,-0.47860,-0.75166,0.000000,0,1036.18,26.26,43.98,454.41,0.026259,0.038014,0.7696,4.243
0,lyap2,1,0.3886,-0.1909,0.500000,2.500000,1,0,6.302,0.009995,0.37962,-0.18645,0.000000,0,898.20,2.46,2.07,445.18,0.002459,0.005100,0.1348,2.251
0,lyap2,2,0.1373,-0.1241,0.500000,2.500000,1,0,5.118,0.009998,0.12985,-0.11736,0.000000,0,843.43,1.80,0.90,419.46,0.001803,0.003381,0.0566,1.810
0,lyap2,3,0.5235,0.3075,0.500000,2.500000,1,0,6.832,0.009997,0.51488,0.30240,0.000000,0,886.58,3.59,1.82,438.77,0.003589,0.007751,0.2553,2.946
0,lyap2,4,0.3315,0.9345,0.500000,2.500000,1,0,7.858,0.009999,0.32787,0.92514,0.000000,0,856.09,9.28,8.46,412.63,0.009282,0.016160,0.6949,4.614
0,lyap2,5,0.3231,-0.0585,0.500000,2.500000,1,0,5.830,0.009998,0.31322,-0.05670,0.000000,0,876.60,0.85,1.01,436.66,0.000852,0.001693,0.0726,1.480
0,lyap2,6,-0.0850,0.5502,0.500000,2.500000,1,0,7.200,0.009994,-0.08427,0.54019,0.000000,0,1029.59,9.25,26.19,481.67,0.009247,0.013759,0.3501,3.444
0,lyap2,7,-0.0720,-0.5823,0.500000,2.500000,1,0,7.267,0.009997,-0.07155,-0.57229,0.000000,0,1021.34,9.28,24.97,478.74,0.009276,0.013798,0.3667,3.509
0,lyap2,8,0.3960,-0.5209,0.500000,2.500000,1,0,7.094,0.009999,0.38990,-0.51298,0.000000,0,904.15,5.27,1.57,446.55,0.005270,0.011086,0.3199,3.442
0,lyap2,9,0.3685,0.3828,0.500000,2.500000,1,0,6.732,0.009997,0.36156,0.37561,0.000000,0,910.75,4.15,0.25,452.01,0.004146,0.008838,0.2186,2.963
0,lyap2,10,0.1283,0.2512,0.500000,2.500000,1,0,5.909,0.009996,0.12365,0.24235,0.000000,0,926.04,3.13,4.73,455.94,0.003126,0.005328,0.1207,2.496
0,lyap2,11,0.2440,0.2446,0.500000,2.500000,1,0,6.077,0.010000,0.23690,0.23749,0.000000,0,908.93,2.95,0.59,451.67,0.002948,0.005989,0.1143,2.362
0,lyap2,12,0.6768,0.6211,0.500000,2.500000,1,0,7.530,0.009996,0.66943,0.61433,0.000000,0,823.28,6.13,0.47,406.57,0.006134,0.013913,0.5691,4.202
0,lyap2,13,0.7407,-0.0375,0.500000,2.500000,1,0,7.045,0.010000,0.73071,-0.03694,0.000000,0,836.71,0.46,0.29,417.72,0.000457,0.000992,0.3604,2.823
0,lyap2,14,0.1895,0.9012,0.500000,2.500000,1,0,7.807,0.009999,0.18706,0.89149,0.000000,0,897.22,9.72,12.55,428.77,0.009716,0.015280,0.6287,4.405
0,lyap2,15,0.3282,0.2784,0.500000,2.500000,1,0,6.375,0.009997,0.32057,0.27193,0.000000,0,911.10,3.29,1.35,451.73,0.003292,0.006881,0.1492,2.540
0,lyap2,16,0.4229,-0.6724,0.500000,2.500000,1,0,7.425,0.009996,0.41746,-0.66395,0.000000,0,883.86,6.56,3.26,433.75,0.006564,0.013350,0.4542,3.932
0,lyap2,17,-0.0535,-0.6259,0.500000,2.500000,1,0,7.355,0.009997,-0.05337,-0.61587,0.000000,0,1009.65,9.36,23.47,474.34,0.009362,0.013907,0.3921,3.604
0,lyap2,18,0.5135,-0.1699,0.500000,2.500000,1,0,6.603,0.009999,0.50406,-0.16669,0.000000,0,884.63,2.15,1.71,438.99,0.002151,0.004545,0.1970,2.451
0,lyap2,19,-0.1027,-0.2139,0.500000,2.500000,1,0,6.017,0.009997,-0.09947,-0.20443,0.000000,0,1041.01,7.56,38.17,476.66,0.007563,0.009947,0.2630,3.106
0,lyap2,20,0.5724,0.0126,0.500000,2.500000,1,0,6.656,0.009996,0.56245,0.01233,0.000000,0,869.14,0.16,0.14,434.31,0.000162,0.000342,0.2148,2.157
0,lyap2,21,-0.2534,-0.7892,0.500000,2.500000,1,0,7.854,0.009997,-0.25133,-0.77945,0.000000,0,1007.34,16.29,33.06,458.40,0.016289,0.024980,0.6230,4.108
0,lyap2,22,0.1756,0.0811,0.500000,2.500000,1,0,5.084,0.009998,0.16659,0.07683,0.000000,0,831.96,1.29,0.79,414.22,0.001293,0.002424,0.0366,1.398
0,lyap2,23,-0.1826,-0.5070,0.500000,2.500000,1,0,7.218,0.009998,-0.18027,-0.49724,0.000000,0,1063.00,12.24,34.49,487.83,0.012244,0.017851,0.3721,3.428
0,lyap2,24,0.5281,0.1638,0.500000,2.500000,1,0,6.633,0.009994,0.51858,0.16077,0.000000,0,882.41,2.07,1.63,438.02,0.002071,0.004384,0.2050,2.469
0,lyap2,25,0.2533,-0.1131,0.500000,2.500000,1,0,5.623,0.009995,0.24421,-0.10897,0.000000,0,874.13,1.64,1.51,434.32,0.001641,0.003223,0.0615,1.664
0,lyap2,26,-0.0698,0.1000,0.500000,2.500000,1,0,5.060,0.009999,-0.06528,0.09101,0.000000,0,972.86,5.62,49.42,432.80,0.005617,0.006808,0.3014,3.319
0,lyap2,27,0.3040,0.0277,0.500000,2.500000,1,0,5.713,0.009997,0.29405,0.02673,0.000000,0,869.04,0.41,0.50,433.71,0.000413,0.000812,0.0615,1.262
0,lyap2,28,0.2958,-0.8584,0.500000,2.500000,1,0,7.730,0.009997,0.29229,-0.84904,0.000000,0,882.90,8.70,8.74,426.18,0.008701,0.014918,0.5978,4.353
0,lyap2,29,0.3034,0.1431,0.500000,2.500000,1,0,5.914,0.009997,0.29443,0.13879,0.000000,0,889.55,1.97,1.89,441.41,0.001969,0.003960,0.0856,1.893
0,lyap2,30,-0.0517,-0.6699,0.500000,2.500000,1,0,7.453,0.009997,-0.05169,-0.65993,0.000000,0,1001.12,9.80,23.17,470.04,0.009795,0.014610,0.4266,3.713
0,lyap2,31,0.5492,0.3284,0.500000,2.500000,1,0,6.913,0.010000,0.54062,0.32323,0.000000,0,881.30,3.78,1.76,436.05,0.003780,0.008212,0.2819,3.068
0,lyap2,32,-0.2470,-0.5392,0.500000,2.500000,1,0,7.389,0.009996,-0.24398,-0.52968,0.000000,0,1072.27,15.31,38.27,486.39,0.015310,0.021908,0.4290,3.539
0,lyap2,33,0.0352,0.9500,0.500000,2.500000,1,0,7.928,0.009999,0.03427,0.94002,0.000000,0,914.84,11.58,18.58,430.15,0.011578,0.017452,0.6902,4.493
0,lyap2,34,0.0707,-0.1224,0.500000,2.500000,1,0,4.847,0.009995,0.06558,-0.11382,0.000000,0,833.54,1.81,5.73,409.68,0.001815,0.002947,0.0906,2.088
0,lyap2,35,0.4590,0.2294,0.500000,2.500000,1,0,6.559,0.009997,0.45004,0.22491,0.000000,0,894.85,2.84,2.01,443.28,0.002838,0.005999,0.1841,2.539
0,lyap2,36,-0.1107,0.4644,0.500000,2.500000,1,0,6.998,0.009997,-0.10928,0.45449,0.000000,0,1047.44,9.17,29.39,487.45,0.009173,0.013548,0.3115,3.294
0,lyap2,37,0.1172,0.8775,0.500000,2.500000,1,0,7.781,0.009994,0.11539,0.86762,0.000000,0,918.84,10.02,15.11,436.80,0.010019,0.015196,0.5997,4.300
0,lyap2,38,-0.1887,-0.6828,0.500000,2.500000,1,0,7.604,0.009995,-0.18695,-0.67293,0.000000,0,1026.45,13.36,31.33,471.87,0.013364,0.020376,0.4944,3.803
0,lyap2,39,0.8660,-0.0873,0.500000,2.500000,1,0,7.289,0.009994,0.85606,-0.08627,0.000000,0,803.70,1.03,0.56,400.52,0.001029,0.002269,0.4965,3.367
0,lyap2,40,0.3463,-0.5640,0.500000,2.500000,1,0,7.155,0.010000,0.34101,-0.55552,0.000000,0,913.96,5.72,3.36,449.33,0.005723,0.011342,0.3352,3.523
0,lyap2,41,0.1016,-0.3385,0.500000,2.500000,1,0,6.330,0.009997,0.09847,-0.32903,0.000000,0,963.12,4.23,8.99,469.40,0.004233,0.006423,0.1702,2.816
0,lyap2,42,-0.2362,-0.3342,0.500000,2.500000,1,0,6.883,0.009998,-0.23165,-0.32532,0.000000,0,1106.79,14.71,45.56,496.81,0.014708,0.019790,0.3431,3.584
0,lyap2,43,0.8826,0.0070,0.500000,2.500000,1,0,7.306,0.009998,0.87257,0.00695,0.000000,0,796.92,0.08,0.05,398.35,0.000083,0.000183,0.5102,3.292
0,lyap2,44,0.1563,-0.4355,0.500000,2.500000,1,0,6.711,0.009997,0.15267,-0.42619,0.000000,0,961.69,5.03,7.79,469.29,0.005026,0.008160,0.2188,3.058
0,lyap2,45,0.0602,0.2535,0.500000,2.500000,1,0,5.898,0.009998,0.05753,0.24391,0.000000,0,949.89,3.49,11.32,461.01,0.003492,0.004941,0.1441,2.650
0,lyap2,46,0.3509,-0.8008,0.500000,2.500000,1,0,7.636,0.010000,0.34672,-0.79176,0.000000,0,881.28,7.94,6.58,428.11,0.007936,0.014496,0.5516,4.233
0,lyap2,47,-0.1504,-0.4231,0.500000,2.500000,1,0,6.943,0.009995,-0.14810,-0.41338,0.000000,0,1065.28,10.48,33.96,490.81,0.010485,0.015073,0.3135,3.266
0,lyap2,48,0.3656,-0.0779,0.500000,2.500000,1,0,6.029,0.009999,0.35586,-0.07581,0.000000,0,883.84,1.09,1.24,439.86,0.001095,0.002211,0.0942,1.692
0,lyap2,49,-0.2992,-0.4212,0.500000,2.500000,1,0,7.234,0.009997,-0.29462,-0.41228,0.000000,0,1108.90,17.80,46.16,494.94,0.017798,0.024438,0.4116,3.698
0,lyap2,50,0.7379,0.3254,0.500000,2.500000,1,0,7.226,0.009994,0.72873,0.32130,0.000000,0,836.84,3.70,1.71,413.94,0.003701,0.008188,0.4321,3.522
0,lyap2,51,0.2430,0.2287,0.500000,2.500000,1,0,6.013,0.009996,0.23571,0.22188,0.000000,0,905.54,2.81,0.82,449.84,0.002813,0.005705,0.1066,2.290
0,lyap2,52,-0.0147,-0.5282,0.500000,2.500000,1,0,7.072,0.009999,-0.01505,-0.51825,0.000000,0,1012.17,7.65,20.92,479.43,0.007646,0.011052,0.3103,3.359
0,lyap2,53,0.0787,0.1072,0.500000,2.500000,1,0,4.706,0.009996,0.07271,0.09917,0.000000,0,808.98,1.62,2.93,400.35,0.001619,0.002777,0.0752,1.930
0,lyap2,54,-0.1562,0.9648,0.500000,2.500000,1,0,8.048,0.009999,-0.15542,0.95483,0.000000,0,939.81,14.79,26.51,432.30,0.014789,0.023104,0.7617,4.549
0,lyap2,55,-0.1446,-0.2073,0.500000,2.500000,1,0,6.157,0.009997,-0.14006,-0.19839,0.000000,0,1070.82,9.94,44.68,483.27,0.009942,0.012824,0.3004,3.425
0,lyap2,56,0.7844,0.3256,0.500000,2.500000,1,0,7.298,0.009997,0.77517,0.32171,0.000000,0,823.77,3.68,1.67,407.45,0.003685,0.008187,0.4774,3.652
0,lyap2,57,0.2535,-0.6401,0.500000,2.500000,1,0,7.294,0.009993,0.24958,-0.63087,0.000000,0,930.97,6.73,7.46,452.98,0.006725,0.011659,0.3758,3.677
0,lyap2,58,0.3038,-0.4120,0.500000,2.500000,1,0,6.732,0.009995,0.29780,-0.40400,0.000000,0,924.40,4.39,1.49,457.42,0.004388,0.008934,0.2174,3.010
0,lyap2,59,0.7189,-0.3583,0.500000,2.500000,1,0,7.232,0.009999,0.70998,-0.35380,0.000000,0,840.19,4.03,1.72,415.35,0.004027,0.008925,0.4304,3.562
0,lyap2,60,0.1800,0.0264,0.500000,2.500000,1,0,4.939,0.009998,0.17011,0.02489,0.000000,0,812.68,0.45,0.49,405.51,0.000451,0.000830,0.0231,0.897
0,lyap2,61,-0.4251,0.6545,0.500000,2.500000,1,0,7.843,0.009998,-0.42086,0.64543,0.000000,0,1066.22,23.66,44.53,470.84,0.023656,0.033794,0.6349,3.940
0,lyap2,62,0.5324,0.0722,0.500000,2.500000,1,0,6.566,0.009998,0.52253,0.07082,0.000000,0,877.12,0.94,0.83,437.02,0.000940,0.001973,0.1901,2.181
0,lyap2,63,-0.1463,-0.2830,0.500000,2.500000,1,0,6.469,0.009994,-0.14284,-0.27360,0.000000,0,1072.23,10.00,39.11,489.50,0.009998,0.013408,0.2774,3.207
0,lyap2,64,0.5285,0.0914,0.500000,2.500000,1,0,6.567,0.009997,0.51862,0.08966,0.000000,0,878.63,1.19,1.04,437.38,0.001186,0.002492,0.1900,2.229
0,lyap2,65,0.2105,0.2530,0.500000,2.500000,1,0,6.043,0.009994,0.20413,0.24538,0.000000,0,912.51,3.01,0.50,453.49,0.003013,0.005964,0.1156,2.409
0,lyap2,66,-0.2321,0.7541,0.500000,2.500000,1,0,7.776,0.009995,-0.23015,0.74430,0.000000,0,1014.60,15.32,32.56,463.25,0.015318,0.023462,0.5785,4.005
0,lyap2,67,0.1052,0.6538,0.500000,2.500000,1,0,7.333,0.009995,0.10320,0.64405,0.000000,0,966.52,7.74,14.15,463.31,0.007737,0.011544,0.3817,3.659
0,lyap2,68,0.5076,0.3617,0.500000,2.500000,1,0,6.901,0.009996,0.49953,0.35587,0.000000,0,888.66,4.07,1.51,439.76,0.004069,0.008844,0.2729,3.094
0,lyap2,69,-0.0513,0.1705,0.500000,2.500000,1,0,5.536,0.009994,-0.04943,0.16066,0.000000,0,984.57,4.59,33.60,455.24,0.004593,0.006206,0.2303,2.927
0,lyap2,70,-0.0982,0.3380,0.500000,2.500000,1,0,6.557,0.009997,-0.09634,0.32821,0.000000,0,1047.85,7.76,30.82,487.29,0.007758,0.011120,0.2528,3.103
0,lyap2,71,-0.2987,-0.5024,0.500000,2.500000,1,0,7.398,0.009996,-0.29483,-0.49316,0.000000,0,1091.10,17.73,42.88,489.37,0.017735,0.024837,0.4447,3.544
0,lyap2,72,-0.1503,0.3616,0.500000,2.500000,1,0,6.754,0.009996,-0.14757,0.35200,0.000000,0,1070.80,10.32,35.93,491.73,0.010320,0.014387,0.2913,3.194
0,lyap2,73,-0.1360,0.7558,0.500000,2.500000,1,0,7.692,0.009999,-0.13512,0.74581,0.000000,0,998.34,12.43,27.39,462.46,0.012433,0.019072,0.5326,3.961
0,lyap2,74,0.2863,-0.1810,0.500000,2.500000,1,0,5.965,0.009998,0.27788,-0.17558,0.000000,0,896.47,2.39,1.84,444.60,0.002390,0.004839,0.0943,2.071
0,lyap2,75,0.2629,0.0381,0.500000,2.500000,1,0,5.508,0.009998,0.25300,0.03665,0.000000,0,858.83,0.59,0.67,428.31,0.000588,0.001137,0.0475,1.198
0,lyap2,76,-0.0879,0.1908,0.500000,2.500000,1,0,5.829,0.009997,-0.08484,0.18125,0.000000,0,1025.33,6.70,38.17,469.46,0.006701,0.008754,0.2593,3.066
0,lyap2,77,0.1878,-0.1637,0.500000,2.500000,1,0,5.558,0.009999,0.18029,-0.15708,0.000000,0,877.92,2.21,0.23,437.07,0.002206,0.004310,0.0722,1.981
0,lyap2,78,0.3960,0.0616,0.500000,2.500000,1,0,6.127,0.009999,0.38613,0.06004,0.000000,0,883.53,0.86,0.96,440.16,0.000857,0.001741,0.1066,1.707
0,lyap2,79,0.1499,0.3328,0.500000,2.500000,1,0,6.319,0.009994,0.14563,0.32375,0.000000,0,947.58,3.94,5.45,465.38,0.003943,0.006655,0.1595,2.751
0,lyap2,80,0.4252,0.0139,0.500000,2.500000,1,0,6.209,0.010000,0.41517,0.01354,0.000000,0,880.36,0.19,0.21,439.83,0.000192,0.000391,0.1186,1.624
0,lyap2,81,-0.1576,0.2546,0.500000,2.500000,1,0,6.397,0.009999,-0.15354,0.24547,0.000000,0,1078.80,10.61,42.33,489.12,0.010613,0.013980,0.2915,3.355
0,lyap2,82,-0.0686,-0.8309,0.500000,2.500000,1,0,7.780,0.009994,-0.06848,-0.82093,0.000000,0,966.73,11.75,23.37,451.19,0.011752,0.017875,0.5811,4.146
0,lyap2,83,0.4444,-0.8902,0.500000,2.500000,1,0,7.808,0.009997,0.43982,-0.88133,0.000000,0,838.31,8.48,5.33,407.46,0.008485,0.016347,0.6863,4.605
0,lyap2,84,0.2393,0.0573,0.500000,2.500000,1,0,5.404,0.009997,0.22954,0.05492,0.000000,0,854.02,0.89,0.92,425.42,0.000892,0.001712,0.0432,1.270
0,lyap2,85,-0.0699,0.1952,0.500000,2.500000,1,0,5.782,0.009994,-0.06755,0.18544,0.000000,0,1010.73,5.69,34.55,466.55,0.005689,0.007644,0.2407,2.985
0,lyap2,86,0.7095,0.5152,0.500000,2.500000,1,0,7.417,0.009997,0.70140,0.50933,0.000000,0,829.29,5.38,1.27,409.34,0.005381,0.012117,0.5161,3.975
0,lyap2,87,-0.0494,-0.2016,0.500000,2.500000,1,0,5.748,0.009999,-0.04790,-0.19175,0.000000,0,995.12,4.77,30.19,463.80,0.004766,0.006555,0.2198,2.913
0,lyap2,88,0.0267,0.5306,0.500000,2.500000,1,0,7.048,0.009999,0.02560,0.52067,0.000000,0,1000.08,7.13,17.88,476.81,0.007132,0.010211,0.3004,3.347
0,lyap2,89,0.5313,0.5599,0.500000,2.500000,1,0,7.296,0.009999,0.52446,0.55266,0.000000,0,868.02,5.59,0.20,429.62,0.005587,0.012378,0.4167,3.753
0,lyap2,90,-0.0457,0.0894,0.500000,2.500000,1,0,4.730,0.009998,-0.04232,0.07996,0.000000,0,913.38,4.00,41.81,411.88,0.004004,0.004888,0.2703,3.093
0,lyap2,91,-0.3348,-0.7215,0.500000,2.500000,1,0,7.831,0.010000,-0.33170,-0.71197,0.000000,0,1037.99,19.61,38.47,465.82,0.019608,0.028734,0.6159,4.001
0,lyap2,92,-0.2539,0.6200,0.500000,2.500000,1,0,7.559,0.009999,-0.25123,0.61033,0.000000,0,1054.33,15.79,36.53,478.79,0.015790,0.023096,0.4845,3.706
0,lyap2,93,0.1010,0.2482,0.500000,2.500000,1,0,5.871,0.009995,0.09708,0.23901,0.000000,0,932.31,3.19,6.92,456.84,0.003193,0.005060,0.1258,2.538
0,lyap2,94,0.8495,0.4720,0.500000,2.500000,1,0,7.532,0.009995,0.84077,0.46710,0.000000,0,793.00,5.04,1.65,391.07,0.005036,0.011400,0.6244,4.205
0,lyap2,95,0.1372,0.4237,0.500000,2.500000,1,0,6.668,0.009995,0.13380,0.41426,0.000000,0,966.08,4.99,8.62,470.68,0.004992,0.007879,0.2129,3.031
0,lyap2,96,0.4789,0.8183,0.500000,2.500000,1,0,7.705,0.010000,0.47375,0.80978,0.000000,0,844.46,7.76,3.90,412.51,0.007759,0.015677,0.6238,4.437
0,lyap2,97,-0.0656,0.3396,0.500000,2.500000,1,0,6.498,0.009998,-0.06455,0.32969,0.000000,0,1032.46,6.64,26.83,484.41,0.006644,0.009527,0.2351,3.056
0,lyap2,98,0.6043,0.2287,0.500000,2.500000,1,0,6.880,0.009993,0.59494,0.22510,0.000000,0,870.81,2.76,1.73,431.61,0.002760,0.005955,0.2796,2.884
0,lyap2,99,-0.0616,-0.5886,0.500000,2.500000,1,0,7.273,0.009995,-0.06130,-0.57856,0.000000,0,1017.77,9.12,24.20,477.84,0.009124,0.013536,0.3673,3.519
0,lyap2,100,0.6577,0.3184,0.500000,2.500000,1,0,7.087,0.009996,0.64873,0.31402,0.000000,0,857.65,3.66,1.77,424.32,0.003661,0.008032,0.3582,3.291
0,lyap2,101,0.7053,0.3527,0.500000,2.500000,1,0,7.205,0.009997,0.69642,0.34816,0.000000,0,844.15,3.98,1.73,417.36,0.003977,0.008799,0.4154,3.511
0,lyap2,102,-0.2611,-0.8069,0.500000,2.500000,1,0,7.889,0.009998,-0.25903,-0.79715,0.000000,0,1002.98,16.67,33.14,455.85,0.016666,0.025590,0.6444,4.159
0,lyap2,103,-0.2565,-0.5607,0.500000,2.500000,1,0,7.447,0.009998,-0.25350,-0.55118,0.000000,0,1069.28,15.79,38.27,484.53,0.015790,0.022673,0.4477,3.588
0,lyap2,104,-0.0062,-0.2025,0.500000,2.500000,1,0,5.632,0.009998,-0.00652,-0.19252,0.000000,0,961.31,3.58,21.94,456.03,0.003584,0.004759,0.1808,2.751
0,lyap2,105,0.1683,-0.1221,0.500000,2.500000,1,0,5.253,0.010000,0.16022,-0.11619,0.000000,0,851.05,1.79,0.20,423.98,0.001791,0.003413,0.0531,1.733
0,lyap2,106,0.1073,0.7657,0.500000,2.500000,1,0,7.574,0.009999,0.10549,0.75589,0.000000,0,946.52,8.92,14.91,451.66,0.008924,0.013402,0.4834,3.973
0,lyap2,107,0.2607,-0.0935,0.500000,2.500000,1,0,5.602,0.009999,0.25131,-0.09007,0.000000,0,870.35,1.38,1.40,432.74,0.001383,0.002706,0.0578,1.549
0,lyap2,108,0.2814,0.9272,0.500000,2.500000,1,0,7.845,0.009994,0.27821,0.91770,0.000000,0,869.93,9.44,9.80,418.09,0.009441,0.015816,0.6732,4.547
0,lyap2,109,0.5130,0.7951,0.500000,2.500000,1,0,7.683,0.009995,0.50748,0.78672,0.000000,0,839.84,7.49,3.04,411.26,0.007487,0.015616,0.6179,4.417
0,lyap2,110,0.4870,-0.3349,0.500000,2.500000,1,0,6.815,0.009998,0.47881,-0.32921,0.000000,0,892.89,3.84,1.64,441.93,0.003835,0.008284,0.2469,2.967
0,lyap2,111,0.2839,0.6459,0.500000,2.500000,1,0,7.313,0.010000,0.27967,0.63681,0.000000,0,922.49,6.67,6.50,449.74,0.006672,0.011953,0.3863,3.715
0,lyap2,112,0.3172,0.1950,0.500000,2.500000,1,0,6.103,0.010000,0.30869,0.18972,0.000000,0,900.20,2.53,1.97,446.23,0.002528,0.005173,0.1088,2.167
0,lyap2,113,0.3999,-0.0481,0.500000,2.500000,1,0,6.132,0.009994,0.38995,-0.04685,0.000000,0,882.53,0.67,0.76,440.01,0.000670,0.001361,0.1071,1.663
0,lyap2,114,0.0845,-0.3381,0.500000,2.500000,1,0,6.330,0.009995,0.08173,-0.32847,0.000000,0,968.81,4.34,10.40,470.75,0.004337,0.006365,0.1739,2.835
0,lyap2,115,0.2833,0.3617,0.500000,2.500000,1,0,6.557,0.009993,0.27712,0.35384,0.000000,0,923.92,3.96,0.89,458.10,0.003959,0.008065,0.1828,2.827
0,lyap2,116,-0.0960,-0.1708,0.500000,2.500000,1,0,5.748,0.009997,-0.09231,-0.16151,0.000000,0,1028.84,7.17,42.05,467.00,0.007167,0.009152,0.2772,3.204
0,lyap2,117,0.1426,0.0149,0.500000,2.500000,1,0,4.578,0.009998,0.13270,0.01386,0.000000,0,774.39,0.27,0.56,386.43,0.000275,0.000489,0.0142,0.691
0,lyap2,118,0.2298,-0.1089,0.500000,2.500000,1,0,5.498,0.009997,0.22079,-0.10460,0.000000,0,866.48,1.61,1.31,430.73,0.001607,0.003125,0.0548,1.619
0,lyap2,119,0.3467,0.6367,0.500000,2.500000,1,0,7.316,0.009997,0.34181,0.62801,0.000000,0,907.68,6.40,4.52,444.52,0.006402,0.012311,0.3947,3.742
0,lyap2,120,0.1427,0.1849,0.500000,2.500000,1,0,5.542,0.009999,0.13655,0.17698,0.000000,0,888.43,2.39,2.24,440.19,0.002387,0.004468,0.0855,2.174
0,lyap2,121,0.9039,0.2691,0.500000,2.500000,1,0,7.433,0.009997,0.89428,0.26622,0.000000,0,789.81,3.05,1.41,391.21,0.003049,0.006815,0.5845,3.873
0,lyap2,122,0.6186,-0.7694,0.500000,2.500000,1,0,7.701,0.009995,0.61231,-0.76161,0.000000,0,814.92,7.19,1.30,400.77,0.007187,0.015931,0.6600,4.513
0,lyap2,123,0.1330,0.4410,0.500000,2.500000,1,0,6.727,0.010000,0.12982,0.43147,0.000000,0,968.59,5.21,9.28,471.11,0.005205,0.008119,0.2239,3.080
0,lyap2,124,0.3040,-0.5997,0.500000,2.500000,1,0,7.216,0.009996,0.29935,-0.59082,0.000000,0,922.03,6.16,5.13,451.26,0.006162,0.011492,0.3521,3.593
0,lyap2,125,0.8777,-0.3398,0.500000,2.500000,1,0,7.447,0.009995,0.86839,-0.33612,0.000000,0,794.82,3.79,1.61,392.96,0.003788,0.008493,0.5835,3.957
0,lyap2,126,0.4647,-0.7285,0.500000,2.500000,1,0,7.549,0.009995,0.45926,-0.72015,0.000000,0,864.62,6.99,3.15,423.92,0.006988,0.014395,0.5258,4.153
0,lyap2,127,-0.1434,-0.2996,0.500000,2.500000,1,0,6.522,0.009999,-0.14020,-0.29011,0.000000,0,1070.33,9.86,37.85,489.92,0.009861,0.013360,0.2741,3.149
0,lyap2,128,0.7348,0.4244,0.500000,2.500000,1,0,7.333,0.009997,0.72621,0.41940,0.000000,0,831.34,4.63,1.64,410.56,0.004629,0.010346,0.4808,3.784
0,lyap2,129,-0.1202,-0.4211,0.500000,2.500000,1,0,6.884,0.009995,-0.11837,-0.41129,0.000000,0,1054.56,9.17,31.11,489.29,0.009173,0.013408,0.2959,3.233
0,lyap2,130,0.0262,0.7331,0.500000,2.500000,1,0,7.539,0.009999,0.02527,0.72317,0.000000,0,971.24,9.38,18.72,459.87,0.009382,0.013829,0.4622,3.870
0,lyap2,131,0.1806,-0.8313,0.500000,2.500000,1,0,7.685,0.009997,0.17811,-0.82159,0.000000,0,915.95,9.06,12.36,438.82,0.009058,0.014199,0.5507,4.192
0,lyap2,132,0.0616,0.4904,0.500000,2.500000,1,0,6.908,0.009995,0.05989,0.48051,0.000000,0,991.43,6.30,14.97,476.02,0.006300,0.009045,0.2660,3.236
0,lyap2,133,0.3828,0.6743,0.500000,2.500000,1,0,7.409,0.009997,0.37777,0.66567,0.000000,0,893.95,6.67,4.17,437.81,0.006665,0.013080,0.4399,3.891
0,lyap2,134,0.6240,-0.1220,0.500000,2.500000,1,0,6.825,0.010000,0.61421,-0.12004,0.000000,0,864.59,1.52,1.10,430.05,0.001522,0.003258,0.2666,2.624
0,lyap2,135,0.7082,-0.4265,0.500000,2.500000,1,0,7.300,0.009994,0.69966,-0.42133,0.000000,0,838.55,4.65,1.61,414.18,0.004648,0.010371,0.4579,3.724
0,lyap2,136,0.3059,-0.0613,0.500000,2.500000,1,0,5.756,0.009996,0.29609,-0.05933,0.000000,0,874.05,0.90,1.06,435.29,0.000902,0.001782,0.0662,1.449
0,lyap2,137,0.3815,0.8201,0.500000,2.500000,1,0,7.677,0.009998,0.37709,0.81113,0.000000,0,869.71,8.02,6.02,422.82,0.008020,0.014972,0.5825,4.322
0,lyap2,138,-0.4068,-0.7436,0.500000,2.500000,1,0,7.947,0.009994,-0.40314,-0.73433,0.000000,0,1037.95,22.84,41.27,460.57,0.022844,0.033206,0.6894,4.121
0,lyap2,139,0.2478,-0.2333,0.500000,2.500000,1,0,6.042,0.009999,0.24056,-0.22640,0.000000,0,906.59,2.86,0.85,450.30,0.002855,0.005804,0.1094,2.311
0,lyap2,140,0.6772,0.6933,0.500000,2.500000,1,0,7.632,0.010000,0.67022,0.68617,0.000000,0,810.67,6.64,0.07,400.28,0.006637,0.015081,0.6322,4.406
0,lyap2,141,0.0428,-0.2079,0.500000,2.500000,1,0,5.603,0.009997,0.04037,-0.19818,0.000000,0,933.48,3.05,13.40,451.05,0.003052,0.004160,0.1425,2.576
0,lyap2,142,0.6916,-0.1596,0.500000,2.500000,1,0,6.995,0.009999,0.68184,-0.15728,0.000000,0,850.95,1.94,1.23,422.79,0.001936,0.004196,0.3321,2.941
0,lyap2,143,0.3035,0.5051,0.500000,2.500000,1,0,6.985,0.009998,0.29829,0.49656,0.000000,0,926.73,5.26,3.42,456.01,0.005259,0.010227,0.2796,3.307
0,lyap2,144,0.1292,-0.1752,0.500000,2.500000,1,0,5.446,0.009999,0.12324,-0.16717,0.000000,0,883.11,2.30,2.92,436.91,0.002298,0.004224,0.0840,2.155
0,lyap2,145,0.4745,0.7177,0.500000,2.500000,1,0,7.535,0.009996,0.46893,0.70938,0.000000,0,863.70,6.87,2.84,423.85,0.006875,0.014319,0.5203,4.134
0,lyap2,146,0.3993,0.8983,0.500000,2.500000,1,0,7.810,0.009998,0.39511,0.88925,0.000000,0,848.05,8.69,6.41,411.09,0.008691,0.016121,0.6761,4.576
0,lyap2,147,-0.1444,0.3214,0.500000,2.500000,1,0,6.604,0.009996,-0.14145,0.31185,0.000000,0,1070.31,9.95,36.92,490.77,0.009945,0.013626,0.2771,3.156
0,lyap2,148,0.0548,-0.4646,0.500000,2.500000,1,0,6.829,0.009994,0.05314,-0.45478,0.000000,0,993.47,6.07,15.14,477.04,0.006069,0.008654,0.2513,3.176
0,lyap2,149,0.3302,-0.5948,0.500000,2.500000,1,0,7.217,0.009995,0.32523,-0.58617,0.000000,0,915.88,6.05,4.30,449.11,0.006048,0.011630,0.3549,3.601
0,lyap2,150,0.1291,0.0400,0.500000,2.500000,1,0,4.515,0.009994,0.11955,0.03700,0.000000,0,771.31,0.73,1.57,383.54,0.000732,0.001298,0.0180,0.988
0,lyap2,151,0.1204,0.0183,0.500000,2.500000,1,0,4.336,0.009994,0.11048,0.01674,0.000000,0,747.36,0.35,1.20,372.22,0.000353,0.000614,0.0112,0.691
0,lyap2,152,0.3968,0.7576,0.500000,2.500000,1,0,7.572,0.009995,0.39199,0.74886,0.000000,0,877.63,7.40,4.92,428.34,0.007399,0.014274,0.5241,4.154
0,lyap2,153,0.0547,0.2267,0.500000,2.500000,1,0,5.729,0.009999,0.05201,0.21703,0.000000,0,938.80,3.20,11.76,455.24,0.003197,0.004482,0.1393,2.589
0,lyap2,154,0.0069,0.1062,0.500000,2.500000,1,0,4.624,0.009999,0.00568,0.09628,0.000000,0,841.53,2.00,18.00,401.26,0.002003,0.002482,0.1636,2.528
0,lyap2,155,0.3885,0.8374,0.500000,2.500000,1,0,7.708,0.009999,0.38412,0.82843,0.000000,0,864.32,8.16,6.04,420.00,0.008160,0.015249,0.6037,4.382
0,lyap2,156,0.0770,0.0732,0.500000,2.500000,1,0,4.294,0.009994,0.06980,0.06628,0.000000,0,753.67,1.26,2.63,373.27,0.001257,0.002156,0.0516,1.613
0,lyap2,157,0.0515,-0.0915,0.500000,2.500000,1,0,4.404,0.010000,0.04648,-0.08287,0.000000,0,773.22,1.48,2.43,383.06,0.001483,0.002297,0.0910,2.014
0,lyap2,158,0.1176,-0.1584,0.500000,2.500000,1,0,5.297,0.009995,0.11158,-0.15040,0.000000,0,871.08,2.14,3.32,430.62,0.002135,0.003878,0.0802,2.096
0,lyap2,159,-0.1864,-0.2631,0.500000,2.500000,1,0,6.525,0.009998,-0.18189,-0.25419,0.000000,0,1093.72,12.17,45.02,492.71,0.012174,0.016036,0.3092,3.504
0,lyap2,160,0.2632,-0.1929,0.500000,2.500000,1,0,5.933,0.009997,0.25519,-0.18699,0.000000,0,897.86,2.51,1.55,445.50,0.002508,0.005066,0.0939,2.119
0,lyap2,161,-0.3555,-0.7662,0.500000,2.500000,1,0,7.922,0.009996,-0.35246,-0.75674,0.000000,0,1026.55,20.60,38.43,459.40,0.020598,0.030340,0.6695,4.127
0,lyap2,162,-0.1215,-0.1778,0.500000,2.500000,1,0,5.914,0.009996,-0.11710,-0.16881,0.000000,0,1052.18,8.66,44.96,474.63,0.008664,0.011028,0.2974,3.376
0,lyap2,163,-0.0238,-0.5614,0.500000,2.500000,1,0,7.171,0.009993,-0.02407,-0.55139,0.000000,0,1011.52,8.16,21.60,478.04,0.008155,0.011890,0.3355,3.440
0,lyap2,164,0.4774,0.4709,0.500000,2.500000,1,0,7.071,0.009999,0.47030,0.46392,0.000000,0,888.12,4.89,0.26,440.13,0.004892,0.010727,0.3222,3.394
0,lyap2,165,0.0443,-0.5806,0.500000,2.500000,1,0,7.175,0.009997,0.04303,-0.57064,0.000000,0,990.98,7.50,17.03,472.84,0.007499,0.010836,0.3319,3.466
0,lyap2,166,-0.0210,-0.5374,0.500000,2.500000,1,0,7.103,0.009999,-0.02125,-0.52740,0.000000,0,1013.15,7.84,21.40,479.29,0.007845,0.011384,0.3183,3.383
0,lyap2,167,0.8175,0.5027,0.500000,2.500000,1,0,7.527,0.009995,0.80900,0.49745,0.000000,0,799.54,5.30,1.56,394.23,0.005301,0.012008,0.6106,4.201
0,lyap2,168,0.8027,-0.3400,0.500000,2.500000,1,0,7.339,0.009997,0.79352,-0.33602,0.000000,0,817.70,3.82,1.67,404.31,0.003820,0.008513,0.5026,3.740
0,lyap2,169,0.1514,0.0679,0.500000,2.500000,1,0,4.850,0.009999,0.14226,0.06377,0.000000,0,809.03,1.14,0.90,402.76,0.001136,0.002083,0.0297,1.289
0,lyap2,170,0.5304,0.7692,0.500000,2.500000,1,0,7.650,0.009998,0.52465,0.76102,0.000000,0,839.76,7.23,2.49,411.97,0.007234,0.015390,0.6016,4.367
0,lyap2,171,0.2090,0.4792,0.500000,2.500000,1,0,6.864,0.009997,0.20478,0.47008,0.000000,0,949.96,5.27,6.21,464.82,0.005268,0.009140,0.2476,3.186
0,lyap2,172,0.5598,-0.3460,0.500000,2.500000,1,0,6.960,0.009999,0.55133,-0.34069,0.000000,0,878.70,3.94,1.71,434.69,0.003939,0.008589,0.2978,3.147
0,lyap2,173,0.5464,-0.7222,0.500000,2.500000,1,0,7.584,0.009996,0.54029,-0.71427,0.000000,0,843.45,6.84,1.76,414.84,0.006838,0.014848,0.5653,4.255
0,lyap2,174,-0.1182,-0.2340,0.500000,2.500000,1,0,6.173,0.009997,-0.11481,-0.22462,0.000000,0,1054.04,8.44,38.72,481.96,0.008444,0.011152,0.2687,3.157
0,lyap2,175,-0.2591,-0.7992,0.500000,2.500000,1,0,7.875,0.009999,-0.25706,-0.78947,0.000000,0,1005.05,16.56,33.18,456.93,0.016556,0.025397,0.6359,4.137
0,lyap2,176,0.5500,-0.2108,0.500000,2.500000,1,0,6.741,0.010000,0.54072,-0.20714,0.000000,0,880.54,2.59,1.79,436.53,0.002593,0.005541,0.2340,2.684
0,lyap2,177,0.2832,0.3475,0.500000,2.500000,1,0,6.511,0.009998,0.27689,0.33974,0.000000,0,922.02,3.84,0.59,457.55,0.003837,0.007850,0.1746,2.776
0,lyap2,178,0.3999,0.1449,0.500000,2.500000,1,0,6.248,0.009997,0.39051,0.14148,0.000000,0,892.58,1.93,1.86,442.98,0.001927,0.003970,0.1256,2.077
0,lyap2,179,-0.3922,0.5944,0.500000,2.500000,1,0,7.708,0.009994,-0.38796,0.58541,0.000000,0,1080.74,22.15,44.88,478.88,0.022151,0.031375,0.5676,3.798
0,lyap2,180,0.1187,-0.5094,0.500000,2.500000,1,0,6.947,0.009998,0.11607,-0.49971,0.000000,0,974.57,6.05,11.52,471.23,0.006050,0.009148,0.2701,3.270
0,lyap2,181,0.2591,0.4505,0.500000,2.500000,1,0,6.805,0.009998,0.25405,0.44194,0.000000,0,936.51,4.83,3.63,461.00,0.004833,0.009147,0.2337,3.112
0,lyap2,182,-0.1886,-0.2921,0.500000,2.500000,1,0,6.627,0.009998,-0.18442,-0.28300,0.000000,0,1092.66,12.26,43.38,493.75,0.012257,0.016324,0.3050,3.434
0,lyap2,183,0.1147,-0.5915,0.500000,2.500000,1,0,7.176,0.010000,0.11244,-0.58172,0.000000,0,971.19,6.98,12.96,467.40,0.006982,0.010478,0.3304,3.491
0,lyap2,184,0.3148,0.1334,0.500000,2.500000,1,0,5.932,0.009997,0.30559,0.12948,0.000000,0,888.61,1.85,1.86,441.05,0.001846,0.003716,0.0864,1.859
0,lyap2,185,0.2581,-0.2319,0.500000,2.500000,1,0,6.062,0.009998,0.25069,-0.22516,0.000000,0,906.51,2.85,1.06,450.05,0.002852,0.005813,0.1104,2.305
0,lyap2,186,-0.0058,-0.3736,0.500000,2.500000,1,0,6.546,0.009999,-0.00633,-0.36359,0.000000,0,1009.37,5.72,19.74,480.65,0.005723,0.008001,0.2209,3.028
0,lyap2,187,0.6780,0.6485,0.500000,2.500000,1,0,7.570,0.009996,0.67081,0.64154,0.000000,0,818.39,6.32,0.28,404.18,0.006324,0.014368,0.5932,4.281
0,lyap2,188,0.1861,0.6801,0.500000,2.500000,1,0,7.379,0.009999,0.18319,0.67058,0.000000,0,942.66,7.46,10.65,455.09,0.007458,0.011894,0.4035,3.757
0,lyap2,189,0.5062,-0.1910,0.500000,2.500000,1,0,6.613,0.009994,0.49689,-0.18744,0.000000,0,886.77,2.40,1.83,439.76,0.002397,0.005074,0.1986,2.506
0,lyap2,190,0.3110,0.0827,0.500000,2.500000,1,0,5.812,0.009995,0.30137,0.08010,0.000000,0,878.59,1.20,1.36,437.04,0.001196,0.002377,0.0721,1.579
0,lyap2,191,0.2038,0.5088,0.500000,2.500000,1,0,6.949,0.009998,0.19988,0.49963,0.000000,0,951.58,5.59,7.08,464.52,0.005593,0.009512,0.2680,3.272
0,lyap2,192,0.1233,-0.0533,0.500000,2.500000,1,0,4.529,0.009998,0.11411,-0.04932,0.000000,0,774.97,0.95,1.79,384.98,0.000955,0.001697,0.0228,1.162
0,lyap2,193,-0.0796,-0.7824,0.500000,2.500000,1,0,7.699,0.009997,-0.07936,-0.77238,0.000000,0,981.34,11.46,24.17,457.90,0.011462,0.017413,0.5363,4.015
0,lyap2,194,0.2915,-0.1221,0.500000,2.500000,1,0,5.813,0.009996,0.28227,-0.11822,0.000000,0,883.59,1.73,1.74,438.76,0.001725,0.003439,0.0752,1.763
0,lyap2,195,-0.1019,0.1701,0.500000,2.500000,1,0,5.773,0.009999,-0.09793,0.16088,0.000000,0,1034.09,7.51,43.09,468.32,0.007514,0.009564,0.2834,3.255
0,lyap2,196,0.4572,-0.2213,0.500000,2.500000,1,0,6.540,0.009999,0.44823,-0.21694,0.000000,0,894.56,2.75,2.01,443.20,0.002754,0.005812,0.1801,2.505
0,lyap2,197,0.1068,0.1660,0.500000,2.500000,1,0,5.327,0.010000,0.10131,0.15766,0.000000,0,878.38,2.24,4.49,433.02,0.002236,0.003913,0.0885,2.174
0,lyap2,198,0.6025,-0.0753,0.500000,2.500000,1,0,6.749,0.009996,0.59254,-0.07406,0.000000,0,867.00,0.96,0.75,432.04,0.000956,0.002032,0.2422,2.424
0,lyap2,199,0.0462,0.5396,0.500000,2.500000,1,0,7.062,0.009998,0.04478,0.52966,0.000000,0,993.94,7.02,16.59,475.12,0.007017,0.010083,0.3021,3.363
0,lyap2,200,0.1240,-0.0387,0.500000,2.500000,1,0,4.455,0.009998,0.11445,-0.03567,0.000000,0,764.60,0.72,1.77,379.99,0.000717,0.001263,0.0171,0.974
0,lyap2,201,0.4164,-0.5120,0.500000,2.500000,1,0,7.093,0.009997,0.41005,-0.50429,0.000000,0,899.74,5.19,1.08,444.89,0.005193,0.011077,0.3218,3.439
0,lyap2,202,-0.1230,0.4612,0.500000,2.500000,1,0,7.007,0.009999,-0.12140,0.45136,0.000000,0,1051.74,9.56,30.55,488.15,0.009563,0.014107,0.3161,3.299
0,lyap2,203,0.4410,-0.4585,0.500000,2.500000,1,0,7.003,0.009995,0.43408,-0.45128,0.000000,0,895.93,4.77,0.03,444.36,0.004774,0.010376,0.2958,3.302
0,lyap2,204,0.2855,0.1293,0.500000,2.500000,1,0,5.807,0.010000,0.27640,0.12508,0.000000,0,884.30,1.82,1.77,439.02,0.001816,0.003621,0.0755,1.795
0,lyap2,205,0.3098,0.8479,0.500000,2.500000,1,0,7.713,0.009997,0.30614,0.83859,0.000000,0,881.84,8.54,8.23,426.29,0.008538,0.014853,0.5898,4.334
0,lyap2,206,0.7544,0.5438,0.500000,2.500000,1,0,7.504,0.009998,0.74628,0.53793,0.000000,0,813.13,5.62,1.28,401.07,0.005620,0.012729,0.5772,4.157
0,lyap2,207,0.2818,0.3011,0.500000,2.500000,1,0,6.357,0.009996,0.27493,0.29384,0.000000,0,916.42,3.44,0.33,455.29,0.003443,0.007110,0.1491,2.602
0,lyap2,208,0.4930,0.1739,0.500000,2.500000,1,0,6.556,0.009998,0.48360,0.17054,0.000000,0,887.53,2.21,1.79,440.32,0.002210,0.004656,0.1852,2.412
0,lyap2,209,0.3355,-0.5061,0.500000,2.500000,1,0,7.011,0.009993,0.32992,-0.49782,0.000000,0,919.17,5.20,2.60,453.08,0.005204,0.010475,0.2887,3.335
0,lyap2,210,0.2506,-0.7408,0.500000,2.500000,1,0,7.508,0.009998,0.24715,-0.73140,0.000000,0,917.28,7.74,8.92,443.91,0.007744,0.013038,0.4669,3.969
0,lyap2,211,0.5757,-0.1236,0.500000,2.500000,1,0,6.712,0.009999,0.56590,-0.12145,0.000000,0,873.29,1.56,1.22,434.25,0.001564,0.003322,0.2293,2.477
0,lyap2,212,0.1789,0.4176,0.500000,2.500000,1,0,6.656,0.009996,0.17480,0.40845,0.000000,0,953.97,4.74,6.14,467.29,0.004739,0.008064,0.2070,3.001
0,lyap2,213,0.3431,0.9019,0.500000,2.500000,1,0,7.807,0.009998,0.33933,0.89260,0.000000,0,861.29,8.92,7.84,416.11,0.008923,0.015787,0.6602,4.527
0,lyap2,214,0.4497,-0.0405,0.500000,2.500000,1,0,6.301,0.009999,0.43971,-0.03961,0.000000,0,881.74,0.55,0.58,439.88,0.000551,0.001133,0.1340,1.800
0,lyap2,215,-0.0738,-0.8147,0.500000,2.500000,1,0,7.754,0.009997,-0.07368,-0.80466,0.000000,0,971.93,11.68,23.70,453.50,0.011681,0.017767,0.5662,4.102
0,lyap2,216,-0.0007,-0.2767,0.500000,2.500000,1,0,6.090,0.009994,-0.00129,-0.26673,0.000000,0,988.45,4.46,19.26,471.62,0.004456,0.006047,0.1827,2.847
0,lyap2,217,0.1157,-0.0892,0.500000,2.500000,1,0,4.733,0.009998,0.10778,-0.08307,0.000000,0,800.23,1.44,0.28,398.76,0.001436,0.002601,0.0435,1.582
0,lyap2,218,0.2996,0.3432,0.500000,2.500000,1,0,6.521,0.009997,0.29303,0.33566,0.000000,0,918.64,3.80,0.15,456.32,0.003801,0.007874,0.1757,2.768
0,lyap2,219,0.1075,0.0912,0.500000,2.500000,1,0,4.697,0.009999,0.09989,0.08474,0.000000,0,796.78,1.46,0.07,397.23,0.001458,0.002626,0.0477,1.634
0,lyap2,220,-0.1180,0.5028,0.500000,2.500000,1,0,7.115,0.009998,-0.11666,0.49291,0.000000,0,1045.25,9.72,29.39,485.94,0.009724,0.014459,0.3359,3.370
0,lyap2,221,-0.0384,-0.1602,0.500000,2.500000,1,0,5.399,0.009997,-0.03695,-0.15034,0.000000,0,965.59,3.94,31.81,448.03,0.003942,0.005322,0.2190,2.871
0,lyap2,222,0.6916,-0.2139,0.500000,2.500000,1,0,7.038,0.009994,0.68209,-0.21091,0.000000,0,851.32,2.55,1.50,422.24,0.002553,0.005559,0.3470,3.087
0,lyap2,223,-0.0588,0.1179,0.500000,2.500000,1,0,5.137,0.009998,-0.05554,0.10848,0.000000,0,965.73,4.88,42.96,436.24,0.004882,0.006093,0.2674,3.090
0,lyap2,224,-0.0745,-0.3129,0.500000,2.500000,1,0,6.404,0.009999,-0.07313,-0.30298,0.000000,0,1034.64,6.68,28.59,483.72,0.006681,0.009537,0.2318,3.041
0,lyap2,225,-0.1780,-0.3364,0.500000,2.500000,1,0,6.739,0.009995,-0.17444,-0.32700,0.000000,0,1084.39,11.69,39.90,493.53,0.011689,0.015894,0.3026,3.266
0,lyap2,226,0.6911,0.0578,0.500000,2.500000,1,0,6.946,0.009997,0.68116,0.05694,0.000000,0,848.91,0.71,0.49,423.43,0.000715,0.001540,0.3153,2.688
0,lyap2,227,0.2381,-0.1180,0.500000,2.500000,1,0,5.569,0.009997,0.22919,-0.11350,0.000000,0,871.90,1.71,1.42,433.25,0.001713,0.003351,0.0596,1.683
0,lyap2,228,0.1519,0.8000,0.500000,2.500000,1,0,7.631,0.009996,0.14968,0.79022,0.000000,0,929.34,8.93,13.24,444.73,0.008933,0.013752,0.5168,4.087
0,lyap2,229,0.1294,-0.0464,0.500000,2.500000,1,0,4.549,0.009999,0.12000,-0.04301,0.000000,0,775.92,0.84,1.59,385.74,0.000838,0.001491,0.0202,1.069
0,lyap2,230,0.0091,0.7864,0.500000,2.500000,1,0,7.654,0.009997,0.00837,0.77647,0.000000,0,963.15,10.16,19.64,454.32,0.010157,0.015097,0.5164,4.017
0,lyap2,231,0.7804,-0.0773,0.500000,2.500000,1,0,7.132,0.009994,0.77041,-0.07626,0.000000,0,827.72,0.93,0.56,412.60,0.000930,0.002030,0.4031,3.045
0,lyap2,232,0.1448,0.2357,0.500000,2.500000,1,0,5.844,0.009998,0.13944,0.22728,0.000000,0,915.42,2.91,3.23,452.29,0.002914,0.005245,0.1102,2.407
0,lyap2,233,0.0215,0.4271,0.500000,2.500000,1,0,6.722,0.009997,0.02041,0.41715,0.000000,0,1003.18,5.99,17.44,479.65,0.005994,0.008415,0.2384,3.111
0,lyap2,234,-0.0409,-0.1955,0.500000,2.500000,1,0,5.678,0.009995,-0.03971,-0.18553,0.000000,0,985.67,4.39,29.06,460.47,0.004393,0.006019,0.2132,2.880
0,lyap2,235,0.4958,-0.7270,0.500000,2.500000,1,0,7.562,0.009999,0.49009,-0.71878,0.000000,0,856.41,6.92,2.58,420.43,0.006922,0.014590,0.5404,4.192
0,lyap2,236,0.8988,-0.2304,0.500000,2.500000,1,0,7.402,0.009996,0.88910,-0.22787,0.000000,0,792.69,2.64,1.27,393.10,0.002636,0.005874,0.5654,3.771
0,lyap2,237,0.0532,-0.4550,0.500000,2.500000,1,0,6.797,0.009999,0.05157,-0.44514,0.000000,0,993.64,5.97,15.13,477.21,0.005974,0.008499,0.2458,3.153
0,lyap2,238,0.1776,-0.1698,0.500000,2.500000,1,0,5.556,0.009995,0.17040,-0.16288,0.000000,0,879.55,2.25,0.21,437.87,0.002253,0.004392,0.0750,2.029
0,lyap2,239,0.4213,0.3347,0.500000,2.500000,1,0,6.699,0.009995,0.41347,0.32850,0.000000,0,903.48,3.81,1.38,447.50,0.003811,0.008164,0.2132,2.860
0,lyap2,240,0.3769,-0.3379,0.500000,2.500000,1,0,6.629,0.010000,0.36944,-0.33118,0.000000,0,909.41,3.81,1.02,450.83,0.003805,0.008104,0.1963,2.814
0,lyap2,241,0.2876,0.6481,0.500000,2.500000,1,0,7.319,0.010000,0.28334,0.63907,0.000000,0,921.31,6.68,6.42,449.22,0.006682,0.012011,0.3891,3.724
0,lyap2,242,-0.2242,-0.5692,0.500000,2.500000,1,0,7.418,0.010000,-0.22159,-0.55954,0.000000,0,1060.51,14.32,35.91,483.61,0.014319,0.020876,0.4327,3.578
0,lyap2,243,0.2114,0.6827,0.500000,2.500000,1,0,7.385,0.009995,0.20811,0.67329,0.000000,0,936.14,7.35,9.65,452.91,0.007347,0.012021,0.4078,3.776
0,lyap2,244,0.3551,-0.4475,0.500000,2.500000,1,0,6.881,0.009999,0.34886,-0.43972,0.000000,0,914.68,4.67,1.09,452.74,0.004672,0.009772,0.2544,3.167
0,lyap2,245,-0.0902,0.2305,0.500000,2.500000,1,0,6.058,0.009996,-0.08763,0.22089,0.000000,0,1034.12,6.90,34.84,477.04,0.006903,0.009312,0.2476,3.034
0,lyap2,246,0.3024,-0.0595,0.500000,2.500000,1,0,5.737,0.009997,0.29259,-0.05758,0.000000,0,873.03,0.88,1.03,434.83,0.000879,0.001734,0.0646,1.430
0,lyap2,247,0.0963,-0.5319,0.500000,2.500000,1,0,7.019,0.009995,0.09407,-0.52212,0.000000,0,980.30,6.47,13.24,472.06,0.006467,0.009549,0.2882,3.332
0,lyap2,248,0.6870,-0.3791,0.500000,2.500000,1,0,7.209,0.009999,0.67825,-0.37426,0.000000,0,847.39,4.23,1.70,418.83,0.004228,0.009367,0.4129,3.539
0,lyap2,249,0.6621,-0.5816,0.500000,2.500000,1,0,7.459,0.009997,0.65464,-0.57501,0.000000,0,833.13,5.85,0.66,411.52,0.005846,0.013203,0.5255,4.060
0,lyap2,250,-0.1159,-0.8802,0.500000,2.500000,1,0,7.893,0.009995,-0.11540,-0.87023,0.000000,0,960.57,13.14,25.34,445.09,0.013137,0.020271,0.6494,4.295
0,lyap2,251,0.1278,0.4828,0.500000,2.500000,1,0,6.865,0.009994,0.12491,0.47326,0.000000,0,972.03,5.70,10.48,471.26,0.005697,0.008743,0.2513,3.197
0,lyap2,252,-0.4713,-0.6876,0.500000,2.500000,1,0,7.949,0.009996,-0.46689,-0.67861,0.000000,0,1058.84,25.76,45.52,464.58,0.025761,0.036913,0.6999,4.063
0,lyap2,253,0.0785,-0.2458,0.500000,2.500000,1,0,5.849,0.009998,0.07519,-0.23638,0.000000,0,938.88,3.28,9.13,457.85,0.003277,0.004874,0.1330,2.582
0,lyap2,254,0.1938,-0.0414,0.500000,2.500000,1,0,5.075,0.009999,0.18404,-0.03925,0.000000,0,826.54,0.69,0.66,412.10,0.000686,0.001279,0.0286,1.061
0,lyap2,255,0.2595,0.6392,0.500000,2.500000,1,0,7.293,0.009995,0.25550,0.63003,0.000000,0,929.52,6.69,7.23,452.51,0.006694,0.011688,0.3760,3.678
0,lyap2,256,-0.1225,-0.6050,0.500000,2.500000,1,0,7.372,0.009997,-0.12143,-0.59503,0.000000,0,1029.85,10.73,28.28,478.60,0.010734,0.016191,0.4035,3.586
0,lyap2,257,-0.2557,-0.7313,0.500000,2.500000,1,0,7.761,0.009996,-0.25343,-0.72159,0.000000,0,1024.67,16.17,34.21,465.99,0.016170,0.024411,0.5722,3.963
0,lyap2,258,0.9286,-0.2665,0.500000,2.500000,1,0,7.468,0.009994,0.91905,-0.26374,0.000000,0,781.91,3.01,1.37,387.33,0.003011,0.006743,0.6131,3.946
0,lyap2,259,-0.1529,0.2949,0.500000,2.500000,1,0,6.532,0.009996,-0.14944,0.28548,0.000000,0,1075.35,10.36,39.23,490.67,0.010357,0.013937,0.2806,3.217
0,lyap2,260,-0.5134,-0.8404,0.500000,2.500000,1,0,8.185,0.010000,-0.50941,-0.83125,0.000000,0,1010.38,27.63,43.20,441.27,0.027629,0.040380,0.8717,4.473
0,lyap2,261,0.1135,0.7021,0.500000,2.500000,1,0,7.440,0.009994,0.11146,0.69229,0.000000,0,957.10,8.19,14.16,458.24,0.008191,0.012304,0.4233,3.795
0,lyap2,262,0.1363,0.0233,0.500000,2.500000,1,0,4.529,0.009996,0.12643,0.02157,0.000000,0,770.17,0.43,0.96,383.80,0.000431,0.000764,0.0144,0.780
0,lyap2,263,0.6920,-0.4273,0.500000,2.500000,1,0,7.279,0.009994,0.68354,-0.42200,0.000000,0,842.81,4.65,1.58,416.33,0.004655,0.010373,0.4442,3.688
0,lyap2,264,0.2765,0.2692,0.500000,2.500000,1,0,6.238,0.009997,0.26938,0.26220,0.000000,0,912.80,3.18,0.81,453.21,0.003175,0.006546,0.1318,2.472
0,lyap2,265,0.2175,0.3285,0.500000,2.500000,1,0,6.360,0.009999,0.21187,0.32017,0.000000,0,931.00,3.72,2.07,460.64,0.003717,0.007136,0.1556,2.701
0,lyap2,266,0.5969,-0.4234,0.500000,2.500000,1,0,7.141,0.009999,0.58875,-0.41761,0.000000,0,866.55,4.61,1.40,428.42,0.004608,0.010185,0.3667,3.464
0,lyap2,267,0.0093,-0.2934,0.500000,2.500000,1,0,6.164,0.009998,0.00838,-0.28342,0.000000,0,988.10,4.52,17.86,472.80,0.004525,0.006142,0.1811,2.855
0,lyap2,268,-0.0703,-0.4002,0.500000,2.500000,1,0,6.734,0.009997,-0.06944,-0.39026,0.000000,0,1036.50,7.38,26.44,486.28,0.007381,0.010715,0.2614,3.149
0,lyap2,269,-0.1298,0.8148,0.500000,2.500000,1,0,7.793,0.009995,-0.12903,0.80485,0.000000,0,981.50,12.82,26.51,454.63,0.012823,0.019744,0.5866,4.116
0,lyap2,270,0.3659,0.1527,0.500000,2.500000,1,0,6.153,0.010000,0.35670,0.14880,0.000000,0,893.92,2.04,1.97,443.46,0.002042,0.004180,0.1122,2.041
0,lyap2,271,0.1731,0.7224,0.500000,2.500000,1,0,7.472,0.009996,0.17038,0.71275,0.000000,0,939.33,7.98,11.68,452.00,0.007978,0.012513,0.4415,3.872
0,lyap2,272,-0.1537,-0.3882,0.500000,2.500000,1,0,6.845,0.009995,-0.15107,-0.37852,0.000000,0,1070.03,10.55,35.35,491.76,0.010546,0.014866,0.3020,3.225
0,lyap2,273,0.3157,0.8481,0.500000,2.500000,1,0,7.714,0.009997,0.31196,0.83885,0.000000,0,880.34,8.52,8.06,425.72,0.008517,0.014892,0.5916,4.340
0,lyap2,274,-0.0314,-0.5603,0.500000,2.500000,1,0,7.174,0.009996,-0.03158,-0.55026,0.000000,0,1013.66,8.27,22.15,478.47,0.008267,0.012086,0.3371,3.440
0,lyap2,275,0.8578,-0.3810,0.500000,2.500000,1,0,7.455,0.009994,0.84873,-0.37694,0.000000,0,798.41,4.20,1.68,394.37,0.004200,0.009435,0.5815,4.000
0,lyap2,276,0.1279,-0.9419,0.500000,2.500000,1,0,7.887,0.009994,0.12614,-0.93207,0.000000,0,899.54,10.60,15.00,426.82,0.010598,0.016186,0.6738,4.497
0,lyap2,277,0.3437,0.3660,0.500000,2.500000,1,0,6.652,0.009997,0.33688,0.35876,0.000000,0,913.93,4.00,0.18,453.78,0.004001,0.008455,0.2006,2.881
0,lyap2,278,0.4443,0.0492,0.500000,2.500000,1,0,6.288,0.009995,0.43440,0.04805,0.000000,0,882.58,0.67,0.70,440.08,0.000669,0.001376,0.1316,1.813
0,lyap2,279,0.5094,-0.5381,0.500000,2.500000,1,0,7.235,0.009999,0.50252,-0.53084,0.000000,0,875.44,5.41,0.19,433.47,0.005413,0.011939,0.3873,3.651
0,lyap2,280,0.6178,0.6921,0.500000,2.500000,1,0,7.585,0.009999,0.61109,0.68463,0.000000,0,828.12,6.61,0.60,408.50,0.006605,0.014799,0.5852,4.290
0,lyap2,281,-0.0121,0.1057,0.500000,2.500000,1,0,4.697,0.009995,-0.01178,0.09575,0.000000,0,870.05,2.37,25.88,407.37,0.002370,0.003057,0.1965,2.709
0,lyap2,282,0.5679,0.2579,0.500000,2.500000,1,0,6.842,0.009999,0.55883,0.25368,0.000000,0,878.10,3.09,1.85,434.88,0.003087,0.006654,0.2636,2.883
0,lyap2,283,0.2760,0.1287,0.500000,2.500000,1,0,5.767,0.010000,0.26696,0.12446,0.000000,0,882.75,1.82,1.73,438.29,0.001817,0.003611,0.0726,1.781
0,lyap2,284,0.4500,0.3983,0.500000,2.500000,1,0,6.885,0.009997,0.44249,0.39170,0.000000,0,897.79,4.33,0.88,444.77,0.004330,0.009398,0.2624,3.119
0,lyap2,285,0.4344,0.0610,0.500000,2.500000,1,0,6.262,0.009994,0.42446,0.05956,0.000000,0,883.74,0.83,0.88,440.37,0.000831,0.001707,0.1271,1.824
0,lyap2,286,0.2625,-0.1936,0.500000,2.500000,1,0,5.933,0.009998,0.25446,-0.18765,0.000000,0,897.96,2.51,1.54,445.56,0.002515,0.005079,0.0940,2.122
0,lyap2,287,0.4951,-0.4703,0.500000,2.500000,1,0,7.091,0.009996,0.48790,-0.46336,0.000000,0,884.78,4.90,0.44,438.28,0.004901,0.010781,0.3313,3.420
0,lyap2,288,-0.0609,0.1904,0.500000,2.500000,1,0,5.716,0.009994,-0.05883,0.18064,0.000000,0,1001.30,5.18,33.37,463.40,0.005182,0.007040,0.2336,2.956
0,lyap2,289,0.4627,-0.5742,0.500000,2.500000,1,0,7.262,0.009996,0.45640,-0.56648,0.000000,0,884.31,5.69,1.24,436.65,0.005687,0.012251,0.3900,3.691
0,lyap2,290,-0.2671,0.5113,0.500000,2.500000,1,0,7.363,0.009994,-0.26361,0.50196,0.000000,0,1082.78,16.22,40.50,488.73,0.016221,0.022896,0.4271,3.508
0,lyap2,291,-0.1914,0.4290,0.500000,2.500000,1,0,7.035,0.009999,-0.18845,0.41942,0.000000,0,1078.31,12.47,37.50,492.30,0.012474,0.017538,0.3404,3.314
0,lyap2,292,0.3585,0.0772,0.500000,2.500000,1,0,6.001,0.009996,0.34876,0.07506,0.000000,0,883.33,1.09,1.24,439.60,0.001089,0.002195,0.0908,1.669
0,lyap2,293,0.0225,0.1187,0.500000,2.500000,1,0,4.763,0.009996,0.02017,0.10901,0.000000,0,850.07,2.01,14.86,408.66,0.002014,0.002579,0.1425,2.423
0,lyap2,294,0.4545,0.0289,0.500000,2.500000,1,0,6.313,0.009996,0.44451,0.02823,0.000000,0,880.89,0.39,0.41,439.74,0.000392,0.000808,0.1361,1.778
0,lyap2,295,-0.0097,-0.2389,0.500000,2.500000,1,0,5.885,0.009999,-0.00997,-0.22891,0.000000,0,980.52,4.12,21.28,465.89,0.004122,0.005568,0.1844,2.812
0,lyap2,296,-0.0414,-0.4969,0.500000,2.500000,1,0,7.007,0.009997,-0.04129,-0.48689,0.000000,0,1022.68,7.75,23.07,482.46,0.007747,0.011275,0.2997,3.305
0,lyap2,297,-0.4635,-0.8276,0.500000,2.500000,1,0,8.119,0.009994,-0.45979,-0.81835,0.000000,0,1013.69,25.42,41.62,446.16,0.025421,0.037241,0.8136,4.385
0,lyap2,298,-0.1078,-0.2116,0.500000,2.500000,1,0,6.025,0.010000,-0.10442,-0.20221,0.000000,0,1044.55,7.85,39.17,477.22,0.007852,0.010274,0.2682,3.151
0,lyap2,299,0.1967,0.7699,0.500000,2.500000,1,0,7.567,0.009994,0.19394,0.76033,0.000000,0,925.09,8.32,11.21,445.10,0.008324,0.013266,0.4888,4.021
0.0001,ours_bptt,0,-0.4828,-0.7608,0.942736,2.990940,1,0,3.603,0.009965,-0.47879,-0.75162,0.000021,0,239.10,58.72,30.59,44.92,0.058718,0.080690,1.6054,6.558
0.0001,ours_bptt,1,0.3886,-0.1909,0.764456,2.966431,1,0,3.503,0.009998,0.37959,-0.18649,0.000021,0,424.90,5.25,12.32,196.20,0.005247,0.007755,0.2338,3.093
0.0001,ours_bptt,2,0.1373,-0.1241,0.753711,2.948435,1,0,3.109,0.009999,0.12994,-0.11727,0.000022,0,499.00,3.76,5.40,241.29,0.003755,0.005087,0.0896,2.289
0.0001,ours_bptt,3,0.5235,0.3075,0.774782,2.974229,1,0,3.665,0.009985,0.51480,0.30255,0.000021,0,341.80,8.14,11.99,152.81,0.008139,0.012193,0.4527,4.126
0.0001,ours_bptt,4,0.3315,0.9345,0.861521,2.993594,1,0,3.670,0.009995,0.32758,0.92526,0.000021,0,143.90,26.53,32.08,19.97,0.026534,0.036345,1.3599,6.954
0.0001,ours_bptt,5,0.3231,-0.0585,0.758382,2.959751,1,0,3.293,0.009992,0.31323,-0.05669,0.000021,0,434.06,1.71,4.58,211.17,0.001713,0.002499,0.1275,2.070
0.0001,ours_bptt,6,-0.0850,0.5502,0.874156,2.978816,1,0,3.607,0.009995,-0.08443,0.54018,0.000021,0,399.28,19.52,20.65,164.36,0.019521,0.029989,0.6251,4.777
0.0001,ours_bptt,7,-0.0720,-0.5823,0.875241,2.989513,1,0,3.611,0.009997,-0.07175,-0.57229,0.000021,0,382.98,19.98,22.01,154.50,0.019976,0.030636,0.6638,4.925
0.0001,ours_bptt,8,0.3960,-0.5209,0.798478,2.982715,1,0,3.728,0.009989,0.38962,-0.51322,0.000022,0,334.85,13.67,14.37,142.80,0.013674,0.019534,0.5695,4.821
0.0001,ours_bptt,9,0.3685,0.3828,0.779154,2.971864,1,0,3.683,0.009987,0.36138,0.37580,0.000021,0,403.58,10.02,13.94,180.33,0.010016,0.014515,0.3773,4.055
0.0001,ours_bptt,10,0.1283,0.2512,0.770993,2.956847,1,0,3.486,0.009987,0.12360,0.24239,0.000022,0,533.67,6.86,16.88,244.80,0.006864,0.009209,0.1924,3.174
0.0001,ours_bptt,11,0.2440,0.2446,0.763622,2.958522,1,0,3.506,0.009993,0.23685,0.23755,0.000022,0,494.49,6.62,16.54,225.74,0.006621,0.009413,0.1888,3.106
0.0001,ours_bptt,12,0.6768,0.6211,0.810180,2.988567,1,0,3.719,0.009993,0.66922,0.61456,0.000022,0,161.45,16.66,17.88,50.35,0.016656,0.024395,1.0671,6.128
0.0001,ours_bptt,13,0.7407,-0.0375,0.783046,2.981599,1,0,3.590,0.009998,0.73071,-0.03695,0.000022,0,203.17,1.03,1.71,99.10,0.001032,0.001564,0.6736,4.165
0.0001,ours_bptt,14,0.1895,0.9012,0.870512,2.992625,1,0,3.659,0.009989,0.18677,0.89157,0.000021,0,190.84,26.24,32.19,43.56,0.026236,0.036244,1.2284,6.622
0.0001,ours_bptt,15,0.3282,0.2784,0.766475,2.963933,1,0,3.590,0.009992,0.32048,0.27205,0.000022,0,451.61,7.41,14.84,205.41,0.007407,0.010781,0.2522,3.418
0.0001,ours_bptt,16,0.4229,-0.6724,0.820854,2.989136,1,0,3.720,0.009999,0.41713,-0.66417,0.000022,0,252.38,18.05,18.92,93.73,0.018052,0.025396,0.8397,5.669
0.0001,ours_bptt,17,-0.0535,-0.6259,0.875539,2.990744,1,0,3.622,0.009978,-0.05360,-0.61588,0.000021,0,360.49,20.68,23.34,141.40,0.020676,0.031467,0.7197,5.124
0.0001,ours_bptt,18,0.5135,-0.1699,0.771153,2.973060,1,0,3.548,0.010000,0.50405,-0.16673,0.000021,0,353.76,4.66,9.40,163.99,0.004660,0.006985,0.3534,3.467
0.0001,ours_bptt,19,-0.1027,-0.2139,0.843626,2.968687,1,0,3.439,0.009991,-0.09940,-0.20446,0.000022,0,532.13,13.51,0.83,255.10,0.013514,0.018090,0.3705,3.668
0.0001,ours_bptt,20,0.5724,0.0126,0.772358,2.974524,1,0,3.527,0.009994,0.56246,0.01234,0.000021,0,304.19,0.35,0.71,151.13,0.000348,0.000525,0.3926,3.150
0.0001,ours_bptt,21,-0.2534,-0.7892,0.916535,2.993729,1,0,3.610,0.009978,-0.25150,-0.77944,0.000021,0,259.04,36.54,31.35,70.76,0.036544,0.055090,1.2459,6.214
0.0001,ours_bptt,22,0.1756,0.0811,0.753186,2.947710,1,0,3.025,0.009991,0.16663,0.07677,0.000022,0,466.88,2.55,0.96,230.57,0.002550,0.003535,0.0604,1.827
0.0001,ours_bptt,23,-0.1826,-0.5070,0.895091,2.987113,1,0,3.570,0.009993,-0.18031,-0.49723,0.000021,0,412.76,25.43,20.48,166.83,0.025429,0.037036,0.6658,4.727
0.0001,ours_bptt,24,0.5281,0.1638,0.769945,2.972183,1,0,3.566,0.009984,0.51857,0.16083,0.000021,0,347.31,4.47,8.66,161.65,0.004467,0.006720,0.3675,3.497
0.0001,ours_bptt,25,0.2533,-0.1131,0.755527,2.955307,1,0,3.257,0.009989,0.24423,-0.10893,0.000022,0,472.37,3.32,8.99,224.71,0.003318,0.004758,0.1035,2.226
0.0001,ours_bptt,26,-0.0698,0.1000,0.808039,2.949930,1,0,3.215,0.009997,-0.06506,0.09113,0.000021,0,606.20,9.01,24.51,271.83,0.009015,0.011138,0.4131,3.790
0.0001,ours_bptt,27,0.3040,0.0277,0.756651,2.957303,1,0,3.246,0.009988,0.29406,0.02672,0.000022,0,434.19,0.82,2.10,214.38,0.000821,0.001192,0.1084,1.786
0.0001,ours_bptt,28,0.2958,-0.8584,0.856666,2.994087,1,0,3.672,0.009979,0.29199,-0.84918,0.000021,0,193.97,24.27,29.41,49.38,0.024266,0.033242,1.1539,6.483
0.0001,ours_bptt,29,0.3034,0.1431,0.757799,2.957491,1,0,3.377,0.009992,0.29444,0.13878,0.000022,0,462.25,4.06,11.30,216.78,0.004058,0.005908,0.1455,2.556
0.0001,ours_bptt,30,-0.0517,-0.6699,0.879432,2.991847,1,0,3.625,0.009986,-0.05193,-0.65995,0.000021,0,336.72,22.01,25.21,126.64,0.022005,0.033457,0.7954,5.349
0.0001,ours_bptt,31,0.5492,0.3284,0.777753,2.976079,1,0,3.676,0.009994,0.54053,0.32339,0.000021,0,322.64,8.69,12.14,142.66,0.008690,0.013020,0.5031,4.318
0.0001,ours_bptt,32,-0.2470,-0.5392,0.910102,2.988058,1,0,3.569,0.009986,-0.24399,-0.52969,0.000021,0,389.78,32.14,22.57,148.22,0.032139,0.045287,0.7893,4.984
0.0001,ours_bptt,33,0.0352,0.9500,0.887551,2.992608,1,0,3.657,0.009977,0.03393,0.94008,0.000021,0,175.77,29.26,32.97,32.97,0.029262,0.042595,1.3724,6.843
0.0001,ours_bptt,34,0.0707,-0.1224,0.758236,2.946998,1,0,3.043,0.009987,0.06574,-0.11373,0.000022,0,510.46,3.78,2.95,249.45,0.003779,0.004783,0.1350,2.553
0.0001,ours_bptt,35,0.4590,0.2294,0.766979,2.968760,1,0,3.594,0.009995,0.45000,0.22501,0.000021,0,388.26,6.16,11.61,177.90,0.006160,0.009210,0.3223,3.522
0.0001,ours_bptt,36,-0.1107,0.4644,0.873670,2.973227,1,0,3.576,0.009995,-0.10935,0.45448,0.000021,0,440.17,18.59,17.90,188.24,0.018594,0.028313,0.5383,4.427
0.0001,ours_bptt,37,0.1172,0.8775,0.875029,2.991866,1,0,3.656,0.009983,0.11509,0.86769,0.000021,0,213.24,26.04,31.38,55.71,0.026041,0.036575,1.1695,6.448
0.0001,ours_bptt,38,-0.1887,-0.6828,0.903146,2.992199,1,0,3.606,0.009979,-0.18711,-0.67292,0.000021,0,321.57,28.99,26.85,112.20,0.028986,0.044540,0.9455,5.564
0.0001,ours_bptt,39,0.8660,-0.0873,0.790823,2.985454,1,0,3.614,0.009998,0.85606,-0.08629,0.000022,0,124.19,2.41,3.59,56.70,0.002407,0.003652,0.9423,4.996
0.0001,ours_bptt,40,0.3463,-0.5640,0.808433,2.984912,1,0,3.720,0.009987,0.34069,-0.55574,0.000022,0,332.95,14.96,15.81,139.45,0.014957,0.021005,0.6003,4.952
0.0001,ours_bptt,41,0.1016,-0.3385,0.791323,2.970716,1,0,3.606,0.009999,0.09825,-0.32910,0.000021,0,507.10,9.28,14.02,232.56,0.009283,0.012455,0.2763,3.638
0.0001,ours_bptt,42,-0.2362,-0.3342,0.900510,2.979475,1,0,3.526,0.009977,-0.23162,-0.32536,0.000040,0,474.39,28.73,9.30,206.35,0.028728,0.038031,0.5708,4.287
0.0001,ours_bptt,43,0.8826,0.0070,0.791420,2.985747,1,0,3.611,0.009996,0.87257,0.00695,0.000022,0,105.16,0.19,0.29,52.14,0.000194,0.000295,0.9707,4.915
0.0001,ours_bptt,44,0.1563,-0.4355,0.803676,2.978439,1,0,3.666,0.009988,0.15238,-0.42632,0.000021,0,450.35,11.77,14.51,201.84,0.011766,0.016009,0.3705,4.097
0.0001,ours_bptt,45,0.0602,0.2535,0.783820,2.957374,1,0,3.485,0.009990,0.05748,0.24393,0.000022,0,543.63,7.25,14.62,251.76,0.007246,0.009533,0.2226,3.312
0.0001,ours_bptt,46,0.3509,-0.8008,0.845128,2.992823,1,0,3.685,0.009984,0.34640,-0.79193,0.000021,0,210.53,22.23,26.19,62.40,0.022234,0.030602,1.0508,6.240
0.0001,ours_bptt,47,-0.1504,-0.4231,0.882429,2.983405,1,0,3.551,0.009979,-0.14812,-0.41339,0.000033,0,455.04,21.11,16.30,195.39,0.021109,0.030557,0.5365,4.331
0.0001,ours_bptt,48,0.3656,-0.0779,0.761192,2.963221,1,0,3.364,0.009994,0.35587,-0.07580,0.000021,0,420.68,2.24,5.95,202.71,0.002238,0.003293,0.1663,2.371
0.0001,ours_bptt,49,-0.2992,-0.4212,0.916870,2.983455,1,0,3.551,0.009977,-0.29461,-0.41230,0.000021,0,430.18,36.22,15.38,172.54,0.036225,0.048394,0.7288,4.612
0.0001,ours_bptt,50,0.7379,0.3254,0.787691,2.983123,1,0,3.678,0.009982,0.72868,0.32144,0.000022,0,206.43,8.73,11.32,85.35,0.008731,0.013197,0.7995,5.093
0.0001,ours_bptt,51,0.2430,0.2287,0.761678,2.957279,1,0,3.480,0.009995,0.23567,0.22193,0.000022,0,496.36,6.23,16.34,227.17,0.006235,0.008877,0.1759,3.009
0.0001,ours_bptt,52,-0.0147,-0.5282,0.856270,2.987050,1,0,3.621,0.009994,-0.01530,-0.51826,0.000021,0,413.42,16.65,18.91,175.32,0.016647,0.024633,0.5461,4.613
0.0001,ours_bptt,53,0.0787,0.1072,0.755914,2.943116,1,0,2.954,0.009998,0.07282,0.09909,0.000022,0,511.71,3.40,9.45,243.85,0.003400,0.004336,0.1129,2.369
0.0001,ours_bptt,54,-0.1562,0.9648,0.906433,2.991495,1,0,3.652,0.009980,-0.15581,0.95483,0.000021,0,162.90,34.50,32.45,23.12,0.034500,0.053959,1.5486,7.022
0.0001,ours_bptt,55,-0.1446,-0.2073,0.861317,2.969775,1,0,3.454,0.009992,-0.14001,-0.19842,0.000019,0,533.91,17.81,2.17,251.43,0.017810,0.023051,0.4199,3.989
0.0001,ours_bptt,56,0.7844,0.3256,0.790337,2.984554,1,0,3.675,0.009998,0.77512,0.32184,0.000022,0,176.01,8.77,11.29,70.14,0.008774,0.013270,0.8903,5.310
0.0001,ours_bptt,57,0.2535,-0.6401,0.830157,2.988830,1,0,3.693,0.009983,0.24924,-0.63103,0.000022,0,321.27,17.52,19.85,127.65,0.017518,0.024054,0.6852,5.232
0.0001,ours_bptt,58,0.3038,-0.4120,0.784945,2.975288,1,0,3.689,0.009995,0.29756,-0.40418,0.000021,0,419.29,10.78,14.07,187.49,0.010777,0.015286,0.3723,4.091
0.0001,ours_bptt,59,0.7189,-0.3583,0.789477,2.983970,1,0,3.679,0.009995,0.70991,-0.35395,0.000022,0,212.37,9.61,12.43,86.55,0.009614,0.014478,0.7956,5.143
0.0001,ours_bptt,60,0.1800,0.0264,0.752089,2.947505,1,0,2.923,0.009997,0.17011,0.02487,0.000021,0,453.39,0.86,1.32,224.73,0.000862,0.001194,0.0396,1.230
0.0001,ours_bptt,61,-0.4251,0.6545,0.935423,2.976970,1,0,3.596,0.009988,-0.42093,0.64541,0.000021,0,302.56,51.59,26.35,86.24,0.051586,0.070367,1.2683,5.893
0.0001,ours_bptt,62,0.5324,0.0722,0.769636,2.972199,1,0,3.518,0.009994,0.52253,0.07083,0.000021,0,336.02,2.00,4.21,162.30,0.002001,0.003008,0.3444,3.139
0.0001,ours_bptt,63,-0.1463,-0.2830,0.870062,2.975189,1,0,3.494,0.009985,-0.14279,-0.27362,0.000022,0,508.03,18.77,6.42,233.52,0.018768,0.025311,0.4308,3.883
0.0001,ours_bptt,64,0.5285,0.0914,0.769346,2.971929,1,0,3.524,0.009997,0.51861,0.08968,0.000021,0,340.79,2.53,5.28,163.22,0.002527,0.003800,0.3433,3.194
0.0001,ours_bptt,65,0.2105,0.2530,0.765543,2.958062,1,0,3.507,0.009991,0.20406,0.24544,0.000022,0,506.81,6.84,17.05,231.23,0.006839,0.009576,0.1892,3.140
0.0001,ours_bptt,66,-0.2321,0.7541,0.910398,2.985098,1,0,3.618,0.009997,-0.23033,0.74427,0.000021,0,278.89,33.88,28.60,85.44,0.033876,0.051392,1.1371,5.985
0.0001,ours_bptt,67,0.1052,0.6538,0.852349,2.985804,1,0,3.655,0.009991,0.10291,0.64412,0.000021,0,340.72,18.97,23.21,132.92,0.018967,0.026370,0.6996,5.218
0.0001,ours_bptt,68,0.5076,0.3617,0.778970,2.975654,1,0,3.687,0.009999,0.49940,0.35605,0.000021,0,338.80,9.52,12.85,149.41,0.009524,0.014166,0.4839,4.329
0.0001,ours_bptt,69,-0.0513,0.1705,0.807639,2.952766,1,0,3.359,0.009992,-0.04931,0.16069,0.000021,0,548.99,7.93,1.59,266.96,0.007935,0.011168,0.3227,3.452
0.0001,ours_bptt,70,-0.0982,0.3380,0.854279,2.965423,1,0,3.542,0.009985,-0.09640,0.32821,0.000004,0,496.71,14.85,10.24,226.98,0.014847,0.021933,0.4078,3.928
0.0001,ours_bptt,71,-0.2987,-0.5024,0.918781,2.986400,1,0,3.562,0.009978,-0.29482,-0.49318,0.000021,0,397.80,36.97,20.69,150.48,0.036972,0.050428,0.8166,4.931
0.0001,ours_bptt,72,-0.1503,0.3616,0.877012,2.967134,1,0,3.533,0.009978,-0.14755,0.35203,0.000023,0,480.43,20.16,12.17,212.93,0.020156,0.028248,0.4808,4.102
0.0001,ours_bptt,73,-0.1360,0.7558,0.895278,2.986784,1,0,3.636,0.009993,-0.13540,0.74579,0.000021,0,283.86,27.59,26.69,94.55,0.027593,0.043005,1.0285,5.860
0.0001,ours_bptt,74,0.2863,-0.1810,0.759469,2.960034,1,0,3.419,0.009989,0.27788,-0.17560,0.000022,0,474.91,5.05,13.95,219.71,0.005051,0.007309,0.1584,2.767
0.0001,ours_bptt,75,0.2629,0.0381,0.754614,2.953835,1,0,3.170,0.009998,0.25301,0.03663,0.000022,0,447.47,1.15,2.52,220.35,0.001155,0.001658,0.0829,1.669
0.0001,ours_bptt,76,-0.0879,0.1908,0.830895,2.956252,1,0,3.415,0.009999,-0.08476,0.18128,0.000022,0,544.97,11.72,1.95,261.75,0.011723,0.015644,0.3613,3.597
0.0001,ours_bptt,77,0.1878,-0.1637,0.755637,2.953155,1,0,3.300,0.009993,0.18033,-0.15704,0.000022,0,510.74,4.68,13.71,238.15,0.004683,0.006539,0.1172,2.555
0.0001,ours_bptt,78,0.3960,0.0616,0.761630,2.963898,1,0,3.397,0.009989,0.38614,0.06004,0.000021,0,405.36,1.75,4.53,196.83,0.001755,0.002597,0.1894,2.417
0.0001,ours_bptt,79,0.1499,0.3328,0.782863,2.964617,1,0,3.608,0.009994,0.14544,0.32384,0.000021,0,501.47,8.91,15.13,228.92,0.008912,0.012081,0.2606,3.579
0.0001,ours_bptt,80,0.4252,0.0139,0.763691,2.966277,1,0,3.410,0.009994,0.41517,0.01354,0.000021,0,382.15,0.39,0.99,189.79,0.000395,0.000586,0.2128,2.344
0.0001,ours_bptt,81,-0.1576,0.2546,0.869500,2.961818,1,0,3.490,0.009998,-0.15349,0.24549,0.000014,0,512.87,19.59,2.28,239.46,0.019595,0.025817,0.4315,3.911
0.0001,ours_bptt,82,-0.0686,-0.8309,0.894281,2.994634,1,0,3.630,0.009982,-0.06872,-0.82094,0.000021,0,246.96,27.56,31.74,71.07,0.027564,0.042148,1.1414,6.226
0.0001,ours_bptt,83,0.4444,-0.8902,0.849407,2.994157,1,0,3.682,0.009976,0.43954,-0.88151,0.000021,0,135.74,24.82,29.30,19.96,0.024816,0.034302,1.3313,6.895
0.0001,ours_bptt,84,0.2393,0.0573,0.754246,2.952229,1,0,3.135,0.009987,0.22956,0.05489,0.000022,0,456.40,1.75,3.33,223.55,0.001752,0.002496,0.0741,1.734
0.0001,ours_bptt,85,-0.0699,0.1952,0.821898,2.955520,1,0,3.413,0.010000,-0.06747,0.18546,0.000021,0,540.31,10.02,0.18,262.46,0.010022,0.013855,0.3372,3.543
0.0001,ours_bptt,86,0.7095,0.5152,0.801116,2.986543,1,0,3.707,0.009992,0.70126,0.50953,0.000014,0,179.75,13.80,15.80,63.73,0.013800,0.020492,0.9617,5.769
0.0001,ours_bptt,87,-0.0494,-0.2016,0.813981,2.964490,1,0,3.409,0.009990,-0.04782,-0.19177,0.000021,0,543.67,8.44,3.52,261.99,0.008438,0.012212,0.3121,3.490
0.0001,ours_bptt,88,0.0267,0.5306,0.846480,2.979204,1,0,3.640,0.009983,0.02533,0.52072,0.000022,0,412.55,15.95,18.12,176.19,0.015946,0.022816,0.5263,4.591
0.0001,ours_bptt,89,0.5313,0.5599,0.802510,2.984609,1,0,3.727,0.009997,0.52422,0.55290,0.000022,0,258.16,14.82,15.79,102.18,0.014822,0.021535,0.7610,5.365
0.0001,ours_bptt,90,-0.0457,0.0894,0.791456,2.947093,1,0,3.094,0.009998,-0.04207,0.08005,0.000021,0,612.24,6.39,33.74,267.59,0.006389,0.008003,0.3722,3.523
0.0001,ours_bptt,91,-0.3348,-0.7215,0.926757,2.991979,1,0,3.594,0.009990,-0.33179,-0.71196,0.000021,0,286.74,43.24,30.10,80.84,0.043243,0.061432,1.2315,6.021
0.0001,ours_bptt,92,-0.2539,0.6200,0.910624,2.979216,1,0,3.595,0.009988,-0.25131,0.61033,0.000021,0,348.44,33.79,24.51,124.37,0.033792,0.048603,0.9159,5.355
0.0001,ours_bptt,93,0.1010,0.2482,0.774130,2.956487,1,0,3.478,0.009992,0.09703,0.23904,0.000022,0,540.17,6.86,16.25,248.69,0.006863,0.009080,0.1987,3.201
0.0001,ours_bptt,94,0.8495,0.4720,0.803380,2.988508,1,0,3.682,0.009997,0.84069,0.46725,0.000022,0,106.45,12.82,15.55,28.06,0.012820,0.019196,1.1850,6.180
0.0001,ours_bptt,95,0.1372,0.4237,0.804957,2.972355,1,0,3.653,0.009988,0.13354,0.41436,0.000021,0,460.13,11.55,14.98,206.43,0.011545,0.015659,0.3584,4.037
0.0001,ours_bptt,96,0.4789,0.8183,0.837627,2.991766,1,0,3.703,0.009994,0.47344,0.80998,0.000022,0,160.04,22.43,24.77,38.42,0.022434,0.031346,1.1918,6.566
0.0001,ours_bptt,97,-0.0656,0.3396,0.841833,2.965529,1,0,3.554,0.009997,-0.06465,0.32968,0.000007,0,500.78,12.76,10.68,230.14,0.012762,0.019147,0.3782,3.875
0.0001,ours_bptt,98,0.6043,0.2287,0.776148,2.976722,1,0,3.628,0.009985,0.59491,0.22520,0.000021,0,300.64,6.16,9.88,135.82,0.006158,0.009300,0.5061,4.109
0.0001,ours_bptt,99,-0.0616,-0.5886,0.873606,2.989668,1,0,3.615,0.009992,-0.06152,-0.57856,0.000021,0,380.13,19.79,22.05,153.17,0.019794,0.030231,0.6655,4.945
0.0001,ours_bptt,100,0.6577,0.3184,0.782761,2.980212,1,0,3.677,0.009987,0.64867,0.31416,0.000021,0,258.45,8.49,11.38,111.48,0.008494,0.012815,0.6531,4.709
0.0001,ours_bptt,101,0.7053,0.3527,0.787492,2.982521,1,0,3.686,0.009987,0.69635,0.34832,0.000022,0,222.77,9.43,11.99,92.33,0.009426,0.014212,0.7646,5.056
0.0001,ours_bptt,102,-0.2611,-0.8069,0.917975,2.993934,1,0,3.611,0.009983,-0.25921,-0.79713,0.000021,0,248.65,37.55,31.99,64.17,0.037551,0.056556,1.2963,6.320
0.0001,ours_bptt,103,-0.2565,-0.5607,0.912369,2.988700,1,0,3.573,0.009977,-0.25353,-0.55119,0.000021,0,378.25,33.36,23.55,140.55,0.033362,0.047091,0.8325,5.098
0.0001,ours_bptt,104,-0.0062,-0.2025,0.792489,2.961389,1,0,3.401,0.009999,-0.00646,-0.19252,0.000021,0,551.59,6.65,7.94,262.87,0.006646,0.009263,0.2604,3.330
0.0001,ours_bptt,105,0.1683,-0.1221,0.753162,2.949779,1,0,3.148,0.009998,0.16027,-0.11612,0.000022,0,495.08,3.67,7.38,237.41,0.003665,0.005070,0.0861,2.226
0.0001,ours_bptt,106,0.1073,0.7657,0.865482,2.989401,1,0,3.655,0.009995,0.10520,0.75595,0.000021,0,277.93,22.53,27.47,94.60,0.022535,0.031553,0.9174,5.823
0.0001,ours_bptt,107,0.2607,-0.0935,0.755300,2.955238,1,0,3.234,0.009999,0.25133,-0.09003,0.000022,0,463.84,2.77,7.17,222.67,0.002768,0.003977,0.0982,2.092
0.0001,ours_bptt,108,0.2814,0.9272,0.864950,2.993357,1,0,3.665,0.009999,0.27792,0.91780,0.000021,0,159.45,26.53,32.46,27.37,0.026534,0.036351,1.3177,6.852
0.0001,ours_bptt,109,0.5130,0.7951,0.833284,2.991425,1,0,3.707,0.010000,0.50717,0.78693,0.000022,0,158.99,21.70,23.71,39.51,0.021695,0.030517,1.1767,6.520
0.0001,ours_bptt,110,0.4870,-0.3349,0.777309,2.975959,1,0,3.661,0.009994,0.47871,-0.32937,0.000021,0,355.65,8.87,13.28,157.90,0.008870,0.013175,0.4364,4.139
0.0001,ours_bptt,111,0.2839,0.6459,0.826269,2.986017,1,0,3.709,0.009989,0.27931,0.63700,0.000022,0,310.19,17.51,18.63,123.34,0.017512,0.024152,0.7043,5.290
0.0001,ours_bptt,112,0.3172,0.1950,0.759873,2.959451,1,0,3.473,0.009999,0.30867,0.18975,0.000022,0,462.85,5.36,13.76,213.64,0.005364,0.007833,0.1839,2.915
0.0001,ours_bptt,113,0.3999,-0.0481,0.762919,2.965270,1,0,3.387,0.009990,0.38995,-0.04684,0.000021,0,399.57,1.38,3.55,195.20,0.001375,0.002034,0.1912,2.370
0.0001,ours_bptt,114,0.0845,-0.3381,0.794456,2.971364,1,0,3.604,0.009985,0.08151,-0.32854,0.000021,0,509.20,9.39,13.54,234.02,0.009389,0.012604,0.2816,3.651
0.0001,ours_bptt,115,0.2833,0.3617,0.778201,2.968350,1,0,3.654,0.009987,0.27693,0.35400,0.000021,0,447.54,9.50,14.86,201.79,0.009496,0.013482,0.3089,3.798
0.0001,ours_bptt,116,-0.0960,-0.1708,0.834356,2.964373,1,0,3.388,0.009989,-0.09220,-0.16156,0.000022,0,556.34,12.36,5.07,263.83,0.012364,0.016067,0.3858,3.688
0.0001,ours_bptt,117,0.1426,0.0149,0.751182,2.944619,1,0,2.754,0.009998,0.13270,0.01386,0.000021,0,450.45,0.52,3.37,221.47,0.000517,0.000697,0.0244,0.950
0.0001,ours_bptt,118,0.2298,-0.1089,0.754372,2.953401,1,0,3.212,0.009989,0.22082,-0.10455,0.000022,0,477.39,3.23,8.17,228.11,0.003234,0.004601,0.0915,2.147
0.0001,ours_bptt,119,0.3467,0.6367,0.820041,2.985888,1,0,3.717,0.009983,0.34147,0.62823,0.000022,0,296.55,17.09,18.05,117.40,0.017094,0.023824,0.7203,5.336
0.0001,ours_bptt,120,0.1427,0.1849,0.759547,2.950293,1,0,3.327,0.009999,0.13660,0.17694,0.000022,0,529.92,5.23,15.21,245.82,0.005231,0.007094,0.1361,2.754
0.0001,ours_bptt,121,0.9039,0.2691,0.795985,2.987295,1,0,3.648,0.009994,0.89426,0.26630,0.000007,0,100.26,7.37,9.89,34.71,0.007369,0.011157,1.1119,5.716
0.0001,ours_bptt,122,0.6186,-0.7694,0.824620,2.991804,1,0,3.728,0.009997,0.61201,-0.76186,0.000022,0,127.14,20.76,20.74,27.27,0.020757,0.029746,1.2532,6.654
0.0001,ours_bptt,123,0.1330,0.4410,0.809351,2.973644,1,0,3.656,0.009994,0.12954,0.43158,0.000022,0,451.82,12.08,15.25,201.60,0.012082,0.016405,0.3793,4.123
0.0001,ours_bptt,124,0.3040,-0.5997,0.818492,2.986800,1,0,3.706,0.009986,0.29902,-0.59101,0.000011,0,328.69,16.12,17.78,134.47,0.016124,0.022354,0.6356,5.078
0.0001,ours_bptt,125,0.8777,-0.3398,0.796602,2.987492,1,0,3.667,0.009998,0.86835,-0.33622,0.000009,0,111.99,9.24,11.79,37.27,0.009242,0.013967,1.1052,5.816
0.0001,ours_bptt,126,0.4647,-0.7285,0.826602,2.990761,1,0,3.717,0.009978,0.45894,-0.72038,0.000022,0,209.47,19.69,20.82,69.15,0.019690,0.027715,0.9859,6.056
0.0001,ours_bptt,127,-0.1434,-0.2996,0.870582,2.976225,1,0,3.501,0.010000,-0.14016,-0.29013,0.000023,0,503.43,18.68,8.02,229.68,0.018683,0.025489,0.4354,3.917
0.0001,ours_bptt,128,0.7348,0.4244,0.794306,2.984950,1,0,3.695,0.009996,0.72611,0.41957,0.000022,0,189.23,11.37,13.73,72.36,0.011373,0.017059,0.8929,5.481
0.0001,ours_bptt,129,-0.1202,-0.4211,0.872777,2.983018,1,0,3.559,0.009999,-0.11844,-0.41128,0.000027,0,458.82,18.32,15.78,199.89,0.018316,0.027456,0.5029,4.273
0.0001,ours_bptt,130,0.0262,0.7331,0.870396,2.987900,1,0,3.657,0.009975,0.02494,0.72323,0.000021,0,300.30,22.35,24.87,108.52,0.022349,0.032459,0.8703,5.633
0.0001,ours_bptt,131,0.1806,-0.8313,0.863349,2.994066,1,0,3.668,0.009982,0.17778,-0.82170,0.000021,0,230.65,23.97,28.39,68.96,0.023975,0.033115,1.0584,6.217
0.0001,ours_bptt,132,0.0616,0.4904,0.832388,2.976838,1,0,3.646,0.009988,0.05960,0.48058,0.000010,0,432.83,14.21,16.44,189.31,0.014213,0.019790,0.4580,4.380
0.0001,ours_bptt,133,0.3828,0.6743,0.823639,2.987505,1,0,3.715,0.009993,0.37743,0.66587,0.000022,0,265.66,18.17,19.42,99.78,0.018175,0.025387,0.8122,5.600
0.0001,ours_bptt,134,0.6240,-0.1220,0.776895,2.977626,1,0,3.570,0.009995,0.61421,-0.12008,0.000021,0,284.57,3.35,6.12,133.66,0.003354,0.005063,0.4893,3.795
0.0001,ours_bptt,135,0.7082,-0.4265,0.793435,2.985214,1,0,3.697,0.009987,0.69956,-0.42152,0.000022,0,204.97,11.40,13.76,80.18,0.011402,0.017080,0.8471,5.378
0.0001,ours_bptt,136,0.3059,-0.0613,0.757399,2.958409,1,0,3.269,0.009987,0.29611,-0.05931,0.000022,0,440.92,1.81,4.77,214.33,0.001806,0.002625,0.1157,2.016
0.0001,ours_bptt,137,0.3815,0.8201,0.843309,2.991592,1,0,3.698,0.009997,0.37674,0.81131,0.000022,0,190.75,22.64,25.22,53.18,0.022643,0.031273,1.1108,6.384
0.0001,ours_bptt,138,-0.4068,-0.7436,0.935492,2.991605,1,0,3.596,0.009994,-0.40324,-0.73429,0.000021,0,263.55,50.75,30.86,62.85,0.050750,0.070715,1.4091,6.289
0.0001,ours_bptt,139,0.2478,-0.2333,0.762926,2.961058,1,0,3.485,0.009999,0.24052,-0.22645,0.000022,0,493.34,6.35,16.46,225.44,0.006354,0.009050,0.1811,3.043
0.0001,ours_bptt,140,0.6772,0.6933,0.817765,2.990252,1,0,3.717,0.009982,0.67000,0.68641,0.000022,0,132.90,18.70,19.95,32.48,0.018704,0.027162,1.1969,6.473
0.0001,ours_bptt,141,0.0428,-0.2079,0.776140,2.958280,1,0,3.402,0.009994,0.04040,-0.19817,0.000022,0,554.10,6.10,12.65,259.82,0.006099,0.007930,0.2098,3.164
0.0001,ours_bptt,142,0.6916,-0.1596,0.781418,2.980467,1,0,3.603,0.009992,0.68183,-0.15733,0.000021,0,243.73,4.36,7.17,111.43,0.004364,0.006603,0.6146,4.270
0.0001,ours_bptt,143,0.3035,0.5051,0.801196,2.978993,1,0,3.711,0.009998,0.29799,0.49675,0.000022,0,376.56,13.34,14.90,163.38,0.013336,0.018676,0.4905,4.575
0.0001,ours_bptt,144,0.1292,-0.1752,0.759267,2.952379,1,0,3.291,0.009991,0.12332,-0.16713,0.000022,0,531.11,5.01,14.15,247.65,0.005005,0.006724,0.1318,2.715
0.0001,ours_bptt,145,0.4745,0.7177,0.825188,2.989398,1,0,3.715,0.009991,0.46862,0.70960,0.000022,0,211.25,19.39,20.82,70.26,0.019389,0.027351,0.9747,6.023
0.0001,ours_bptt,146,0.3993,0.8983,0.851294,2.993119,1,0,3.690,0.009976,0.39478,0.88943,0.000021,0,144.34,25.05,28.46,24.92,0.025052,0.034520,1.3097,6.846
0.0001,ours_bptt,147,-0.1444,0.3214,0.871102,2.964835,1,0,3.519,0.009987,-0.14142,0.31187,0.000017,0,495.87,19.02,9.00,224.68,0.019017,0.026217,0.4464,3.967
0.0001,ours_bptt,148,0.0548,-0.4646,0.828045,2.982712,1,0,3.645,0.009999,0.05283,-0.45483,0.000008,0,446.06,13.48,14.82,198.10,0.013482,0.018785,0.4282,4.260
0.0001,ours_bptt,149,0.3302,-0.5948,0.815375,2.986459,1,0,3.712,0.009984,0.32490,-0.58638,0.000012,0,323.00,15.91,17.27,132.30,0.015915,0.022188,0.6408,5.091
0.0001,ours_bptt,150,0.1291,0.0400,0.751556,2.943712,1,0,2.740,0.009995,0.11954,0.03703,0.000021,0,468.36,1.39,10.24,222.90,0.001389,0.001857,0.0296,1.291
0.0001,ours_bptt,151,0.1204,0.0183,0.751173,2.943088,1,0,2.640,0.009994,0.11047,0.01678,0.000021,0,451.14,0.66,7.23,217.85,0.000660,0.000872,0.0189,0.929
0.0001,ours_bptt,152,0.3968,0.7576,0.834393,2.990088,1,0,3.707,0.009988,0.39165,0.74907,0.000022,0,218.59,20.68,22.54,71.24,0.020679,0.028734,0.9865,6.073
0.0001,ours_bptt,153,0.0547,0.2267,0.778994,2.954447,1,0,3.435,0.009990,0.05201,0.21703,0.000022,0,550.10,6.54,14.08,256.07,0.006542,0.008532,0.2080,3.207
0.0001,ours_bptt,154,0.0069,0.1062,0.767163,2.943095,1,0,3.015,0.009992,0.00590,0.09626,0.000022,0,562.99,3.65,20.49,258.27,0.003648,0.004609,0.2329,2.982
0.0001,ours_bptt,155,0.3885,0.8374,0.844957,2.991972,1,0,3.697,0.009979,0.38379,0.82862,0.000022,0,179.62,23.16,25.87,46.56,0.023163,0.031986,1.1555,6.491
0.0001,ours_bptt,156,0.0770,0.0732,0.754002,2.941620,1,0,2.712,0.009993,0.06974,0.06634,0.000021,0,520.47,2.53,28.50,229.83,0.002534,0.003206,0.0783,1.985
0.0001,ours_bptt,157,0.0515,-0.0915,0.758566,2.945437,1,0,2.826,0.009989,0.04653,-0.08285,0.000021,0,540.44,3.04,26.92,241.01,0.003044,0.003708,0.1348,2.435
0.0001,ours_bptt,158,0.1176,-0.1584,0.758094,2.950602,1,0,3.226,0.009997,0.11167,-0.15033,0.000022,0,526.24,4.61,11.40,248.26,0.004612,0.006139,0.1238,2.625
0.0001,ours_bptt,159,-0.1864,-0.2631,0.882168,2.974699,1,0,3.495,0.009979,-0.18185,-0.25423,0.000029,0,505.43,22.78,3.31,232.32,0.022780,0.029820,0.4728,4.130
0.0001,ours_bptt,160,0.2632,-0.1929,0.759204,2.959185,1,0,3.425,0.009989,0.25519,-0.18701,0.000022,0,486.68,5.36,14.94,224.39,0.005358,0.007699,0.1562,2.806
0.0001,ours_bptt,161,-0.3555,-0.7662,0.929670,2.992579,1,0,3.599,0.009987,-0.35257,-0.75672,0.000021,0,260.38,45.90,31.61,64.16,0.045900,0.065302,1.3603,6.289
0.0001,ours_bptt,162,-0.1215,-0.1778,0.847670,2.966402,1,0,3.418,0.009986,-0.11702,-0.16886,0.000022,0,554.08,15.10,5.41,260.30,0.015104,0.019402,0.4126,3.908
0.0001,ours_bptt,163,-0.0238,-0.5614,0.862583,2.988480,1,0,3.622,0.009999,-0.02432,-0.55139,0.000021,0,395.70,17.89,20.39,164.04,0.017885,0.026695,0.5989,4.780
0.0001,ours_bptt,164,0.4774,0.4709,0.790877,2.979708,1,0,3.720,0.009988,0.47009,0.46415,0.000021,0,319.49,12.36,14.04,136.43,0.012359,0.018047,0.5754,4.770
0.0001,ours_bptt,165,0.0443,-0.5806,0.851161,2.988534,1,0,3.645,0.009982,0.04273,-0.57070,0.000021,0,384.68,17.29,20.02,159.35,0.017294,0.024600,0.5936,4.838
0.0001,ours_bptt,166,-0.0210,-0.5374,0.858881,2.987506,1,0,3.621,0.009981,-0.02150,-0.52743,0.000021,0,408.48,17.07,19.30,172.14,0.017068,0.025396,0.5626,4.661
0.0001,ours_bptt,167,0.8175,0.5027,0.804012,2.988357,1,0,3.691,0.009999,0.80890,0.49762,0.000022,0,118.98,13.61,16.10,33.19,0.013607,0.020315,1.1552,6.161
0.0001,ours_bptt,168,0.8027,-0.3400,0.792725,2.985771,1,0,3.672,0.009989,0.79348,-0.33615,0.000022,0,161.50,9.19,11.84,62.01,0.009189,0.013879,0.9415,5.454
0.0001,ours_bptt,169,0.1514,0.0679,0.752480,2.945709,1,0,2.916,0.009994,0.14228,0.06372,0.000021,0,470.98,2.21,4.45,229.38,0.002213,0.003020,0.0486,1.672
0.0001,ours_bptt,170,0.5304,0.7692,0.829435,2.990942,1,0,3.711,0.009998,0.52435,0.76124,0.000022,0,164.68,20.90,22.61,44.05,0.020902,0.029552,1.1411,6.427
0.0001,ours_bptt,171,0.2090,0.4792,0.803908,2.976369,1,0,3.698,0.009982,0.20446,0.47025,0.000022,0,416.92,12.77,14.18,184.70,0.012772,0.017543,0.4261,4.335
0.0001,ours_bptt,172,0.5598,-0.3460,0.781275,2.978889,1,0,3.672,0.009989,0.55124,-0.34085,0.000021,0,311.60,9.19,12.89,136.02,0.009191,0.013735,0.5347,4.445
0.0001,ours_bptt,173,0.5464,-0.7222,0.821202,2.990566,1,0,3.731,0.009988,0.53998,-0.71453,0.000022,0,179.84,19.38,19.30,56.08,0.019382,0.027666,1.0608,6.214
0.0001,ours_bptt,174,-0.1182,-0.2340,0.853254,2.970918,1,0,3.461,0.009986,-0.11475,-0.22465,0.000022,0,525.67,15.32,2.35,248.99,0.015320,0.020501,0.3827,3.731
0.0001,ours_bptt,175,-0.2591,-0.7992,0.917555,2.993838,1,0,3.610,0.009993,-0.25723,-0.78944,0.000021,0,253.05,37.24,31.77,66.83,0.037243,0.056061,1.2763,6.276
0.0001,ours_bptt,176,0.5500,-0.2108,0.773937,2.975180,1,0,3.592,0.009992,0.54070,-0.20722,0.000021,0,332.89,5.72,10.30,151.85,0.005719,0.008596,0.4209,3.803
0.0001,ours_bptt,177,0.2832,0.3475,0.776107,2.967263,1,0,3.642,0.009998,0.27671,0.33989,0.000021,0,452.64,9.14,15.08,204.38,0.009139,0.012998,0.2944,3.723
0.0001,ours_bptt,178,0.3999,0.1449,0.761797,2.963847,1,0,3.475,0.009994,0.39050,0.14151,0.000022,0,417.68,4.02,9.76,196.06,0.004020,0.005968,0.2192,2.876
0.0001,ours_bptt,179,-0.3922,0.5944,0.931397,2.974970,1,0,3.588,0.009977,-0.38800,0.58541,0.000021,0,337.39,47.58,23.91,109.10,0.047577,0.064612,1.1022,5.536
0.0001,ours_bptt,180,0.1187,-0.5094,0.823726,2.984266,1,0,3.673,0.009982,0.11573,-0.49982,0.000003,0,416.72,14.19,15.52,182.19,0.014194,0.019453,0.4684,4.463
0.0001,ours_bptt,181,0.2591,0.4505,0.793916,2.974645,1,0,3.699,0.009994,0.25377,0.44212,0.000021,0,417.45,11.85,14.03,185.80,0.011853,0.016518,0.4010,4.232
0.0001,ours_bptt,182,-0.1886,-0.2921,0.885065,2.976606,1,0,3.504,0.009999,-0.18437,-0.28302,0.000032,0,497.09,23.28,6.28,224.80,0.023285,0.030820,0.4865,4.052
0.0001,ours_bptt,183,0.1147,-0.5915,0.838626,2.988284,1,0,3.675,0.009984,0.11208,-0.58183,0.000022,0,372.34,16.78,18.22,155.36,0.016777,0.023194,0.5904,4.882
0.0001,ours_bptt,184,0.3148,0.1334,0.757834,2.958044,1,0,3.376,0.009994,0.30560,0.12947,0.000022,0,455.73,3.79,10.47,214.55,0.003790,0.005533,0.1477,2.524
0.0001,ours_bptt,185,0.2581,-0.2319,0.762870,2.961443,1,0,3.487,0.009999,0.25064,-0.22521,0.000022,0,488.87,6.32,16.27,223.43,0.006318,0.009033,0.1833,3.045
0.0001,ours_bptt,186,-0.0058,-0.3736,0.827012,2.977980,1,0,3.594,0.009982,-0.00655,-0.36362,0.000022,0,491.96,11.68,12.49,224.73,0.011682,0.016876,0.3618,3.914
0.0001,ours_bptt,187,0.6780,0.6485,0.812976,2.989232,1,0,3.719,0.009991,0.67060,0.64178,0.000022,0,150.33,17.42,18.59,43.50,0.017424,0.025441,1.1162,6.261
0.0001,ours_bptt,188,0.1861,0.6801,0.845238,2.987183,1,0,3.670,0.009979,0.18288,0.67071,0.000022,0,314.68,19.17,23.34,119.62,0.019171,0.026274,0.7453,5.394
0.0001,ours_bptt,189,0.5062,-0.1910,0.771038,2.972897,1,0,3.562,0.009986,0.49687,-0.18750,0.000021,0,358.97,5.21,10.28,165.30,0.005213,0.007810,0.3548,3.531
0.0001,ours_bptt,190,0.3110,0.0827,0.756708,2.957308,1,0,3.306,0.009985,0.30138,0.08008,0.000022,0,445.86,2.40,6.55,214.57,0.002405,0.003506,0.1249,2.176
0.0001,ours_bptt,191,0.2038,0.5088,0.811388,2.978490,1,0,3.693,0.009985,0.19956,0.49979,0.000022,0,402.65,13.70,15.44,175.62,0.013697,0.018768,0.4662,4.489
0.0001,ours_bptt,192,0.1233,-0.0533,0.751264,2.944533,1,0,2.765,0.009994,0.11410,-0.04934,0.000021,0,478.68,1.83,12.42,225.55,0.001829,0.002439,0.0371,1.492
0.0001,ours_bptt,193,-0.0796,-0.7824,0.892337,2.993993,1,0,3.628,0.009979,-0.07960,-0.77240,0.000021,0,273.75,26.35,29.78,87.33,0.026353,0.040511,1.0407,5.967
0.0001,ours_bptt,194,0.2915,-0.1221,0.757566,2.958386,1,0,3.324,0.009998,0.28228,-0.11819,0.000022,0,461.43,3.52,9.85,218.23,0.003522,0.005105,0.1281,2.385
0.0001,ours_bptt,195,-0.1019,0.1701,0.835383,2.955914,1,0,3.399,0.009995,-0.09783,0.16092,0.000022,0,560.04,12.94,6.21,264.10,0.012938,0.016710,0.3918,3.742
0.0001,ours_bptt,196,0.4572,-0.2213,0.769125,2.970969,1,0,3.568,0.009988,0.44820,-0.21702,0.000021,0,387.22,6.00,11.99,177.12,0.006001,0.008945,0.3169,3.485
0.0001,ours_bptt,197,0.1068,0.1660,0.759453,2.947855,1,0,3.253,0.009992,0.10142,0.15760,0.000022,0,533.02,4.80,12.17,250.75,0.004798,0.006333,0.1351,2.710
0.0001,ours_bptt,198,0.6025,-0.0753,0.775104,2.976444,1,0,3.547,0.009997,0.59253,-0.07408,0.000021,0,293.65,2.08,4.01,141.25,0.002082,0.003140,0.4443,3.519
0.0001,ours_bptt,199,0.0462,0.5396,0.843957,2.979855,1,0,3.646,0.009988,0.04450,0.52971,0.000022,0,407.15,15.95,18.31,173.30,0.015950,0.022551,0.5308,4.627
0.0001,ours_bptt,200,0.1240,-0.0387,0.750948,2.944054,1,0,2.714,0.009998,0.11444,-0.03571,0.000021,0,469.10,1.36,11.36,222.18,0.001356,0.001804,0.0282,1.268
0.0001,ours_bptt,201,0.4164,-0.5120,0.796524,2.982389,1,0,3.729,0.009983,0.40978,-0.50453,0.000022,0,330.44,13.42,14.18,140.97,0.013424,0.019283,0.5732,4.820
0.0001,ours_bptt,202,-0.1230,0.4612,0.876444,2.972854,1,0,3.574,0.009980,-0.12146,0.45137,0.000021,0,440.41,19.34,17.64,188.06,0.019338,0.029272,0.5463,4.431
0.0001,ours_bptt,203,0.4410,-0.4585,0.790377,2.980530,1,0,3.708,0.009989,0.43387,-0.45149,0.000021,0,341.17,12.05,14.48,147.07,0.012048,0.017497,0.5251,4.616
0.0001,ours_bptt,204,0.2855,0.1293,0.756941,2.956102,1,0,3.332,0.009990,0.27642,0.12506,0.000022,0,466.20,3.71,10.45,219.87,0.003714,0.005379,0.1280,2.418
0.0001,ours_bptt,205,0.3098,0.8479,0.853557,2.992071,1,0,3.679,0.009980,0.30583,0.83874,0.000021,0,196.12,23.83,28.28,51.90,0.023831,0.032675,1.1343,6.438
0.0001,ours_bptt,206,0.7544,0.5438,0.805044,2.988024,1,0,3.704,0.009980,0.74615,0.53814,0.000013,0,145.15,14.64,16.71,44.89,0.014639,0.021726,1.0854,6.072
0.0001,ours_bptt,207,0.2818,0.3011,0.769704,2.963742,1,0,3.597,0.009999,0.27481,0.29396,0.000022,0,467.50,7.98,15.67,212.09,0.007985,0.011427,0.2497,3.470
0.0001,ours_bptt,208,0.4930,0.1739,0.767833,2.970177,1,0,3.558,0.009992,0.48359,0.17060,0.000021,0,368.39,4.74,9.52,171.12,0.004739,0.007111,0.3292,3.390
0.0001,ours_bptt,209,0.3355,-0.5061,0.799624,2.981910,1,0,3.714,0.009998,0.32962,-0.49803,0.000022,0,364.73,13.33,14.82,157.55,0.013332,0.018811,0.5089,4.633
0.0001,ours_bptt,210,0.2506,-0.7408,0.845718,2.991930,1,0,3.681,0.009985,0.24681,-0.73155,0.000021,0,267.93,20.70,24.33,94.11,0.020696,0.028365,0.8762,5.777
0.0001,ours_bptt,211,0.5757,-0.1236,0.774135,2.975593,1,0,3.551,0.009983,0.56591,-0.12148,0.000021,0,314.19,3.41,6.61,147.93,0.003405,0.005127,0.4178,3.561
0.0001,ours_bptt,212,0.1789,0.4176,0.795659,2.971706,1,0,3.672,0.009998,0.17451,0.40858,0.000021,0,455.26,11.13,14.03,205.25,0.011131,0.015209,0.3482,4.006
0.0001,ours_bptt,213,0.3431,0.9019,0.856522,2.993103,1,0,3.679,0.009988,0.33901,0.89275,0.000021,0,158.27,25.40,29.92,30.17,0.025399,0.034842,1.2821,6.783
0.0001,ours_bptt,214,0.4497,-0.0405,0.765806,2.968369,1,0,3.435,0.010000,0.43971,-0.03961,0.000021,0,374.06,1.15,2.79,183.38,0.001147,0.001707,0.2411,2.588
0.0001,ours_bptt,215,-0.0738,-0.8147,0.893809,2.994431,1,0,3.629,0.009992,-0.07392,-0.80466,0.000021,0,255.89,27.20,31.10,76.45,0.027199,0.041690,1.1080,6.140
0.0001,ours_bptt,216,-0.0007,-0.2767,0.805438,2.969129,1,0,3.524,0.009985,-0.00139,-0.26675,0.000021,0,534.82,8.68,10.77,250.13,0.008685,0.012235,0.2807,3.543
0.0001,ours_bptt,217,0.1157,-0.0892,0.752267,2.945499,1,0,2.912,0.009988,0.10783,-0.08302,0.000022,0,491.26,2.88,7.90,235.57,0.002883,0.003834,0.0681,1.989
0.0001,ours_bptt,218,0.2996,0.3432,0.774950,2.967293,1,0,3.643,0.009986,0.29287,0.33582,0.000021,0,447.46,9.02,14.93,202.03,0.009022,0.012910,0.2970,3.722
0.0001,ours_bptt,219,0.1075,0.0912,0.753600,2.943452,1,0,2.900,0.009988,0.09995,0.08468,0.000022,0,496.25,2.96,9.79,236.11,0.002960,0.003903,0.0741,2.044
0.0001,ours_bptt,220,-0.1180,0.5028,0.878257,2.975345,1,0,3.587,0.009989,-0.11675,0.49290,0.000021,0,420.79,19.98,19.33,176.08,0.019976,0.030558,0.5908,4.602
0.0001,ours_bptt,221,-0.0384,-0.1602,0.800989,2.959607,1,0,3.314,0.009998,-0.03678,-0.15036,0.000021,0,547.64,6.79,1.63,267.10,0.006794,0.009675,0.3093,3.393
0.0001,ours_bptt,222,0.6916,-0.2139,0.782136,2.980787,1,0,3.626,0.009996,0.68206,-0.21098,0.000021,0,244.27,5.81,8.99,108.79,0.005808,0.008787,0.6400,4.462
0.0001,ours_bptt,223,-0.0588,0.1179,0.804203,2.950170,1,0,3.236,0.009985,-0.05532,0.10857,0.000021,0,586.87,8.01,16.86,270.57,0.008007,0.010259,0.3697,3.525
0.0001,ours_bptt,224,-0.0745,-0.3129,0.843373,2.975546,1,0,3.527,0.009981,-0.07320,-0.30299,0.000002,0,509.99,12.65,9.90,235.61,0.012647,0.018859,0.3696,3.817
0.0001,ours_bptt,225,-0.1780,-0.3364,0.885006,2.979044,1,0,3.517,0.009999,-0.17439,-0.32701,0.000033,0,485.17,22.65,10.50,215.10,0.022647,0.030725,0.4975,4.084
0.0001,ours_bptt,226,0.6911,0.0578,0.779739,2.979645,1,0,3.582,0.009996,0.68116,0.05696,0.000021,0,237.78,1.59,2.74,114.95,0.001590,0.002408,0.5850,3.941
0.0001,ours_bptt,227,0.2381,-0.1180,0.754997,2.954330,1,0,3.244,0.009994,0.22922,-0.11345,0.000022,0,478.49,3.47,9.30,227.34,0.003469,0.004950,0.0996,2.234
0.0001,ours_bptt,228,0.1519,0.8000,0.864493,2.990504,1,0,3.657,0.009994,0.14939,0.79029,0.000021,0,253.66,23.27,28.84,80.54,0.023268,0.032229,0.9886,6.032
0.0001,ours_bptt,229,0.1294,-0.0464,0.751044,2.944561,1,0,2.766,0.009986,0.12001,-0.04303,0.000021,0,472.47,1.59,10.45,224.59,0.001594,0.002136,0.0332,1.387
0.0001,ours_bptt,230,0.0091,0.7864,0.876962,2.989224,1,0,3.659,0.009981,0.00802,0.77652,0.000021,0,269.99,24.29,26.40,90.38,0.024293,0.035710,0.9884,5.925
0.0001,ours_bptt,231,0.7804,-0.0773,0.785721,2.983006,1,0,3.602,0.009993,0.77041,-0.07628,0.000022,0,181.00,2.13,3.37,85.53,0.002126,0.003225,0.7570,4.491
0.0001,ours_bptt,232,0.1448,0.2357,0.766906,2.955232,1,0,3.456,0.009989,0.13941,0.22730,0.000022,0,531.61,6.46,17.19,243.77,0.006459,0.008750,0.1763,3.068
0.0001,ours_bptt,233,0.0215,0.4271,0.829301,2.972440,1,0,3.623,0.009999,0.02016,0.41718,0.000022,0,466.79,12.82,14.30,209.48,0.012816,0.018135,0.3992,4.107
0.0001,ours_bptt,234,-0.0409,-0.1955,0.808198,2.963368,1,0,3.396,0.009995,-0.03963,-0.18554,0.000021,0,545.68,7.77,3.66,263.36,0.007774,0.011256,0.3030,3.449
0.0001,ours_bptt,235,0.4958,-0.7270,0.824216,2.990674,1,0,3.724,0.009991,0.48977,-0.71903,0.000022,0,198.14,19.58,20.06,64.32,0.019579,0.027710,1.0133,6.115
0.0001,ours_bptt,236,0.8988,-0.2304,0.794399,2.986898,1,0,3.643,0.009994,0.88908,-0.22793,0.000008,0,105.78,6.31,8.62,39.54,0.006311,0.009568,1.0745,5.568
0.0001,ours_bptt,237,0.0532,-0.4550,0.826590,2.982116,1,0,3.643,0.009990,0.05127,-0.44520,0.000022,0,451.27,13.21,14.55,201.18,0.013207,0.018386,0.4172,4.215
0.0001,ours_bptt,238,0.1776,-0.1698,0.756557,2.953267,1,0,3.307,0.009986,0.17044,-0.16285,0.000022,0,515.63,4.84,14.25,239.93,0.004843,0.006721,0.1213,2.606
0.0001,ours_bptt,239,0.4213,0.3347,0.773737,2.970960,1,0,3.663,0.009991,0.41335,0.32867,0.000021,0,392.28,8.81,13.42,176.12,0.008805,0.012982,0.3702,3.935
0.0001,ours_bptt,240,0.3769,-0.3379,0.775121,2.972350,1,0,3.645,0.009988,0.36931,-0.33134,0.000021,0,412.84,8.92,14.54,185.19,0.008918,0.013008,0.3385,3.846
0.0001,ours_bptt,241,0.2876,0.6481,0.826174,2.986116,1,0,3.710,0.009992,0.28297,0.63926,0.000022,0,307.98,17.56,18.60,122.21,0.017564,0.024235,0.7097,5.307
0.0001,ours_bptt,242,-0.2242,-0.5692,0.906207,2.989163,1,0,3.578,0.010000,-0.22164,-0.55953,0.000021,0,377.94,30.32,23.53,142.70,0.030317,0.043750,0.8010,5.076
0.0001,ours_bptt,243,0.2114,0.6827,0.842408,2.987346,1,0,3.675,0.009996,0.20779,0.67341,0.000022,0,308.34,19.10,23.03,116.82,0.019100,0.026149,0.7535,5.426
0.0001,ours_bptt,244,0.3551,-0.4475,0.788583,2.978192,1,0,3.710,0.009986,0.34862,-0.43993,0.000021,0,383.92,11.69,13.79,169.40,0.011693,0.016730,0.4431,4.362
0.0001,ours_bptt,245,-0.0902,0.2305,0.837373,2.958621,1,0,3.462,0.009999,-0.08759,0.22090,0.000022,0,531.67,12.45,2.62,253.87,0.012455,0.017177,0.3503,3.647
0.0001,ours_bptt,246,0.3024,-0.0595,0.757184,2.958107,1,0,3.261,0.009997,0.29259,-0.05755,0.000022,0,441.51,1.76,4.61,214.83,0.001757,0.002551,0.1128,1.989
0.0001,ours_bptt,247,0.0963,-0.5319,0.831469,2.985826,1,0,3.669,0.009999,0.09372,-0.52220,0.000007,0,406.80,15.08,16.21,175.87,0.015081,0.020840,0.5039,4.575
0.0001,ours_bptt,248,0.6870,-0.3791,0.789353,2.983623,1,0,3.685,0.009992,0.67817,-0.37442,0.000022,0,228.29,10.14,12.94,93.60,0.010140,0.015228,0.7598,5.092
0.0001,ours_bptt,249,0.6621,-0.5816,0.805715,2.988156,1,0,3.722,0.009981,0.65445,-0.57525,0.000013,0,183.84,15.53,16.62,63.65,0.015525,0.022824,0.9785,5.891
0.0001,ours_bptt,250,-0.1159,-0.8802,0.902570,2.995202,1,0,3.629,0.009986,-0.11564,-0.87023,0.000021,0,217.15,30.62,33.49,52.12,0.030624,0.047518,1.2982,6.535
0.0001,ours_bptt,251,0.1278,0.4828,0.818914,2.976625,1,0,3.662,0.009982,0.12462,0.47336,0.000022,0,430.57,13.38,16.17,189.09,0.013375,0.018233,0.4324,4.333
0.0001,ours_bptt,252,-0.4713,-0.6876,0.941623,2.989608,1,0,3.597,0.009975,-0.46705,-0.67855,0.000021,0,276.38,56.81,27.74,67.84,0.056814,0.077372,1.4312,6.175
0.0001,ours_bptt,253,0.0785,-0.2458,0.776270,2.961125,1,0,3.480,0.009996,0.07513,-0.23640,0.000022,0,544.96,6.88,15.19,252.13,0.006884,0.009041,0.2068,3.235
0.0001,ours_bptt,254,0.1938,-0.0414,0.751889,2.948748,1,0,2.994,0.009989,0.18406,-0.03922,0.000021,0,454.26,1.32,0.08,226.06,0.001320,0.001845,0.0487,1.438
0.0001,ours_bptt,255,0.2595,0.6392,0.828604,2.985698,1,0,3.699,0.009986,0.25515,0.63020,0.000022,0,320.34,17.44,19.35,127.75,0.017438,0.023968,0.6846,5.230
0.0001,ours_bptt,256,-0.1225,-0.6050,0.887173,2.990368,1,0,3.605,0.009974,-0.12161,-0.59504,0.000021,0,367.94,22.89,23.34,143.46,0.022886,0.035442,0.7420,5.090
0.0001,ours_bptt,257,-0.2557,-0.7313,0.915672,2.992788,1,0,3.602,0.009980,-0.25356,-0.72158,0.000021,0,290.62,35.79,29.66,88.81,0.035789,0.053085,1.1272,5.919
0.0001,ours_bptt,258,0.9286,-0.2665,0.796973,2.987863,1,0,3.649,0.009990,0.91904,-0.26381,0.000006,0,83.84,7.30,9.70,26.74,0.007305,0.011064,1.1695,5.835
0.0001,ours_bptt,259,-0.1529,0.2949,0.871622,2.963470,1,0,3.508,0.009979,-0.14940,0.28552,0.000017,0,502.97,19.54,6.49,230.34,0.019536,0.026366,0.4416,3.913
0.0001,ours_bptt,260,-0.5134,-0.8404,0.945134,2.991910,1,0,3.610,0.009995,-0.50963,-0.83116,0.000021,0,192.76,62.74,33.02,16.31,0.062740,0.086697,1.8574,7.033
0.0001,ours_bptt,261,0.1135,0.7021,0.857980,2.987616,1,0,3.653,0.009997,0.11117,0.69235,0.000021,0,313.29,20.46,25.44,115.86,0.020458,0.028458,0.7887,5.480
0.0001,ours_bptt,262,0.1363,0.0233,0.751276,2.944181,1,0,2.734,0.009999,0.12642,0.02159,0.000021,0,455.68,0.81,5.94,221.29,0.000812,0.001090,0.0244,1.050
0.0001,ours_bptt,263,0.6920,-0.4273,0.792821,2.984864,1,0,3.698,0.009993,0.68343,-0.42218,0.000022,0,214.52,11.41,13.77,84.94,0.011407,0.017073,0.8197,5.315
0.0001,ours_bptt,264,0.2765,0.2692,0.765922,2.961396,1,0,3.556,0.010000,0.26929,0.26229,0.000022,0,476.80,7.21,15.97,217.02,0.007205,0.010335,0.2198,3.284
0.0001,ours_bptt,265,0.2175,0.3285,0.776452,2.964708,1,0,3.611,0.009992,0.21171,0.32029,0.000022,0,483.86,8.70,15.82,219.59,0.008699,0.012108,0.2579,3.563
0.0001,ours_bptt,266,0.5969,-0.4234,0.788743,2.982441,1,0,3.703,0.009991,0.58862,-0.41781,0.000021,0,271.40,11.21,13.62,113.67,0.011212,0.016689,0.6653,4.931
0.0001,ours_bptt,267,0.0093,-0.2934,0.805691,2.970325,1,0,3.543,0.009984,0.00824,-0.28345,0.000021,0,529.30,9.00,11.51,246.39,0.008997,0.012546,0.2850,3.581
0.0001,ours_bptt,268,-0.0703,-0.4002,0.853200,2.981206,1,0,3.575,0.009991,-0.06959,-0.39026,0.000011,0,473.51,14.67,13.75,212.01,0.014665,0.022224,0.4360,4.112
0.0001,ours_bptt,269,-0.1298,0.8148,0.896668,2.988568,1,0,3.646,0.009982,-0.12937,0.80485,0.000021,0,250.36,28.97,27.78,75.67,0.028972,0.045164,1.1493,6.166
0.0001,ours_bptt,270,0.3659,0.1527,0.760064,2.961541,1,0,3.456,0.009999,0.35669,0.14883,0.000022,0,435.77,4.25,10.77,203.93,0.004246,0.006269,0.1939,2.799
0.0001,ours_bptt,271,0.1731,0.7224,0.853037,2.988571,1,0,3.663,0.009976,0.17009,0.71286,0.000021,0,293.90,20.62,25.57,105.91,0.020622,0.028344,0.8264,5.617
0.0001,ours_bptt,272,-0.1537,-0.3882,0.881170,2.981682,1,0,3.537,0.009994,-0.15106,-0.37852,0.000032,0,469.46,20.91,14.40,204.65,0.020906,0.029639,0.5082,4.208
0.0001,ours_bptt,273,0.3157,0.8481,0.852917,2.992085,1,0,3.680,0.009999,0.31164,0.83899,0.000021,0,194.40,23.81,28.13,51.21,0.023810,0.032654,1.1374,6.446
0.0001,ours_bptt,274,-0.0314,-0.5603,0.863963,2.988509,1,0,3.621,0.009984,-0.03182,-0.55027,0.000021,0,396.10,18.03,20.32,164.20,0.018030,0.027056,0.6020,4.780
0.0001,ours_bptt,275,0.8578,-0.3810,0.797353,2.987581,1,0,3.678,0.009984,0.84868,-0.37707,0.000010,0,119.55,10.33,12.78,39.25,0.010326,0.015577,1.0986,5.866
0.0001,ours_bptt,276,0.1279,-0.9419,0.880302,2.995627,1,0,3.650,0.009993,0.12587,-0.93213,0.000021,0,175.48,28.09,34.37,32.30,0.028094,0.039438,1.3332,6.824
0.0001,ours_bptt,277,0.3437,0.3660,0.777215,2.970083,1,0,3.668,0.009999,0.33671,0.35893,0.000021,0,420.49,9.59,14.29,188.76,0.009593,0.013850,0.3435,3.918
0.0001,ours_bptt,278,0.4443,0.0492,0.764411,2.967135,1,0,3.441,0.009993,0.43440,0.04805,0.000021,0,379.76,1.39,3.38,185.46,0.001387,0.002066,0.2359,2.595
0.0001,ours_bptt,279,0.5094,-0.5381,0.799780,2.984800,1,0,3.727,0.009985,0.50229,-0.53109,0.000022,0,277.44,14.20,15.19,112.88,0.014201,0.020633,0.7028,5.194
0.0001,ours_bptt,280,0.6178,0.6921,0.817721,2.989683,1,0,3.722,0.009987,0.61084,0.68488,0.000022,0,161.91,18.61,19.52,47.48,0.018610,0.026867,1.1014,6.275
0.0001,ours_bptt,281,-0.0121,0.1057,0.773934,2.944352,1,0,3.066,0.009998,-0.01153,0.09576,0.000022,0,575.51,4.05,21.70,263.02,0.004047,0.005505,0.2763,3.166
0.0001,ours_bptt,282,0.5679,0.2579,0.774380,2.975205,1,0,3.643,0.009985,0.55879,0.25380,0.000021,0,321.78,6.89,10.75,144.97,0.006889,0.010383,0.4723,4.074
0.0001,ours_bptt,283,0.2760,0.1287,0.756681,2.955476,1,0,3.318,0.009994,0.26698,0.12444,0.000022,0,469.42,3.71,10.45,221.47,0.003712,0.005362,0.1226,2.391
0.0001,ours_bptt,284,0.4500,0.3983,0.781344,2.975205,1,0,3.699,0.010000,0.44232,0.39190,0.000021,0,358.92,10.43,13.41,158.23,0.010434,0.015330,0.4613,4.333
0.0001,ours_bptt,285,0.4344,0.0610,0.763735,2.966408,1,0,3.437,0.009996,0.42446,0.05957,0.000021,0,386.89,1.72,4.23,187.93,0.001720,0.002561,0.2272,2.599
0.0001,ours_bptt,286,0.2625,-0.1936,0.759215,2.959174,1,0,3.426,0.009987,0.25446,-0.18767,0.000022,0,487.12,5.37,14.98,224.55,0.005374,0.007721,0.1564,2.809
0.0001,ours_bptt,287,0.4951,-0.4703,0.792225,2.982093,1,0,3.710,0.009994,0.48770,-0.46358,0.000021,0,310.42,12.40,14.67,131.24,0.012397,0.018127,0.5948,4.823
0.0001,ours_bptt,288,-0.0609,0.1904,0.816202,2.954710,1,0,3.403,0.009983,-0.05875,0.18067,0.000021,0,542.38,9.11,0.43,263.93,0.009107,0.012792,0.3277,3.507
0.0001,ours_bptt,289,0.4627,-0.5742,0.804030,2.985483,1,0,3.737,0.009984,0.45612,-0.56674,0.000022,0,283.09,15.14,15.12,115.08,0.015136,0.021741,0.7070,5.246
0.0001,ours_bptt,290,-0.2671,0.5113,0.911646,2.973489,1,0,3.569,0.009995,-0.26358,0.50197,0.000021,0,399.31,33.74,20.59,153.76,0.033744,0.046625,0.7776,4.893
0.0001,ours_bptt,291,-0.1914,0.4290,0.892857,2.970604,1,0,3.551,0.009988,-0.18841,0.41944,0.000021,0,447.16,25.12,16.32,188.41,0.025121,0.035142,0.5867,4.416
0.0001,ours_bptt,292,0.3585,0.0772,0.759424,2.961081,1,0,3.364,0.009991,0.34877,0.07505,0.000022,0,425.34,2.21,5.92,205.09,0.002214,0.003258,0.1596,2.333
0.0001,ours_bptt,293,0.0225,0.1187,0.764283,2.943397,1,0,3.065,0.009989,0.02039,0.10897,0.000022,0,542.40,3.84,10.10,258.22,0.003836,0.004740,0.2049,2.888
0.0001,ours_bptt,294,0.4545,0.0289,0.765259,2.967972,1,0,3.443,0.009990,0.44452,0.02823,0.000021,0,370.81,0.81,1.97,182.83,0.000815,0.001215,0.2448,2.562
0.0001,ours_bptt,295,-0.0097,-0.2389,0.800521,2.965579,1,0,3.474,0.009996,-0.01001,-0.22891,0.000021,0,545.68,7.77,9.25,257.77,0.007768,0.011008,0.2689,3.445
0.0001,ours_bptt,296,-0.0414,-0.4969,0.858223,2.985922,1,0,3.609,0.009988,-0.04151,-0.48689,0.000021,0,428.67,16.37,17.80,184.26,0.016370,0.024651,0.5217,4.489
0.0001,ours_bptt,297,-0.4635,-0.8276,0.941075,2.992352,1,0,3.606,0.009988,-0.45997,-0.81829,0.000021,0,209.93,57.50,33.25,28.59,0.057503,0.080118,1.7131,6.845
0.0001,ours_bptt,298,-0.1078,-0.2116,0.845741,2.968721,1,0,3.439,0.009990,-0.10435,-0.20224,0.000022,0,531.52,14.01,0.23,255.02,0.014008,0.018618,0.3771,3.679
0.0001,ours_bptt,299,0.1967,0.7699,0.856545,2.990021,1,0,3.662,0.009990,0.19365,0.76043,0.000021,0,263.68,22.00,27.50,87.84,0.022001,0.030201,0.9269,5.895
0.0001,lyap1,0,-0.4828,-0.7608,0.800000,1.700000,1,0,4.466,0.009984,-0.47900,-0.75151,0.000037,0,474.23,40.27,76.41,130.50,0.040274,0.048227,1.1617,5.710
0.0001,lyap1,1,0.3886,-0.1909,0.800000,1.700000,1,0,3.282,0.009990,0.37941,-0.18691,0.000037,0,407.48,9.92,21.44,174.86,0.009917,0.014568,0.2402,3.013
0.0001,lyap1,2,0.1373,-0.1241,0.800000,1.700000,1,0,2.922,0.009985,0.12937,-0.11796,0.000037,0,503.29,6.94,22.84,223.60,0.006939,0.009637,0.0673,1.986
0.0001,lyap1,3,0.5235,0.3075,0.800000,1.700000,1,0,3.496,0.009989,0.51468,0.30277,0.000037,0,342.62,14.93,23.85,136.26,0.014934,0.022558,0.4620,4.013
0.0001,lyap1,4,0.3315,0.9345,0.800000,1.700000,1,0,4.141,0.009986,0.32807,0.92507,0.000037,0,231.00,31.12,25.19,66.97,0.031120,0.048297,1.1678,6.201
0.0001,lyap1,5,0.3231,-0.0585,0.800000,1.700000,1,0,3.044,0.009984,0.31319,-0.05696,0.000037,0,394.82,3.30,7.68,187.26,0.003302,0.004708,0.1374,2.102
0.0001,lyap1,6,-0.0850,0.5502,0.800000,1.700000,1,0,4.075,0.009996,-0.08463,0.54017,0.000037,0,566.22,13.01,63.84,209.51,0.013007,0.016147,0.4589,4.042
0.0001,lyap1,7,-0.0720,-0.5823,0.800000,1.700000,1,0,4.092,0.009984,-0.07185,-0.57230,0.000037,0,543.17,13.74,60.21,201.07,0.013739,0.017374,0.4944,4.191
0.0001,lyap1,8,0.3960,-0.5209,0.800000,1.700000,1,0,3.749,0.009987,0.38972,-0.51314,0.000037,0,384.48,21.98,30.90,144.86,0.021982,0.033797,0.5309,4.442
0.0001,lyap1,9,0.3685,0.3828,0.800000,1.700000,1,0,3.570,0.009998,0.36125,0.37591,0.000037,0,428.79,17.48,31.90,169.38,0.017478,0.026421,0.3595,3.778
0.0001,lyap1,10,0.1283,0.2512,0.800000,1.700000,1,0,3.379,0.009989,0.12301,0.24273,0.000037,0,580.11,10.94,47.13,234.72,0.010941,0.015782,0.1425,2.686
0.0001,lyap1,11,0.2440,0.2446,0.800000,1.700000,1,0,3.321,0.009990,0.23645,0.23798,0.000037,0,501.74,12.02,33.74,208.11,0.012022,0.017590,0.1675,2.827
0.0001,lyap1,12,0.6768,0.6211,0.800000,1.700000,1,0,3.820,0.009984,0.66935,0.61443,0.000037,0,207.45,26.85,23.16,60.42,0.026855,0.042071,1.0230,5.756
0.0001,lyap1,13,0.7407,-0.0375,0.800000,1.700000,1,0,3.457,0.009985,0.73072,-0.03700,0.000037,0,179.97,1.87,2.67,85.91,0.001874,0.002832,0.6972,4.232
0.0001,lyap1,14,0.1895,0.9012,0.800000,1.700000,1,0,4.175,0.009989,0.18723,0.89146,0.000037,0,291.99,27.17,30.72,94.90,0.027168,0.040782,1.0247,5.861
0.0001,lyap1,15,0.3282,0.2784,0.800000,1.700000,1,0,3.399,0.009994,0.32021,0.27237,0.000037,0,455.63,13.60,30.57,187.04,0.013597,0.020168,0.2424,3.204
0.0001,lyap1,16,0.4229,-0.6724,0.800000,1.700000,1,0,3.902,0.009986,0.41743,-0.66398,0.000037,0,318.95,26.46,27.90,111.73,0.026457,0.041185,0.7646,5.167
0.0001,lyap1,17,-0.0535,-0.6259,0.800000,1.700000,1,0,4.113,0.009986,-0.05359,-0.61588,0.000037,0,512.16,14.90,55.76,189.14,0.014902,0.019333,0.5471,4.398
0.0001,lyap1,18,0.5135,-0.1699,0.800000,1.700000,1,0,3.349,0.009997,0.50395,-0.16704,0.000037,0,334.06,8.72,15.93,144.56,0.008718,0.012956,0.3700,3.457
0.0001,lyap1,19,-0.1027,-0.2139,0.800000,1.700000,1,0,3.685,0.009985,-0.10082,-0.20409,0.000037,0,794.68,9.27,112.44,277.95,0.009266,0.010768,0.1957,2.627
0.0001,lyap1,20,0.5724,0.0126,0.800000,1.700000,1,0,3.325,0.009990,0.56246,0.01236,0.000037,0,265.96,0.65,1.16,131.33,0.000653,0.000969,0.4156,3.243
0.0001,lyap1,21,-0.2534,-0.7892,0.800000,1.700000,1,0,4.346,0.009986,-0.25153,-0.77943,0.000037,0,439.52,20.46,60.93,143.48,0.020462,0.025835,0.9334,5.403
0.0001,lyap1,22,0.1756,0.0811,0.800000,1.700000,1,0,2.809,0.009994,0.16638,0.07732,0.000037,0,448.01,4.88,10.33,210.02,0.004877,0.006705,0.0549,1.698
0.0001,lyap1,23,-0.1826,-0.5070,0.800000,1.700000,1,0,4.128,0.009990,-0.18081,-0.49713,0.000037,0,618.86,14.81,77.80,220.52,0.014807,0.018438,0.4645,3.935
0.0001,lyap1,24,0.5281,0.1638,0.800000,1.700000,1,0,3.355,0.009988,0.51849,0.16111,0.000037,0,324.85,8.40,15.10,141.03,0.008396,0.012492,0.3865,3.502
0.0001,lyap1,25,0.2533,-0.1131,0.800000,1.700000,1,0,3.018,0.009983,0.24401,-0.10947,0.000037,0,446.05,6.37,16.35,201.89,0.006375,0.009030,0.1033,2.134
0.0001,lyap1,26,-0.0698,0.1000,0.800000,1.700000,1,0,3.303,0.009994,-0.06727,0.09028,0.000037,0,843.73,7.55,136.24,279.96,0.007549,0.008174,0.1678,2.459
0.0001,lyap1,27,0.3040,0.0277,0.800000,1.700000,1,0,2.991,0.009985,0.29405,0.02687,0.000037,0,389.52,1.59,3.65,189.92,0.001588,0.002248,0.1182,1.846
0.0001,lyap1,28,0.2958,-0.8584,0.800000,1.700000,1,0,4.101,0.009994,0.29243,-0.84899,0.000037,0,282.91,28.71,27.86,92.06,0.028708,0.044251,0.9890,5.776
0.0001,lyap1,29,0.3034,0.1431,0.800000,1.700000,1,0,3.134,0.009993,0.29421,0.13929,0.000037,0,437.28,7.78,19.31,193.50,0.007776,0.011193,0.1478,2.471
0.0001,lyap1,30,-0.0517,-0.6699,0.800000,1.700000,1,0,4.145,0.009997,-0.05185,-0.65993,0.000037,0,485.00,15.91,53.14,177.43,0.015907,0.020812,0.6113,4.617
0.0001,lyap1,31,0.5492,0.3284,0.800000,1.700000,1,0,3.527,0.009991,0.54042,0.32358,0.000037,0,327.39,15.80,23.81,128.04,0.015800,0.023962,0.5116,4.194
0.0001,lyap1,32,-0.2470,-0.5392,0.800000,1.700000,1,0,4.207,0.009989,-0.24452,-0.52953,0.000037,0,610.33,19.70,80.44,209.95,0.019702,0.024251,0.5531,4.184
0.0001,lyap1,33,0.0352,0.9500,0.800000,1.700000,1,0,4.275,0.009986,0.03442,0.94002,0.000037,0,297.95,24.16,36.36,94.50,0.024159,0.034046,1.1101,6.037
0.0001,lyap1,34,0.0707,-0.1224,0.800000,1.700000,1,0,2.922,0.009989,0.06480,-0.11434,0.000037,0,553.20,6.21,33.87,238.07,0.006209,0.008518,0.0757,2.034
0.0001,lyap1,35,0.4590,0.2294,0.800000,1.700000,1,0,3.376,0.009998,0.44984,0.22533,0.000037,0,374.67,11.59,21.93,156.71,0.011592,0.017250,0.3335,3.452
0.0001,lyap1,36,-0.1107,0.4644,0.800000,1.700000,1,0,4.022,0.009984,-0.10984,0.45444,0.000037,0,627.53,11.58,74.21,230.87,0.011582,0.013998,0.3745,3.655
0.0001,lyap1,37,0.1172,0.8775,0.800000,1.700000,1,0,4.193,0.009980,0.11552,0.86761,0.000037,0,324.20,24.80,34.47,109.03,0.024799,0.036232,0.9601,5.689
0.0001,lyap1,38,-0.1887,-0.6828,0.800000,1.700000,1,0,4.249,0.009991,-0.18721,-0.67289,0.000037,0,502.24,16.91,63.29,175.15,0.016907,0.020950,0.7032,4.790
0.0001,lyap1,39,0.8660,-0.0873,0.800000,1.700000,1,0,3.539,0.009997,0.85605,-0.08637,0.000037,0,115.17,4.27,5.16,49.22,0.004266,0.006521,0.9595,5.023
0.0001,lyap1,40,0.3463,-0.5640,0.800000,1.700000,1,0,3.813,0.009983,0.34087,-0.55562,0.000037,0,395.30,22.61,32.14,148.55,0.022615,0.034771,0.5439,4.502
0.0001,lyap1,41,0.1016,-0.3385,0.800000,1.700000,1,0,3.610,0.009992,0.09791,-0.32923,0.000037,0,590.47,12.49,52.93,232.94,0.012491,0.017967,0.2056,3.062
0.0001,lyap1,42,-0.2362,-0.3342,0.800000,1.700000,1,0,4.051,0.009991,-0.23262,-0.32490,0.000037,0,759.94,22.14,107.33,256.03,0.022142,0.025313,0.3540,3.279
0.0001,lyap1,43,0.8826,0.0070,0.800000,1.700000,1,0,3.540,0.009995,0.87257,0.00695,0.000037,0,91.46,0.34,0.41,45.06,0.000343,0.000525,0.9878,4.960
0.0001,lyap1,44,0.1563,-0.4355,0.800000,1.700000,1,0,3.734,0.010000,0.15231,-0.42633,0.000037,0,531.42,16.10,45.27,208.36,0.016100,0.023789,0.3004,3.564
0.0001,lyap1,45,0.0602,0.2535,0.800000,1.700000,1,0,3.461,0.009996,0.05673,0.24416,0.000037,0,633.88,9.32,60.44,249.51,0.009319,0.012977,0.1483,2.666
0.0001,lyap1,46,0.3509,-0.8008,0.800000,1.700000,1,0,4.037,0.009984,0.34681,-0.79173,0.000037,0,292.23,28.49,27.37,97.37,0.028495,0.044271,0.9183,5.594
0.0001,lyap1,47,-0.1504,-0.4231,0.800000,1.700000,1,0,4.025,0.009995,-0.14879,-0.41324,0.000037,0,667.55,12.51,83.86,240.53,0.012513,0.015422,0.3577,3.510
0.0001,lyap1,48,0.3656,-0.0779,0.800000,1.700000,1,0,3.122,0.009984,0.35582,-0.07610,0.000037,0,384.67,4.29,9.73,179.39,0.004291,0.006185,0.1780,2.398
0.0001,lyap1,49,-0.2992,-0.4212,0.800000,1.700000,1,0,4.182,0.010000,-0.29541,-0.41191,0.000037,0,704.96,27.30,98.98,233.02,0.027297,0.031606,0.4809,3.766
0.0001,lyap1,50,0.7379,0.3254,0.800000,1.700000,1,0,3.589,0.009984,0.72862,0.32158,0.000037,0,213.81,15.53,18.75,76.51,0.015534,0.023819,0.8116,5.002
0.0001,lyap1,51,0.2430,0.2287,0.800000,1.700000,1,0,3.284,0.009989,0.23527,0.22239,0.000037,0,499.06,11.44,32.45,208.50,0.011438,0.016672,0.1567,2.747
0.0001,lyap1,52,-0.0147,-0.5282,0.800000,1.700000,1,0,3.994,0.009988,-0.01538,-0.51827,0.000037,0,558.86,13.48,58.11,211.22,0.013478,0.017847,0.4078,3.909
0.0001,lyap1,53,0.0787,0.1072,0.800000,1.700000,1,0,2.821,0.009994,0.07204,0.09972,0.000037,0,518.37,5.86,23.49,231.30,0.005856,0.007978,0.0653,1.916
0.0001,lyap1,54,-0.1562,0.9648,0.800000,1.700000,1,0,4.374,0.009994,-0.15538,0.95484,0.000037,0,314.37,21.36,46.13,95.04,0.021364,0.027257,1.2118,6.188
0.0001,lyap1,55,-0.1446,-0.2073,0.800000,1.700000,1,0,3.766,0.009991,-0.14146,-0.19781,0.000037,0,829.93,14.35,123.78,280.42,0.014353,0.015997,0.2221,2.677
0.0001,lyap1,56,0.7844,0.3256,0.800000,1.700000,1,0,3.605,0.009998,0.77506,0.32197,0.000037,0,185.11,15.49,17.76,63.17,0.015495,0.023820,0.9007,5.218
0.0001,lyap1,57,0.2535,-0.6401,0.800000,1.700000,1,0,3.932,0.010000,0.24951,-0.63089,0.000037,0,405.54,22.93,34.49,151.08,0.022927,0.034940,0.5911,4.664
0.0001,lyap1,58,0.3038,-0.4120,0.800000,1.700000,1,0,3.625,0.009997,0.29748,-0.40424,0.000037,0,460.11,17.89,35.33,181.31,0.017891,0.027037,0.3393,3.731
0.0001,lyap1,59,0.7189,-0.3583,0.800000,1.700000,1,0,3.607,0.009991,0.70985,-0.35409,0.000037,0,224.63,16.97,20.19,79.40,0.016970,0.026060,0.8028,5.019
0.0001,lyap1,60,0.1800,0.0264,0.800000,1.700000,1,0,2.696,0.009988,0.17010,0.02508,0.000037,0,412.55,1.66,1.96,203.07,0.001664,0.002256,0.0427,1.238
0.0001,lyap1,61,-0.4251,0.6545,0.800000,1.700000,1,0,4.394,0.009992,-0.42135,0.64522,0.000037,0,547.27,36.23,81.72,164.74,0.036234,0.043013,0.9075,5.084
0.0001,lyap1,62,0.5324,0.0722,0.800000,1.700000,1,0,3.302,0.009986,0.52252,0.07099,0.000037,0,302.04,3.77,6.99,141.19,0.003773,0.005580,0.3657,3.206
0.0001,lyap1,63,-0.1463,-0.2830,0.800000,1.700000,1,0,3.870,0.009984,-0.14393,-0.27327,0.000037,0,768.62,13.05,105.79,268.74,0.013045,0.015117,0.2538,2.924
0.0001,lyap1,64,0.5285,0.0914,0.800000,1.700000,1,0,3.307,0.009987,0.51859,0.08988,0.000037,0,308.88,4.77,8.84,142.03,0.004767,0.007054,0.3643,3.250
0.0001,lyap1,65,0.2105,0.2530,0.800000,1.700000,1,0,3.344,0.009987,0.20363,0.24584,0.000037,0,524.07,12.09,37.23,215.74,0.012087,0.017664,0.1593,2.802
0.0001,lyap1,66,-0.2321,0.7541,0.800000,1.700000,1,0,4.316,0.009989,-0.23037,0.74427,0.000037,0,460.70,19.26,61.71,154.20,0.019256,0.024167,0.8533,5.199
0.0001,lyap1,67,0.1052,0.6538,0.800000,1.700000,1,0,4.027,0.009999,0.10312,0.64406,0.000037,0,452.58,19.67,42.27,169.27,0.019667,0.028499,0.5675,4.558
0.0001,lyap1,68,0.5076,0.3617,0.800000,1.700000,1,0,3.554,0.009986,0.49931,0.35621,0.000037,0,350.69,17.12,26.12,136.38,0.017121,0.026005,0.4851,4.158
0.0001,lyap1,69,-0.0513,0.1705,0.800000,1.700000,1,0,3.457,0.009988,-0.05091,0.16050,0.000037,0,769.15,5.11,104.71,276.04,0.005106,0.005993,0.1522,2.436
0.0001,lyap1,70,-0.0982,0.3380,0.800000,1.700000,1,0,3.866,0.009990,-0.09720,0.32809,0.000037,0,704.31,9.26,87.74,257.47,0.009257,0.011099,0.2587,3.083
0.0001,lyap1,71,-0.2987,-0.5024,0.800000,1.700000,1,0,4.230,0.009981,-0.29547,-0.49292,0.000037,0,645.98,25.75,88.65,215.03,0.025749,0.030263,0.5606,4.115
0.0001,lyap1,72,-0.1503,0.3616,0.800000,1.700000,1,0,3.965,0.009983,-0.14842,0.35181,0.000037,0,710.87,12.37,92.40,253.77,0.012366,0.015186,0.3067,3.243
0.0001,lyap1,73,-0.1360,0.7558,0.800000,1.700000,1,0,4.257,0.009993,-0.13525,0.74580,0.000037,0,446.73,17.25,54.77,155.66,0.017254,0.021582,0.7888,5.101
0.0001,lyap1,74,0.2863,-0.1810,0.800000,1.700000,1,0,3.194,0.009986,0.27757,-0.17612,0.000037,0,460.11,9.56,24.69,198.20,0.009558,0.013838,0.1537,2.614
0.0001,lyap1,75,0.2629,0.0381,0.800000,1.700000,1,0,2.918,0.009993,0.25298,0.03686,0.000037,0,405.86,2.24,5.01,196.25,0.002238,0.003135,0.0900,1.703
0.0001,lyap1,76,-0.0879,0.1908,0.800000,1.700000,1,0,3.605,0.009994,-0.08630,0.18090,0.000037,0,798.91,7.94,114.15,279.36,0.007936,0.009287,0.1795,2.539
0.0001,lyap1,77,0.1878,-0.1637,0.800000,1.700000,1,0,3.093,0.009984,0.17983,-0.15767,0.000037,0,506.53,8.72,28.20,218.53,0.008720,0.012401,0.0972,2.290
0.0001,lyap1,78,0.3960,0.0616,0.800000,1.700000,1,0,3.149,0.009991,0.38610,0.06026,0.000037,0,365.59,3.37,7.39,172.88,0.003368,0.004875,0.2039,2.471
0.0001,lyap1,79,0.1499,0.3328,0.800000,1.700000,1,0,3.557,0.009986,0.14512,0.32402,0.000037,0,562.03,13.48,46.82,224.09,0.013477,0.019750,0.2047,3.085
0.0001,lyap1,80,0.4252,0.0139,0.800000,1.700000,1,0,3.169,0.009993,0.41517,0.01359,0.000037,0,337.25,0.75,1.61,166.45,0.000755,0.001096,0.2293,2.433
0.0001,lyap1,81,-0.1576,0.2546,0.800000,1.700000,1,0,3.854,0.009992,-0.15475,0.24503,0.000037,0,797.07,14.89,113.91,273.46,0.014888,0.016830,0.2482,2.840
0.0001,lyap1,82,-0.0686,-0.8309,0.800000,1.700000,1,0,4.261,0.009987,-0.06849,-0.82093,0.000037,0,388.70,19.16,46.49,133.49,0.019160,0.025297,0.8927,5.441
0.0001,lyap1,83,0.4444,-0.8902,0.800000,1.700000,1,0,4.074,0.009980,0.43999,-0.88127,0.000037,0,212.99,32.18,23.27,59.09,0.032179,0.050603,1.1737,6.201
0.0001,lyap1,84,0.2393,0.0573,0.800000,1.700000,1,0,2.891,0.009990,0.22947,0.05525,0.000037,0,420.68,3.39,7.55,200.25,0.003387,0.004722,0.0786,1.723
0.0001,lyap1,85,-0.0699,0.1952,0.800000,1.700000,1,0,3.569,0.009997,-0.06895,0.18520,0.000037,0,777.12,6.34,106.88,276.92,0.006339,0.007566,0.1700,2.529
0.0001,lyap1,86,0.7095,0.5152,0.800000,1.700000,1,0,3.733,0.009988,0.70127,0.50952,0.000037,0,212.98,23.20,22.77,66.32,0.023205,0.036088,0.9422,5.502
0.0001,lyap1,87,-0.0494,-0.2016,0.800000,1.700000,1,0,3.534,0.009993,-0.04920,-0.19165,0.000037,0,751.57,5.57,98.01,273.59,0.005574,0.006502,0.1608,2.525
0.0001,lyap1,88,0.0267,0.5306,0.800000,1.700000,1,0,3.961,0.009995,0.02531,0.52071,0.000037,0,543.97,14.71,53.84,207.11,0.014713,0.020145,0.4025,3.921
0.0001,lyap1,89,0.5313,0.5599,0.800000,1.700000,1,0,3.771,0.009998,0.52432,0.55280,0.000037,0,302.66,24.18,26.67,106.53,0.024178,0.037520,0.7272,5.013
0.0001,lyap1,90,-0.0457,0.0894,0.800000,1.700000,1,0,3.137,0.009993,-0.04430,0.07948,0.000037,0,788.90,4.56,119.45,271.58,0.004563,0.005130,0.1543,2.289
0.0001,lyap1,91,-0.3348,-0.7215,0.800000,1.700000,1,0,4.364,0.009998,-0.33205,-0.71187,0.000037,0,494.25,25.94,70.96,156.72,0.025938,0.032303,0.8990,5.205
0.0001,lyap1,92,-0.2539,0.6200,0.800000,1.700000,1,0,4.260,0.009986,-0.25165,0.61024,0.000037,0,554.55,19.62,73.35,189.21,0.019623,0.024794,0.6636,4.576
0.0001,lyap1,93,0.1010,0.2482,0.800000,1.700000,1,0,3.396,0.009990,0.09637,0.23936,0.000037,0,600.71,10.29,51.66,240.98,0.010286,0.014697,0.1405,2.654
0.0001,lyap1,94,0.8495,0.4720,0.800000,1.700000,1,0,3.722,0.009984,0.84068,0.46730,0.000037,0,135.85,21.59,19.68,32.06,0.021594,0.033642,1.1659,5.956
0.0001,lyap1,95,0.1372,0.4237,0.800000,1.700000,1,0,3.730,0.009994,0.13342,0.41440,0.000037,0,545.16,15.37,47.26,213.79,0.015372,0.022547,0.2850,3.486
0.0001,lyap1,96,0.4789,0.8183,0.800000,1.700000,1,0,4.011,0.009985,0.47385,0.80974,0.000037,0,232.50,30.94,23.92,69.13,0.030936,0.048664,1.0711,5.954
0.0001,lyap1,97,-0.0656,0.3396,0.800000,1.700000,1,0,3.822,0.009988,-0.06536,0.32965,0.000037,0,686.88,8.57,81.66,255.35,0.008572,0.010243,0.2439,3.062
0.0001,lyap1,98,0.6043,0.2287,0.800000,1.700000,1,0,3.456,0.009990,0.59482,0.22544,0.000037,0,290.12,11.36,17.63,118.90,0.011362,0.017126,0.5250,4.079
0.0001,lyap1,99,-0.0616,-0.5886,0.800000,1.700000,1,0,4.089,0.009982,-0.06158,-0.57857,0.000037,0,536.74,13.97,58.80,199.09,0.013971,0.017866,0.4987,4.217
0.0001,lyap1,100,0.6577,0.3184,0.800000,1.700000,1,0,3.554,0.009999,0.64859,0.31433,0.000037,0,262.44,15.31,20.42,99.31,0.015314,0.023356,0.6665,4.618
0.0001,lyap1,101,0.7053,0.3527,0.800000,1.700000,1,0,3.598,0.009998,0.69628,0.34844,0.000037,0,233.02,16.74,20.36,83.60,0.016742,0.025680,0.7740,4.941
0.0001,lyap1,102,-0.2611,-0.8069,0.800000,1.700000,1,0,4.358,0.009998,-0.25922,-0.79711,0.000037,0,428.37,20.96,60.40,138.07,0.020957,0.026506,0.9726,5.502
0.0001,lyap1,103,-0.2565,-0.5607,0.800000,1.700000,1,0,4.228,0.009987,-0.25401,-0.55104,0.000037,0,596.81,20.36,79.05,204.08,0.020361,0.025122,0.5879,4.300
0.0001,lyap1,104,-0.0062,-0.2025,0.800000,1.700000,1,0,3.434,0.009996,-0.00767,-0.19263,0.000037,0,702.98,5.85,81.17,265.94,0.005847,0.007354,0.1407,2.487
0.0001,lyap1,105,0.1683,-0.1221,0.800000,1.700000,1,0,2.939,0.009984,0.15983,-0.11679,0.000037,0,486.38,6.91,20.41,217.59,0.006913,0.009648,0.0706,1.996
0.0001,lyap1,106,0.1073,0.7657,0.800000,1.700000,1,0,4.119,0.009996,0.10552,0.75588,0.000037,0,390.65,22.15,38.37,140.35,0.022147,0.032171,0.7493,5.117
0.0001,lyap1,107,0.2607,-0.0935,0.800000,1.700000,1,0,2.990,0.009988,0.25118,-0.09052,0.000037,0,432.99,5.34,13.14,199.36,0.005337,0.007539,0.1011,2.039
0.0001,lyap1,108,0.2814,0.9272,0.800000,1.700000,1,0,4.154,0.009999,0.27840,0.91763,0.000037,0,250.83,29.90,26.87,76.13,0.029895,0.045962,1.1202,6.093
0.0001,lyap1,109,0.5130,0.7951,0.800000,1.700000,1,0,3.984,0.009994,0.50755,0.78668,0.000037,0,227.82,30.77,23.70,67.13,0.030773,0.048455,1.0680,5.938
0.0001,lyap1,110,0.4870,-0.3349,0.800000,1.700000,1,0,3.517,0.009995,0.47857,-0.32957,0.000037,0,363.86,16.05,26.07,143.82,0.016050,0.024267,0.4380,3.977
0.0001,lyap1,111,0.2839,0.6459,0.800000,1.700000,1,0,3.925,0.009984,0.27961,0.63686,0.000037,0,390.60,23.65,33.01,144.55,0.023649,0.036243,0.6162,4.744
0.0001,lyap1,112,0.3172,0.1950,0.800000,1.700000,1,0,3.241,0.009993,0.30840,0.19023,0.000037,0,447.53,10.17,24.74,191.40,0.010170,0.014825,0.1824,2.780
0.0001,lyap1,113,0.3999,-0.0481,0.800000,1.700000,1,0,3.147,0.009985,0.38994,-0.04702,0.000037,0,359.47,2.63,5.75,172.01,0.002630,0.003807,0.2057,2.433
0.0001,lyap1,114,0.0845,-0.3381,0.800000,1.700000,1,0,3.627,0.009984,0.08115,-0.32867,0.000037,0,601.15,12.01,55.38,236.19,0.012015,0.017105,0.2055,3.048
0.0001,lyap1,115,0.2833,0.3617,0.800000,1.700000,1,0,3.549,0.009992,0.27675,0.35415,0.000037,0,479.73,16.18,36.04,191.70,0.016178,0.024252,0.2794,3.459
0.0001,lyap1,116,-0.0960,-0.1708,0.800000,1.700000,1,0,3.585,0.009987,-0.09389,-0.16103,0.000037,0,823.27,9.31,122.59,282.06,0.009306,0.010415,0.1803,2.498
0.0001,lyap1,117,0.1426,0.0149,0.800000,1.700000,1,0,2.545,0.009997,0.13269,0.01397,0.000037,0,405.65,0.99,0.57,201.51,0.000993,0.001315,0.0264,0.962
0.0001,lyap1,118,0.2298,-0.1089,0.800000,1.700000,1,0,2.976,0.009990,0.22056,-0.10512,0.000037,0,452.68,6.21,16.06,205.62,0.006211,0.008744,0.0888,2.036
0.0001,lyap1,119,0.3467,0.6367,0.800000,1.700000,1,0,3.891,0.009986,0.34175,0.62806,0.000037,0,367.50,24.49,30.86,134.53,0.024491,0.037818,0.6451,4.828
0.0001,lyap1,120,0.1427,0.1849,0.800000,1.700000,1,0,3.162,0.009983,0.13594,0.17752,0.000037,0,548.59,9.20,37.13,230.26,0.009204,0.013107,0.1019,2.363
0.0001,lyap1,121,0.9039,0.2691,0.800000,1.700000,1,0,3.619,0.009991,0.89423,0.26644,0.000037,0,109.95,12.82,13.54,31.82,0.012816,0.019770,1.1170,5.644
0.0001,lyap1,122,0.6186,-0.7694,0.800000,1.700000,1,0,3.944,0.009988,0.61234,-0.76160,0.000037,0,188.98,31.11,22.32,48.83,0.031113,0.049138,1.1650,6.136
0.0001,lyap1,123,0.1330,0.4410,0.800000,1.700000,1,0,3.760,0.009988,0.12947,0.43161,0.000037,0,541.04,15.67,47.22,211.56,0.015667,0.022953,0.3020,3.562
0.0001,lyap1,124,0.3040,-0.5997,0.800000,1.700000,1,0,3.868,0.009989,0.29924,-0.59088,0.000037,0,401.36,22.90,33.17,150.34,0.022895,0.035121,0.5622,4.569
0.0001,lyap1,125,0.8777,-0.3398,0.800000,1.700000,1,0,3.646,0.009992,0.86831,-0.33635,0.000037,0,127.15,16.01,16.39,35.18,0.016010,0.024757,1.1065,5.702
0.0001,lyap1,126,0.4647,-0.7285,0.800000,1.700000,1,0,3.941,0.009996,0.45927,-0.72014,0.000037,0,277.27,28.45,25.89,91.40,0.028451,0.044535,0.8974,5.521
0.0001,lyap1,127,-0.1434,-0.2996,0.800000,1.700000,1,0,3.885,0.009995,-0.14124,-0.28983,0.000037,0,754.16,12.43,102.04,265.72,0.012425,0.014670,0.2610,2.983
0.0001,lyap1,128,0.7348,0.4244,0.800000,1.700000,1,0,3.663,0.009992,0.72608,0.41965,0.000037,0,210.51,19.70,21.31,69.18,0.019700,0.030440,0.8907,5.302
0.0001,lyap1,129,-0.1202,-0.4211,0.800000,1.700000,1,0,3.989,0.009995,-0.11903,-0.41120,0.000037,0,658.72,11.16,80.19,240.80,0.011161,0.013511,0.3378,3.466
0.0001,lyap1,130,0.0262,0.7331,0.800000,1.700000,1,0,4.142,0.009981,0.02523,0.72319,0.000037,0,429.97,19.21,44.42,156.16,0.019206,0.026648,0.6943,4.925
0.0001,lyap1,131,0.1806,-0.8313,0.800000,1.700000,1,0,4.131,0.009987,0.17822,-0.82157,0.000037,0,333.59,25.45,32.85,114.86,0.025455,0.038100,0.8837,5.502
0.0001,lyap1,132,0.0616,0.4904,0.800000,1.700000,1,0,3.885,0.009999,0.05956,0.48057,0.000037,0,551.53,14.83,52.39,212.25,0.014828,0.020836,0.3522,3.739
0.0001,lyap1,133,0.3828,0.6743,0.800000,1.700000,1,0,3.916,0.009982,0.37774,0.66570,0.000037,0,336.19,25.97,28.98,119.64,0.025968,0.040307,0.7310,5.079
0.0001,lyap1,134,0.6240,-0.1220,0.800000,1.700000,1,0,3.399,0.009985,0.61418,-0.12027,0.000037,0,262.96,6.19,10.01,116.82,0.006194,0.009282,0.5113,3.833
0.0001,lyap1,135,0.7082,-0.4265,0.800000,1.700000,1,0,3.659,0.009991,0.69951,-0.42158,0.000037,0,226.35,19.78,21.94,76.40,0.019785,0.030541,0.8449,5.195
0.0001,lyap1,136,0.3059,-0.0613,0.800000,1.700000,1,0,3.019,0.009985,0.29605,-0.05961,0.000037,0,402.28,3.49,8.17,190.36,0.003486,0.004952,0.1244,2.037
0.0001,lyap1,137,0.3815,0.8201,0.800000,1.700000,1,0,4.041,0.009995,0.37719,0.81108,0.000037,0,271.17,29.49,26.16,87.30,0.029489,0.046000,0.9786,5.744
0.0001,lyap1,138,-0.4068,-0.7436,0.800000,1.700000,1,0,4.417,0.009984,-0.40351,-0.73420,0.000037,0,484.60,32.87,73.62,144.03,0.032867,0.039752,1.0238,5.456
0.0001,lyap1,139,0.2478,-0.2333,0.800000,1.700000,1,0,3.295,0.009993,0.24013,-0.22690,0.000037,0,497.10,11.63,32.50,207.33,0.011628,0.016974,0.1620,2.780
0.0001,lyap1,140,0.6772,0.6933,0.800000,1.700000,1,0,3.878,0.009989,0.67019,0.68621,0.000037,0,185.84,29.21,22.47,48.55,0.029207,0.045989,1.1313,6.029
0.0001,lyap1,141,0.0428,-0.2079,0.800000,1.700000,1,0,3.352,0.009989,0.03943,-0.19847,0.000037,0,649.15,7.67,63.67,255.15,0.007668,0.010465,0.1261,2.475
0.0001,lyap1,142,0.6916,-0.1596,0.800000,1.700000,1,0,3.462,0.009989,0.68179,-0.15752,0.000037,0,230.03,7.95,11.57,97.48,0.007952,0.012016,0.6359,4.285
0.0001,lyap1,143,0.3035,0.5051,0.800000,1.700000,1,0,3.756,0.009994,0.29807,0.49670,0.000037,0,435.80,20.48,34.78,167.76,0.020480,0.031229,0.4404,4.142
0.0001,lyap1,144,0.1292,-0.1752,0.800000,1.700000,1,0,3.131,0.009993,0.12259,-0.16771,0.000037,0,552.98,8.74,37.36,232.57,0.008739,0.012381,0.0956,2.303
0.0001,lyap1,145,0.4745,0.7177,0.800000,1.700000,1,0,3.929,0.009999,0.46893,0.70938,0.000037,0,277.21,28.28,25.87,91.52,0.028281,0.044269,0.8902,5.499
0.0001,lyap1,146,0.3993,0.8983,0.800000,1.700000,1,0,4.093,0.009992,0.39528,0.88918,0.000037,0,226.01,31.61,24.16,65.13,0.031613,0.049496,1.1470,6.146
0.0001,lyap1,147,-0.1444,0.3214,0.800000,1.700000,1,0,3.912,0.009999,-0.14241,0.31160,0.000037,0,737.98,12.17,98.21,261.65,0.012174,0.014676,0.2750,3.070
0.0001,lyap1,148,0.0548,-0.4646,0.800000,1.700000,1,0,3.859,0.009985,0.05276,-0.45486,0.000037,0,566.76,14.05,54.28,218.57,0.014046,0.019614,0.3245,3.614
0.0001,lyap1,149,0.3302,-0.5948,0.800000,1.700000,1,0,3.853,0.009984,0.32512,-0.58625,0.000037,0,391.48,23.19,32.22,146.13,0.023186,0.035665,0.5734,4.603
0.0001,lyap1,150,0.1291,0.0400,0.800000,1.700000,1,0,2.544,0.009999,0.11946,0.03729,0.000037,0,415.67,2.65,1.66,204.19,0.002651,0.003507,0.0271,1.205
0.0001,lyap1,151,0.1204,0.0183,0.800000,1.700000,1,0,2.448,0.009986,0.11047,0.01687,0.000037,0,406.67,1.26,2.91,199.48,0.001259,0.001641,0.0197,0.911
0.0001,lyap1,152,0.3968,0.7576,0.800000,1.700000,1,0,3.986,0.009984,0.39204,0.74885,0.000037,0,294.20,28.24,26.98,98.94,0.028245,0.044048,0.8797,5.488
0.0001,lyap1,153,0.0547,0.2267,0.800000,1.700000,1,0,3.392,0.009993,0.05114,0.21732,0.000037,0,639.00,8.50,61.08,252.04,0.008503,0.011766,0.1334,2.551
0.0001,lyap1,154,0.0069,0.1062,0.800000,1.700000,1,0,2.974,0.009987,0.00437,0.09654,0.000037,0,641.92,3.72,63.73,254.44,0.003721,0.004743,0.1078,2.143
0.0001,lyap1,155,0.3885,0.8374,0.800000,1.700000,1,0,4.052,0.009994,0.38425,0.82838,0.000037,0,260.11,30.01,25.63,81.91,0.030014,0.046876,1.0173,5.839
0.0001,lyap1,156,0.0770,0.0732,0.800000,1.700000,1,0,2.577,0.009992,0.06938,0.06675,0.000037,0,442.38,4.55,0.77,217.01,0.004549,0.006022,0.0463,1.626
0.0001,lyap1,157,0.0515,-0.0915,0.800000,1.700000,1,0,2.731,0.009989,0.04573,-0.08336,0.000037,0,512.92,4.88,20.76,232.04,0.004881,0.006551,0.0704,1.888
0.0001,lyap1,158,0.1176,-0.1584,0.800000,1.700000,1,0,3.069,0.009989,0.11091,-0.15095,0.000037,0,550.04,8.05,35.51,233.47,0.008053,0.011322,0.0862,2.206
0.0001,lyap1,159,-0.1864,-0.2631,0.800000,1.700000,1,0,3.913,0.009996,-0.18307,-0.25369,0.000037,0,802.22,18.02,116.14,271.46,0.018017,0.020331,0.2736,2.920
0.0001,lyap1,160,0.2632,-0.1929,0.800000,1.700000,1,0,3.206,0.009999,0.25482,-0.18753,0.000037,0,476.71,10.07,27.31,203.49,0.010071,0.014580,0.1461,2.612
0.0001,lyap1,161,-0.3555,-0.7662,0.800000,1.700000,1,0,4.396,0.009983,-0.35276,-0.75666,0.000037,0,464.93,27.36,68.98,142.96,0.027359,0.034182,0.9985,5.460
0.0001,lyap1,162,-0.1215,-0.1778,0.800000,1.700000,1,0,3.666,0.009987,-0.11864,-0.16821,0.000037,0,840.33,12.25,127.71,283.27,0.012253,0.013560,0.1991,2.596
0.0001,lyap1,163,-0.0238,-0.5614,0.800000,1.700000,1,0,4.034,0.009989,-0.02436,-0.55141,0.000037,0,542.63,14.01,56.96,203.84,0.014013,0.018491,0.4511,4.071
0.0001,lyap1,164,0.4774,0.4709,0.800000,1.700000,1,0,3.679,0.010000,0.47009,0.46413,0.000037,0,353.23,20.99,28.46,132.41,0.020990,0.032231,0.5561,4.481
0.0001,lyap1,165,0.0443,-0.5806,0.800000,1.700000,1,0,3.999,0.009990,0.04283,-0.57067,0.000037,0,511.29,16.34,49.75,193.64,0.016344,0.022757,0.4638,4.168
0.0001,lyap1,166,-0.0210,-0.5374,0.800000,1.700000,1,0,4.008,0.009999,-0.02158,-0.52742,0.000037,0,555.56,13.53,58.21,209.42,0.013534,0.017843,0.4205,3.954
0.0001,lyap1,167,0.8175,0.5027,0.800000,1.700000,1,0,3.737,0.009999,0.80889,0.49763,0.000037,0,150.99,22.82,20.60,37.79,0.022815,0.035577,1.1329,5.912
0.0001,lyap1,168,0.8027,-0.3400,0.800000,1.700000,1,0,3.621,0.009993,0.79342,-0.33628,0.000037,0,173.70,16.10,17.84,56.93,0.016102,0.024804,0.9481,5.346
0.0001,lyap1,169,0.1514,0.0679,0.800000,1.700000,1,0,2.711,0.009994,0.14207,0.06422,0.000037,0,438.23,4.22,6.08,209.87,0.004221,0.005722,0.0424,1.536
0.0001,lyap1,170,0.5304,0.7692,0.800000,1.700000,1,0,3.960,0.009986,0.52470,0.76100,0.000037,0,230.78,30.28,23.81,68.87,0.030280,0.047662,1.0435,5.874
0.0001,lyap1,171,0.2090,0.4792,0.800000,1.700000,1,0,3.765,0.009992,0.20451,0.47021,0.000037,0,490.53,18.25,40.42,191.16,0.018252,0.027405,0.3625,3.841
0.0001,lyap1,172,0.5598,-0.3460,0.800000,1.700000,1,0,3.549,0.009985,0.55114,-0.34103,0.000037,0,320.71,16.52,24.04,123.93,0.016521,0.025122,0.5401,4.301
0.0001,lyap1,173,0.5464,-0.7222,0.800000,1.700000,1,0,3.918,0.009992,0.54029,-0.71428,0.000037,0,241.74,29.15,24.31,74.70,0.029146,0.045788,0.9843,5.721
0.0001,lyap1,174,-0.1182,-0.2340,0.800000,1.700000,1,0,3.751,0.009991,-0.11608,-0.22426,0.000037,0,790.60,10.71,111.27,275.99,0.010714,0.012357,0.2129,2.712
0.0001,lyap1,175,-0.2591,-0.7992,0.800000,1.700000,1,0,4.354,0.009985,-0.25725,-0.78944,0.000037,0,433.37,20.80,60.70,140.39,0.020798,0.026299,0.9568,5.461
0.0001,lyap1,176,0.5500,-0.2108,0.800000,1.700000,1,0,3.410,0.009987,0.54060,-0.20750,0.000037,0,319.84,10.61,17.94,134.02,0.010607,0.015886,0.4373,3.770
0.0001,lyap1,177,0.2832,0.3475,0.800000,1.700000,1,0,3.524,0.009997,0.27651,0.34007,0.000037,0,481.27,15.74,35.78,193.05,0.015737,0.023542,0.2669,3.396
0.0001,lyap1,178,0.3999,0.1449,0.800000,1.700000,1,0,3.231,0.009983,0.39038,0.14189,0.000037,0,389.83,7.69,16.66,172.49,0.007690,0.011237,0.2309,2.854
0.0001,lyap1,179,-0.3922,0.5944,0.800000,1.700000,1,0,4.348,0.009986,-0.38851,0.58518,0.000037,0,588.20,33.90,85.24,183.43,0.033904,0.040027,0.7800,4.735
0.0001,lyap1,180,0.1187,-0.5094,0.800000,1.700000,1,0,3.864,0.009992,0.11580,-0.49979,0.000037,0,519.23,16.84,46.39,200.59,0.016844,0.024544,0.3757,3.869
0.0001,lyap1,181,0.2591,0.4505,0.800000,1.700000,1,0,3.699,0.009992,0.25377,0.44212,0.000037,0,474.57,18.40,37.68,185.80,0.018401,0.027800,0.3532,3.803
0.0001,lyap1,182,-0.1886,-0.2921,0.800000,1.700000,1,0,3.947,0.009986,-0.18551,-0.28258,0.000037,0,779.66,17.68,110.15,266.42,0.017675,0.020088,0.2895,3.027
0.0001,lyap1,183,0.1147,-0.5915,0.800000,1.700000,1,0,3.960,0.009999,0.11229,-0.58176,0.000037,0,481.60,18.56,43.83,183.05,0.018559,0.027009,0.4794,4.260
0.0001,lyap1,184,0.3148,0.1334,0.800000,1.700000,1,0,3.129,0.009995,0.30540,0.12996,0.000037,0,428.09,7.28,17.72,190.87,0.007279,0.010477,0.1522,2.460
0.0001,lyap1,185,0.2581,-0.2319,0.800000,1.700000,1,0,3.293,0.009999,0.25026,-0.22566,0.000037,0,490.54,11.62,31.64,204.92,0.011615,0.016965,0.1664,2.797
0.0001,lyap1,186,-0.0058,-0.3736,0.800000,1.700000,1,0,3.793,0.009999,-0.00696,-0.36364,0.000037,0,638.04,10.10,67.91,243.54,0.010104,0.013182,0.2488,3.185
0.0001,lyap1,187,0.6780,0.6485,0.800000,1.700000,1,0,3.842,0.009991,0.67074,0.64161,0.000037,0,199.05,27.77,22.93,55.77,0.027768,0.043588,1.0645,5.862
0.0001,lyap1,188,0.1861,0.6801,0.800000,1.700000,1,0,4.005,0.009992,0.18316,0.67060,0.000037,0,411.88,22.32,36.70,152.50,0.022322,0.033461,0.6242,4.761
0.0001,lyap1,189,0.5062,-0.1910,0.800000,1.700000,1,0,3.364,0.009983,0.49676,-0.18782,0.000037,0,342.07,9.74,17.75,145.98,0.009743,0.014501,0.3700,3.502
0.0001,lyap1,190,0.3110,0.0827,0.800000,1.700000,1,0,3.050,0.009997,0.30128,0.08045,0.000037,0,409.08,4.65,11.03,190.02,0.004649,0.006630,0.1331,2.176
0.0001,lyap1,191,0.2038,0.5088,0.800000,1.700000,1,0,3.808,0.009988,0.19966,0.49974,0.000037,0,482.05,18.85,40.15,186.74,0.018853,0.028312,0.3950,3.970
0.0001,lyap1,192,0.1233,-0.0533,0.800000,1.700000,1,0,2.574,0.009991,0.11396,-0.04970,0.000037,0,421.08,3.48,0.59,207.34,0.003478,0.004619,0.0308,1.350
0.0001,lyap1,193,-0.0796,-0.7824,0.800000,1.700000,1,0,4.239,0.009981,-0.07942,-0.77240,0.000037,0,420.90,17.97,49.40,147.57,0.017971,0.023389,0.8078,5.198
0.0001,lyap1,194,0.2915,-0.1221,0.800000,1.700000,1,0,3.083,0.009997,0.28208,-0.11870,0.000037,0,434.10,6.76,16.83,195.16,0.006758,0.009665,0.1311,2.315
0.0001,lyap1,195,-0.1019,0.1701,0.800000,1.700000,1,0,3.599,0.009997,-0.09951,0.16035,0.000037,0,829.71,10.04,124.72,282.61,0.010036,0.011157,0.1842,2.505
0.0001,lyap1,196,0.4572,-0.2213,0.800000,1.700000,1,0,3.366,0.009983,0.44805,-0.21737,0.000037,0,374.69,11.23,21.44,157.49,0.011226,0.016686,0.3270,3.412
0.0001,lyap1,197,0.1068,0.1660,0.800000,1.700000,1,0,3.107,0.009988,0.10060,0.15818,0.000037,0,565.26,8.15,39.50,237.02,0.008149,0.011465,0.0912,2.251
0.0001,lyap1,198,0.6025,-0.0753,0.800000,1.700000,1,0,3.363,0.009996,0.59252,-0.07421,0.000037,0,265.21,3.87,6.53,123.17,0.003868,0.005770,0.4669,3.583
0.0001,lyap1,199,0.0462,0.5396,0.800000,1.700000,1,0,3.955,0.009992,0.04452,0.52970,0.000037,0,532.49,15.48,51.53,203.10,0.015481,0.021541,0.4112,3.969
0.0001,lyap1,200,0.1240,-0.0387,0.800000,1.700000,1,0,2.520,0.009989,0.11437,-0.03595,0.000037,0,416.48,2.59,2.65,203.66,0.002586,0.003408,0.0255,1.180
0.0001,lyap1,201,0.4164,-0.5120,0.800000,1.700000,1,0,3.734,0.009995,0.40986,-0.50445,0.000037,0,376.35,21.90,30.29,141.46,0.021901,0.033679,0.5393,4.461
0.0001,lyap1,202,-0.1230,0.4612,0.800000,1.700000,1,0,4.031,0.009997,-0.12197,0.45129,0.000037,0,633.37,11.83,76.07,231.74,0.011830,0.014334,0.3779,3.652
0.0001,lyap1,203,0.4410,-0.4585,0.800000,1.700000,1,0,3.667,0.009986,0.43386,-0.45151,0.000037,0,375.91,20.39,29.61,143.06,0.020386,0.031216,0.5031,4.313
0.0001,lyap1,204,0.2855,0.1293,0.800000,1.700000,1,0,3.089,0.009998,0.27619,0.12557,0.000037,0,439.89,7.13,17.98,196.62,0.007126,0.010196,0.1297,2.334
0.0001,lyap1,205,0.3098,0.8479,0.800000,1.700000,1,0,4.088,0.009991,0.30628,0.83854,0.000037,0,283.59,28.77,27.64,92.58,0.028767,0.044449,0.9774,5.747
0.0001,lyap1,206,0.7544,0.5438,0.800000,1.700000,1,0,3.760,0.009994,0.74617,0.53810,0.000037,0,181.40,24.33,21.98,50.48,0.024328,0.037973,1.0580,5.782
0.0001,lyap1,207,0.2818,0.3011,0.800000,1.700000,1,0,3.439,0.009991,0.27453,0.29425,0.000037,0,484.07,14.21,34.42,196.95,0.014213,0.021097,0.2283,3.183
0.0001,lyap1,208,0.4930,0.1739,0.800000,1.700000,1,0,3.338,0.009990,0.48348,0.17091,0.000037,0,346.36,8.95,16.78,149.69,0.008946,0.013271,0.3459,3.379
0.0001,lyap1,209,0.3355,-0.5061,0.800000,1.700000,1,0,3.747,0.009984,0.32971,-0.49798,0.000037,0,419.59,20.92,33.34,160.77,0.020917,0.031991,0.4636,4.221
0.0001,lyap1,210,0.2506,-0.7408,0.800000,1.700000,1,0,4.027,0.009999,0.24718,-0.73139,0.000037,0,358.67,25.14,32.20,128.28,0.025141,0.038357,0.7492,5.140
0.0001,lyap1,211,0.5757,-0.1236,0.800000,1.700000,1,0,3.363,0.009999,0.56585,-0.12170,0.000037,0,290.31,6.34,10.91,129.49,0.006337,0.009448,0.4385,3.594
0.0001,lyap1,212,0.1789,0.4176,0.800000,1.700000,1,0,3.691,0.009990,0.17443,0.40863,0.000037,0,525.63,16.16,43.63,207.07,0.016161,0.024015,0.2876,3.512
0.0001,lyap1,213,0.3431,0.9019,0.800000,1.700000,1,0,4.115,0.009980,0.33951,0.89255,0.000037,0,244.25,30.63,25.51,73.64,0.030633,0.047617,1.1082,6.062
0.0001,lyap1,214,0.4497,-0.0405,0.800000,1.700000,1,0,3.205,0.009986,0.43972,-0.03974,0.000037,0,334.42,2.18,4.51,161.06,0.002180,0.003182,0.2584,2.664
0.0001,lyap1,215,-0.0738,-0.8147,0.800000,1.700000,1,0,4.254,0.009997,-0.07371,-0.80466,0.000037,0,399.69,18.74,47.58,138.21,0.018738,0.024596,0.8642,5.360
0.0001,lyap1,216,-0.0007,-0.2767,0.800000,1.700000,1,0,3.612,0.009985,-0.00217,-0.26684,0.000037,0,677.39,7.91,74.40,258.36,0.007908,0.010200,0.1775,2.769
0.0001,lyap1,217,0.1157,-0.0892,0.800000,1.700000,1,0,2.733,0.009997,0.10739,-0.08361,0.000037,0,466.87,5.37,10.82,218.59,0.005369,0.007276,0.0484,1.713
0.0001,lyap1,218,0.2996,0.3432,0.800000,1.700000,1,0,3.514,0.009989,0.29266,0.33601,0.000037,0,472.22,15.73,34.69,189.63,0.015728,0.023541,0.2733,3.417
0.0001,lyap1,219,0.1075,0.0912,0.800000,1.700000,1,0,2.734,0.009992,0.09947,0.08528,0.000037,0,472.39,5.45,11.73,220.38,0.005445,0.007375,0.0500,1.737
0.0001,lyap1,220,-0.1180,0.5028,0.800000,1.700000,1,0,4.064,0.009991,-0.11714,0.49286,0.000037,0,605.02,12.39,71.34,221.88,0.012387,0.015031,0.4194,3.842
0.0001,lyap1,221,-0.0384,-0.1602,0.800000,1.700000,1,0,3.387,0.009991,-0.03843,-0.15024,0.000037,0,754.73,4.51,100.12,273.86,0.004509,0.005233,0.1421,2.391
0.0001,lyap1,222,0.6916,-0.2139,0.800000,1.700000,1,0,3.493,0.009980,0.68202,-0.21119,0.000037,0,236.72,10.54,14.82,95.63,0.010544,0.015988,0.6595,4.444
0.0001,lyap1,223,-0.0588,0.1179,0.800000,1.700000,1,0,3.317,0.009989,-0.05738,0.10804,0.000037,0,809.07,5.72,122.19,278.06,0.005717,0.006473,0.1539,2.340
0.0001,lyap1,224,-0.0745,-0.3129,0.800000,1.700000,1,0,3.796,0.009986,-0.07404,-0.30291,0.000037,0,707.86,8.18,86.94,260.85,0.008184,0.009700,0.2297,2.958
0.0001,lyap1,225,-0.1780,-0.3364,0.800000,1.700000,1,0,3.976,0.009986,-0.17538,-0.32671,0.000037,0,741.02,15.64,100.36,258.42,0.015638,0.018214,0.3081,3.180
0.0001,lyap1,226,0.6911,0.0578,0.800000,1.700000,1,0,3.426,0.009987,0.68116,0.05704,0.000037,0,212.26,2.92,4.41,99.53,0.002916,0.004389,0.6094,4.009
0.0001,lyap1,227,0.2381,-0.1180,0.800000,1.700000,1,0,3.009,0.009983,0.22896,-0.11403,0.000037,0,454.83,6.65,17.48,204.94,0.006651,0.009403,0.0967,2.118
0.0001,lyap1,228,0.1519,0.8000,0.800000,1.700000,1,0,4.122,0.009986,0.14976,0.79021,0.000037,0,359.15,24.06,35.01,126.53,0.024056,0.035635,0.8178,5.320
0.0001,lyap1,229,0.1294,-0.0464,0.800000,1.700000,1,0,2.568,0.009989,0.11990,-0.04334,0.000037,0,417.57,3.04,0.80,205.71,0.003045,0.004042,0.0293,1.280
0.0001,lyap1,230,0.0091,0.7864,0.800000,1.700000,1,0,4.189,0.009993,0.00837,0.77648,0.000037,0,402.03,19.91,43.44,142.65,0.019909,0.027443,0.7893,5.195
0.0001,lyap1,231,0.7804,-0.0773,0.800000,1.700000,1,0,3.488,0.009996,0.77040,-0.07637,0.000037,0,164.46,3.83,5.15,74.20,0.003830,0.005814,0.7789,4.538
0.0001,lyap1,232,0.1448,0.2357,0.800000,1.700000,1,0,3.323,0.009995,0.13881,0.22771,0.000037,0,565.53,10.79,43.45,231.22,0.010794,0.015581,0.1335,2.626
0.0001,lyap1,233,0.0215,0.4271,0.800000,1.700000,1,0,3.840,0.009996,0.01994,0.41721,0.000037,0,599.14,12.19,60.29,230.13,0.012192,0.016473,0.2907,3.429
0.0001,lyap1,234,-0.0409,-0.1955,0.800000,1.700000,1,0,3.497,0.009997,-0.04102,-0.18546,0.000037,0,744.91,5.29,95.75,272.73,0.005294,0.006176,0.1541,2.497
0.0001,lyap1,235,0.4958,-0.7270,0.800000,1.700000,1,0,3.932,0.010000,0.49009,-0.71878,0.000037,0,263.68,28.77,25.25,85.01,0.028772,0.045109,0.9298,5.597
0.0001,lyap1,236,0.8988,-0.2304,0.800000,1.700000,1,0,3.600,0.009987,0.88906,-0.22807,0.000037,0,111.16,11.04,12.05,35.25,0.011042,0.016997,1.0838,5.522
0.0001,lyap1,237,0.0532,-0.4550,0.800000,1.700000,1,0,3.847,0.009997,0.05118,-0.44521,0.000037,0,571.93,13.78,54.95,220.67,0.013784,0.019213,0.3145,3.568
0.0001,lyap1,238,0.1776,-0.1698,0.800000,1.700000,1,0,3.109,0.009990,0.16989,-0.16346,0.000037,0,516.17,8.92,30.21,221.18,0.008924,0.012700,0.0982,2.312
0.0001,lyap1,239,0.4213,0.3347,0.800000,1.700000,1,0,3.504,0.009982,0.41320,0.32887,0.000037,0,402.33,15.95,28.53,160.67,0.015952,0.024026,0.3662,3.742
0.0001,lyap1,240,0.3769,-0.3379,0.800000,1.700000,1,0,3.503,0.009989,0.36914,-0.33155,0.000037,0,427.89,15.95,30.54,171.44,0.015949,0.023968,0.3273,3.611
0.0001,lyap1,241,0.2876,0.6481,0.800000,1.700000,1,0,3.925,0.009997,0.28328,0.63910,0.000037,0,388.03,23.78,32.85,143.33,0.023775,0.036456,0.6218,4.761
0.0001,lyap1,242,-0.2242,-0.5692,0.800000,1.700000,1,0,4.207,0.009985,-0.22206,-0.55945,0.000037,0,584.70,17.56,75.48,203.69,0.017564,0.022098,0.5706,4.288
0.0001,lyap1,243,0.2114,0.6827,0.800000,1.700000,1,0,3.994,0.009999,0.20808,0.67330,0.000037,0,401.55,22.98,35.39,148.15,0.022976,0.034698,0.6372,4.805
0.0001,lyap1,244,0.3551,-0.4475,0.800000,1.700000,1,0,3.664,0.009998,0.34860,-0.43993,0.000037,0,424.81,19.44,32.90,164.93,0.019438,0.029595,0.4128,4.017
0.0001,lyap1,245,-0.0902,0.2305,0.800000,1.700000,1,0,3.688,0.009985,-0.08889,0.22065,0.000037,0,771.93,7.87,105.17,274.89,0.007865,0.009476,0.1944,2.665
0.0001,lyap1,246,0.3024,-0.0595,0.800000,1.700000,1,0,3.011,0.009993,0.29254,-0.05785,0.000037,0,402.69,3.39,7.94,190.86,0.003393,0.004815,0.1214,2.011
0.0001,lyap1,247,0.0963,-0.5319,0.800000,1.700000,1,0,3.908,0.009987,0.09383,-0.52218,0.000037,0,517.83,16.74,47.43,198.93,0.016736,0.024097,0.4009,3.958
0.0001,lyap1,248,0.6870,-0.3791,0.800000,1.700000,1,0,3.615,0.009982,0.67811,-0.37455,0.000037,0,243.06,17.86,21.48,86.65,0.017859,0.027431,0.7644,4.947
0.0001,lyap1,249,0.6621,-0.5816,0.800000,1.700000,1,0,3.787,0.009982,0.65454,-0.57515,0.000037,0,225.79,25.47,23.67,70.13,0.025466,0.039758,0.9451,5.556
0.0001,lyap1,250,-0.1159,-0.8802,0.800000,1.700000,1,0,4.313,0.009998,-0.11540,-0.87023,0.000037,0,364.25,19.74,47.34,119.99,0.019738,0.025424,1.0103,5.721
0.0001,lyap1,251,0.1278,0.4828,0.800000,1.700000,1,0,3.823,0.009992,0.12461,0.47335,0.000037,0,526.83,16.49,46.48,204.56,0.016487,0.024119,0.3464,3.752
0.0001,lyap1,252,-0.4713,-0.6876,0.800000,1.700000,1,0,4.435,0.009984,-0.46737,-0.67840,0.000037,0,524.48,40.38,81.37,150.59,0.040376,0.048012,1.0241,5.347
0.0001,lyap1,253,0.0785,-0.2458,0.800000,1.700000,1,0,3.415,0.009997,0.07442,-0.23668,0.000037,0,618.80,9.66,56.12,246.03,0.009658,0.013634,0.1409,2.635
0.0001,lyap1,254,0.1938,-0.0414,0.800000,1.700000,1,0,2.758,0.009995,0.18399,-0.03953,0.000037,0,419.37,2.56,4.22,203.55,0.002555,0.003495,0.0515,1.423
0.0001,lyap1,255,0.2595,0.6392,0.800000,1.700000,1,0,3.929,0.009987,0.25543,0.63007,0.000037,0,403.56,23.02,34.21,150.30,0.023024,0.035129,0.5928,4.670
0.0001,lyap1,256,-0.1225,-0.6050,0.800000,1.700000,1,0,4.150,0.009984,-0.12175,-0.59502,0.000037,0,540.78,14.29,63.30,196.38,0.014288,0.017559,0.5486,4.338
0.0001,lyap1,257,-0.2557,-0.7313,0.800000,1.700000,1,0,4.319,0.009997,-0.25370,-0.72153,0.000037,0,478.68,20.08,64.91,159.37,0.020082,0.025435,0.8353,5.119
0.0001,lyap1,258,0.9286,-0.2665,0.800000,1.700000,1,0,3.628,0.009981,0.91901,-0.26395,0.000037,0,94.40,12.67,13.06,24.65,0.012666,0.019565,1.1729,5.762
0.0001,lyap1,259,-0.1529,0.2949,0.800000,1.700000,1,0,3.894,0.009999,-0.15050,0.28516,0.000037,0,762.51,13.58,104.52,266.55,0.013581,0.015761,0.2648,2.979
0.0001,lyap1,260,-0.5134,-0.8404,0.800000,1.700000,1,0,4.506,0.009999,-0.50974,-0.83112,0.000037,0,419.18,42.04,72.55,105.51,0.042036,0.050680,1.3557,6.155
0.0001,lyap1,261,0.1135,0.7021,0.800000,1.700000,1,0,4.065,0.009989,0.11143,0.69230,0.000037,0,424.13,20.94,40.07,156.29,0.020936,0.030483,0.6432,4.803
0.0001,lyap1,262,0.1363,0.0233,0.800000,1.700000,1,0,2.531,0.009987,0.12641,0.02174,0.000037,0,408.64,1.56,1.25,201.90,0.001556,0.002056,0.0254,1.031
0.0001,lyap1,263,0.6920,-0.4273,0.800000,1.700000,1,0,3.656,0.009998,0.68338,-0.42225,0.000037,0,235.92,19.81,22.33,80.77,0.019815,0.030567,0.8175,5.129
0.0001,lyap1,264,0.2765,0.2692,0.800000,1.700000,1,0,3.376,0.009985,0.26897,0.26266,0.000037,0,485.48,13.07,33.13,199.81,0.013066,0.019270,0.2017,3.022
0.0001,lyap1,265,0.2175,0.3285,0.800000,1.700000,1,0,3.509,0.009985,0.21143,0.32051,0.000037,0,521.62,14.47,40.10,209.86,0.014471,0.021456,0.2189,3.169
0.0001,lyap1,266,0.5969,-0.4234,0.800000,1.700000,1,0,3.636,0.009984,0.58858,-0.41789,0.000037,0,292.78,19.60,24.64,107.05,0.019602,0.030105,0.6622,4.730
0.0001,lyap1,267,0.0093,-0.2934,0.800000,1.700000,1,0,3.631,0.009994,0.00757,-0.28353,0.000037,0,664.12,8.64,70.94,254.64,0.008643,0.011333,0.1851,2.836
0.0001,lyap1,268,-0.0703,-0.4002,0.800000,1.700000,1,0,3.908,0.009990,-0.07009,-0.39024,0.000037,0,652.92,9.85,75.49,243.58,0.009855,0.011931,0.2943,3.330
0.0001,lyap1,269,-0.1298,0.8148,0.800000,1.700000,1,0,4.287,0.009982,-0.12910,0.80486,0.000037,0,408.00,18.38,51.20,139.01,0.018385,0.023272,0.8910,5.396
0.0001,lyap1,270,0.3659,0.1527,0.800000,1.700000,1,0,3.209,0.009997,0.35652,0.14925,0.000037,0,409.39,8.14,18.45,180.14,0.008136,0.011844,0.2020,2.751
0.0001,lyap1,271,0.1731,0.7224,0.800000,1.700000,1,0,4.049,0.009997,0.17039,0.71275,0.000037,0,394.59,22.92,36.19,143.91,0.022924,0.034217,0.6882,4.954
0.0001,lyap1,272,-0.1537,-0.3882,0.800000,1.700000,1,0,3.996,0.009984,-0.15185,-0.37835,0.000037,0,693.10,12.58,88.93,248.19,0.012584,0.015523,0.3297,3.361
0.0001,lyap1,273,0.3157,0.8481,0.800000,1.700000,1,0,4.086,0.009991,0.31209,0.83881,0.000037,0,281.44,28.89,27.45,91.60,0.028891,0.044686,0.9818,5.758
0.0001,lyap1,274,-0.0314,-0.5603,0.800000,1.700000,1,0,4.039,0.009993,-0.03188,-0.55027,0.000037,0,545.45,13.82,57.79,204.58,0.013821,0.018108,0.4518,4.067
0.0001,lyap1,275,0.8578,-0.3810,0.800000,1.700000,1,0,3.664,0.009999,0.84862,-0.37717,0.000037,0,138.19,17.82,17.88,37.85,0.017820,0.027600,1.0965,5.724
0.0001,lyap1,276,0.1279,-0.9419,0.800000,1.700000,1,0,4.228,0.009983,0.12633,-0.93205,0.000037,0,283.92,26.45,32.26,89.86,0.026452,0.038842,1.0954,6.023
0.0001,lyap1,277,0.3437,0.3660,0.800000,1.700000,1,0,3.547,0.009986,0.33656,0.35909,0.000037,0,444.86,16.77,32.79,177.07,0.016771,0.025260,0.3243,3.635
0.0001,lyap1,278,0.4443,0.0492,0.800000,1.700000,1,0,3.202,0.009984,0.43440,0.04821,0.000037,0,339.56,2.65,5.51,162.29,0.002648,0.003862,0.2533,2.668
0.0001,lyap1,279,0.5094,-0.5381,0.800000,1.700000,1,0,3.751,0.009990,0.50237,-0.53100,0.000037,0,320.24,23.35,27.36,115.25,0.023353,0.036142,0.6723,4.854
0.0001,lyap1,280,0.6178,0.6921,0.800000,1.700000,1,0,3.882,0.009999,0.61105,0.68466,0.000037,0,217.05,28.82,23.48,63.43,0.028824,0.045304,1.0357,5.822
0.0001,lyap1,281,-0.0121,0.1057,0.800000,1.700000,1,0,3.053,0.009989,-0.01332,0.09582,0.000037,0,693.16,3.03,82.50,261.81,0.003029,0.003634,0.1227,2.206
0.0001,lyap1,282,0.5679,0.2579,0.800000,1.700000,1,0,3.463,0.009990,0.55868,0.25404,0.000037,0,314.14,12.74,20.21,127.31,0.012742,0.019202,0.4886,4.017
0.0001,lyap1,283,0.2760,0.1287,0.800000,1.700000,1,0,3.078,0.009983,0.26676,0.12498,0.000037,0,444.12,7.12,18.19,198.53,0.007117,0.010165,0.1232,2.299
0.0001,lyap1,284,0.4500,0.3983,0.800000,1.700000,1,0,3.591,0.009999,0.44224,0.39199,0.000037,0,380.61,18.37,28.85,147.68,0.018372,0.027945,0.4517,4.098
0.0001,lyap1,285,0.4344,0.0610,0.800000,1.700000,1,0,3.195,0.009998,0.42443,0.05976,0.000037,0,347.71,3.29,6.91,164.48,0.003289,0.004792,0.2440,2.662
0.0001,lyap1,286,0.2625,-0.1936,0.800000,1.700000,1,0,3.208,0.009985,0.25410,-0.18819,0.000037,0,477.54,10.10,27.45,203.75,0.010096,0.014619,0.1460,2.614
0.0001,lyap1,287,0.4951,-0.4703,0.800000,1.700000,1,0,3.678,0.009994,0.48770,-0.46358,0.000037,0,343.58,21.05,27.91,128.09,0.021045,0.032338,0.5759,4.537
0.0001,lyap1,288,-0.0609,0.1904,0.800000,1.700000,1,0,3.535,0.009996,-0.06023,0.18045,0.000037,0,770.19,5.80,104.58,276.17,0.005801,0.006858,0.1633,2.504
0.0001,lyap1,289,0.4627,-0.5742,0.800000,1.700000,1,0,3.795,0.009989,0.45628,-0.56659,0.000037,0,334.39,24.14,28.29,120.80,0.024140,0.037407,0.6650,4.857
0.0001,lyap1,290,-0.2671,0.5113,0.800000,1.700000,1,0,4.207,0.009993,-0.26422,0.50176,0.000037,0,634.42,22.25,85.15,215.37,0.022252,0.026550,0.5393,4.093
0.0001,lyap1,291,-0.1914,0.4290,0.800000,1.700000,1,0,4.075,0.009999,-0.18916,0.41922,0.000037,0,676.09,15.56,87.96,238.42,0.015555,0.019068,0.3916,3.594
0.0001,lyap1,292,0.3585,0.0772,0.800000,1.700000,1,0,3.112,0.009982,0.34872,0.07535,0.000037,0,387.51,4.26,9.73,180.83,0.004263,0.006136,0.1714,2.361
0.0001,lyap1,293,0.0225,0.1187,0.800000,1.700000,1,0,2.999,0.009998,0.01902,0.10935,0.000037,0,624.20,4.70,56.52,252.05,0.004699,0.006204,0.0990,2.140
0.0001,lyap1,294,0.4545,0.0289,0.800000,1.700000,1,0,3.207,0.009994,0.44451,0.02832,0.000037,0,328.57,1.55,3.20,159.92,0.001553,0.002267,0.2628,2.647
0.0001,lyap1,295,-0.0097,-0.2389,0.800000,1.700000,1,0,3.540,0.010000,-0.01100,-0.22899,0.000037,0,697.53,6.68,79.83,263.92,0.006682,0.008426,0.1593,2.624
0.0001,lyap1,296,-0.0414,-0.4969,0.800000,1.700000,1,0,3.986,0.009986,-0.04170,-0.48690,0.000037,0,585.40,12.19,63.14,220.41,0.012193,0.015633,0.3794,3.764
0.0001,lyap1,297,-0.4635,-0.8276,0.800000,1.700000,1,0,4.477,0.009992,-0.46010,-0.81823,0.000037,0,428.04,37.24,70.90,115.18,0.037240,0.045171,1.2538,5.979
0.0001,lyap1,298,-0.1078,-0.2116,0.800000,1.700000,1,0,3.692,0.009993,-0.10579,-0.20183,0.000037,0,800.72,9.92,114.40,278.52,0.009917,0.011369,0.1983,2.627
0.0001,lyap1,299,0.1967,0.7699,0.800000,1.700000,1,0,4.077,0.009984,0.19400,0.76033,0.000037,0,361.94,24.53,33.73,128.85,0.024532,0.036910,0.7768,5.213
0.0001,lyap2,0,-0.4828,-0.7608,0.500000,2.500000,1,0,8.027,0.009996,-0.47860,-0.75167,0.000025,0,1031.67,26.32,43.99,452.11,0.026318,0.038061,0.7695,4.243
0.0001,lyap2,1,0.3886,-0.1909,0.500000,2.500000,1,0,6.272,0.010000,0.37961,-0.18645,0.000025,0,893.43,2.47,2.09,442.77,0.002474,0.005119,0.1347,2.251
0.0001,lyap2,2,0.1373,-0.1241,0.500000,2.500000,1,0,5.090,0.009995,0.12986,-0.11737,0.000025,0,838.86,1.82,0.91,417.15,0.001819,0.003402,0.0566,1.810
0.0001,lyap2,3,0.5235,0.3075,0.500000,2.500000,1,0,6.803,0.009994,0.51488,0.30240,0.000025,0,881.97,3.61,1.85,436.43,0.003607,0.007775,0.2551,2.946
0.0001,lyap2,4,0.3315,0.9345,0.500000,2.500000,1,0,7.829,0.009995,0.32787,0.92514,0.000025,0,851.32,9.31,8.46,410.22,0.009315,0.016199,0.6947,4.614
0.0001,lyap2,5,0.3231,-0.0585,0.500000,2.500000,1,0,5.801,0.009998,0.31322,-0.05670,0.000026,0,871.89,0.86,1.00,434.31,0.000857,0.001700,0.0725,1.480
0.0001,lyap2,6,-0.0850,0.5502,0.500000,2.500000,1,0,7.170,0.009998,-0.08427,0.54019,0.000026,0,1024.91,9.27,26.14,479.37,0.009268,0.013776,0.3499,3.444
0.0001,lyap2,7,-0.0720,-0.5823,0.500000,2.500000,1,0,7.238,0.009995,-0.07155,-0.57230,0.000026,0,1016.82,9.30,24.94,476.50,0.009297,0.013815,0.3666,3.509
0.0001,lyap2,8,0.3960,-0.5209,0.500000,2.500000,1,0,7.065,0.009996,0.38990,-0.51298,0.000026,0,899.47,5.30,1.54,444.22,0.005295,0.011120,0.3198,3.442
0.0001,lyap2,9,0.3685,0.3828,0.500000,2.500000,1,0,6.703,0.009994,0.36156,0.37561,0.000025,0,906.24,4.17,0.29,449.70,0.004169,0.008868,0.2185,2.963
0.0001,lyap2,10,0.1283,0.2512,0.500000,2.500000,1,0,5.880,0.009996,0.12365,0.24235,0.000026,0,921.55,3.14,4.77,453.64,0.003143,0.005354,0.1207,2.496
0.0001,lyap2,11,0.2440,0.2446,0.500000,2.500000,1,0,6.048,0.009999,0.23690,0.23749,0.000026,0,904.32,2.97,0.58,449.36,0.002968,0.006014,0.1143,2.362
0.0001,lyap2,12,0.6768,0.6211,0.500000,2.500000,1,0,7.500,0.009999,0.66942,0.61433,0.000026,0,818.32,6.16,0.47,404.06,0.006163,0.013951,0.5689,4.201
0.0001,lyap2,13,0.7407,-0.0375,0.500000,2.500000,1,0,7.016,0.009997,0.73071,-0.03694,0.000026,0,831.93,0.46,0.30,415.32,0.000459,0.000995,0.3602,2.823
0.0001,lyap2,14,0.1895,0.9012,0.500000,2.500000,1,0,7.778,0.009995,0.18706,0.89149,0.000025,0,892.53,9.75,12.55,426.40,0.009748,0.015314,0.6285,4.405
0.0001,lyap2,15,0.3282,0.2784,0.500000,2.500000,1,0,6.346,0.009996,0.32057,0.27193,0.000025,0,906.56,3.31,1.38,449.42,0.003312,0.006907,0.1492,2.540
0.0001,lyap2,16,0.4229,-0.6724,0.500000,2.500000,1,0,7.395,0.009999,0.41746,-0.66395,0.000026,0,879.00,6.59,3.25,431.31,0.006592,0.013389,0.4540,3.932
0.0001,lyap2,17,-0.0535,-0.6259,0.500000,2.500000,1,0,7.326,0.009994,-0.05337,-0.61587,0.000026,0,1005.12,9.38,23.44,472.08,0.009385,0.013926,0.3920,3.604
0.0001,lyap2,18,0.5135,-0.1699,0.500000,2.500000,1,0,6.574,0.009996,0.50406,-0.16669,0.000025,0,879.99,2.16,1.72,436.65,0.002163,0.004560,0.1969,2.451
0.0001,lyap2,19,-0.1027,-0.2139,0.500000,2.500000,1,0,5.988,0.009999,-0.09946,-0.20443,0.000026,0,1036.60,7.56,38.21,474.42,0.007564,0.009948,0.2630,3.106
0.0001,lyap2,20,0.5724,0.0126,0.500000,2.500000,1,0,6.627,0.009994,0.56246,0.01233,0.000025,0,864.43,0.16,0.14,431.95,0.000163,0.000343,0.2146,2.157
0.0001,lyap2,21,-0.2534,-0.7892,0.500000,2.500000,1,0,7.825,0.009993,-0.25134,-0.77946,0.000025,0,1002.81,16.32,33.06,456.10,0.016321,0.025009,0.6228,4.108
0.0001,lyap2,22,0.1756,0.0811,0.500000,2.500000,1,0,5.056,0.009994,0.16659,0.07683,0.000025,0,827.33,1.30,0.79,411.90,0.001304,0.002438,0.0366,1.398
0.0001,lyap2,23,-0.1826,-0.5070,0.500000,2.500000,1,0,7.189,0.009996,-0.18027,-0.49724,0.000026,0,1058.51,12.26,34.45,485.61,0.012262,0.017868,0.3720,3.428
0.0001,lyap2,24,0.5281,0.1638,0.500000,2.500000,1,0,6.603,0.009999,0.51857,0.16077,0.000025,0,877.60,2.08,1.65,435.59,0.002083,0.004398,0.2049,2.469
0.0001,lyap2,25,0.2533,-0.1131,0.500000,2.500000,1,0,5.594,0.009995,0.24421,-0.10897,0.000026,0,869.36,1.65,1.48,431.96,0.001653,0.003238,0.0615,1.664
0.0001,lyap2,26,-0.0698,0.1000,0.500000,2.500000,1,0,5.033,0.009994,-0.06528,0.09102,0.000025,0,968.35,5.61,49.37,430.60,0.005606,0.006799,0.3014,3.319
0.0001,lyap2,27,0.3040,0.0277,0.500000,2.500000,1,0,5.684,0.009996,0.29405,0.02673,0.000026,0,864.31,0.42,0.49,431.35,0.000416,0.000816,0.0615,1.262
0.0001,lyap2,28,0.2958,-0.8584,0.500000,2.500000,1,0,7.701,0.009994,0.29229,-0.84904,0.000025,0,878.19,8.73,8.74,423.81,0.008732,0.014956,0.5976,4.353
0.0001,lyap2,29,0.3034,0.1431,0.500000,2.500000,1,0,5.885,0.009996,0.29443,0.13879,0.000026,0,884.86,1.98,1.88,439.07,0.001982,0.003977,0.0855,1.893
0.0001,lyap2,30,-0.0517,-0.6699,0.500000,2.500000,1,0,7.424,0.009995,-0.05169,-0.65994,0.000026,0,996.59,9.82,23.15,467.78,0.009820,0.014631,0.4265,3.713
0.0001,lyap2,31,0.5492,0.3284,0.500000,2.500000,1,0,6.884,0.009997,0.54062,0.32323,0.000026,0,876.67,3.80,1.79,433.70,0.003799,0.008237,0.2818,3.068
0.0001,lyap2,32,-0.2470,-0.5392,0.500000,2.500000,1,0,7.360,0.009993,-0.24398,-0.52969,0.000026,0,1067.82,15.34,38.24,484.17,0.015337,0.021931,0.4289,3.539
0.0001,lyap2,33,0.0352,0.9500,0.500000,2.500000,1,0,7.899,0.009996,0.03427,0.94002,0.000025,0,910.16,11.61,18.59,427.78,0.011613,0.017482,0.6900,4.493
0.0001,lyap2,34,0.0707,-0.1224,0.500000,2.500000,1,0,4.819,0.009994,0.06558,-0.11382,0.000025,0,828.60,1.83,5.58,407.35,0.001829,0.002970,0.0906,2.088
0.0001,lyap2,35,0.4590,0.2294,0.500000,2.500000,1,0,6.530,0.009995,0.45005,0.22491,0.000025,0,890.25,2.85,2.03,440.95,0.002853,0.006019,0.1840,2.539
0.0001,lyap2,36,-0.1107,0.4644,0.500000,2.500000,1,0,6.969,0.009996,-0.10928,0.45449,0.000026,0,1042.90,9.19,29.32,485.24,0.009189,0.013560,0.3114,3.294
0.0001,lyap2,37,0.1172,0.8775,0.500000,2.500000,1,0,7.751,0.009997,0.11539,0.86762,0.000025,0,914.03,10.05,15.11,434.37,0.010052,0.015228,0.5995,4.300
0.0001,lyap2,38,-0.1887,-0.6828,0.500000,2.500000,1,0,7.574,0.009999,-0.18694,-0.67293,0.000025,0,1021.80,13.39,31.32,469.53,0.013392,0.020400,0.4942,3.803
0.0001,lyap2,39,0.8660,-0.0873,0.500000,2.500000,1,0,7.259,0.009997,0.85606,-0.08627,0.000026,0,798.67,1.03,0.56,397.99,0.001033,0.002275,0.4963,3.366
0.0001,lyap2,40,0.3463,-0.5640,0.500000,2.500000,1,0,7.126,0.009997,0.34101,-0.55552,0.000026,0,909.30,5.75,3.33,447.01,0.005748,0.011377,0.3350,3.523
0.0001,lyap2,41,0.1016,-0.3385,0.500000,2.500000,1,0,6.301,0.009996,0.09847,-0.32903,0.000025,0,958.55,4.25,8.95,467.13,0.004250,0.006447,0.1701,2.816
0.0001,lyap2,42,-0.2362,-0.3342,0.500000,2.500000,1,0,6.854,0.009997,-0.23165,-0.32532,0.000025,0,1102.29,14.73,45.47,494.62,0.014733,0.019808,0.3430,3.584
0.0001,lyap2,43,0.8826,0.0070,0.500000,2.500000,1,0,7.277,0.009995,0.87257,0.00695,0.000026,0,792.04,0.08,0.05,395.91,0.000083,0.000183,0.5100,3.292
0.0001,lyap2,44,0.1563,-0.4355,0.500000,2.500000,1,0,6.682,0.009995,0.15267,-0.42619,0.000025,0,957.07,5.05,7.73,467.02,0.005046,0.008189,0.2188,3.058
0.0001,lyap2,45,0.0602,0.2535,0.500000,2.500000,1,0,5.869,0.009999,0.05753,0.24391,0.000026,0,945.44,3.51,11.37,458.72,0.003507,0.004962,0.1441,2.650
0.0001,lyap2,46,0.3509,-0.8008,0.500000,2.500000,1,0,7.607,0.009996,0.34672,-0.79176,0.000025,0,876.57,7.97,6.57,425.74,0.007966,0.014535,0.5514,4.233
0.0001,lyap2,47,-0.1504,-0.4231,0.500000,2.500000,1,0,6.914,0.009994,-0.14810,-0.41338,0.000026,0,1060.75,10.50,33.89,488.61,0.010496,0.015086,0.3134,3.266
0.0001,lyap2,48,0.3656,-0.0779,0.500000,2.500000,1,0,6.000,0.009998,0.35586,-0.07581,0.000026,0,879.16,1.10,1.24,437.52,0.001102,0.002219,0.0941,1.692
0.0001,lyap2,49,-0.2992,-0.4212,0.500000,2.500000,1,0,7.205,0.009995,-0.29462,-0.41228,0.000026,0,1104.47,17.83,46.11,492.75,0.017832,0.024463,0.4115,3.698
0.0001,lyap2,50,0.7379,0.3254,0.500000,2.500000,1,0,7.196,0.009998,0.72873,0.32130,0.000026,0,831.91,3.72,1.72,411.45,0.003718,0.008211,0.4319,3.522
0.0001,lyap2,51,0.2430,0.2287,0.500000,2.500000,1,0,5.984,0.009995,0.23571,0.22188,0.000026,0,900.90,2.83,0.80,447.53,0.002833,0.005730,0.1065,2.290
0.0001,lyap2,52,-0.0147,-0.5282,0.500000,2.500000,1,0,7.043,0.009997,-0.01505,-0.51825,0.000026,0,1007.62,7.67,20.86,477.19,0.007667,0.011069,0.3102,3.359
0.0001,lyap2,53,0.0787,0.1072,0.500000,2.500000,1,0,4.678,0.009996,0.07271,0.09917,0.000026,0,803.85,1.63,2.71,397.99,0.001634,0.002799,0.0752,1.930
0.0001,lyap2,54,-0.1562,0.9648,0.500000,2.500000,1,0,8.019,0.009995,-0.15542,0.95484,0.000025,0,935.15,14.82,26.52,429.94,0.014825,0.023134,0.7614,4.549
0.0001,lyap2,55,-0.1446,-0.2073,0.500000,2.500000,1,0,6.128,0.009998,-0.14006,-0.19838,0.000026,0,1066.39,9.95,44.69,481.04,0.009950,0.012829,0.3004,3.426
0.0001,lyap2,56,0.7844,0.3256,0.500000,2.500000,1,0,7.269,0.009993,0.77518,0.32171,0.000026,0,818.97,3.70,1.68,405.03,0.003701,0.008208,0.4772,3.652
0.0001,lyap2,57,0.2535,-0.6401,0.500000,2.500000,1,0,7.264,0.009997,0.24958,-0.63087,0.000026,0,926.18,6.75,7.43,450.60,0.006752,0.011694,0.3756,3.677
0.0001,lyap2,58,0.3038,-0.4120,0.500000,2.500000,1,0,6.702,0.009999,0.29780,-0.40399,0.000025,0,919.58,4.41,1.44,455.04,0.004411,0.008966,0.2173,3.010
0.0001,lyap2,59,0.7189,-0.3583,0.500000,2.500000,1,0,7.203,0.009996,0.70998,-0.35380,0.000026,0,835.44,4.05,1.73,412.95,0.004046,0.008949,0.4302,3.561
0.0001,lyap2,60,0.1800,0.0264,0.500000,2.500000,1,0,4.911,0.009994,0.17012,0.02489,0.000025,0,808.02,0.45,0.50,403.17,0.000455,0.000835,0.0230,0.897
0.0001,lyap2,61,-0.4251,0.6545,0.500000,2.500000,1,0,7.814,0.009995,-0.42086,0.64543,0.000025,0,1061.79,23.71,44.53,468.58,0.023708,0.033835,0.6348,3.940
0.0001,lyap2,62,0.5324,0.0722,0.500000,2.500000,1,0,6.537,0.009995,0.52253,0.07082,0.000025,0,872.44,0.94,0.84,434.67,0.000945,0.001980,0.1899,2.181
0.0001,lyap2,63,-0.1463,-0.2830,0.500000,2.500000,1,0,6.440,0.009994,-0.14283,-0.27360,0.000025,0,1067.69,10.01,39.04,487.30,0.010007,0.013415,0.2774,3.207
0.0001,lyap2,64,0.5285,0.0914,0.500000,2.500000,1,0,6.538,0.009994,0.51862,0.08966,0.000025,0,873.96,1.19,1.05,435.04,0.001193,0.002500,0.1898,2.228
0.0001,lyap2,65,0.2105,0.2530,0.500000,2.500000,1,0,6.014,0.009994,0.20413,0.24538,0.000026,0,907.95,3.03,0.52,451.18,0.003032,0.005990,0.1156,2.409
0.0001,lyap2,66,-0.2321,0.7541,0.500000,2.500000,1,0,7.746,0.009999,-0.23015,0.74430,0.000025,0,1009.93,15.35,32.56,460.89,0.015350,0.023491,0.5783,4.005
0.0001,lyap2,67,0.1052,0.6538,0.500000,2.500000,1,0,7.303,0.009999,0.10320,0.64404,0.000026,0,961.79,7.76,14.12,460.95,0.007764,0.011572,0.3816,3.659
0.0001,lyap2,68,0.5076,0.3617,0.500000,2.500000,1,0,6.871,0.010000,0.49952,0.35587,0.000025,0,883.90,4.09,1.54,437.34,0.004091,0.008872,0.2728,3.094
0.0001,lyap2,69,-0.0513,0.1705,0.500000,2.500000,1,0,5.507,0.009998,-0.04943,0.16066,0.000025,0,980.23,4.59,33.74,452.93,0.004589,0.006204,0.2303,2.927
0.0001,lyap2,70,-0.0982,0.3380,0.500000,2.500000,1,0,6.528,0.009996,-0.09634,0.32821,0.000025,0,1043.29,7.77,30.75,485.07,0.007766,0.011128,0.2527,3.103
0.0001,lyap2,71,-0.2987,-0.5024,0.500000,2.500000,1,0,7.369,0.009994,-0.29483,-0.49316,0.000026,0,1086.67,17.77,42.85,487.16,0.017769,0.024863,0.4446,3.544
0.0001,lyap2,72,-0.1503,0.3616,0.500000,2.500000,1,0,6.725,0.009995,-0.14757,0.35200,0.000025,0,1066.24,10.33,35.85,489.52,0.010330,0.014397,0.2912,3.194
0.0001,lyap2,73,-0.1360,0.7558,0.500000,2.500000,1,0,7.663,0.009996,-0.13512,0.74581,0.000025,0,993.80,12.46,27.38,460.17,0.012461,0.019096,0.5325,3.961
0.0001,lyap2,74,0.2863,-0.1810,0.500000,2.500000,1,0,5.936,0.009997,0.27788,-0.17558,0.000026,0,891.80,2.41,1.82,442.27,0.002406,0.004859,0.0943,2.071
0.0001,lyap2,75,0.2629,0.0381,0.500000,2.500000,1,0,5.479,0.009998,0.25300,0.03665,0.000025,0,854.07,0.59,0.65,425.94,0.000592,0.001142,0.0475,1.198
0.0001,lyap2,76,-0.0879,0.1908,0.500000,2.500000,1,0,5.801,0.009993,-0.08484,0.18125,0.000026,0,1021.14,6.70,38.27,467.28,0.006698,0.008753,0.2593,3.066
0.0001,lyap2,77,0.1878,-0.1637,0.500000,2.500000,1,0,5.529,0.010000,0.18029,-0.15708,0.000025,0,873.12,2.22,0.17,434.73,0.002223,0.004333,0.0721,1.981
0.0001,lyap2,78,0.3960,0.0616,0.500000,2.500000,1,0,6.098,0.009997,0.38613,0.06004,0.000026,0,878.86,0.86,0.96,437.82,0.000862,0.001748,0.1065,1.707
0.0001,lyap2,79,0.1499,0.3328,0.500000,2.500000,1,0,6.289,0.010000,0.14563,0.32375,0.000025,0,942.84,3.96,5.42,463.02,0.003963,0.006683,0.1595,2.751
0.0001,lyap2,80,0.4252,0.0139,0.500000,2.500000,1,0,6.180,0.009998,0.41517,0.01354,0.000025,0,875.68,0.19,0.21,437.48,0.000193,0.000393,0.1185,1.624
0.0001,lyap2,81,-0.1576,0.2546,0.500000,2.500000,1,0,6.368,0.010000,-0.15354,0.24547,0.000025,0,1074.29,10.62,42.27,486.91,0.010623,0.013988,0.2915,3.355
0.0001,lyap2,82,-0.0686,-0.8309,0.500000,2.500000,1,0,7.750,0.009997,-0.06848,-0.82092,0.000025,0,961.99,11.78,23.36,448.79,0.011783,0.017902,0.5809,4.146
0.0001,lyap2,83,0.4444,-0.8902,0.500000,2.500000,1,0,7.778,0.010000,0.43982,-0.88133,0.000025,0,833.35,8.52,5.33,404.95,0.008518,0.016389,0.6861,4.605
0.0001,lyap2,84,0.2393,0.0573,0.500000,2.500000,1,0,5.375,0.009998,0.22954,0.05492,0.000025,0,849.23,0.90,0.90,423.04,0.000898,0.001721,0.0432,1.270
0.0001,lyap2,85,-0.0699,0.1952,0.500000,2.500000,1,0,5.753,0.009996,-0.06755,0.18544,0.000026,0,1006.39,5.68,34.66,464.27,0.005683,0.007643,0.2407,2.986
0.0001,lyap2,86,0.7095,0.5152,0.500000,2.500000,1,0,7.387,0.010000,0.70140,0.50933,0.000026,0,824.34,5.41,1.28,406.84,0.005406,0.012150,0.5159,3.975
0.0001,lyap2,87,-0.0494,-0.2016,0.500000,2.500000,1,0,5.720,0.009995,-0.04790,-0.19175,0.000026,0,990.92,4.77,30.29,461.60,0.004766,0.006554,0.2198,2.913
0.0001,lyap2,88,0.0267,0.5306,0.500000,2.500000,1,0,7.019,0.009997,0.02560,0.52067,0.000026,0,995.51,7.15,17.82,474.57,0.007154,0.010231,0.3002,3.347
0.0001,lyap2,89,0.5313,0.5599,0.500000,2.500000,1,0,7.267,0.009995,0.52446,0.55267,0.000026,0,863.29,5.61,0.18,427.26,0.005613,0.012413,0.4165,3.753
0.0001,lyap2,90,-0.0457,0.0894,0.500000,2.500000,1,0,4.703,0.009996,-0.04232,0.07996,0.000026,0,908.08,3.99,41.42,409.63,0.003988,0.004876,0.2704,3.093
0.0001,lyap2,91,-0.3348,-0.7215,0.500000,2.500000,1,0,7.802,0.009997,-0.33170,-0.71198,0.000025,0,1033.50,19.65,38.47,463.55,0.019647,0.028767,0.6157,4.001
0.0001,lyap2,92,-0.2539,0.6200,0.500000,2.500000,1,0,7.530,0.009996,-0.25123,0.61034,0.000025,0,1049.87,15.82,36.52,476.55,0.015818,0.023121,0.4843,3.706
0.0001,lyap2,93,0.1010,0.2482,0.500000,2.500000,1,0,5.842,0.009996,0.09708,0.23901,0.000026,0,927.85,3.21,6.97,454.54,0.003209,0.005085,0.1258,2.538
0.0001,lyap2,94,0.8495,0.4720,0.500000,2.500000,1,0,7.502,0.009998,0.84077,0.46710,0.000026,0,787.95,5.06,1.65,388.53,0.005059,0.011430,0.6242,4.205
0.0001,lyap2,95,0.1372,0.4237,0.500000,2.500000,1,0,6.638,0.010000,0.13380,0.41425,0.000025,0,961.31,5.01,8.56,468.34,0.005013,0.007906,0.2128,3.031
0.0001,lyap2,96,0.4789,0.8183,0.500000,2.500000,1,0,7.676,0.009996,0.47376,0.80978,0.000025,0,839.68,7.79,3.89,410.10,0.007789,0.015718,0.6236,4.437
0.0001,lyap2,97,-0.0656,0.3396,0.500000,2.500000,1,0,6.469,0.009998,-0.06455,0.32969,0.000025,0,1027.89,6.65,26.77,482.19,0.006653,0.009534,0.2350,3.056
0.0001,lyap2,98,0.6043,0.2287,0.500000,2.500000,1,0,6.850,0.009997,0.59493,0.22510,0.000025,0,865.98,2.77,1.75,429.16,0.002775,0.005973,0.2794,2.883
0.0001,lyap2,99,-0.0616,-0.5886,0.500000,2.500000,1,0,7.243,0.009999,-0.06130,-0.57856,0.000026,0,1013.09,9.15,24.16,475.52,0.009147,0.013554,0.3672,3.519
0.0001,lyap2,100,0.6577,0.3184,0.500000,2.500000,1,0,7.058,0.009993,0.64874,0.31402,0.000026,0,852.95,3.68,1.78,421.93,0.003679,0.008055,0.3580,3.291
0.0001,lyap2,101,0.7053,0.3527,0.500000,2.500000,1,0,7.176,0.009994,0.69642,0.34816,0.000026,0,839.40,4.00,1.74,414.96,0.003995,0.008823,0.4152,3.511
0.0001,lyap2,102,-0.2611,-0.8069,0.500000,2.500000,1,0,7.860,0.009995,-0.25903,-0.79715,0.000025,0,998.44,16.70,33.15,453.55,0.016699,0.025620,0.6442,4.159
0.0001,lyap2,103,-0.2565,-0.5607,0.500000,2.500000,1,0,7.418,0.009995,-0.25350,-0.55118,0.000026,0,1064.83,15.82,38.24,482.31,0.015818,0.022696,0.4476,3.588
0.0001,lyap2,104,-0.0062,-0.2025,0.500000,2.500000,1,0,5.604,0.009994,-0.00652,-0.19252,0.000026,0,957.10,3.59,22.05,453.81,0.003592,0.004765,0.1808,2.752
0.0001,lyap2,105,0.1683,-0.1221,0.500000,2.500000,1,0,5.225,0.009995,0.16022,-0.11620,0.000025,0,846.40,1.81,0.17,421.68,0.001806,0.003432,0.0531,1.733
0.0001,lyap2,106,0.1073,0.7657,0.500000,2.500000,1,0,7.545,0.009996,0.10549,0.75589,0.000025,0,941.92,8.95,14.90,449.35,0.008953,0.013431,0.4833,3.973
0.0001,lyap2,107,0.2607,-0.0935,0.500000,2.500000,1,0,5.573,0.009999,0.25131,-0.09007,0.000026,0,865.58,1.39,1.37,430.38,0.001392,0.002718,0.0577,1.549
0.0001,lyap2,108,0.2814,0.9272,0.500000,2.500000,1,0,7.815,0.009997,0.27821,0.91770,0.000025,0,865.03,9.47,9.80,415.61,0.009474,0.015855,0.6729,4.547
0.0001,lyap2,109,0.5130,0.7951,0.500000,2.500000,1,0,7.653,0.009998,0.50748,0.78672,0.000025,0,834.89,7.52,3.04,408.77,0.007518,0.015658,0.6177,4.417
0.0001,lyap2,110,0.4870,-0.3349,0.500000,2.500000,1,0,6.786,0.009996,0.47881,-0.32921,0.000025,0,888.31,3.86,1.67,439.59,0.003855,0.008310,0.2468,2.967
0.0001,lyap2,111,0.2839,0.6459,0.500000,2.500000,1,0,7.284,0.009997,0.27967,0.63682,0.000026,0,917.85,6.70,6.48,447.42,0.006699,0.011988,0.3862,3.715
0.0001,lyap2,112,0.3172,0.1950,0.500000,2.500000,1,0,6.074,0.009999,0.30869,0.18972,0.000026,0,895.57,2.54,1.97,443.91,0.002544,0.005193,0.1088,2.167
0.0001,lyap2,113,0.3999,-0.0481,0.500000,2.500000,1,0,6.102,0.009999,0.38994,-0.04685,0.000026,0,877.69,0.67,0.76,437.58,0.000674,0.001366,0.1070,1.663
0.0001,lyap2,114,0.0845,-0.3381,0.500000,2.500000,1,0,6.301,0.009994,0.08173,-0.32847,0.000025,0,964.24,4.35,10.37,468.49,0.004354,0.006388,0.1738,2.835
0.0001,lyap2,115,0.2833,0.3617,0.500000,2.500000,1,0,6.527,0.009998,0.27711,0.35384,0.000025,0,919.11,3.98,0.85,455.72,0.003981,0.008095,0.1827,2.827
0.0001,lyap2,116,-0.0960,-0.1708,0.500000,2.500000,1,0,5.720,0.009994,-0.09231,-0.16151,0.000026,0,1024.68,7.16,42.16,464.80,0.007164,0.009149,0.2772,3.204
0.0001,lyap2,117,0.1426,0.0149,0.500000,2.500000,1,0,4.550,0.009997,0.13270,0.01386,0.000026,0,769.70,0.28,0.59,384.05,0.000277,0.000492,0.0142,0.691
0.0001,lyap2,118,0.2298,-0.1089,0.500000,2.500000,1,0,5.469,0.009998,0.22079,-0.10460,0.000025,0,861.69,1.62,1.27,428.36,0.001619,0.003141,0.0547,1.619
0.0001,lyap2,119,0.3467,0.6367,0.500000,2.500000,1,0,7.287,0.009994,0.34181,0.62802,0.000026,0,903.02,6.43,4.50,442.19,0.006428,0.012347,0.3946,3.741
0.0001,lyap2,120,0.1427,0.1849,0.500000,2.500000,1,0,5.514,0.009994,0.13655,0.17698,0.000025,0,884.09,2.40,2.31,437.93,0.002405,0.004492,0.0854,2.174
0.0001,lyap2,121,0.9039,0.2691,0.500000,2.500000,1,0,7.404,0.009993,0.89429,0.26622,0.000026,0,784.92,3.06,1.41,388.75,0.003063,0.006832,0.5843,3.873
0.0001,lyap2,122,0.6186,-0.7694,0.500000,2.500000,1,0,7.671,0.009998,0.61231,-0.76161,0.000025,0,809.93,7.22,1.30,398.25,0.007218,0.015973,0.6598,4.513
0.0001,lyap2,123,0.1330,0.4410,0.500000,2.500000,1,0,6.698,0.009998,0.12982,0.43147,0.000025,0,963.98,5.23,9.22,468.85,0.005226,0.008146,0.2238,3.080
0.0001,lyap2,124,0.3040,-0.5997,0.500000,2.500000,1,0,7.187,0.009994,0.29935,-0.59082,0.000026,0,917.39,6.19,5.10,448.95,0.006187,0.011526,0.3519,3.593
0.0001,lyap2,125,0.8777,-0.3398,0.500000,2.500000,1,0,7.417,0.009998,0.86839,-0.33611,0.000026,0,789.78,3.81,1.62,390.42,0.003805,0.008516,0.5833,3.957
0.0001,lyap2,126,0.4647,-0.7285,0.500000,2.500000,1,0,7.519,0.009998,0.45926,-0.72014,0.000026,0,859.72,7.02,3.14,421.45,0.007018,0.014436,0.5256,4.153
0.0001,lyap2,127,-0.1434,-0.2996,0.500000,2.500000,1,0,6.493,0.009999,-0.14020,-0.29011,0.000025,0,1065.78,9.87,37.78,487.71,0.009870,0.013368,0.2741,3.149
0.0001,lyap2,128,0.7348,0.4244,0.500000,2.500000,1,0,7.304,0.009994,0.72621,0.41940,0.000026,0,826.57,4.65,1.65,408.15,0.004650,0.010374,0.4806,3.784
0.0001,lyap2,129,-0.1202,-0.4211,0.500000,2.500000,1,0,6.855,0.009994,-0.11837,-0.41130,0.000025,0,1050.01,9.19,31.04,487.08,0.009186,0.013419,0.2958,3.233
0.0001,lyap2,130,0.0262,0.7331,0.500000,2.500000,1,0,7.510,0.009996,0.02527,0.72317,0.000026,0,966.68,9.41,18.70,457.58,0.009410,0.013853,0.4621,3.870
0.0001,lyap2,131,0.1806,-0.8313,0.500000,2.500000,1,0,7.656,0.009994,0.17811,-0.82159,0.000025,0,911.30,9.09,12.36,436.47,0.009089,0.014232,0.5505,4.192
0.0001,lyap2,132,0.0616,0.4904,0.500000,2.500000,1,0,6.878,0.010000,0.05989,0.48051,0.000025,0,986.69,6.32,14.91,473.70,0.006322,0.009068,0.2659,3.236
0.0001,lyap2,133,0.3828,0.6743,0.500000,2.500000,1,0,7.380,0.009993,0.37777,0.66567,0.000026,0,889.26,6.69,4.15,435.46,0.006693,0.013117,0.4398,3.891
0.0001,lyap2,134,0.6240,-0.1220,0.500000,2.500000,1,0,6.796,0.009997,0.61421,-0.12004,0.000025,0,859.89,1.53,1.11,427.69,0.001530,0.003267,0.2664,2.624
0.0001,lyap2,135,0.7082,-0.4265,0.500000,2.500000,1,0,7.270,0.009997,0.69966,-0.42133,0.000026,0,833.63,4.67,1.62,411.69,0.004670,0.010400,0.4577,3.724
0.0001,lyap2,136,0.3059,-0.0613,0.500000,2.500000,1,0,5.727,0.009995,0.29609,-0.05933,0.000026,0,869.33,0.91,1.04,432.94,0.000908,0.001790,0.0661,1.449
0.0001,lyap2,137,0.3815,0.8201,0.500000,2.500000,1,0,7.648,0.009995,0.37709,0.81113,0.000025,0,864.98,8.05,6.01,420.44,0.008050,0.015011,0.5823,4.322
0.0001,lyap2,138,-0.4068,-0.7436,0.500000,2.500000,1,0,7.917,0.009997,-0.40314,-0.73432,0.000025,0,1033.31,22.90,41.28,458.20,0.022896,0.033248,0.6892,4.121
0.0001,lyap2,139,0.2478,-0.2333,0.500000,2.500000,1,0,6.013,0.009999,0.24056,-0.22640,0.000026,0,901.96,2.87,0.84,447.99,0.002875,0.005829,0.1094,2.311
0.0001,lyap2,140,0.6772,0.6933,0.500000,2.500000,1,0,7.603,0.009996,0.67022,0.68617,0.000025,0,805.83,6.67,0.07,397.85,0.006667,0.015120,0.6320,4.406
0.0001,lyap2,141,0.0428,-0.2079,0.500000,2.500000,1,0,5.574,0.009999,0.04037,-0.19817,0.000026,0,929.08,3.06,13.50,448.74,0.003065,0.004178,0.1425,2.577
0.0001,lyap2,142,0.6916,-0.1596,0.500000,2.500000,1,0,6.966,0.009996,0.68184,-0.15728,0.000026,0,846.21,1.95,1.24,420.41,0.001945,0.004208,0.3320,2.940
0.0001,lyap2,143,0.3035,0.5051,0.500000,2.500000,1,0,6.956,0.009996,0.29829,0.49656,0.000026,0,922.09,5.28,3.37,453.71,0.005282,0.010260,0.2795,3.307
0.0001,lyap2,144,0.1292,-0.1752,0.500000,2.500000,1,0,5.418,0.009994,0.12325,-0.16718,0.000025,0,878.75,2.31,2.99,434.64,0.002315,0.004248,0.0839,2.155
0.0001,lyap2,145,0.4745,0.7177,0.500000,2.500000,1,0,7.505,0.009999,0.46893,0.70938,0.000026,0,858.80,6.90,2.83,421.39,0.006904,0.014360,0.5201,4.134
0.0001,lyap2,146,0.3993,0.8983,0.500000,2.500000,1,0,7.781,0.009995,0.39511,0.88925,0.000025,0,843.27,8.72,6.41,408.68,0.008723,0.016161,0.6759,4.575
0.0001,lyap2,147,-0.1444,0.3214,0.500000,2.500000,1,0,6.575,0.009996,-0.14145,0.31185,0.000025,0,1065.75,9.95,36.84,488.57,0.009955,0.013634,0.2771,3.156
0.0001,lyap2,148,0.0548,-0.4646,0.500000,2.500000,1,0,6.799,0.009999,0.05314,-0.45477,0.000025,0,988.73,6.09,15.07,474.72,0.006090,0.008675,0.2512,3.176
0.0001,lyap2,149,0.3302,-0.5948,0.500000,2.500000,1,0,7.187,0.009999,0.32523,-0.58617,0.000026,0,911.06,6.07,4.27,446.71,0.006074,0.011666,0.3548,3.601
0.0001,lyap2,150,0.1291,0.0400,0.500000,2.500000,1,0,4.486,0.010000,0.11955,0.03700,0.000026,0,766.61,0.74,1.69,381.06,0.000740,0.001307,0.0179,0.988
0.0001,lyap2,151,0.1204,0.0183,0.500000,2.500000,1,0,4.308,0.009995,0.11048,0.01674,0.000026,0,742.69,0.36,1.27,369.80,0.000357,0.000619,0.0112,0.690
0.0001,lyap2,152,0.3968,0.7576,0.500000,2.500000,1,0,7.542,0.009998,0.39199,0.74886,0.000025,0,872.75,7.43,4.92,425.89,0.007429,0.014314,0.5239,4.154
0.0001,lyap2,153,0.0547,0.2267,0.500000,2.500000,1,0,5.701,0.009994,0.05201,0.21703,0.000026,0,934.54,3.21,11.84,453.02,0.003211,0.004502,0.1393,2.590
0.0001,lyap2,154,0.0069,0.1062,0.500000,2.500000,1,0,4.597,0.009995,0.00569,0.09628,0.000026,0,836.17,2.01,17.59,398.99,0.002010,0.002489,0.1637,2.528
0.0001,lyap2,155,0.3885,0.8374,0.500000,2.500000,1,0,7.679,0.009996,0.38413,0.82843,0.000025,0,859.58,8.19,6.03,417.61,0.008191,0.015289,0.6035,4.381
0.0001,lyap2,156,0.0770,0.0732,0.500000,2.500000,1,0,4.266,0.009996,0.06980,0.06628,0.000026,0,749.61,1.27,2.99,370.85,0.001273,0.002176,0.0516,1.613
0.0001,lyap2,157,0.0515,-0.0915,0.500000,2.500000,1,0,4.377,0.009996,0.04648,-0.08287,0.000026,0,767.75,1.50,2.00,380.76,0.001496,0.002319,0.0911,2.014
0.0001,lyap2,158,0.1176,-0.1584,0.500000,2.500000,1,0,5.268,0.009998,0.11157,-0.15040,0.000025,0,866.49,2.15,3.38,428.25,0.002152,0.003902,0.0802,2.096
0.0001,lyap2,159,-0.1864,-0.2631,0.500000,2.500000,1,0,6.496,0.009998,-0.18189,-0.25419,0.000025,0,1089.20,12.19,44.94,490.52,0.012190,0.016047,0.3092,3.504
0.0001,lyap2,160,0.2632,-0.1929,0.500000,2.500000,1,0,5.904,0.009996,0.25520,-0.18699,0.000026,0,893.19,2.53,1.53,443.17,0.002525,0.005088,0.0938,2.119
0.0001,lyap2,161,-0.3555,-0.7662,0.500000,2.500000,1,0,7.892,0.010000,-0.35246,-0.75674,0.000025,0,1021.89,20.64,38.43,457.03,0.020643,0.030378,0.6693,4.127
0.0001,lyap2,162,-0.1215,-0.1778,0.500000,2.500000,1,0,5.885,0.009998,-0.11710,-0.16881,0.000026,0,1047.84,8.67,45.04,472.38,0.008667,0.011030,0.2974,3.376
0.0001,lyap2,163,-0.0238,-0.5614,0.500000,2.500000,1,0,7.141,0.009998,-0.02407,-0.55139,0.000026,0,1006.82,8.18,21.56,475.72,0.008178,0.011908,0.3354,3.440
0.0001,lyap2,164,0.4774,0.4709,0.500000,2.500000,1,0,7.042,0.009996,0.47030,0.46392,0.000026,0,883.53,4.92,0.29,437.79,0.004917,0.010760,0.3221,3.394
0.0001,lyap2,165,0.0443,-0.5806,0.500000,2.500000,1,0,7.146,0.009994,0.04303,-0.57064,0.000026,0,986.42,7.52,16.99,470.58,0.007522,0.010858,0.3318,3.466
0.0001,lyap2,166,-0.0210,-0.5374,0.500000,2.500000,1,0,7.074,0.009996,-0.02125,-0.52741,0.000026,0,1008.61,7.87,21.35,477.06,0.007866,0.011401,0.3182,3.383
0.0001,lyap2,167,0.8175,0.5027,0.500000,2.500000,1,0,7.497,0.009998,0.80900,0.49745,0.000026,0,794.51,5.32,1.56,391.70,0.005325,0.012039,0.6104,4.201
0.0001,lyap2,168,0.8027,-0.3400,0.500000,2.500000,1,0,7.309,0.010000,0.79352,-0.33602,0.000026,0,812.72,3.84,1.68,401.80,0.003838,0.008536,0.5024,3.740
0.0001,lyap2,169,0.1514,0.0679,0.500000,2.500000,1,0,4.822,0.009996,0.14226,0.06377,0.000025,0,804.46,1.15,0.96,400.41,0.001146,0.002096,0.0296,1.289
0.0001,lyap2,170,0.5304,0.7692,0.500000,2.500000,1,0,7.621,0.009994,0.52466,0.76102,0.000025,0,834.98,7.26,2.48,409.56,0.007263,0.015431,0.6014,4.367
0.0001,lyap2,171,0.2090,0.4792,0.500000,2.500000,1,0,6.835,0.009995,0.20478,0.47008,0.000025,0,945.34,5.29,6.16,462.54,0.005290,0.009171,0.2475,3.186
0.0001,lyap2,172,0.5598,-0.3460,0.500000,2.500000,1,0,6.931,0.009996,0.55133,-0.34069,0.000026,0,874.07,3.96,1.73,432.34,0.003959,0.008614,0.2977,3.147
0.0001,lyap2,173,0.5464,-0.7222,0.500000,2.500000,1,0,7.554,0.009999,0.54029,-0.71427,0.000025,0,838.51,6.87,1.75,412.35,0.006868,0.014888,0.5651,4.255
0.0001,lyap2,174,-0.1182,-0.2340,0.500000,2.500000,1,0,6.144,0.009998,-0.11481,-0.22462,0.000026,0,1049.57,8.45,38.72,479.73,0.008447,0.011155,0.2686,3.157
0.0001,lyap2,175,-0.2591,-0.7992,0.500000,2.500000,1,0,7.846,0.009996,-0.25706,-0.78947,0.000025,0,1000.51,16.59,33.18,454.63,0.016589,0.025426,0.6357,4.137
0.0001,lyap2,176,0.5500,-0.2108,0.500000,2.500000,1,0,6.712,0.009997,0.54073,-0.20714,0.000025,0,875.89,2.61,1.81,434.18,0.002607,0.005558,0.2339,2.684
0.0001,lyap2,177,0.2832,0.3475,0.500000,2.500000,1,0,6.482,0.009996,0.27689,0.33974,0.000025,0,917.38,3.86,0.55,455.25,0.003858,0.007880,0.1745,2.776
0.0001,lyap2,178,0.3999,0.1449,0.500000,2.500000,1,0,6.219,0.009995,0.39051,0.14148,0.000025,0,887.94,1.94,1.87,440.64,0.001939,0.003984,0.1255,2.076
0.0001,lyap2,179,-0.3922,0.5944,0.500000,2.500000,1,0,7.678,0.009998,-0.38796,0.58541,0.000025,0,1076.18,22.20,44.87,476.57,0.022201,0.031414,0.5674,3.799
0.0001,lyap2,180,0.1187,-0.5094,0.500000,2.500000,1,0,6.918,0.009996,0.11607,-0.49971,0.000026,0,969.97,6.07,11.46,468.97,0.006072,0.009174,0.2700,3.270
0.0001,lyap2,181,0.2591,0.4505,0.500000,2.500000,1,0,6.776,0.009996,0.25406,0.44194,0.000025,0,931.87,4.86,3.58,458.72,0.004855,0.009179,0.2335,3.112
0.0001,lyap2,182,-0.1886,-0.2921,0.500000,2.500000,1,0,6.598,0.009998,-0.18442,-0.28300,0.000025,0,1088.13,12.27,43.30,491.56,0.012273,0.016335,0.3049,3.434
0.0001,lyap2,183,0.1147,-0.5915,0.500000,2.500000,1,0,7.147,0.009997,0.11244,-0.58172,0.000026,0,966.61,7.01,12.92,465.13,0.007006,0.010505,0.3303,3.491
0.0001,lyap2,184,0.3148,0.1334,0.500000,2.500000,1,0,5.903,0.009997,0.30559,0.12948,0.000026,0,883.92,1.86,1.85,438.72,0.001858,0.003731,0.0863,1.859
0.0001,lyap2,185,0.2581,-0.2319,0.500000,2.500000,1,0,6.033,0.009997,0.25069,-0.22516,0.000026,0,901.89,2.87,1.05,447.74,0.002872,0.005838,0.1103,2.305
0.0001,lyap2,186,-0.0058,-0.3736,0.500000,2.500000,1,0,6.517,0.009998,-0.00633,-0.36359,0.000025,0,1004.80,5.74,19.68,478.42,0.005739,0.008013,0.2208,3.029
0.0001,lyap2,187,0.6780,0.6485,0.500000,2.500000,1,0,7.540,0.009999,0.67081,0.64154,0.000025,0,813.42,6.35,0.28,401.66,0.006354,0.014406,0.5930,4.281
0.0001,lyap2,188,0.1861,0.6801,0.500000,2.500000,1,0,7.350,0.009996,0.18319,0.67059,0.000026,0,938.05,7.48,10.63,452.78,0.007485,0.011926,0.4034,3.757
0.0001,lyap2,189,0.5062,-0.1910,0.500000,2.500000,1,0,6.583,0.009998,0.49688,-0.18744,0.000025,0,881.98,2.41,1.85,437.33,0.002410,0.005091,0.1985,2.506
0.0001,lyap2,190,0.3110,0.0827,0.500000,2.500000,1,0,5.783,0.009995,0.30137,0.08010,0.000026,0,873.87,1.20,1.35,434.69,0.001204,0.002387,0.0720,1.579
0.0001,lyap2,191,0.2038,0.5088,0.500000,2.500000,1,0,6.920,0.009995,0.19989,0.49963,0.000026,0,946.96,5.62,7.03,462.24,0.005615,0.009543,0.2678,3.272
0.0001,lyap2,192,0.1233,-0.0533,0.500000,2.500000,1,0,4.501,0.009998,0.11411,-0.04932,0.000026,0,770.51,0.96,1.94,382.59,0.000965,0.001710,0.0228,1.162
0.0001,lyap2,193,-0.0796,-0.7824,0.500000,2.500000,1,0,7.670,0.009994,-0.07936,-0.77239,0.000025,0,976.78,11.49,24.17,455.61,0.011490,0.017437,0.5361,4.015
0.0001,lyap2,194,0.2915,-0.1221,0.500000,2.500000,1,0,5.784,0.009995,0.28227,-0.11822,0.000026,0,878.87,1.74,1.72,436.41,0.001737,0.003453,0.0751,1.763
0.0001,lyap2,195,-0.1019,0.1701,0.500000,2.500000,1,0,5.745,0.009996,-0.09793,0.16088,0.000026,0,1029.93,7.51,43.20,466.13,0.007512,0.009562,0.2834,3.255
0.0001,lyap2,196,0.4572,-0.2213,0.500000,2.500000,1,0,6.511,0.009997,0.44823,-0.21694,0.000025,0,889.96,2.77,2.03,440.87,0.002769,0.005832,0.1800,2.505
0.0001,lyap2,197,0.1068,0.1660,0.500000,2.500000,1,0,5.299,0.009996,0.10131,0.15766,0.000025,0,873.98,2.25,4.56,430.74,0.002251,0.003937,0.0885,2.174
0.0001,lyap2,198,0.6025,-0.0753,0.500000,2.500000,1,0,6.720,0.009994,0.59254,-0.07406,0.000025,0,862.30,0.96,0.75,429.68,0.000960,0.002038,0.2421,2.424
0.0001,lyap2,199,0.0462,0.5396,0.500000,2.500000,1,0,7.033,0.009996,0.04478,0.52966,0.000026,0,989.37,7.04,16.53,472.87,0.007039,0.010104,0.3020,3.363
0.0001,lyap2,200,0.1240,-0.0387,0.500000,2.500000,1,0,4.427,0.009998,0.11445,-0.03567,0.000026,0,760.07,0.72,1.90,377.59,0.000724,0.001273,0.0171,0.974
0.0001,lyap2,201,0.4164,-0.5120,0.500000,2.500000,1,0,7.064,0.009994,0.41005,-0.50429,0.000026,0,895.06,5.22,1.05,442.56,0.005218,0.011111,0.3216,3.439
0.0001,lyap2,202,-0.1230,0.4612,0.500000,2.500000,1,0,6.978,0.009997,-0.12140,0.45136,0.000026,0,1047.21,9.58,30.48,485.94,0.009578,0.014120,0.3160,3.299
0.0001,lyap2,203,0.4410,-0.4585,0.500000,2.500000,1,0,6.973,0.009999,0.43408,-0.45127,0.000026,0,891.22,4.80,0.06,441.94,0.004799,0.010409,0.2956,3.302
0.0001,lyap2,204,0.2855,0.1293,0.500000,2.500000,1,0,5.778,0.009999,0.27640,0.12508,0.000026,0,879.58,1.83,1.74,436.68,0.001828,0.003637,0.0755,1.795
0.0001,lyap2,205,0.3098,0.8479,0.500000,2.500000,1,0,7.683,0.010000,0.30614,0.83858,0.000025,0,876.96,8.57,8.23,423.83,0.008570,0.014892,0.5896,4.334
0.0001,lyap2,206,0.7544,0.5438,0.500000,2.500000,1,0,7.475,0.009994,0.74628,0.53794,0.000026,0,808.30,5.65,1.29,398.63,0.005646,0.012762,0.5770,4.157
0.0001,lyap2,207,0.2818,0.3011,0.500000,2.500000,1,0,6.328,0.009995,0.27493,0.29384,0.000025,0,911.90,3.46,0.36,452.99,0.003463,0.007137,0.1490,2.602
0.0001,lyap2,208,0.4930,0.1739,0.500000,2.500000,1,0,6.527,0.009996,0.48360,0.17054,0.000025,0,882.89,2.22,1.80,437.98,0.002222,0.004671,0.1851,2.412
0.0001,lyap2,209,0.3355,-0.5061,0.500000,2.500000,1,0,6.981,0.009997,0.32991,-0.49782,0.000026,0,914.35,5.23,2.56,450.70,0.005228,0.010510,0.2885,3.335
0.0001,lyap2,210,0.2506,-0.7408,0.500000,2.500000,1,0,7.479,0.009995,0.24715,-0.73141,0.000026,0,912.63,7.77,8.91,441.58,0.007772,0.013072,0.4667,3.969
0.0001,lyap2,211,0.5757,-0.1236,0.500000,2.500000,1,0,6.683,0.009997,0.56591,-0.12145,0.000025,0,868.61,1.57,1.23,431.89,0.001572,0.003333,0.2292,2.477
0.0001,lyap2,212,0.1789,0.4176,0.500000,2.500000,1,0,6.627,0.009995,0.17480,0.40845,0.000025,0,949.35,4.76,6.08,465.02,0.004760,0.008093,0.2069,3.001
0.0001,lyap2,213,0.3431,0.9019,0.500000,2.500000,1,0,7.778,0.009994,0.33933,0.89261,0.000025,0,856.54,8.95,7.84,413.71,0.008955,0.015827,0.6599,4.527
0.0001,lyap2,214,0.4497,-0.0405,0.500000,2.500000,1,0,6.272,0.009997,0.43972,-0.03961,0.000025,0,877.06,0.55,0.58,437.53,0.000554,0.001137,0.1339,1.800
0.0001,lyap2,215,-0.0738,-0.8147,0.500000,2.500000,1,0,7.725,0.009993,-0.07368,-0.80466,0.000025,0,967.36,11.71,23.70,451.20,0.011710,0.017792,0.5660,4.102
0.0001,lyap2,216,-0.0007,-0.2767,0.500000,2.500000,1,0,6.061,0.009994,-0.00128,-0.26673,0.000026,0,983.97,4.47,19.27,469.36,0.004469,0.006057,0.1827,2.847
0.0001,lyap2,217,0.1157,-0.0892,0.500000,2.500000,1,0,4.705,0.009996,0.10778,-0.08307,0.000026,0,795.83,1.45,0.42,396.40,0.001451,0.002620,0.0435,1.582
0.0001,lyap2,218,0.2996,0.3432,0.500000,2.500000,1,0,6.492,0.009995,0.29303,0.33566,0.000025,0,913.99,3.82,0.11,454.02,0.003823,0.007903,0.1756,2.768
0.0001,lyap2,219,0.1075,0.0912,0.500000,2.500000,1,0,4.669,0.009998,0.09989,0.08474,0.000026,0,792.43,1.47,0.24,394.87,0.001474,0.002646,0.0477,1.634
0.0001,lyap2,220,-0.1180,0.5028,0.500000,2.500000,1,0,7.086,0.009996,-0.11665,0.49291,0.000026,0,1040.73,9.74,29.33,483.72,0.009742,0.014474,0.3358,3.370
0.0001,lyap2,221,-0.0384,-0.1602,0.500000,2.500000,1,0,5.371,0.009995,-0.03695,-0.15034,0.000025,0,961.33,3.94,31.92,445.79,0.003939,0.005318,0.2190,2.871
0.0001,lyap2,222,0.6916,-0.2139,0.500000,2.500000,1,0,7.008,0.009998,0.68209,-0.21091,0.000026,0,846.43,2.57,1.51,419.77,0.002566,0.005575,0.3469,3.087
0.0001,lyap2,223,-0.0588,0.1179,0.500000,2.500000,1,0,5.109,0.009999,-0.05554,0.10848,0.000025,0,961.19,4.87,42.97,433.97,0.004871,0.006084,0.2675,3.090
0.0001,lyap2,224,-0.0745,-0.3129,0.500000,2.500000,1,0,6.375,0.009999,-0.07313,-0.30298,0.000025,0,1030.09,6.69,28.54,481.49,0.006689,0.009543,0.2318,3.041
0.0001,lyap2,225,-0.1780,-0.3364,0.500000,2.500000,1,0,6.710,0.009994,-0.17444,-0.32700,0.000025,0,1079.85,11.70,39.82,491.33,0.011703,0.015905,0.3026,3.266
0.0001,lyap2,226,0.6911,0.0578,0.500000,2.500000,1,0,6.917,0.009994,0.68116,0.05694,0.000026,0,844.16,0.72,0.49,421.05,0.000718,0.001544,0.3152,2.688
0.0001,lyap2,227,0.2381,-0.1180,0.500000,2.500000,1,0,5.540,0.009997,0.22919,-0.11350,0.000026,0,867.11,1.73,1.37,430.89,0.001725,0.003367,0.0596,1.683
0.0001,lyap2,228,0.1519,0.8000,0.500000,2.500000,1,0,7.601,0.010000,0.14968,0.79021,0.000025,0,924.55,8.96,13.23,442.32,0.008964,0.013785,0.5167,4.087
0.0001,lyap2,229,0.1294,-0.0464,0.500000,2.500000,1,0,4.521,0.009998,0.12001,-0.04301,0.000026,0,771.40,0.85,1.72,383.35,0.000846,0.001501,0.0202,1.069
0.0001,lyap2,230,0.0091,0.7864,0.500000,2.500000,1,0,7.625,0.009994,0.00837,0.77648,0.000025,0,958.58,10.19,19.64,452.01,0.010187,0.015122,0.5163,4.017
0.0001,lyap2,231,0.7804,-0.0773,0.500000,2.500000,1,0,7.102,0.009998,0.77041,-0.07626,0.000026,0,822.75,0.93,0.57,410.11,0.000935,0.002036,0.4029,3.044
0.0001,lyap2,232,0.1448,0.2357,0.500000,2.500000,1,0,5.815,0.009999,0.13944,0.22728,0.000026,0,910.93,2.93,3.28,449.98,0.002931,0.005272,0.1102,2.407
0.0001,lyap2,233,0.0215,0.4271,0.500000,2.500000,1,0,6.693,0.009996,0.02041,0.41715,0.000025,0,998.60,6.01,17.37,477.41,0.006013,0.008432,0.2383,3.111
0.0001,lyap2,234,-0.0409,-0.1955,0.500000,2.500000,1,0,5.649,0.009998,-0.03971,-0.18552,0.000026,0,981.33,4.39,29.18,458.18,0.004395,0.006019,0.2132,2.881
0.0001,lyap2,235,0.4958,-0.7270,0.500000,2.500000,1,0,7.533,0.009996,0.49009,-0.71879,0.000025,0,851.66,6.95,2.58,418.04,0.006950,0.014630,0.5402,4.192
0.0001,lyap2,236,0.8988,-0.2304,0.500000,2.500000,1,0,7.372,0.009999,0.88909,-0.22787,0.000026,0,787.64,2.65,1.28,390.56,0.002648,0.005889,0.5652,3.771
0.0001,lyap2,237,0.0532,-0.4550,0.500000,2.500000,1,0,6.768,0.009998,0.05157,-0.44514,0.000025,0,989.05,5.99,15.06,474.97,0.005994,0.008519,0.2457,3.153
0.0001,lyap2,238,0.1776,-0.1698,0.500000,2.500000,1,0,5.527,0.009996,0.17040,-0.16288,0.000025,0,875.02,2.27,0.28,435.53,0.002271,0.004415,0.0750,2.029
0.0001,lyap2,239,0.4213,0.3347,0.500000,2.500000,1,0,6.669,0.009999,0.41347,0.32850,0.000025,0,898.78,3.83,1.42,445.10,0.003832,0.008192,0.2131,2.860
0.0001,lyap2,240,0.3769,-0.3379,0.500000,2.500000,1,0,6.600,0.009997,0.36944,-0.33118,0.000025,0,904.89,3.83,1.06,448.52,0.003827,0.008132,0.1962,2.814
0.0001,lyap2,241,0.2876,0.6481,0.500000,2.500000,1,0,7.290,0.009997,0.28334,0.63908,0.000026,0,916.67,6.71,6.40,446.91,0.006708,0.012046,0.3889,3.724
0.0001,lyap2,242,-0.2242,-0.5692,0.500000,2.500000,1,0,7.389,0.009997,-0.22159,-0.55955,0.000026,0,1056.05,14.34,35.88,481.38,0.014343,0.020898,0.4326,3.578
0.0001,lyap2,243,0.2114,0.6827,0.500000,2.500000,1,0,7.355,0.009998,0.20811,0.67329,0.000026,0,931.36,7.37,9.63,450.52,0.007375,0.012054,0.4076,3.776
0.0001,lyap2,244,0.3551,-0.4475,0.500000,2.500000,1,0,6.852,0.009997,0.34886,-0.43972,0.000025,0,910.01,4.70,1.05,450.44,0.004696,0.009804,0.2543,3.167
0.0001,lyap2,245,-0.0902,0.2305,0.500000,2.500000,1,0,6.029,0.009997,-0.08763,0.22089,0.000026,0,1029.69,6.90,34.87,474.80,0.006902,0.009314,0.2476,3.034
0.0001,lyap2,246,0.3024,-0.0595,0.500000,2.500000,1,0,5.708,0.009997,0.29259,-0.05758,0.000026,0,868.30,0.88,1.02,432.47,0.000885,0.001741,0.0645,1.430
0.0001,lyap2,247,0.0963,-0.5319,0.500000,2.500000,1,0,6.989,0.010000,0.09407,-0.52211,0.000026,0,975.56,6.49,13.18,469.73,0.006490,0.009575,0.2881,3.332
0.0001,lyap2,248,0.6870,-0.3791,0.500000,2.500000,1,0,7.180,0.009996,0.67825,-0.37426,0.000026,0,842.66,4.25,1.71,416.43,0.004248,0.009393,0.4127,3.539
0.0001,lyap2,249,0.6621,-0.5816,0.500000,2.500000,1,0,7.430,0.009994,0.65464,-0.57501,0.000026,0,828.36,5.87,0.67,409.11,0.005873,0.013238,0.5253,4.060
0.0001,lyap2,250,-0.1159,-0.8802,0.500000,2.500000,1,0,7.863,0.009998,-0.11540,-0.87023,0.000025,0,955.81,13.17,25.34,442.69,0.013170,0.020299,0.6492,4.295
0.0001,lyap2,251,0.1278,0.4828,0.500000,2.500000,1,0,6.835,0.009999,0.12491,0.47325,0.000025,0,967.27,5.72,10.42,468.93,0.005719,0.008770,0.2512,3.197
0.0001,lyap2,252,-0.4713,-0.6876,0.500000,2.500000,1,0,7.919,0.010000,-0.46689,-0.67860,0.000025,0,1054.24,25.82,45.52,462.23,0.025822,0.036961,0.6997,4.063
0.0001,lyap2,253,0.0785,-0.2458,0.500000,2.500000,1,0,5.820,0.009999,0.07519,-0.23637,0.000026,0,934.43,3.29,9.19,455.55,0.003293,0.004897,0.1330,2.582
0.0001,lyap2,254,0.1938,-0.0414,0.500000,2.500000,1,0,5.047,0.009995,0.18405,-0.03926,0.000025,0,821.89,0.69,0.66,409.77,0.000691,0.001286,0.0286,1.061
0.0001,lyap2,255,0.2595,0.6392,0.500000,2.500000,1,0,7.263,0.009999,0.25550,0.63003,0.000026,0,924.72,6.72,7.20,450.12,0.006721,0.011723,0.3759,3.678
0.0001,lyap2,256,-0.1225,-0.6050,0.500000,2.500000,1,0,7.343,0.009994,-0.12143,-0.59504,0.000026,0,1025.35,10.76,28.25,476.36,0.010756,0.016210,0.4034,3.586
0.0001,lyap2,257,-0.2557,-0.7313,0.500000,2.500000,1,0,7.731,0.010000,-0.25343,-0.72159,0.000025,0,1020.01,16.20,34.21,463.64,0.016202,0.024440,0.5720,3.963
0.0001,lyap2,258,0.9286,-0.2665,0.500000,2.500000,1,0,7.438,0.009997,0.91905,-0.26374,0.000026,0,776.84,3.02,1.38,384.77,0.003024,0.006760,0.6128,3.945
0.0001,lyap2,259,-0.1529,0.2949,0.500000,2.500000,1,0,6.503,0.009996,-0.14944,0.28548,0.000025,0,1070.81,10.37,39.16,488.47,0.010367,0.013945,0.2806,3.218
0.0001,lyap2,260,-0.5134,-0.8404,0.500000,2.500000,1,0,8.156,0.009996,-0.50941,-0.83126,0.000025,0,1005.81,27.69,43.20,438.93,0.027692,0.040430,0.8715,4.473
0.0001,lyap2,261,0.1135,0.7021,0.500000,2.500000,1,0,7.410,0.009998,0.11145,0.69229,0.000026,0,952.35,8.22,14.14,455.87,0.008219,0.012333,0.4231,3.795
0.0001,lyap2,262,0.1363,0.0233,0.500000,2.500000,1,0,4.501,0.009995,0.12643,0.02157,0.000026,0,765.52,0.44,1.02,381.41,0.000436,0.000770,0.0144,0.780
0.0001,lyap2,263,0.6920,-0.4273,0.500000,2.500000,1,0,7.249,0.009997,0.68353,-0.42200,0.000026,0,837.90,4.68,1.60,413.85,0.004677,0.010402,0.4441,3.688
0.0001,lyap2,264,0.2765,0.2692,0.500000,2.500000,1,0,6.209,0.009996,0.26938,0.26220,0.000025,0,908.24,3.20,0.82,450.90,0.003195,0.006572,0.1317,2.472
0.0001,lyap2,265,0.2175,0.3285,0.500000,2.500000,1,0,6.331,0.009998,0.21187,0.32017,0.000025,0,926.39,3.74,2.04,458.35,0.003736,0.007165,0.1556,2.701
0.0001,lyap2,266,0.5969,-0.4234,0.500000,2.500000,1,0,7.112,0.009996,0.58876,-0.41761,0.000026,0,861.88,4.63,1.42,426.05,0.004631,0.010214,0.3665,3.464
0.0001,lyap2,267,0.0093,-0.2934,0.500000,2.500000,1,0,6.135,0.009998,0.00838,-0.28342,0.000026,0,983.59,4.54,17.85,470.54,0.004539,0.006154,0.1811,2.855
0.0001,lyap2,268,-0.0703,-0.4002,0.500000,2.500000,1,0,6.705,0.009996,-0.06944,-0.39027,0.000025,0,1031.93,7.39,26.36,484.06,0.007394,0.010725,0.2613,3.149
0.0001,lyap2,269,-0.1298,0.8148,0.500000,2.500000,1,0,7.763,0.009999,-0.12903,0.80485,0.000025,0,976.78,12.85,26.51,452.24,0.012854,0.019770,0.5865,4.116
0.0001,lyap2,270,0.3659,0.1527,0.500000,2.500000,1,0,6.124,0.009999,0.35670,0.14880,0.000026,0,889.28,2.05,1.97,441.13,0.002054,0.004196,0.1122,2.041
0.0001,lyap2,271,0.1731,0.7224,0.500000,2.500000,1,0,7.442,0.010000,0.17038,0.71275,0.000026,0,934.56,8.01,11.66,449.61,0.008006,0.012545,0.4413,3.872
0.0001,lyap2,272,-0.1537,-0.3882,0.500000,2.500000,1,0,6.816,0.009993,-0.15107,-0.37852,0.000025,0,1065.49,10.56,35.27,489.56,0.010558,0.014878,0.3019,3.225
0.0001,lyap2,273,0.3157,0.8481,0.500000,2.500000,1,0,7.685,0.009993,0.31196,0.83886,0.000025,0,875.63,8.55,8.06,423.34,0.008548,0.014930,0.5914,4.340
0.0001,lyap2,274,-0.0314,-0.5603,0.500000,2.500000,1,0,7.145,0.009994,-0.03158,-0.55026,0.000026,0,1009.12,8.29,22.11,476.23,0.008288,0.012103,0.3370,3.440
0.0001,lyap2,275,0.8578,-0.3810,0.500000,2.500000,1,0,7.425,0.009997,0.84872,-0.37694,0.000026,0,793.37,4.22,1.68,391.84,0.004219,0.009460,0.5812,4.000
0.0001,lyap2,276,0.1279,-0.9419,0.500000,2.500000,1,0,7.857,0.009997,0.12614,-0.93207,0.000025,0,894.68,10.63,15.00,424.37,0.010632,0.016220,0.6736,4.497
0.0001,lyap2,277,0.3437,0.3660,0.500000,2.500000,1,0,6.623,0.009995,0.33688,0.35876,0.000025,0,909.43,4.02,0.22,451.48,0.004023,0.008485,0.2005,2.881
0.0001,lyap2,278,0.4443,0.0492,0.500000,2.500000,1,0,6.258,0.010000,0.43440,0.04805,0.000025,0,877.75,0.67,0.71,437.66,0.000673,0.001380,0.1315,1.813
0.0001,lyap2,279,0.5094,-0.5381,0.500000,2.500000,1,0,7.206,0.009996,0.50252,-0.53084,0.000026,0,870.72,5.44,0.17,431.11,0.005439,0.011974,0.3871,3.651
0.0001,lyap2,280,0.6178,0.6921,0.500000,2.500000,1,0,7.556,0.009995,0.61109,0.68463,0.000025,0,823.31,6.63,0.60,406.08,0.006635,0.014838,0.5850,4.290
0.0001,lyap2,281,-0.0121,0.1057,0.500000,2.500000,1,0,4.669,0.009998,-0.01177,0.09574,0.000026,0,864.59,2.37,25.49,405.03,0.002369,0.003055,0.1966,2.709
0.0001,lyap2,282,0.5679,0.2579,0.500000,2.500000,1,0,6.813,0.009996,0.55883,0.25368,0.000025,0,873.46,3.10,1.87,432.53,0.003103,0.006674,0.2634,2.883
0.0001,lyap2,283,0.2760,0.1287,0.500000,2.500000,1,0,5.738,0.010000,0.26697,0.12446,0.000026,0,878.01,1.83,1.70,435.94,0.001829,0.003627,0.0725,1.781
0.0001,lyap2,284,0.4500,0.3983,0.500000,2.500000,1,0,6.856,0.009994,0.44249,0.39170,0.000025,0,893.24,4.35,0.91,442.45,0.004353,0.009427,0.2622,3.119
0.0001,lyap2,285,0.4344,0.0610,0.500000,2.500000,1,0,6.232,0.009998,0.42446,0.05956,0.000025,0,878.91,0.84,0.89,437.95,0.000836,0.001713,0.1270,1.824
0.0001,lyap2,286,0.2625,-0.1936,0.500000,2.500000,1,0,5.904,0.009997,0.25446,-0.18765,0.000026,0,893.28,2.53,1.51,443.23,0.002532,0.005101,0.0939,2.122
0.0001,lyap2,287,0.4951,-0.4703,0.500000,2.500000,1,0,7.062,0.009993,0.48790,-0.46336,0.000026,0,880.18,4.93,0.46,435.93,0.004926,0.010813,0.3312,3.420
0.0001,lyap2,288,-0.0609,0.1904,0.500000,2.500000,1,0,5.687,0.009997,-0.05883,0.18064,0.000026,0,996.97,5.18,33.48,461.12,0.005178,0.007039,0.2336,2.956
0.0001,lyap2,289,0.4627,-0.5742,0.500000,2.500000,1,0,7.232,0.010000,0.45640,-0.56648,0.000026,0,879.45,5.71,1.21,434.22,0.005714,0.012287,0.3898,3.690
0.0001,lyap2,290,-0.2671,0.5113,0.500000,2.500000,1,0,7.333,0.009998,-0.26361,0.50195,0.000026,0,1078.19,16.25,40.46,486.44,0.016253,0.022922,0.4270,3.508
0.0001,lyap2,291,-0.1914,0.4290,0.500000,2.500000,1,0,7.006,0.009997,-0.18845,0.41942,0.000026,0,1073.80,12.49,37.43,490.10,0.012492,0.017553,0.3403,3.314
0.0001,lyap2,292,0.3585,0.0772,0.500000,2.500000,1,0,5.972,0.009995,0.34876,0.07506,0.000026,0,878.65,1.10,1.24,437.26,0.001096,0.002203,0.0908,1.669
0.0001,lyap2,293,0.0225,0.1187,0.500000,2.500000,1,0,4.735,0.009997,0.02018,0.10901,0.000026,0,844.87,2.02,14.59,406.33,0.002024,0.002593,0.1425,2.423
0.0001,lyap2,294,0.4545,0.0289,0.500000,2.500000,1,0,6.284,0.009994,0.44451,0.02823,0.000025,0,876.21,0.39,0.41,437.40,0.000394,0.000810,0.1360,1.778
0.0001,lyap2,295,-0.0097,-0.2389,0.500000,2.500000,1,0,5.857,0.009994,-0.00997,-0.22892,0.000026,0,976.27,4.13,21.34,463.70,0.004131,0.005574,0.1844,2.812
0.0001,lyap2,296,-0.0414,-0.4969,0.500000,2.500000,1,0,6.978,0.009995,-0.04129,-0.48689,0.000026,0,1018.13,7.77,23.01,480.23,0.007766,0.011289,0.2996,3.305
0.0001,lyap2,297,-0.4635,-0.8276,0.500000,2.500000,1,0,8.089,0.009997,-0.45979,-0.81835,0.000025,0,1008.98,25.48,41.62,443.76,0.025481,0.037289,0.8134,4.385
0.0001,lyap2,298,-0.1078,-0.2116,0.500000,2.500000,1,0,5.997,0.009995,-0.10442,-0.20221,0.000026,0,1040.29,7.85,39.20,475.05,0.007852,0.010274,0.2682,3.151
0.0001,lyap2,299,0.1967,0.7699,0.500000,2.500000,1,0,7.537,0.009997,0.19394,0.76033,0.000025,0,920.30,8.35,11.20,442.69,0.008354,0.013300,0.4886,4.021
0.00025,ours_bptt,0,-0.4828,-0.7608,0.942736,2.990940,1,0,3.599,0.009963,-0.47876,-0.75163,0.000053,0,239.70,58.74,31.27,44.52,0.058744,0.080708,1.6051,6.558
0.00025,ours_bptt,1,0.3886,-0.1909,0.764456,2.966431,1,0,3.491,0.009999,0.37960,-0.18648,0.000053,0,423.16,5.27,12.58,195.04,0.005272,0.007778,0.2337,3.093
0.00025,ours_bptt,2,0.1373,-0.1241,0.753711,2.948435,1,0,3.096,0.009994,0.12995,-0.11727,0.000053,0,495.39,3.78,4.80,240.06,0.003780,0.005113,0.0896,2.289
0.00025,ours_bptt,3,0.5235,0.3075,0.774782,2.974229,1,0,3.654,0.009984,0.51480,0.30255,0.000053,0,340.65,8.17,12.46,151.73,0.008171,0.012222,0.4526,4.126
0.00025,ours_bptt,4,0.3315,0.9345,0.861521,2.993594,1,0,3.664,0.009989,0.32760,0.92525,0.000120,0,144.26,26.59,32.82,19.37,0.026588,0.036387,1.3596,6.954
0.00025,ours_bptt,5,0.3231,-0.0585,0.758382,2.959751,1,0,3.280,0.010000,0.31322,-0.05668,0.000053,0,431.53,1.72,4.55,209.92,0.001722,0.002508,0.1274,2.070
0.00025,ours_bptt,6,-0.0850,0.5502,0.874156,2.978816,1,0,3.601,0.009976,-0.08441,0.54020,0.000053,0,399.69,19.53,21.42,163.77,0.019534,0.030002,0.6250,4.777
0.00025,ours_bptt,7,-0.0720,-0.5823,0.875241,2.989513,1,0,3.605,0.009981,-0.07172,-0.57230,0.000053,0,383.43,20.00,22.80,153.92,0.019996,0.030652,0.6636,4.924
0.00025,ours_bptt,8,0.3960,-0.5209,0.798478,2.982715,1,0,3.718,0.009994,0.38963,-0.51321,0.000054,0,334.57,13.72,15.18,141.82,0.013720,0.019575,0.5693,4.821
0.00025,ours_bptt,9,0.3685,0.3828,0.779154,2.971864,1,0,3.672,0.009986,0.36139,0.37579,0.000053,0,402.89,10.05,14.63,179.27,0.010054,0.014552,0.3772,4.055
0.00025,ours_bptt,10,0.1283,0.2512,0.770993,2.956847,1,0,3.473,0.009999,0.12362,0.24236,0.000053,0,532.27,6.90,17.38,243.58,0.006897,0.009242,0.1924,3.175
0.00025,ours_bptt,11,0.2440,0.2446,0.763622,2.958522,1,0,3.494,0.009987,0.23686,0.23755,0.000053,0,493.11,6.65,16.96,224.60,0.006653,0.009444,0.1888,3.106
0.00025,ours_bptt,12,0.6768,0.6211,0.810180,2.988567,1,0,3.711,0.009981,0.66924,0.61456,0.000053,0,161.15,16.70,18.49,49.55,0.016700,0.024435,1.0669,6.128
0.00025,ours_bptt,13,0.7407,-0.0375,0.783046,2.981599,1,0,3.580,0.009996,0.73071,-0.03695,0.000054,0,201.27,1.04,1.75,98.11,0.001035,0.001567,0.6734,4.164
0.00025,ours_bptt,14,0.1895,0.9012,0.870512,2.992625,1,0,3.653,0.009987,0.18680,0.89157,0.000121,0,191.27,26.29,32.96,42.96,0.026288,0.036282,1.2282,6.621
0.00025,ours_bptt,15,0.3282,0.2784,0.766475,2.963933,1,0,3.578,0.009992,0.32048,0.27204,0.000053,0,450.41,7.44,15.36,204.26,0.007441,0.010813,0.2522,3.418
0.00025,ours_bptt,16,0.4229,-0.6724,0.820854,2.989136,1,0,3.712,0.009991,0.41714,-0.66417,0.000053,0,252.42,18.10,19.70,92.93,0.018101,0.025439,0.8395,5.668
0.00025,ours_bptt,17,-0.0535,-0.6259,0.875539,2.990744,1,0,3.615,0.009990,-0.05358,-0.61587,0.000053,0,360.89,20.71,24.20,140.71,0.020709,0.031490,0.7195,5.124
0.00025,ours_bptt,18,0.5135,-0.1699,0.771153,2.973060,1,0,3.537,0.009994,0.50405,-0.16673,0.000053,0,352.10,4.68,9.62,162.92,0.004679,0.007002,0.3533,3.467
0.00025,ours_bptt,19,-0.1027,-0.2139,0.843626,2.968687,1,0,3.430,0.009990,-0.09936,-0.20447,0.000054,0,531.42,13.50,1.33,254.26,0.013504,0.018088,0.3707,3.668
0.00025,ours_bptt,20,0.5724,0.0126,0.772358,2.974524,1,0,3.516,0.009992,0.56246,0.01234,0.000054,0,302.07,0.35,0.72,150.05,0.000350,0.000526,0.3925,3.149
0.00025,ours_bptt,21,-0.2534,-0.7892,0.916535,2.993729,1,0,3.605,0.009984,-0.25147,-0.77944,0.000117,0,259.56,36.56,32.09,70.26,0.036562,0.055109,1.2456,6.214
0.00025,ours_bptt,22,0.1756,0.0811,0.753186,2.947710,1,0,3.012,0.009987,0.16663,0.07677,0.000054,0,463.39,2.57,0.43,229.34,0.002567,0.003553,0.0604,1.827
0.00025,ours_bptt,23,-0.1826,-0.5070,0.895091,2.987113,1,0,3.564,0.009989,-0.18028,-0.49725,0.000053,0,413.10,25.43,21.23,166.25,0.025430,0.037047,0.6658,4.727
0.00025,ours_bptt,24,0.5281,0.1638,0.769945,2.972183,1,0,3.554,0.009995,0.51856,0.16082,0.000053,0,345.46,4.49,8.89,160.48,0.004486,0.006738,0.3674,3.497
0.00025,ours_bptt,25,0.2533,-0.1131,0.755527,2.955307,1,0,3.244,0.009990,0.24423,-0.10892,0.000053,0,469.69,3.34,8.87,223.47,0.003337,0.004777,0.1034,2.225
0.00025,ours_bptt,26,-0.0698,0.1000,0.808039,2.949930,1,0,3.204,0.009995,-0.06503,0.09115,0.000054,0,605.24,9.00,25.06,270.81,0.008998,0.011125,0.4133,3.790
0.00025,ours_bptt,27,0.3040,0.0277,0.756651,2.957303,1,0,3.233,0.009993,0.29406,0.02672,0.000053,0,431.65,0.83,2.07,213.14,0.000825,0.001196,0.1084,1.785
0.00025,ours_bptt,28,0.2958,-0.8584,0.856666,2.994087,1,0,3.665,0.009989,0.29201,-0.84916,0.000121,0,194.28,24.32,30.22,48.68,0.024322,0.033286,1.1537,6.483
0.00025,ours_bptt,29,0.3034,0.1431,0.757799,2.957491,1,0,3.364,0.009998,0.29444,0.13877,0.000053,0,459.95,4.08,11.37,215.54,0.004080,0.005929,0.1454,2.556
0.00025,ours_bptt,30,-0.0517,-0.6699,0.879432,2.991847,1,0,3.619,0.009978,-0.05190,-0.65995,0.000053,0,337.19,22.04,26.02,126.05,0.022036,0.033477,0.7953,5.349
0.00025,ours_bptt,31,0.5492,0.3284,0.777753,2.976079,1,0,3.665,0.009998,0.54053,0.32338,0.000053,0,321.53,8.72,12.63,141.59,0.008723,0.013051,0.5030,4.317
0.00025,ours_bptt,32,-0.2470,-0.5392,0.910102,2.988058,1,0,3.563,0.009999,-0.24395,-0.52969,0.000109,0,390.13,32.15,23.32,147.63,0.032151,0.045301,0.7892,4.984
0.00025,ours_bptt,33,0.0352,0.9500,0.887551,2.992608,1,0,3.651,0.009993,0.03396,0.94006,0.000121,0,176.28,29.32,33.79,32.37,0.029316,0.042629,1.3721,6.843
0.00025,ours_bptt,34,0.0707,-0.1224,0.758236,2.946998,1,0,3.029,0.009995,0.06575,-0.11372,0.000053,0,510.10,3.81,4.06,248.14,0.003806,0.004811,0.1351,2.554
0.00025,ours_bptt,35,0.4590,0.2294,0.766979,2.968760,1,0,3.583,0.009984,0.45001,0.22500,0.000053,0,386.88,6.18,11.97,176.83,0.006185,0.009233,0.3222,3.522
0.00025,ours_bptt,36,-0.1107,0.4644,0.873670,2.973227,1,0,3.569,0.009995,-0.10932,0.45449,0.000053,0,440.38,18.60,18.67,187.56,0.018602,0.028324,0.5382,4.427
0.00025,ours_bptt,37,0.1172,0.8775,0.875029,2.991866,1,0,3.650,0.009984,0.11512,0.86769,0.000121,0,213.70,26.09,32.17,55.11,0.026091,0.036610,1.1693,6.448
0.00025,ours_bptt,38,-0.1887,-0.6828,0.903146,2.992199,1,0,3.600,0.009995,-0.18707,-0.67291,0.000118,0,322.02,29.01,27.65,111.61,0.029006,0.044560,0.9453,5.564
0.00025,ours_bptt,39,0.8660,-0.0873,0.790823,2.985454,1,0,3.605,0.009989,0.85607,-0.08629,0.000053,0,122.57,2.41,3.67,55.80,0.002414,0.003659,0.9421,4.996
0.00025,ours_bptt,40,0.3463,-0.5640,0.808433,2.984912,1,0,3.711,0.009982,0.34070,-0.55573,0.000054,0,332.89,15.00,16.63,138.56,0.015002,0.021046,0.6001,4.952
0.00025,ours_bptt,41,0.1016,-0.3385,0.791323,2.970716,1,0,3.596,0.009984,0.09827,-0.32911,0.000053,0,506.84,9.31,14.82,231.62,0.009310,0.012483,0.2762,3.638
0.00025,ours_bptt,42,-0.2362,-0.3342,0.900510,2.979475,1,0,3.519,0.009991,-0.23158,-0.32536,0.000053,0,474.52,28.74,10.02,205.68,0.028739,0.038039,0.5708,4.288
0.00025,ours_bptt,43,0.8826,0.0070,0.791420,2.985747,1,0,3.602,0.009989,0.87258,0.00695,0.000053,0,103.38,0.19,0.30,51.25,0.000195,0.000295,0.9705,4.915
0.00025,ours_bptt,44,0.1563,-0.4355,0.803676,2.978439,1,0,3.656,0.009988,0.15239,-0.42631,0.000054,0,450.28,11.80,15.40,200.88,0.011804,0.016043,0.3704,4.097
0.00025,ours_bptt,45,0.0602,0.2535,0.783820,2.957374,1,0,3.473,0.009996,0.05751,0.24392,0.000053,0,542.52,7.27,15.17,250.64,0.007273,0.009558,0.2226,3.312
0.00025,ours_bptt,46,0.3509,-0.8008,0.845128,2.992823,1,0,3.678,0.009981,0.34642,-0.79192,0.000052,0,210.79,22.29,26.98,61.70,0.022287,0.030645,1.0505,6.240
0.00025,ours_bptt,47,-0.1504,-0.4231,0.882429,2.983405,1,0,3.544,0.009983,-0.14809,-0.41340,0.000053,0,455.21,21.11,17.06,194.71,0.021109,0.030566,0.5365,4.331
0.00025,ours_bptt,48,0.3656,-0.0779,0.761192,2.963221,1,0,3.352,0.009990,0.35587,-0.07580,0.000053,0,418.45,2.25,5.98,201.56,0.002250,0.003303,0.1662,2.371
0.00025,ours_bptt,49,-0.2992,-0.4212,0.916870,2.983455,1,0,3.545,0.009988,-0.29458,-0.41231,0.000054,0,430.52,36.24,16.12,171.96,0.036241,0.048406,0.7287,4.612
0.00025,ours_bptt,50,0.7379,0.3254,0.787691,2.983123,1,0,3.668,0.009984,0.72868,0.32143,0.000054,0,205.25,8.76,11.70,84.36,0.008761,0.013224,0.7994,5.093
0.00025,ours_bptt,51,0.2430,0.2287,0.761678,2.957279,1,0,3.468,0.009988,0.23569,0.22192,0.000053,0,494.85,6.27,16.70,226.03,0.006266,0.008907,0.1758,3.009
0.00025,ours_bptt,52,-0.0147,-0.5282,0.856270,2.987050,1,0,3.614,0.009982,-0.01528,-0.51827,0.000052,0,413.79,16.67,19.75,174.64,0.016672,0.024652,0.5460,4.613
0.00025,ours_bptt,53,0.0787,0.1072,0.755914,2.943116,1,0,2.941,0.009990,0.07283,0.09909,0.000053,0,511.69,3.42,10.65,242.63,0.003425,0.004363,0.1130,2.369
0.00025,ours_bptt,54,-0.1562,0.9648,0.906433,2.991495,1,0,3.647,0.009985,-0.15578,0.95482,0.000053,0,163.50,34.54,33.23,22.62,0.034537,0.053985,1.5483,7.022
0.00025,ours_bptt,55,-0.1446,-0.2073,0.861317,2.969775,1,0,3.446,0.009985,-0.13998,-0.19844,0.000054,0,531.28,17.80,1.60,250.68,0.017805,0.023048,0.4200,3.989
0.00025,ours_bptt,56,0.7844,0.3256,0.790337,2.984554,1,0,3.666,0.009985,0.77513,0.32183,0.000054,0,174.94,8.80,11.63,69.24,0.008801,0.013294,0.8901,5.310
0.00025,ours_bptt,57,0.2535,-0.6401,0.830157,2.988830,1,0,3.685,0.009980,0.24925,-0.63103,0.000053,0,321.47,17.56,20.70,126.86,0.017564,0.024093,0.6850,5.232
0.00025,ours_bptt,58,0.3038,-0.4120,0.784945,2.975288,1,0,3.678,0.009999,0.29757,-0.40417,0.000053,0,418.81,10.82,14.86,186.43,0.010818,0.015325,0.3722,4.090
0.00025,ours_bptt,59,0.7189,-0.3583,0.789477,2.983970,1,0,3.669,0.010000,0.70991,-0.35394,0.000054,0,211.28,9.65,12.85,85.55,0.009647,0.014507,0.7955,5.143
0.00025,ours_bptt,60,0.1800,0.0264,0.752089,2.947505,1,0,2.910,0.009992,0.17012,0.02487,0.000054,0,451.40,0.87,1.56,223.49,0.000868,0.001200,0.0396,1.230
0.00025,ours_bptt,61,-0.4251,0.6545,0.935423,2.976970,1,0,3.592,0.009973,-0.42091,0.64543,0.000053,0,303.12,51.60,27.02,85.84,0.051599,0.070379,1.2681,5.893
0.00025,ours_bptt,62,0.5324,0.0722,0.769636,2.972199,1,0,3.507,0.009988,0.52254,0.07083,0.000053,0,334.06,2.01,4.30,161.22,0.002009,0.003016,0.3443,3.139
0.00025,ours_bptt,63,-0.1463,-0.2830,0.870062,2.975189,1,0,3.486,0.009990,-0.14275,-0.27363,0.000053,0,507.82,18.77,7.08,232.76,0.018767,0.025313,0.4308,3.883
0.00025,ours_bptt,64,0.5285,0.0914,0.769346,2.971929,1,0,3.513,0.009991,0.51862,0.08967,0.000053,0,338.89,2.54,5.39,162.15,0.002538,0.003809,0.3432,3.194
0.00025,ours_bptt,65,0.2105,0.2530,0.765543,2.958062,1,0,3.495,0.009986,0.20408,0.24543,0.000053,0,505.51,6.87,17.51,230.09,0.006872,0.009609,0.1892,3.140
0.00025,ours_bptt,66,-0.2321,0.7541,0.910398,2.985098,1,0,3.613,0.009995,-0.23030,0.74427,0.000121,0,279.40,33.89,29.35,84.94,0.033889,0.051409,1.1369,5.985
0.00025,ours_bptt,67,0.1052,0.6538,0.852349,2.985804,1,0,3.648,0.009984,0.10293,0.64412,0.000052,0,341.07,19.01,24.05,132.23,0.019010,0.026401,0.6994,5.218
0.00025,ours_bptt,68,0.5076,0.3617,0.778970,2.975654,1,0,3.677,0.009985,0.49942,0.35605,0.000053,0,337.96,9.56,13.38,148.43,0.009558,0.014197,0.4837,4.329
0.00025,ours_bptt,69,-0.0513,0.1705,0.807639,2.952766,1,0,3.348,0.009994,-0.04927,0.16070,0.000054,0,546.67,7.92,1.46,265.94,0.007919,0.011165,0.3229,3.452
0.00025,ours_bptt,70,-0.0982,0.3380,0.854279,2.965423,1,0,3.534,0.009981,-0.09637,0.32822,0.000054,0,496.66,14.84,10.98,226.22,0.014843,0.021939,0.4078,3.929
0.00025,ours_bptt,71,-0.2987,-0.5024,0.918781,2.986400,1,0,3.556,0.009997,-0.29478,-0.49318,0.000114,0,398.14,36.99,21.43,149.90,0.036990,0.050443,0.8165,4.931
0.00025,ours_bptt,72,-0.1503,0.3616,0.877012,2.967134,1,0,3.525,0.009996,-0.14751,0.35202,0.000053,0,480.34,20.16,12.89,212.16,0.020158,0.028257,0.4808,4.102
0.00025,ours_bptt,73,-0.1360,0.7558,0.895278,2.986784,1,0,3.631,0.009977,-0.13537,0.74581,0.000121,0,284.43,27.62,27.45,94.05,0.027616,0.043022,1.0282,5.859
0.00025,ours_bptt,74,0.2863,-0.1810,0.759469,2.960034,1,0,3.406,0.009996,0.27788,-0.17558,0.000053,0,472.84,5.08,14.13,218.48,0.005078,0.007335,0.1584,2.767
0.00025,ours_bptt,75,0.2629,0.0381,0.754614,2.953835,1,0,3.157,0.009999,0.25301,0.03663,0.000053,0,444.81,1.16,2.42,219.11,0.001161,0.001665,0.0828,1.669
0.00025,ours_bptt,76,-0.0879,0.1908,0.830895,2.956252,1,0,3.406,0.009987,-0.08473,0.18130,0.000054,0,542.48,11.71,1.55,260.91,0.011709,0.015639,0.3614,3.597
0.00025,ours_bptt,77,0.1878,-0.1637,0.755637,2.953155,1,0,3.287,0.009992,0.18034,-0.15703,0.000053,0,508.19,4.71,13.64,236.92,0.004711,0.006567,0.1172,2.555
0.00025,ours_bptt,78,0.3960,0.0616,0.761630,2.963898,1,0,3.385,0.009987,0.38614,0.06003,0.000053,0,403.14,1.76,4.57,195.68,0.001763,0.002605,0.1893,2.417
0.00025,ours_bptt,79,0.1499,0.3328,0.782863,2.964617,1,0,3.597,0.009989,0.14545,0.32384,0.000053,0,500.97,8.95,15.89,227.88,0.008946,0.012114,0.2605,3.579
0.00025,ours_bptt,80,0.4252,0.0139,0.763691,2.966277,1,0,3.398,0.009994,0.41517,0.01354,0.000053,0,379.86,0.40,1.00,188.63,0.000397,0.000588,0.2127,2.344
0.00025,ours_bptt,81,-0.1576,0.2546,0.869500,2.961818,1,0,3.483,0.009980,-0.15347,0.24552,0.000054,0,512.79,19.59,2.91,238.80,0.019588,0.025815,0.4316,3.912
0.00025,ours_bptt,82,-0.0686,-0.8309,0.894281,2.994634,1,0,3.624,0.009998,-0.06869,-0.82092,0.000120,0,247.44,27.61,32.54,70.47,0.027605,0.042176,1.1412,6.226
0.00025,ours_bptt,83,0.4444,-0.8902,0.849407,2.994157,1,0,3.675,0.009984,0.43955,-0.88149,0.000116,0,135.96,24.87,30.07,19.26,0.024874,0.034350,1.3310,6.894
0.00025,ours_bptt,84,0.2393,0.0573,0.754246,2.952229,1,0,3.122,0.009987,0.22956,0.05488,0.000053,0,453.56,1.76,3.14,222.32,0.001762,0.002506,0.0741,1.734
0.00025,ours_bptt,85,-0.0699,0.1952,0.821898,2.955520,1,0,3.403,0.009999,-0.06744,0.18547,0.000054,0,539.15,10.01,0.54,261.53,0.010007,0.013852,0.3374,3.543
0.00025,ours_bptt,86,0.7095,0.5152,0.801116,2.986543,1,0,3.698,0.009991,0.70126,0.50952,0.000053,0,179.14,13.84,16.36,62.83,0.013842,0.020529,0.9615,5.769
0.00025,ours_bptt,87,-0.0494,-0.2016,0.813981,2.964490,1,0,3.398,0.010000,-0.04779,-0.19176,0.000054,0,542.32,8.44,3.87,260.96,0.008436,0.012213,0.3123,3.490
0.00025,ours_bptt,88,0.0267,0.5306,0.846480,2.979204,1,0,3.632,0.009985,0.02535,0.52071,0.000053,0,412.84,15.98,19.01,175.42,0.015981,0.022841,0.5262,4.591
0.00025,ours_bptt,89,0.5313,0.5599,0.802510,2.984609,1,0,3.718,0.009991,0.52423,0.55290,0.000054,0,257.84,14.87,16.48,101.29,0.014867,0.021576,0.7608,5.365
0.00025,ours_bptt,90,-0.0457,0.0894,0.791456,2.947093,1,0,3.082,0.009998,-0.04204,0.08006,0.000054,0,612.42,6.37,34.96,266.48,0.006367,0.007990,0.3724,3.523
0.00025,ours_bptt,91,-0.3348,-0.7215,0.926757,2.991979,1,0,3.590,0.009969,-0.33177,-0.71198,0.000053,0,287.31,43.25,30.77,80.44,0.043255,0.061443,1.2312,6.021
0.00025,ours_bptt,92,-0.2539,0.6200,0.910624,2.979216,1,0,3.590,0.009978,-0.25128,0.61034,0.000121,0,348.91,33.80,25.23,123.88,0.033798,0.048614,0.9158,5.355
0.00025,ours_bptt,93,0.1010,0.2482,0.774130,2.956487,1,0,3.466,0.009990,0.09705,0.23903,0.000053,0,538.94,6.89,16.74,247.56,0.006891,0.009110,0.1987,3.201
0.00025,ours_bptt,94,0.8495,0.4720,0.803380,2.988508,1,0,3.674,0.009982,0.84071,0.46725,0.000053,0,105.75,12.85,15.97,27.26,0.012854,0.019227,1.1849,6.180
0.00025,ours_bptt,95,0.1372,0.4237,0.804957,2.972355,1,0,3.643,0.009988,0.13355,0.41435,0.000054,0,460.03,11.58,15.86,205.47,0.011582,0.015692,0.3583,4.037
0.00025,ours_bptt,96,0.4789,0.8183,0.837627,2.991766,1,0,3.696,0.009987,0.47346,0.80998,0.000052,0,160.21,22.49,25.52,37.72,0.022487,0.031391,1.1915,6.566
0.00025,ours_bptt,97,-0.0656,0.3396,0.841833,2.965529,1,0,3.546,0.009984,-0.06462,0.32970,0.000054,0,500.78,12.77,11.44,229.38,0.012767,0.019153,0.3782,3.875
0.00025,ours_bptt,98,0.6043,0.2287,0.776148,2.976722,1,0,3.617,0.009988,0.59491,0.22519,0.000053,0,299.15,6.18,10.19,134.74,0.006182,0.009322,0.5059,4.108
0.00025,ours_bptt,99,-0.0616,-0.5886,0.873606,2.989668,1,0,3.608,0.009999,-0.06149,-0.57855,0.000053,0,380.51,19.82,22.90,152.48,0.019821,0.030251,0.6654,4.945
0.00025,ours_bptt,100,0.6577,0.3184,0.782761,2.980212,1,0,3.666,0.010000,0.64867,0.31415,0.000054,0,257.19,8.53,11.81,110.39,0.008525,0.012843,0.6529,4.709
0.00025,ours_bptt,101,0.7053,0.3527,0.787492,2.982521,1,0,3.676,0.009988,0.69635,0.34831,0.000054,0,221.69,9.46,12.41,91.34,0.009458,0.014241,0.7644,5.056
0.00025,ours_bptt,102,-0.2611,-0.8069,0.917975,2.993934,1,0,3.606,0.009992,-0.25917,-0.79713,0.000053,0,249.16,37.57,32.73,63.67,0.037570,0.056576,1.2961,6.320
0.00025,ours_bptt,103,-0.2565,-0.5607,0.912369,2.988700,1,0,3.567,0.009994,-0.25349,-0.55119,0.000115,0,378.61,33.38,24.31,139.96,0.033376,0.047107,0.8324,5.098
0.00025,ours_bptt,104,-0.0062,-0.2025,0.792489,2.961389,1,0,3.390,0.009992,-0.00643,-0.19252,0.000053,0,550.21,6.66,8.26,261.84,0.006661,0.009271,0.2605,3.330
0.00025,ours_bptt,105,0.1683,-0.1221,0.753162,2.949779,1,0,3.135,0.009994,0.16029,-0.11611,0.000053,0,491.80,3.69,6.95,236.19,0.003689,0.005094,0.0861,2.226
0.00025,ours_bptt,106,0.1073,0.7657,0.865482,2.989401,1,0,3.649,0.009981,0.10522,0.75596,0.000053,0,278.37,22.58,28.25,94.00,0.022579,0.031584,0.9172,5.823
0.00025,ours_bptt,107,0.2607,-0.0935,0.755300,2.955238,1,0,3.222,0.009986,0.25135,-0.09002,0.000053,0,461.35,2.78,7.06,221.53,0.002783,0.003993,0.0981,2.092
0.00025,ours_bptt,108,0.2814,0.9272,0.864950,2.993357,1,0,3.659,0.009995,0.27794,0.91779,0.000120,0,159.83,26.59,33.21,26.77,0.026588,0.036392,1.3174,6.852
0.00025,ours_bptt,109,0.5130,0.7951,0.833284,2.991425,1,0,3.700,0.009989,0.50719,0.78693,0.000052,0,159.12,21.75,24.44,38.81,0.021746,0.030561,1.1764,6.520
0.00025,ours_bptt,110,0.4870,-0.3349,0.777309,2.975959,1,0,3.650,0.009994,0.47871,-0.32936,0.000053,0,354.62,8.90,13.81,156.82,0.008904,0.013207,0.4363,4.139
0.00025,ours_bptt,111,0.2839,0.6459,0.826269,2.986017,1,0,3.701,0.009983,0.27932,0.63700,0.000053,0,310.37,17.56,19.47,122.55,0.017558,0.024192,0.7041,5.290
0.00025,ours_bptt,112,0.3172,0.1950,0.759873,2.959451,1,0,3.461,0.009992,0.30868,0.18975,0.000053,0,461.13,5.39,14.02,212.50,0.005390,0.007858,0.1838,2.915
0.00025,ours_bptt,113,0.3999,-0.0481,0.762919,2.965270,1,0,3.375,0.009989,0.38995,-0.04684,0.000053,0,397.32,1.38,3.58,194.05,0.001382,0.002040,0.1911,2.370
0.00025,ours_bptt,114,0.0845,-0.3381,0.794456,2.971364,1,0,3.593,0.009989,0.08153,-0.32853,0.000053,0,508.87,9.42,14.40,232.98,0.009418,0.012632,0.2815,3.651
0.00025,ours_bptt,115,0.2833,0.3617,0.778201,2.968350,1,0,3.642,0.009999,0.27693,0.35398,0.000053,0,446.80,9.54,15.61,200.64,0.009536,0.013519,0.3088,3.798
0.00025,ours_bptt,116,-0.0960,-0.1708,0.834356,2.964373,1,0,3.378,0.009995,-0.09217,-0.16157,0.000054,0,553.88,12.35,4.77,262.90,0.012354,0.016062,0.3860,3.688
0.00025,ours_bptt,117,0.1426,0.0149,0.751182,2.944619,1,0,2.741,0.009990,0.13271,0.01387,0.000055,0,448.40,0.52,3.58,220.23,0.000521,0.000702,0.0244,0.950
0.00025,ours_bptt,118,0.2298,-0.1089,0.754372,2.953401,1,0,3.199,0.009988,0.22083,-0.10454,0.000053,0,474.55,3.25,7.96,226.87,0.003253,0.004620,0.0914,2.147
0.00025,ours_bptt,119,0.3467,0.6367,0.820041,2.985888,1,0,3.708,0.009993,0.34148,0.62821,0.000053,0,296.59,17.14,18.92,116.52,0.017145,0.023867,0.7201,5.335
0.00025,ours_bptt,120,0.1427,0.1849,0.759547,2.950293,1,0,3.315,0.009986,0.13663,0.17694,0.000053,0,527.75,5.26,15.23,244.70,0.005260,0.007123,0.1361,2.754
0.00025,ours_bptt,121,0.9039,0.2691,0.795985,2.987295,1,0,3.639,0.009993,0.89427,0.26629,0.000053,0,98.99,7.39,10.14,33.81,0.007391,0.011176,1.1117,5.716
0.00025,ours_bptt,122,0.6186,-0.7694,0.824620,2.991804,1,0,3.721,0.009980,0.61203,-0.76187,0.000052,0,127.17,20.81,21.41,26.57,0.020806,0.029789,1.2530,6.653
0.00025,ours_bptt,123,0.1330,0.4410,0.809351,2.973644,1,0,3.646,0.010000,0.12956,0.43156,0.000054,0,451.76,12.12,16.15,200.64,0.012120,0.016438,0.3792,4.123
0.00025,ours_bptt,124,0.3040,-0.5997,0.818492,2.986800,1,0,3.697,0.009992,0.29903,-0.59100,0.000053,0,328.73,16.17,18.65,133.58,0.016172,0.022396,0.6355,5.078
0.00025,ours_bptt,125,0.8777,-0.3398,0.796602,2.987492,1,0,3.658,0.009997,0.86835,-0.33622,0.000053,0,110.89,9.27,12.12,36.38,0.009269,0.013992,1.1050,5.815
0.00025,ours_bptt,126,0.4647,-0.7285,0.826602,2.990761,1,0,3.709,0.009979,0.45896,-0.72037,0.000052,0,209.53,19.74,21.61,68.35,0.019742,0.027760,0.9857,6.055
0.00025,ours_bptt,127,-0.1434,-0.2996,0.870582,2.976225,1,0,3.494,0.009985,-0.14013,-0.29015,0.000053,0,503.41,18.68,8.68,229.02,0.018676,0.025489,0.4354,3.917
0.00025,ours_bptt,128,0.7348,0.4244,0.794306,2.984950,1,0,3.686,0.009987,0.72612,0.41957,0.000054,0,188.42,11.41,14.19,71.46,0.011407,0.017090,0.8928,5.480
0.00025,ours_bptt,129,-0.1202,-0.4211,0.872777,2.983018,1,0,3.552,0.009995,-0.11841,-0.41129,0.000053,0,459.02,18.32,16.55,199.22,0.018316,0.027465,0.5029,4.273
0.00025,ours_bptt,130,0.0262,0.7331,0.870396,2.987900,1,0,3.650,0.009989,0.02496,0.72321,0.000053,0,300.76,22.40,25.76,107.82,0.022396,0.032489,0.8701,5.633
0.00025,ours_bptt,131,0.1806,-0.8313,0.863349,2.994066,1,0,3.661,0.009996,0.17780,-0.82168,0.000121,0,231.05,24.03,29.24,68.26,0.024029,0.033155,1.0581,6.217
0.00025,ours_bptt,132,0.0616,0.4904,0.832388,2.976838,1,0,3.637,0.009996,0.05962,0.48056,0.000053,0,432.99,14.25,17.36,188.45,0.014249,0.019818,0.4579,4.380
0.00025,ours_bptt,133,0.3828,0.6743,0.823639,2.987505,1,0,3.707,0.009987,0.37745,0.66587,0.000053,0,265.75,18.22,20.22,98.99,0.018223,0.025429,0.8120,5.600
0.00025,ours_bptt,134,0.6240,-0.1220,0.776895,2.977626,1,0,3.559,0.010000,0.61420,-0.12007,0.000054,0,282.73,3.37,6.26,132.58,0.003367,0.005074,0.4892,3.795
0.00025,ours_bptt,135,0.7082,-0.4265,0.793435,2.985214,1,0,3.687,0.009996,0.69955,-0.42150,0.000054,0,204.05,11.44,14.26,79.18,0.011440,0.017114,0.8469,5.378
0.00025,ours_bptt,136,0.3059,-0.0613,0.757399,2.958409,1,0,3.256,0.009992,0.29610,-0.05930,0.000053,0,438.35,1.82,4.72,213.09,0.001816,0.002634,0.1156,2.015
0.00025,ours_bptt,137,0.3815,0.8201,0.843309,2.991592,1,0,3.691,0.009994,0.37676,0.81130,0.000052,0,191.01,22.70,26.01,52.48,0.022696,0.031317,1.1106,6.384
0.00025,ours_bptt,138,-0.4068,-0.7436,0.935492,2.991605,1,0,3.592,0.009983,-0.40322,-0.73431,0.000053,0,264.12,50.77,31.53,62.45,0.050769,0.070729,1.4088,6.289
0.00025,ours_bptt,139,0.2478,-0.2333,0.762926,2.961058,1,0,3.473,0.009993,0.24053,-0.22644,0.000053,0,491.86,6.39,16.84,224.30,0.006385,0.009081,0.1811,3.043
0.00025,ours_bptt,140,0.6772,0.6933,0.817765,2.990252,1,0,3.709,0.009979,0.67001,0.68641,0.000052,0,132.70,18.75,20.61,31.68,0.018753,0.027205,1.1967,6.473
0.00025,ours_bptt,141,0.0428,-0.2079,0.776140,2.958280,1,0,3.390,0.009992,0.04043,-0.19817,0.000053,0,552.49,6.12,12.95,258.70,0.006122,0.007952,0.2099,3.164
0.00025,ours_bptt,142,0.6916,-0.1596,0.781418,2.980467,1,0,3.593,0.009986,0.68184,-0.15733,0.000054,0,242.15,4.38,7.35,110.44,0.004379,0.006617,0.6144,4.270
0.00025,ours_bptt,143,0.3035,0.5051,0.801196,2.978993,1,0,3.702,0.009984,0.29800,0.49676,0.000054,0,376.46,13.38,15.69,162.50,0.013377,0.018714,0.4904,4.575
0.00025,ours_bptt,144,0.1292,-0.1752,0.759267,2.952379,1,0,3.278,0.009991,0.12334,-0.16712,0.000053,0,528.48,5.04,14.03,246.43,0.005036,0.006754,0.1318,2.715
0.00025,ours_bptt,145,0.4745,0.7177,0.825188,2.989398,1,0,3.707,0.009991,0.46863,0.70959,0.000052,0,211.28,19.44,21.60,69.46,0.019441,0.027396,0.9745,6.023
0.00025,ours_bptt,146,0.3993,0.8983,0.851294,2.993119,1,0,3.683,0.009985,0.39480,0.88941,0.000115,0,144.62,25.11,29.25,24.22,0.025110,0.034567,1.3094,6.846
0.00025,ours_bptt,147,-0.1444,0.3214,0.871102,2.964835,1,0,3.511,0.009997,-0.14138,0.31187,0.000053,0,495.73,19.02,9.68,223.92,0.019016,0.026222,0.4464,3.967
0.00025,ours_bptt,148,0.0548,-0.4646,0.828045,2.982712,1,0,3.637,0.009983,0.05285,-0.45484,0.000053,0,446.31,13.51,15.69,197.33,0.013510,0.018808,0.4281,4.260
0.00025,ours_bptt,149,0.3302,-0.5948,0.815375,2.986459,1,0,3.703,0.009987,0.32492,-0.58637,0.000053,0,323.00,15.96,18.12,131.42,0.015962,0.022230,0.6407,5.091
0.00025,ours_bptt,150,0.1291,0.0400,0.751556,2.943712,1,0,2.727,0.009987,0.11955,0.03703,0.000055,0,467.10,1.40,10.84,221.66,0.001400,0.001869,0.0296,1.291
0.00025,ours_bptt,151,0.1204,0.0183,0.751173,2.943088,1,0,2.626,0.009999,0.11047,0.01679,0.000055,0,449.14,0.67,7.56,216.51,0.000666,0.000878,0.0189,0.928
0.00025,ours_bptt,152,0.3968,0.7576,0.834393,2.990088,1,0,3.699,0.009997,0.39166,0.74905,0.000052,0,218.74,20.73,23.37,70.45,0.020734,0.028780,0.9863,6.072
0.00025,ours_bptt,153,0.0547,0.2267,0.778994,2.954447,1,0,3.423,0.009990,0.05204,0.21703,0.000053,0,548.67,6.57,14.47,254.94,0.006567,0.008555,0.2081,3.207
0.00025,ours_bptt,154,0.0069,0.1062,0.767163,2.943095,1,0,3.002,0.009990,0.00592,0.09626,0.000053,0,563.43,3.67,21.91,257.05,0.003666,0.004618,0.2331,2.983
0.00025,ours_bptt,155,0.3885,0.8374,0.844957,2.991972,1,0,3.690,0.009978,0.38381,0.82862,0.000052,0,179.88,23.22,26.66,45.87,0.023217,0.032031,1.1553,6.491
0.00025,ours_bptt,156,0.0770,0.0732,0.754002,2.941620,1,0,2.698,0.009996,0.06973,0.06634,0.000054,0,520.79,2.56,29.97,228.51,0.002557,0.003232,0.0784,1.985
0.00025,ours_bptt,157,0.0515,-0.0915,0.758566,2.945437,1,0,2.812,0.009994,0.04653,-0.08284,0.000054,0,541.32,3.07,28.67,239.69,0.003069,0.003736,0.1350,2.436
0.00025,ours_bptt,158,0.1176,-0.1584,0.758094,2.950602,1,0,3.213,0.009994,0.11169,-0.15032,0.000053,0,523.18,4.64,11.07,247.04,0.004641,0.006169,0.1238,2.625
0.00025,ours_bptt,159,-0.1864,-0.2631,0.882168,2.974699,1,0,3.487,0.009993,-0.18181,-0.25424,0.000053,0,505.27,22.79,3.98,231.56,0.022785,0.029824,0.4729,4.130
0.00025,ours_bptt,160,0.2632,-0.1929,0.759204,2.959185,1,0,3.412,0.009995,0.25520,-0.18700,0.000053,0,484.68,5.39,15.15,223.15,0.005387,0.007727,0.1562,2.806
0.00025,ours_bptt,161,-0.3555,-0.7662,0.929670,2.992579,1,0,3.595,0.009972,-0.35254,-0.75674,0.000053,0,260.95,45.92,32.28,63.76,0.045916,0.065315,1.3601,6.289
0.00025,ours_bptt,162,-0.1215,-0.1778,0.847670,2.966402,1,0,3.409,0.009985,-0.11699,-0.16888,0.000054,0,551.53,15.10,4.98,259.46,0.015097,0.019397,0.4127,3.908
0.00025,ours_bptt,163,-0.0238,-0.5614,0.862583,2.988480,1,0,3.615,0.009995,-0.02429,-0.55140,0.000052,0,396.08,17.91,21.24,163.36,0.017914,0.026715,0.5988,4.780
0.00025,ours_bptt,164,0.4774,0.4709,0.790877,2.979708,1,0,3.710,0.009986,0.47010,0.46414,0.000054,0,318.97,12.40,14.74,135.45,0.012401,0.018086,0.5753,4.770
0.00025,ours_bptt,165,0.0443,-0.5806,0.851161,2.988534,1,0,3.637,0.009992,0.04276,-0.57068,0.000052,0,385.01,17.33,20.94,158.57,0.017335,0.024628,0.5935,4.838
0.00025,ours_bptt,166,-0.0210,-0.5374,0.858881,2.987506,1,0,3.613,0.009995,-0.02147,-0.52742,0.000052,0,408.78,17.10,20.21,171.36,0.017098,0.025419,0.5625,4.661
0.00025,ours_bptt,167,0.8175,0.5027,0.804012,2.988357,1,0,3.683,0.009983,0.80891,0.49762,0.000053,0,118.36,13.64,16.55,32.39,0.013644,0.020348,1.1550,6.161
0.00025,ours_bptt,168,0.8027,-0.3400,0.792725,2.985771,1,0,3.663,0.009980,0.79349,-0.33614,0.000054,0,160.45,9.22,12.19,61.12,0.009217,0.013904,0.9414,5.454
0.00025,ours_bptt,169,0.1514,0.0679,0.752480,2.945709,1,0,2.903,0.009988,0.14229,0.06372,0.000054,0,469.87,2.23,5.12,228.15,0.002229,0.003037,0.0486,1.672
0.00025,ours_bptt,170,0.5304,0.7692,0.829435,2.990942,1,0,3.704,0.009983,0.52437,0.76124,0.000052,0,164.77,20.95,23.32,43.35,0.020951,0.029596,1.1409,6.427
0.00025,ours_bptt,171,0.2090,0.4792,0.803908,2.976369,1,0,3.688,0.009985,0.20448,0.47024,0.000054,0,416.85,12.81,15.09,183.73,0.012814,0.017581,0.4260,4.335
0.00025,ours_bptt,172,0.5598,-0.3460,0.781275,2.978889,1,0,3.661,0.009997,0.55124,-0.34084,0.000053,0,310.51,9.23,13.40,134.94,0.009226,0.013767,0.5346,4.444
0.00025,ours_bptt,173,0.5464,-0.7222,0.821202,2.990566,1,0,3.723,0.009986,0.53999,-0.71452,0.000052,0,179.82,19.43,20.05,55.28,0.019433,0.027711,1.0606,6.214
0.00025,ours_bptt,174,-0.1182,-0.2340,0.853254,2.970918,1,0,3.452,0.009993,-0.11472,-0.22465,0.000054,0,525.10,15.31,2.92,248.15,0.015315,0.020501,0.3828,3.731
0.00025,ours_bptt,175,-0.2591,-0.7992,0.917555,2.993838,1,0,3.606,0.009968,-0.25721,-0.78947,0.000053,0,253.63,37.25,32.45,66.43,0.037252,0.056073,1.2760,6.276
0.00025,ours_bptt,176,0.5500,-0.2108,0.773937,2.975180,1,0,3.581,0.009991,0.54071,-0.20721,0.000053,0,331.35,5.74,10.59,150.78,0.005742,0.008617,0.4207,3.803
0.00025,ours_bptt,177,0.2832,0.3475,0.776107,2.967263,1,0,3.631,0.009991,0.27673,0.33988,0.000053,0,451.95,9.18,15.77,203.33,0.009175,0.013034,0.2943,3.723
0.00025,ours_bptt,178,0.3999,0.1449,0.761797,2.963847,1,0,3.463,0.009991,0.39050,0.14150,0.000053,0,415.75,4.04,9.94,194.90,0.004039,0.005986,0.2192,2.876
0.00025,ours_bptt,179,-0.3922,0.5944,0.931397,2.974970,1,0,3.583,0.009987,-0.38796,0.58542,0.000121,0,337.85,47.60,24.62,108.60,0.047599,0.064629,1.1020,5.536
0.00025,ours_bptt,180,0.1187,-0.5094,0.823726,2.984266,1,0,3.664,0.009984,0.11575,-0.49981,0.000053,0,416.90,14.23,16.45,181.32,0.014233,0.019485,0.4683,4.462
0.00025,ours_bptt,181,0.2591,0.4505,0.793916,2.974645,1,0,3.689,0.009988,0.25378,0.44211,0.000053,0,417.24,11.89,14.86,184.84,0.011893,0.016555,0.4008,4.232
0.00025,ours_bptt,182,-0.1886,-0.2921,0.885065,2.976606,1,0,3.497,0.009996,-0.18434,-0.28304,0.000053,0,497.11,23.29,6.95,224.14,0.023286,0.030822,0.4865,4.052
0.00025,ours_bptt,183,0.1147,-0.5915,0.838626,2.988284,1,0,3.667,0.009983,0.11210,-0.58182,0.000052,0,372.66,16.82,19.13,154.58,0.016819,0.023226,0.5903,4.882
0.00025,ours_bptt,184,0.3148,0.1334,0.757834,2.958044,1,0,3.364,0.009985,0.30561,0.12947,0.000053,0,453.62,3.81,10.54,213.41,0.003809,0.005552,0.1476,2.524
0.00025,ours_bptt,185,0.2581,-0.2319,0.762870,2.961443,1,0,3.475,0.009993,0.25066,-0.22520,0.000053,0,487.38,6.35,16.63,222.29,0.006349,0.009063,0.1832,3.045
0.00025,ours_bptt,186,-0.0058,-0.3736,0.827012,2.977980,1,0,3.584,0.009997,-0.00652,-0.36360,0.000054,0,491.92,11.71,13.40,223.78,0.011708,0.016895,0.3617,3.914
0.00025,ours_bptt,187,0.6780,0.6485,0.812976,2.989232,1,0,3.711,0.009982,0.67061,0.64177,0.000053,0,150.07,17.47,19.22,42.71,0.017470,0.025483,1.1160,6.261
0.00025,ours_bptt,188,0.1861,0.6801,0.845238,2.987183,1,0,3.662,0.009991,0.18290,0.67069,0.000052,0,314.94,19.22,24.22,118.83,0.019221,0.026313,0.7451,5.393
0.00025,ours_bptt,189,0.5062,-0.1910,0.771038,2.972897,1,0,3.550,0.009997,0.49687,-0.18749,0.000053,0,357.21,5.24,10.55,164.13,0.005235,0.007831,0.3547,3.531
0.00025,ours_bptt,190,0.3110,0.0827,0.756708,2.957308,1,0,3.293,0.009990,0.30138,0.08007,0.000053,0,443.35,2.42,6.53,213.33,0.002418,0.003518,0.1248,2.176
0.00025,ours_bptt,191,0.2038,0.5088,0.811388,2.978490,1,0,3.683,0.009997,0.19957,0.49977,0.000054,0,402.63,13.74,16.36,174.65,0.013742,0.018807,0.4660,4.489
0.00025,ours_bptt,192,0.1233,-0.0533,0.751264,2.944533,1,0,2.751,0.009999,0.11410,-0.04934,0.000054,0,477.72,1.84,13.26,224.22,0.001845,0.002455,0.0371,1.492
0.00025,ours_bptt,193,-0.0796,-0.7824,0.892337,2.993993,1,0,3.622,0.009990,-0.07957,-0.77239,0.000120,0,274.24,26.39,30.59,86.74,0.026391,0.040535,1.0404,5.967
0.00025,ours_bptt,194,0.2915,-0.1221,0.757566,2.958386,1,0,3.312,0.009988,0.28229,-0.11819,0.000053,0,459.18,3.54,9.85,217.08,0.003540,0.005123,0.1280,2.385
0.00025,ours_bptt,195,-0.1019,0.1701,0.835383,2.955914,1,0,3.390,0.009984,-0.09780,0.16095,0.000054,0,557.66,12.93,5.87,263.27,0.012925,0.016702,0.3920,3.742
0.00025,ours_bptt,196,0.4572,-0.2213,0.769125,2.970969,1,0,3.556,0.009996,0.44820,-0.21701,0.000053,0,385.62,6.03,12.33,175.96,0.006027,0.008970,0.3168,3.485
0.00025,ours_bptt,197,0.1068,0.1660,0.759453,2.947855,1,0,3.240,0.009991,0.10144,0.15759,0.000053,0,530.11,4.83,11.91,249.53,0.004828,0.006363,0.1351,2.710
0.00025,ours_bptt,198,0.6025,-0.0753,0.775104,2.976444,1,0,3.536,0.009999,0.59253,-0.07407,0.000054,0,291.68,2.09,4.10,140.17,0.002091,0.003147,0.4442,3.519
0.00025,ours_bptt,199,0.0462,0.5396,0.843957,2.979855,1,0,3.638,0.009989,0.04452,0.52971,0.000053,0,407.43,15.99,19.21,172.52,0.015987,0.022577,0.5307,4.627
0.00025,ours_bptt,200,0.1240,-0.0387,0.750948,2.944054,1,0,2.701,0.009989,0.11445,-0.03572,0.000055,0,467.86,1.37,11.96,220.94,0.001367,0.001815,0.0282,1.268
0.00025,ours_bptt,201,0.4164,-0.5120,0.796524,2.982389,1,0,3.719,0.009986,0.40979,-0.50452,0.000054,0,330.11,13.47,14.96,139.99,0.013469,0.019324,0.5730,4.820
0.00025,ours_bptt,202,-0.1230,0.4612,0.876444,2.972854,1,0,3.567,0.009981,-0.12143,0.45138,0.000053,0,440.62,19.34,18.41,187.39,0.019344,0.029283,0.5462,4.431
0.00025,ours_bptt,203,0.4410,-0.4585,0.790377,2.980530,1,0,3.698,0.009985,0.43388,-0.45149,0.000054,0,340.67,12.09,15.18,146.09,0.012089,0.017535,0.5249,4.616
0.00025,ours_bptt,204,0.2855,0.1293,0.756941,2.956102,1,0,3.319,0.009994,0.27642,0.12505,0.000053,0,463.76,3.73,10.45,218.63,0.003734,0.005399,0.1279,2.417
0.00025,ours_bptt,205,0.3098,0.8479,0.853557,2.992071,1,0,3.672,0.009988,0.30585,0.83872,0.000120,0,196.43,23.89,29.09,51.20,0.023887,0.032719,1.1340,6.438
0.00025,ours_bptt,206,0.7544,0.5438,0.805044,2.988024,1,0,3.695,0.009985,0.74615,0.53813,0.000053,0,144.54,14.68,17.27,43.99,0.014683,0.021764,1.0852,6.072
0.00025,ours_bptt,207,0.2818,0.3011,0.769704,2.963742,1,0,3.586,0.009985,0.27483,0.29396,0.000053,0,466.60,8.02,16.25,211.04,0.008018,0.011459,0.2496,3.470
0.00025,ours_bptt,208,0.4930,0.1739,0.767833,2.970177,1,0,3.546,0.010000,0.48358,0.17059,0.000053,0,366.60,4.76,9.77,169.96,0.004760,0.007130,0.3291,3.390
0.00025,ours_bptt,209,0.3355,-0.5061,0.799624,2.981910,1,0,3.705,0.009983,0.32964,-0.49803,0.000054,0,364.59,13.37,15.59,156.67,0.013373,0.018849,0.5087,4.632
0.00025,ours_bptt,210,0.2506,-0.7408,0.845718,2.991930,1,0,3.674,0.009978,0.24683,-0.73155,0.000052,0,268.24,20.74,25.15,93.42,0.020745,0.028404,0.8760,5.777
0.00025,ours_bptt,211,0.5757,-0.1236,0.774135,2.975593,1,0,3.540,0.009983,0.56591,-0.12148,0.000054,0,312.36,3.42,6.76,146.85,0.003419,0.005139,0.4177,3.560
0.00025,ours_bptt,212,0.1789,0.4176,0.795659,2.971706,1,0,3.662,0.009991,0.17453,0.40858,0.000053,0,455.10,11.17,14.89,204.29,0.011168,0.015244,0.3481,4.006
0.00025,ours_bptt,213,0.3431,0.9019,0.856522,2.993103,1,0,3.673,0.009975,0.33903,0.89275,0.000118,0,158.62,25.45,30.65,29.57,0.025450,0.034884,1.2819,6.783
0.00025,ours_bptt,214,0.4497,-0.0405,0.765806,2.968369,1,0,3.424,0.009987,0.43973,-0.03961,0.000053,0,372.01,1.15,2.83,182.32,0.001152,0.001712,0.2411,2.588
0.00025,ours_bptt,215,-0.0738,-0.8147,0.893809,2.994431,1,0,3.624,0.009977,-0.07389,-0.80468,0.000120,0,256.43,27.23,31.84,75.96,0.027232,0.041711,1.1077,6.140
0.00025,ours_bptt,216,-0.0007,-0.2767,0.805438,2.969129,1,0,3.513,0.009993,-0.00137,-0.26674,0.000054,0,534.26,8.71,11.50,249.10,0.008707,0.012249,0.2807,3.543
0.00025,ours_bptt,217,0.1157,-0.0892,0.752267,2.945499,1,0,2.898,0.009993,0.10783,-0.08301,0.000054,0,490.78,2.91,8.97,234.24,0.002906,0.003858,0.0682,1.989
0.00025,ours_bptt,218,0.2996,0.3432,0.774950,2.967293,1,0,3.631,0.009994,0.29287,0.33580,0.000053,0,446.62,9.06,15.63,200.88,0.009061,0.012947,0.2969,3.722
0.00025,ours_bptt,219,0.1075,0.0912,0.753600,2.943452,1,0,2.886,0.009993,0.09995,0.08468,0.000054,0,495.95,2.98,10.95,234.79,0.002983,0.003928,0.0741,2.044
0.00025,ours_bptt,220,-0.1180,0.5028,0.878257,2.975345,1,0,3.580,0.009995,-0.11672,0.49290,0.000053,0,421.04,19.99,20.13,175.40,0.019987,0.030571,0.5908,4.602
0.00025,ours_bptt,221,-0.0384,-0.1602,0.800989,2.959607,1,0,3.303,0.009995,-0.03675,-0.15037,0.000054,0,545.65,6.79,1.66,266.07,0.006788,0.009673,0.3095,3.393
0.00025,ours_bptt,222,0.6916,-0.2139,0.782136,2.980787,1,0,3.616,0.009990,0.68207,-0.21098,0.000054,0,242.83,5.83,9.25,107.80,0.005828,0.008805,0.6399,4.462
0.00025,ours_bptt,223,-0.0588,0.1179,0.804203,2.950170,1,0,3.224,0.009997,-0.05528,0.10858,0.000054,0,585.66,7.99,17.38,269.45,0.007990,0.010250,0.3699,3.526
0.00025,ours_bptt,224,-0.0745,-0.3129,0.843373,2.975546,1,0,3.518,0.009986,-0.07317,-0.30299,0.000054,0,509.80,12.65,10.65,234.76,0.012651,0.018865,0.3696,3.817
0.00025,ours_bptt,225,-0.1780,-0.3364,0.885006,2.979044,1,0,3.510,0.009999,-0.17436,-0.32703,0.000053,0,485.23,22.65,11.19,214.43,0.022648,0.030730,0.4975,4.085
0.00025,ours_bptt,226,0.6911,0.0578,0.779739,2.979645,1,0,3.572,0.009989,0.68116,0.05696,0.000054,0,235.94,1.60,2.81,113.97,0.001596,0.002413,0.5849,3.940
0.00025,ours_bptt,227,0.2381,-0.1180,0.754997,2.954330,1,0,3.231,0.009994,0.22922,-0.11344,0.000053,0,475.74,3.49,9.14,226.11,0.003489,0.004970,0.0995,2.234
0.00025,ours_bptt,228,0.1519,0.8000,0.864493,2.990504,1,0,3.651,0.009982,0.14942,0.79030,0.000121,0,254.08,23.31,29.62,79.94,0.023315,0.032262,0.9883,6.032
0.00025,ours_bptt,229,0.1294,-0.0464,0.751044,2.944561,1,0,2.752,0.009991,0.12001,-0.04303,0.000054,0,471.26,1.61,11.16,223.26,0.001608,0.002149,0.0332,1.387
0.00025,ours_bptt,230,0.0091,0.7864,0.876962,2.989224,1,0,3.653,0.009977,0.00804,0.77652,0.000121,0,270.52,24.34,27.22,89.78,0.024336,0.035737,0.9882,5.924
0.00025,ours_bptt,231,0.7804,-0.0773,0.785721,2.983006,1,0,3.592,0.009995,0.77041,-0.07628,0.000054,0,179.19,2.13,3.45,84.54,0.002134,0.003231,0.7568,4.491
0.00025,ours_bptt,232,0.1448,0.2357,0.766906,2.955232,1,0,3.443,0.009998,0.13942,0.22728,0.000053,0,529.99,6.49,17.58,242.55,0.006493,0.008782,0.1763,3.068
0.00025,ours_bptt,233,0.0215,0.4271,0.829301,2.972440,1,0,3.615,0.009981,0.02019,0.41719,0.000054,0,466.98,12.84,15.14,208.72,0.012841,0.018154,0.3991,4.107
0.00025,ours_bptt,234,-0.0409,-0.1955,0.808198,2.963368,1,0,3.385,0.009999,-0.03959,-0.18554,0.000054,0,544.25,7.77,3.96,262.33,0.007774,0.011257,0.3031,3.449
0.00025,ours_bptt,235,0.4958,-0.7270,0.824216,2.990674,1,0,3.716,0.009991,0.48978,-0.71902,0.000052,0,198.18,19.63,20.84,63.53,0.019630,0.027755,1.0131,6.115
0.00025,ours_bptt,236,0.8988,-0.2304,0.794399,2.986898,1,0,3.634,0.009990,0.88909,-0.22793,0.000053,0,104.44,6.33,8.83,38.64,0.006331,0.009585,1.0743,5.568
0.00025,ours_bptt,237,0.0532,-0.4550,0.826590,2.982116,1,0,3.634,0.009991,0.05129,-0.44520,0.000054,0,451.44,13.24,15.47,200.32,0.013237,0.018412,0.4171,4.215
0.00025,ours_bptt,238,0.1776,-0.1698,0.756557,2.953267,1,0,3.294,0.009986,0.17046,-0.16283,0.000053,0,513.11,4.87,14.20,238.70,0.004872,0.006750,0.1213,2.606
0.00025,ours_bptt,239,0.4213,0.3347,0.773737,2.970960,1,0,3.652,0.009986,0.41336,0.32866,0.000053,0,391.35,8.84,13.99,175.05,0.008840,0.013015,0.3701,3.935
0.00025,ours_bptt,240,0.3769,-0.3379,0.775121,2.972350,1,0,3.633,0.010000,0.36931,-0.33132,0.000053,0,411.84,8.96,15.17,184.03,0.008956,0.013043,0.3384,3.846
0.00025,ours_bptt,241,0.2876,0.6481,0.826174,2.986116,1,0,3.702,0.009985,0.28299,0.63926,0.000053,0,308.16,17.61,19.44,121.43,0.017611,0.024275,0.7095,5.307
0.00025,ours_bptt,242,-0.2242,-0.5692,0.906207,2.989163,1,0,3.573,0.009982,-0.22161,-0.55956,0.000110,0,378.40,30.32,24.25,142.21,0.030317,0.043758,0.8009,5.076
0.00025,ours_bptt,243,0.2114,0.6827,0.842408,2.987346,1,0,3.668,0.009983,0.20781,0.67341,0.000052,0,308.64,19.14,23.84,116.13,0.019145,0.026185,0.7533,5.426
0.00025,ours_bptt,244,0.3551,-0.4475,0.788583,2.978192,1,0,3.699,0.009995,0.34862,-0.43992,0.000053,0,383.45,11.74,14.59,168.33,0.011737,0.016770,0.4429,4.361
0.00025,ours_bptt,245,-0.0902,0.2305,0.837373,2.958621,1,0,3.453,0.009994,-0.08756,0.22091,0.000054,0,531.05,12.44,3.16,253.03,0.012443,0.017176,0.3504,3.647
0.00025,ours_bptt,246,0.3024,-0.0595,0.757184,2.958107,1,0,3.249,0.009987,0.29260,-0.05755,0.000053,0,439.14,1.77,4.56,213.69,0.001767,0.002561,0.1128,1.989
0.00025,ours_bptt,247,0.0963,-0.5319,0.831469,2.985826,1,0,3.661,0.009989,0.09374,-0.52220,0.000053,0,407.09,15.12,17.11,175.10,0.015118,0.020869,0.5038,4.575
0.00025,ours_bptt,248,0.6870,-0.3791,0.789353,2.983623,1,0,3.675,0.009995,0.67817,-0.37441,0.000054,0,227.28,10.17,13.41,92.60,0.010174,0.015259,0.7596,5.092
0.00025,ours_bptt,249,0.6621,-0.5816,0.805715,2.988156,1,0,3.713,0.009984,0.65446,-0.57524,0.000053,0,183.40,15.57,17.26,62.76,0.015571,0.022865,0.9783,5.891
0.00025,ours_bptt,250,-0.1159,-0.8802,0.902570,2.995202,1,0,3.624,0.009983,-0.11561,-0.87023,0.000119,0,217.69,30.66,34.23,51.62,0.030659,0.047540,1.2980,6.535
0.00025,ours_bptt,251,0.1278,0.4828,0.818914,2.976625,1,0,3.652,0.009998,0.12463,0.47334,0.000054,0,430.59,13.42,17.11,188.12,0.013417,0.018267,0.4323,4.333
0.00025,ours_bptt,252,-0.4713,-0.6876,0.941623,2.989608,1,0,3.593,0.009968,-0.46702,-0.67857,0.000053,0,276.98,56.83,28.43,67.44,0.056833,0.077387,1.4310,6.175
0.00025,ours_bptt,253,0.0785,-0.2458,0.776270,2.961125,1,0,3.468,0.009996,0.07516,-0.23639,0.000053,0,543.81,6.91,15.71,251.01,0.006910,0.009068,0.2069,3.235
0.00025,ours_bptt,254,0.1938,-0.0414,0.751889,2.948748,1,0,2.980,0.009999,0.18405,-0.03922,0.000054,0,452.24,1.33,0.39,224.73,0.001329,0.001855,0.0487,1.438
0.00025,ours_bptt,255,0.2595,0.6392,0.828604,2.985698,1,0,3.691,0.009981,0.25517,0.63020,0.000053,0,320.54,17.48,20.20,126.96,0.017484,0.024007,0.6844,5.230
0.00025,ours_bptt,256,-0.1225,-0.6050,0.887173,2.990368,1,0,3.598,0.009995,-0.12157,-0.59502,0.000053,0,368.30,22.91,24.19,142.78,0.022909,0.035462,0.7419,5.090
0.00025,ours_bptt,257,-0.2557,-0.7313,0.915672,2.992788,1,0,3.597,0.009982,-0.25353,-0.72158,0.000117,0,291.12,35.80,30.40,88.31,0.035804,0.053102,1.1270,5.919
0.00025,ours_bptt,258,0.9286,-0.2665,0.796973,2.987863,1,0,3.640,0.009990,0.91904,-0.26381,0.000053,0,82.56,7.33,9.94,25.84,0.007327,0.011084,1.1693,5.835
0.00025,ours_bptt,259,-0.1529,0.2949,0.871622,2.963470,1,0,3.500,0.009987,-0.14937,0.28552,0.000053,0,502.79,19.54,7.16,229.58,0.019536,0.026369,0.4416,3.913
0.00025,ours_bptt,260,-0.5134,-0.8404,0.945134,2.991910,1,0,3.607,0.009962,-0.50962,-0.83120,0.000053,0,193.41,62.76,33.63,16.01,0.062756,0.086707,1.8572,7.033
0.00025,ours_bptt,261,0.1135,0.7021,0.857980,2.987616,1,0,3.646,0.009998,0.11119,0.69235,0.000052,0,313.65,20.50,26.28,115.17,0.020504,0.028491,0.7885,5.480
0.00025,ours_bptt,262,0.1363,0.0233,0.751276,2.944181,1,0,2.721,0.009990,0.12643,0.02159,0.000055,0,453.90,0.82,6.28,220.05,0.000818,0.001097,0.0243,1.050
0.00025,ours_bptt,263,0.6920,-0.4273,0.792821,2.984864,1,0,3.689,0.009981,0.68344,-0.42218,0.000054,0,213.75,11.44,14.25,84.05,0.011442,0.017105,0.8195,5.315
0.00025,ours_bptt,264,0.2765,0.2692,0.765922,2.961396,1,0,3.544,0.009998,0.26930,0.26228,0.000053,0,475.58,7.24,16.48,215.88,0.007239,0.010368,0.2197,3.284
0.00025,ours_bptt,265,0.2175,0.3285,0.776452,2.964708,1,0,3.599,0.009999,0.21172,0.32028,0.000053,0,483.08,8.74,16.54,218.45,0.008736,0.012144,0.2578,3.563
0.00025,ours_bptt,266,0.5969,-0.4234,0.788743,2.982441,1,0,3.693,0.009990,0.58863,-0.41781,0.000054,0,270.61,11.25,14.18,112.68,0.011250,0.016724,0.6652,4.931
0.00025,ours_bptt,267,0.0093,-0.2934,0.805691,2.970325,1,0,3.532,0.009993,0.00827,-0.28344,0.000054,0,528.83,9.02,12.29,245.36,0.009021,0.012563,0.2850,3.581
0.00025,ours_bptt,268,-0.0703,-0.4002,0.853200,2.981206,1,0,3.567,0.009990,-0.06956,-0.39026,0.000053,0,473.66,14.68,14.58,211.25,0.014676,0.022236,0.4360,4.112
0.00025,ours_bptt,269,-0.1298,0.8148,0.896668,2.988568,1,0,3.640,0.009999,-0.12934,0.80483,0.000121,0,250.91,29.01,28.62,75.08,0.029008,0.045189,1.1491,6.166
0.00025,ours_bptt,270,0.3659,0.1527,0.760064,2.961541,1,0,3.444,0.009994,0.35670,0.14882,0.000053,0,433.86,4.27,10.95,202.78,0.004267,0.006289,0.1938,2.799
0.00025,ours_bptt,271,0.1731,0.7224,0.853037,2.988571,1,0,3.655,0.009999,0.17010,0.71283,0.000052,0,294.18,20.68,26.46,105.12,0.020675,0.028384,0.8262,5.617
0.00025,ours_bptt,272,-0.1537,-0.3882,0.881170,2.981682,1,0,3.530,0.009995,-0.15103,-0.37853,0.000053,0,469.58,20.90,15.13,203.98,0.020904,0.029646,0.5082,4.208
0.00025,ours_bptt,273,0.3157,0.8481,0.852917,2.992085,1,0,3.674,0.009981,0.31166,0.83900,0.000120,0,194.75,23.86,28.87,50.62,0.023859,0.032694,1.1372,6.446
0.00025,ours_bptt,274,-0.0314,-0.5603,0.863963,2.988509,1,0,3.614,0.009980,-0.03180,-0.55028,0.000052,0,396.48,18.06,21.18,163.52,0.018057,0.027075,0.6018,4.780
0.00025,ours_bptt,275,0.8578,-0.3810,0.797353,2.987581,1,0,3.669,0.009983,0.84868,-0.37707,0.000053,0,118.55,10.36,13.16,38.35,0.010357,0.015605,1.0985,5.866
0.00025,ours_bptt,276,0.1279,-0.9419,0.880302,2.995627,1,0,3.645,0.009974,0.12589,-0.93214,0.000121,0,175.98,28.14,35.09,31.80,0.028141,0.039469,1.3329,6.824
0.00025,ours_bptt,277,0.3437,0.3660,0.777215,2.970083,1,0,3.657,0.009995,0.33672,0.35892,0.000053,0,419.78,9.63,14.97,187.70,0.009630,0.013886,0.3434,3.918
0.00025,ours_bptt,278,0.4443,0.0492,0.764411,2.967135,1,0,3.429,0.009995,0.43440,0.04805,0.000053,0,377.54,1.39,3.42,184.30,0.001393,0.002072,0.2359,2.595
0.00025,ours_bptt,279,0.5094,-0.5381,0.799780,2.984800,1,0,3.717,0.009995,0.50229,-0.53107,0.000054,0,277.02,14.25,15.93,111.89,0.014248,0.020675,0.7026,5.194
0.00025,ours_bptt,280,0.6178,0.6921,0.817721,2.989683,1,0,3.714,0.009983,0.61085,0.68487,0.000052,0,161.77,18.66,20.21,46.68,0.018659,0.026910,1.1011,6.275
0.00025,ours_bptt,281,-0.0121,0.1057,0.773934,2.944352,1,0,3.054,0.009986,-0.01151,0.09577,0.000053,0,575.64,4.05,22.88,261.90,0.004050,0.005503,0.2765,3.167
0.00025,ours_bptt,282,0.5679,0.2579,0.774380,2.975205,1,0,3.632,0.009985,0.55879,0.25379,0.000053,0,320.42,6.92,11.13,143.90,0.006916,0.010408,0.4722,4.074
0.00025,ours_bptt,283,0.2760,0.1287,0.756681,2.955476,1,0,3.305,0.009997,0.26699,0.12443,0.000053,0,466.93,3.73,10.43,220.24,0.003733,0.005382,0.1225,2.391
0.00025,ours_bptt,284,0.4500,0.3983,0.781344,2.975205,1,0,3.689,0.009987,0.44233,0.39190,0.000053,0,358.26,10.47,14.03,157.25,0.010471,0.015364,0.4612,4.333
0.00025,ours_bptt,285,0.4344,0.0610,0.763735,2.966408,1,0,3.425,0.009997,0.42446,0.05956,0.000053,0,384.69,1.73,4.28,186.77,0.001729,0.002568,0.2272,2.598
0.00025,ours_bptt,286,0.2625,-0.1936,0.759215,2.959174,1,0,3.413,0.009993,0.25446,-0.18765,0.000053,0,485.12,5.40,15.19,223.31,0.005403,0.007749,0.1563,2.809
0.00025,ours_bptt,287,0.4951,-0.4703,0.792225,2.982093,1,0,3.700,0.009994,0.48771,-0.46357,0.000054,0,309.86,12.44,15.35,130.25,0.012439,0.018165,0.5946,4.823
0.00025,ours_bptt,288,-0.0609,0.1904,0.816202,2.954710,1,0,3.392,0.009994,-0.05871,0.18067,0.000054,0,540.92,9.09,0.73,262.91,0.009093,0.012791,0.3279,3.507
0.00025,ours_bptt,289,0.4627,-0.5742,0.804030,2.985483,1,0,3.727,0.009998,0.45612,-0.56672,0.000054,0,282.81,15.19,15.93,114.09,0.015185,0.021786,0.7068,5.246
0.00025,ours_bptt,290,-0.2671,0.5113,0.911646,2.973489,1,0,3.564,0.009979,-0.26356,0.50200,0.000117,0,399.72,33.75,21.28,153.27,0.033748,0.046632,0.7775,4.893
0.00025,ours_bptt,291,-0.1914,0.4290,0.892857,2.970604,1,0,3.545,0.009977,-0.18839,0.41946,0.000053,0,447.41,25.12,17.03,187.84,0.025120,0.035148,0.5867,4.416
0.00025,ours_bptt,292,0.3585,0.0772,0.759424,2.961081,1,0,3.352,0.009985,0.34878,0.07504,0.000053,0,423.12,2.22,5.95,203.94,0.002225,0.003268,0.1596,2.333
0.00025,ours_bptt,293,0.0225,0.1187,0.764283,2.943397,1,0,3.052,0.009986,0.02041,0.10897,0.000053,0,542.30,3.86,11.25,257.01,0.003857,0.004757,0.2051,2.888
0.00025,ours_bptt,294,0.4545,0.0289,0.765259,2.967972,1,0,3.431,0.009993,0.44451,0.02823,0.000053,0,368.55,0.82,1.99,181.67,0.000819,0.001219,0.2448,2.562
0.00025,ours_bptt,295,-0.0097,-0.2389,0.800521,2.965579,1,0,3.463,0.009998,-0.00998,-0.22891,0.000053,0,544.81,7.78,9.83,256.74,0.007784,0.011018,0.2690,3.445
0.00025,ours_bptt,296,-0.0414,-0.4969,0.858223,2.985922,1,0,3.601,0.009999,-0.04148,-0.48688,0.000053,0,428.93,16.39,18.68,183.49,0.016393,0.024670,0.5216,4.489
0.00025,ours_bptt,297,-0.4635,-0.8276,0.941075,2.992352,1,0,3.602,0.009988,-0.45993,-0.81830,0.000053,0,210.51,57.53,33.92,28.19,0.057531,0.080137,1.7129,6.845
0.00025,ours_bptt,298,-0.1078,-0.2116,0.845741,2.968721,1,0,3.430,0.009990,-0.10431,-0.20226,0.000054,0,530.81,14.00,0.73,254.18,0.013999,0.018615,0.3773,3.679
0.00025,ours_bptt,299,0.1967,0.7699,0.856545,2.990021,1,0,3.655,0.009995,0.19367,0.76042,0.000052,0,264.02,22.05,28.32,87.15,0.022052,0.030240,0.9267,5.895
0.00025,lyap1,0,-0.4828,-0.7608,0.800000,1.700000,1,0,4.456,0.010000,-0.47898,-0.75150,0.000094,0,473.16,40.30,76.84,129.52,0.040302,0.048230,1.1615,5.710
0.00025,lyap1,1,0.3886,-0.1909,0.800000,1.700000,1,0,3.272,0.009992,0.37940,-0.18693,0.000094,0,405.97,9.96,21.63,173.89,0.009957,0.014605,0.2401,3.013
0.00025,lyap1,2,0.1373,-0.1241,0.800000,1.700000,1,0,2.911,0.009987,0.12936,-0.11798,0.000094,0,500.87,6.98,22.64,222.55,0.006984,0.009681,0.0672,1.986
0.00025,lyap1,3,0.5235,0.3075,0.800000,1.700000,1,0,3.486,0.009999,0.51466,0.30278,0.000094,0,341.37,14.99,24.16,135.28,0.014989,0.022607,0.4619,4.013
0.00025,lyap1,4,0.3315,0.9345,0.800000,1.700000,1,0,4.132,0.009984,0.32808,0.92507,0.000094,0,230.34,31.21,25.69,66.08,0.031210,0.048386,1.1676,6.201
0.00025,lyap1,5,0.3231,-0.0585,0.800000,1.700000,1,0,3.034,0.009982,0.31319,-0.05697,0.000094,0,392.92,3.32,7.68,186.29,0.003317,0.004721,0.1373,2.102
0.00025,lyap1,6,-0.0850,0.5502,0.800000,1.700000,1,0,4.066,0.009982,-0.08463,0.54019,0.000094,0,565.72,13.03,64.43,208.65,0.013033,0.016180,0.4588,4.042
0.00025,lyap1,7,-0.0720,-0.5823,0.800000,1.700000,1,0,4.082,0.009990,-0.07185,-0.57229,0.000094,0,542.59,13.77,60.85,200.11,0.013773,0.017416,0.4943,4.191
0.00025,lyap1,8,0.3960,-0.5209,0.800000,1.700000,1,0,3.739,0.009996,0.38971,-0.51314,0.000094,0,383.73,22.06,31.44,143.88,0.022061,0.033871,0.5308,4.441
0.00025,lyap1,9,0.3685,0.3828,0.800000,1.700000,1,0,3.561,0.009984,0.36126,0.37593,0.000094,0,428.03,17.54,32.35,168.51,0.017540,0.026480,0.3594,3.777
0.00025,lyap1,10,0.1283,0.2512,0.800000,1.700000,1,0,3.368,0.009997,0.12298,0.24274,0.000094,0,579.02,11.00,47.58,233.68,0.011001,0.015844,0.1424,2.686
0.00025,lyap1,11,0.2440,0.2446,0.800000,1.700000,1,0,3.311,0.009986,0.23644,0.23800,0.000094,0,500.55,12.08,34.06,207.15,0.012077,0.017642,0.1674,2.827
0.00025,lyap1,12,0.6768,0.6211,0.800000,1.700000,1,0,3.811,0.009983,0.66934,0.61444,0.000094,0,206.67,26.93,23.61,59.52,0.026934,0.042144,1.0229,5.755
0.00025,lyap1,13,0.7407,-0.0375,0.800000,1.700000,1,0,3.448,0.009983,0.73072,-0.03700,0.000094,0,178.25,1.88,2.70,85.02,0.001880,0.002837,0.6971,4.232
0.00025,lyap1,14,0.1895,0.9012,0.800000,1.700000,1,0,4.166,0.009985,0.18723,0.89146,0.000094,0,291.33,27.25,31.22,94.01,0.027247,0.040865,1.0245,5.860
0.00025,lyap1,15,0.3282,0.2784,0.800000,1.700000,1,0,3.389,0.009995,0.32020,0.27239,0.000094,0,454.48,13.65,30.92,186.08,0.013654,0.020221,0.2423,3.204
0.00025,lyap1,16,0.4229,-0.6724,0.800000,1.700000,1,0,3.892,0.009999,0.41741,-0.66397,0.000094,0,318.26,26.55,28.47,110.75,0.026545,0.041269,0.7644,5.167
0.00025,lyap1,17,-0.0535,-0.6259,0.800000,1.700000,1,0,4.103,0.009993,-0.05359,-0.61587,0.000094,0,511.55,14.94,56.39,188.18,0.014944,0.019383,0.5469,4.398
0.00025,lyap1,18,0.5135,-0.1699,0.800000,1.700000,1,0,3.340,0.009986,0.50396,-0.16705,0.000094,0,332.66,8.75,16.09,143.68,0.008748,0.012983,0.3698,3.456
0.00025,lyap1,19,-0.1027,-0.2139,0.800000,1.700000,1,0,3.674,0.009991,-0.10084,-0.20408,0.000094,0,794.17,9.23,113.23,276.93,0.009230,0.010739,0.1957,2.627
0.00025,lyap1,20,0.5724,0.0126,0.800000,1.700000,1,0,3.316,0.009982,0.56247,0.01236,0.000094,0,264.21,0.65,1.17,130.45,0.000655,0.000971,0.4155,3.242
0.00025,lyap1,21,-0.2534,-0.7892,0.800000,1.700000,1,0,4.336,0.010000,-0.25152,-0.77941,0.000094,0,438.60,20.48,61.44,142.50,0.020483,0.025843,0.9333,5.403
0.00025,lyap1,22,0.1756,0.0811,0.800000,1.700000,1,0,2.798,0.009998,0.16637,0.07733,0.000094,0,445.48,4.91,10.09,208.97,0.004906,0.006733,0.0549,1.697
0.00025,lyap1,23,-0.1826,-0.5070,0.800000,1.700000,1,0,4.118,0.009993,-0.18080,-0.49713,0.000094,0,618.26,14.81,78.45,219.57,0.014810,0.018432,0.4644,3.935
0.00025,lyap1,24,0.5281,0.1638,0.800000,1.700000,1,0,3.345,0.009997,0.51847,0.16112,0.000094,0,323.23,8.43,15.24,140.05,0.008428,0.012519,0.3864,3.501
0.00025,lyap1,25,0.2533,-0.1131,0.800000,1.700000,1,0,3.007,0.009994,0.24399,-0.10948,0.000094,0,443.94,6.41,16.32,200.84,0.006407,0.009060,0.1032,2.133
0.00025,lyap1,26,-0.0698,0.1000,0.800000,1.700000,1,0,3.292,0.009992,-0.06730,0.09027,0.000094,0,842.32,7.50,136.59,278.95,0.007502,0.008126,0.1679,2.460
0.00025,lyap1,27,0.3040,0.0277,0.800000,1.700000,1,0,2.980,0.009999,0.29404,0.02687,0.000094,0,387.39,1.60,3.63,188.86,0.001596,0.002256,0.1182,1.846
0.00025,lyap1,28,0.2958,-0.8584,0.800000,1.700000,1,0,4.092,0.009990,0.29244,-0.84899,0.000094,0,282.29,28.79,28.38,91.17,0.028793,0.044337,0.9888,5.776
0.00025,lyap1,29,0.3034,0.1431,0.800000,1.700000,1,0,3.124,0.009990,0.29421,0.13930,0.000094,0,435.58,7.81,19.39,192.54,0.007811,0.011225,0.1477,2.470
0.00025,lyap1,30,-0.0517,-0.6699,0.800000,1.700000,1,0,4.136,0.009986,-0.05185,-0.65994,0.000094,0,484.41,15.95,53.69,176.56,0.015948,0.020862,0.6112,4.617
0.00025,lyap1,31,0.5492,0.3284,0.800000,1.700000,1,0,3.518,0.009983,0.54043,0.32359,0.000094,0,326.33,15.85,24.12,127.15,0.015853,0.024010,0.5115,4.193
0.00025,lyap1,32,-0.2470,-0.5392,0.800000,1.700000,1,0,4.197,0.009995,-0.24451,-0.52953,0.000094,0,609.62,19.69,81.05,208.99,0.019690,0.024239,0.5530,4.184
0.00025,lyap1,33,0.0352,0.9500,0.800000,1.700000,1,0,4.266,0.009984,0.03443,0.94002,0.000094,0,297.20,24.23,36.82,93.61,0.024226,0.034119,1.1099,6.036
0.00025,lyap1,34,0.0707,-0.1224,0.800000,1.700000,1,0,2.911,0.009986,0.06478,-0.11436,0.000094,0,550.59,6.26,33.57,237.03,0.006258,0.008572,0.0757,2.034
0.00025,lyap1,35,0.4590,0.2294,0.800000,1.700000,1,0,3.367,0.009985,0.44985,0.22535,0.000094,0,373.43,11.63,22.16,155.83,0.011634,0.017287,0.3334,3.452
0.00025,lyap1,36,-0.1107,0.4644,0.800000,1.700000,1,0,4.012,0.009985,-0.10984,0.45444,0.000094,0,627.03,11.60,74.89,229.93,0.011598,0.014012,0.3744,3.655
0.00025,lyap1,37,0.1172,0.8775,0.800000,1.700000,1,0,4.183,0.009996,0.11552,0.86760,0.000094,0,323.46,24.88,35.03,108.04,0.024877,0.036314,0.9599,5.688
0.00025,lyap1,38,-0.1887,-0.6828,0.800000,1.700000,1,0,4.240,0.009982,-0.18721,-0.67290,0.000094,0,501.53,16.92,63.80,174.28,0.016924,0.020960,0.7031,4.789
0.00025,lyap1,39,0.8660,-0.0873,0.800000,1.700000,1,0,3.530,0.010000,0.85605,-0.08637,0.000094,0,113.51,4.28,5.22,48.32,0.004279,0.006532,0.9594,5.022
0.00025,lyap1,40,0.3463,-0.5640,0.800000,1.700000,1,0,3.803,0.009992,0.34086,-0.55562,0.000094,0,394.63,22.70,32.72,147.57,0.022696,0.034849,0.5438,4.502
0.00025,lyap1,41,0.1016,-0.3385,0.800000,1.700000,1,0,3.600,0.009987,0.09790,-0.32925,0.000094,0,589.91,12.55,53.55,232.00,0.012550,0.018032,0.2055,3.062
0.00025,lyap1,42,-0.2362,-0.3342,0.800000,1.700000,1,0,4.041,0.009989,-0.23262,-0.32490,0.000094,0,759.49,22.13,108.05,255.10,0.022131,0.025289,0.3539,3.279
0.00025,lyap1,43,0.8826,0.0070,0.800000,1.700000,1,0,3.531,0.009999,0.87257,0.00695,0.000094,0,89.68,0.34,0.42,44.16,0.000345,0.000526,0.9876,4.959
0.00025,lyap1,44,0.1563,-0.4355,0.800000,1.700000,1,0,3.724,0.010000,0.15230,-0.42634,0.000094,0,530.88,16.17,45.91,207.40,0.016167,0.023860,0.3002,3.563
0.00025,lyap1,45,0.0602,0.2535,0.800000,1.700000,1,0,3.451,0.009986,0.05672,0.24418,0.000094,0,633.17,9.37,60.98,248.57,0.009372,0.013038,0.1483,2.666
0.00025,lyap1,46,0.3509,-0.8008,0.800000,1.700000,1,0,4.027,0.009999,0.34681,-0.79172,0.000094,0,291.55,28.59,27.95,96.38,0.028587,0.044361,0.9181,5.594
0.00025,lyap1,47,-0.1504,-0.4231,0.800000,1.700000,1,0,4.015,0.009995,-0.14879,-0.41325,0.000094,0,667.06,12.51,84.56,239.58,0.012513,0.015413,0.3577,3.510
0.00025,lyap1,48,0.3656,-0.0779,0.800000,1.700000,1,0,3.112,0.009984,0.35582,-0.07611,0.000094,0,382.83,4.31,9.76,178.42,0.004310,0.006202,0.1779,2.397
0.00025,lyap1,49,-0.2992,-0.4212,0.800000,1.700000,1,0,4.173,0.009984,-0.29541,-0.41193,0.000094,0,704.39,27.29,99.56,232.17,0.027291,0.031585,0.4809,3.766
0.00025,lyap1,50,0.7379,0.3254,0.800000,1.700000,1,0,3.580,0.009982,0.72862,0.32159,0.000094,0,212.61,15.58,19.01,75.61,0.015582,0.023862,0.8114,5.001
0.00025,lyap1,51,0.2430,0.2287,0.800000,1.700000,1,0,3.274,0.009985,0.23526,0.22241,0.000094,0,497.79,11.49,32.73,207.54,0.011491,0.016723,0.1566,2.747
0.00025,lyap1,52,-0.0147,-0.5282,0.800000,1.700000,1,0,3.984,0.009991,-0.01539,-0.51827,0.000094,0,558.36,13.53,58.78,210.26,0.013525,0.017903,0.4077,3.908
0.00025,lyap1,53,0.0787,0.1072,0.800000,1.700000,1,0,2.810,0.009991,0.07203,0.09973,0.000094,0,515.41,5.90,23.02,230.26,0.005903,0.008028,0.0653,1.916
0.00025,lyap1,54,-0.1562,0.9648,0.800000,1.700000,1,0,4.365,0.009992,-0.15537,0.95484,0.000094,0,313.48,21.40,46.55,94.14,0.021403,0.027298,1.2116,6.188
0.00025,lyap1,55,-0.1446,-0.2073,0.800000,1.700000,1,0,3.755,0.009998,-0.14147,-0.19780,0.000094,0,829.52,14.33,124.61,279.41,0.014326,0.015964,0.2221,2.678
0.00025,lyap1,56,0.7844,0.3256,0.800000,1.700000,1,0,3.596,0.009999,0.77506,0.32198,0.000094,0,183.88,15.54,18.01,62.27,0.015542,0.023862,0.9005,5.218
0.00025,lyap1,57,0.2535,-0.6401,0.800000,1.700000,1,0,3.923,0.009990,0.24951,-0.63090,0.000094,0,405.02,23.00,35.06,150.20,0.023002,0.035017,0.5909,4.663
0.00025,lyap1,58,0.3038,-0.4120,0.800000,1.700000,1,0,3.616,0.009982,0.29748,-0.40426,0.000094,0,459.48,17.96,35.83,180.44,0.017956,0.027100,0.3392,3.731
0.00025,lyap1,59,0.7189,-0.3583,0.800000,1.700000,1,0,3.598,0.009989,0.70985,-0.35410,0.000094,0,223.50,17.02,20.48,78.50,0.017022,0.026107,0.8026,5.019
0.00025,lyap1,60,0.1800,0.0264,0.800000,1.700000,1,0,2.685,0.009991,0.17009,0.02508,0.000094,0,410.20,1.67,1.83,202.01,0.001674,0.002266,0.0427,1.238
0.00025,lyap1,61,-0.4251,0.6545,0.800000,1.700000,1,0,4.385,0.009985,-0.42134,0.64524,0.000094,0,546.37,36.25,82.14,163.86,0.036246,0.043006,0.9074,5.084
0.00025,lyap1,62,0.5324,0.0722,0.800000,1.700000,1,0,3.292,0.009996,0.52251,0.07100,0.000094,0,300.21,3.79,7.05,140.21,0.003787,0.005593,0.3656,3.206
0.00025,lyap1,63,-0.1463,-0.2830,0.800000,1.700000,1,0,3.859,0.009995,-0.14394,-0.27326,0.000094,0,768.17,13.02,106.60,267.72,0.013019,0.015091,0.2538,2.924
0.00025,lyap1,64,0.5285,0.0914,0.800000,1.700000,1,0,3.297,0.009997,0.51858,0.08988,0.000094,0,307.10,4.79,8.91,141.05,0.004785,0.007070,0.3642,3.250
0.00025,lyap1,65,0.2105,0.2530,0.800000,1.700000,1,0,3.333,0.009999,0.20360,0.24584,0.000094,0,522.79,12.15,37.59,214.69,0.012147,0.017722,0.1592,2.802
0.00025,lyap1,66,-0.2321,0.7541,0.800000,1.700000,1,0,4.307,0.009982,-0.23036,0.74428,0.000094,0,459.90,19.27,62.17,153.33,0.019272,0.024174,0.8531,5.198
0.00025,lyap1,67,0.1052,0.6538,0.800000,1.700000,1,0,4.018,0.009987,0.10312,0.64407,0.000094,0,452.08,19.73,42.85,168.39,0.019732,0.028571,0.5674,4.558
0.00025,lyap1,68,0.5076,0.3617,0.800000,1.700000,1,0,3.544,0.009995,0.49929,0.35621,0.000094,0,349.57,17.18,26.50,135.40,0.017184,0.026061,0.4850,4.158
0.00025,lyap1,69,-0.0513,0.1705,0.800000,1.700000,1,0,3.446,0.009989,-0.05093,0.16049,0.000094,0,768.27,5.10,105.29,275.02,0.005100,0.005984,0.1522,2.436
0.00025,lyap1,70,-0.0982,0.3380,0.800000,1.700000,1,0,3.856,0.009985,-0.09721,0.32810,0.000094,0,703.92,9.26,88.48,256.54,0.009260,0.011098,0.2586,3.083
0.00025,lyap1,71,-0.2987,-0.5024,0.800000,1.700000,1,0,4.220,0.009987,-0.29547,-0.49292,0.000094,0,645.26,25.75,89.25,214.07,0.025748,0.030248,0.5605,4.115
0.00025,lyap1,72,-0.1503,0.3616,0.800000,1.700000,1,0,3.954,0.009998,-0.14843,0.35180,0.000094,0,710.37,12.35,93.18,252.74,0.012355,0.015170,0.3067,3.243
0.00025,lyap1,73,-0.1360,0.7558,0.800000,1.700000,1,0,4.248,0.009986,-0.13525,0.74581,0.000094,0,446.01,17.28,55.26,154.78,0.017284,0.021614,0.7886,5.101
0.00025,lyap1,74,0.2863,-0.1810,0.800000,1.700000,1,0,3.184,0.009983,0.27756,-0.17614,0.000094,0,458.57,9.60,24.85,197.24,0.009601,0.013878,0.1536,2.614
0.00025,lyap1,75,0.2629,0.0381,0.800000,1.700000,1,0,2.908,0.009986,0.25299,0.03687,0.000094,0,403.89,2.25,4.97,195.28,0.002249,0.003145,0.0900,1.703
0.00025,lyap1,76,-0.0879,0.1908,0.800000,1.700000,1,0,3.594,0.009997,-0.08632,0.18089,0.000094,0,798.29,7.90,114.88,278.34,0.007896,0.009257,0.1795,2.539
0.00025,lyap1,77,0.1878,-0.1637,0.800000,1.700000,1,0,3.082,0.009991,0.17981,-0.15768,0.000094,0,504.62,8.77,28.25,217.48,0.008768,0.012447,0.0971,2.290
0.00025,lyap1,78,0.3960,0.0616,0.800000,1.700000,1,0,3.139,0.009994,0.38610,0.06026,0.000094,0,363.73,3.38,7.42,171.91,0.003382,0.004888,0.2038,2.471
0.00025,lyap1,79,0.1499,0.3328,0.800000,1.700000,1,0,3.546,0.010000,0.14509,0.32402,0.000094,0,561.23,13.54,47.42,223.04,0.013543,0.019817,0.2046,3.085
0.00025,lyap1,80,0.4252,0.0139,0.800000,1.700000,1,0,3.159,0.009997,0.41517,0.01359,0.000094,0,335.32,0.76,1.61,165.48,0.000758,0.001099,0.2292,2.433
0.00025,lyap1,81,-0.1576,0.2546,0.800000,1.700000,1,0,3.844,0.009984,-0.15476,0.24503,0.000094,0,796.72,14.86,114.68,272.53,0.014861,0.016798,0.2482,2.840
0.00025,lyap1,82,-0.0686,-0.8309,0.800000,1.700000,1,0,4.252,0.009981,-0.06848,-0.82094,0.000094,0,387.97,19.21,46.98,132.60,0.019205,0.025350,0.8926,5.441
0.00025,lyap1,83,0.4444,-0.8902,0.800000,1.700000,1,0,4.064,0.009999,0.43998,-0.88125,0.000094,0,212.26,32.28,23.83,58.09,0.032279,0.050698,1.1735,6.200
0.00025,lyap1,84,0.2393,0.0573,0.800000,1.700000,1,0,2.880,0.009999,0.22946,0.05525,0.000094,0,418.43,3.40,7.46,199.20,0.003405,0.004739,0.0786,1.723
0.00025,lyap1,85,-0.0699,0.1952,0.800000,1.700000,1,0,3.559,0.009984,-0.06897,0.18522,0.000094,0,776.59,6.32,107.55,276.00,0.006325,0.007546,0.1699,2.529
0.00025,lyap1,86,0.7095,0.5152,0.800000,1.700000,1,0,3.724,0.009986,0.70127,0.50952,0.000094,0,212.08,23.27,23.16,65.42,0.023274,0.036150,0.9421,5.501
0.00025,lyap1,87,-0.0494,-0.2016,0.800000,1.700000,1,0,3.523,0.009996,-0.04923,-0.19164,0.000094,0,750.87,5.58,98.67,272.57,0.005578,0.006507,0.1608,2.525
0.00025,lyap1,88,0.0267,0.5306,0.800000,1.700000,1,0,3.951,0.009998,0.02531,0.52071,0.000094,0,543.48,14.77,54.51,206.15,0.014769,0.020209,0.4024,3.921
0.00025,lyap1,89,0.5313,0.5599,0.800000,1.700000,1,0,3.762,0.009991,0.52432,0.55281,0.000094,0,301.94,24.25,27.14,105.64,0.024254,0.037590,0.7271,5.012
0.00025,lyap1,90,-0.0457,0.0894,0.800000,1.700000,1,0,3.126,0.009989,-0.04433,0.07948,0.000094,0,786.68,4.51,119.40,270.56,0.004508,0.005087,0.1544,2.289
0.00025,lyap1,91,-0.3348,-0.7215,0.800000,1.700000,1,0,4.355,0.009992,-0.33204,-0.71188,0.000094,0,493.36,25.93,71.39,155.84,0.025934,0.032296,0.8988,5.205
0.00025,lyap1,92,-0.2539,0.6200,0.800000,1.700000,1,0,4.250,0.009995,-0.25164,0.61023,0.000094,0,553.76,19.63,73.92,188.24,0.019627,0.024788,0.6635,4.576
0.00025,lyap1,93,0.1010,0.2482,0.800000,1.700000,1,0,3.385,0.009998,0.09634,0.23936,0.000094,0,599.68,10.34,52.14,239.94,0.010345,0.014759,0.1405,2.654
0.00025,lyap1,94,0.8495,0.4720,0.800000,1.700000,1,0,3.713,0.009986,0.84067,0.46731,0.000094,0,134.80,21.66,20.00,31.16,0.021657,0.033698,1.1657,5.956
0.00025,lyap1,95,0.1372,0.4237,0.800000,1.700000,1,0,3.720,0.009993,0.13341,0.41441,0.000094,0,544.64,15.44,47.91,212.83,0.015437,0.022617,0.2849,3.486
0.00025,lyap1,96,0.4789,0.8183,0.800000,1.700000,1,0,4.002,0.009983,0.47385,0.80974,0.000094,0,231.86,31.03,24.43,68.23,0.031026,0.048750,1.0709,5.953
0.00025,lyap1,97,-0.0656,0.3396,0.800000,1.700000,1,0,3.812,0.009983,-0.06536,0.32965,0.000094,0,686.49,8.59,82.39,254.42,0.008588,0.010264,0.2438,3.062
0.00025,lyap1,98,0.6043,0.2287,0.800000,1.700000,1,0,3.447,0.009983,0.59482,0.22545,0.000094,0,288.81,11.40,17.84,118.02,0.011400,0.017159,0.5248,4.078
0.00025,lyap1,99,-0.0616,-0.5886,0.800000,1.700000,1,0,4.079,0.009988,-0.06158,-0.57856,0.000094,0,536.16,14.01,59.45,198.13,0.014009,0.017912,0.4985,4.217
0.00025,lyap1,100,0.6577,0.3184,0.800000,1.700000,1,0,3.545,0.009994,0.64859,0.31434,0.000094,0,261.28,15.36,20.70,98.42,0.015363,0.023400,0.6664,4.618
0.00025,lyap1,101,0.7053,0.3527,0.800000,1.700000,1,0,3.589,0.009996,0.69627,0.34845,0.000094,0,231.89,16.79,20.65,82.70,0.016795,0.025726,0.7739,4.940
0.00025,lyap1,102,-0.2611,-0.8069,0.800000,1.700000,1,0,4.349,0.009993,-0.25921,-0.79712,0.000094,0,427.50,20.97,60.83,137.19,0.020974,0.026512,0.9725,5.502
0.00025,lyap1,103,-0.2565,-0.5607,0.800000,1.700000,1,0,4.218,0.009994,-0.25401,-0.55103,0.000094,0,596.07,20.35,79.65,203.12,0.020350,0.025111,0.5878,4.300
0.00025,lyap1,104,-0.0062,-0.2025,0.800000,1.700000,1,0,3.423,0.009999,-0.00769,-0.19263,0.000094,0,702.09,5.88,81.72,264.92,0.005884,0.007402,0.1406,2.487
0.00025,lyap1,105,0.1683,-0.1221,0.800000,1.700000,1,0,2.928,0.009988,0.15982,-0.11680,0.000094,0,484.06,6.95,20.27,216.55,0.006955,0.009687,0.0705,1.996
0.00025,lyap1,106,0.1073,0.7657,0.800000,1.700000,1,0,4.110,0.009988,0.10553,0.75589,0.000094,0,390.06,22.22,38.90,139.46,0.022216,0.032245,0.7492,5.117
0.00025,lyap1,107,0.2607,-0.0935,0.800000,1.700000,1,0,2.979,0.009999,0.25116,-0.09052,0.000094,0,430.83,5.36,13.09,198.30,0.005365,0.007564,0.1010,2.038
0.00025,lyap1,108,0.2814,0.9272,0.800000,1.700000,1,0,4.145,0.009997,0.27840,0.91763,0.000094,0,250.17,29.98,27.37,75.23,0.029981,0.046049,1.1200,6.093
0.00025,lyap1,109,0.5130,0.7951,0.800000,1.700000,1,0,3.975,0.009992,0.50755,0.78669,0.000094,0,227.18,30.86,24.21,66.23,0.030863,0.048540,1.0678,5.938
0.00025,lyap1,110,0.4870,-0.3349,0.800000,1.700000,1,0,3.508,0.009984,0.47858,-0.32959,0.000094,0,362.87,16.10,26.41,142.94,0.016104,0.024317,0.4379,3.977
0.00025,lyap1,111,0.2839,0.6459,0.800000,1.700000,1,0,3.915,0.009994,0.27961,0.63685,0.000094,0,389.99,23.73,33.62,143.57,0.023732,0.036325,0.6161,4.743
0.00025,lyap1,112,0.3172,0.1950,0.800000,1.700000,1,0,3.231,0.009992,0.30839,0.19025,0.000094,0,446.05,10.21,24.93,190.43,0.010214,0.014866,0.1823,2.780
0.00025,lyap1,113,0.3999,-0.0481,0.800000,1.700000,1,0,3.137,0.009988,0.38994,-0.04702,0.000094,0,357.59,2.64,5.77,171.04,0.002641,0.003817,0.2057,2.433
0.00025,lyap1,114,0.0845,-0.3381,0.800000,1.700000,1,0,3.616,0.009996,0.08113,-0.32866,0.000094,0,600.50,12.08,56.04,235.15,0.012076,0.017172,0.2054,3.048
0.00025,lyap1,115,0.2833,0.3617,0.800000,1.700000,1,0,3.539,0.009993,0.27673,0.35416,0.000094,0,478.90,16.24,36.53,190.73,0.016244,0.024315,0.2793,3.459
0.00025,lyap1,116,-0.0960,-0.1708,0.800000,1.700000,1,0,3.574,0.009989,-0.09391,-0.16102,0.000094,0,822.64,9.27,123.32,281.05,0.009268,0.010379,0.1803,2.498
0.00025,lyap1,117,0.1426,0.0149,0.800000,1.700000,1,0,2.534,0.009995,0.13269,0.01397,0.000094,0,403.82,1.00,0.71,200.45,0.000999,0.001321,0.0264,0.962
0.00025,lyap1,118,0.2298,-0.1089,0.800000,1.700000,1,0,2.965,0.009999,0.22055,-0.10513,0.000094,0,450.49,6.24,16.00,204.56,0.006244,0.008774,0.0888,2.036
0.00025,lyap1,119,0.3467,0.6367,0.800000,1.700000,1,0,3.881,0.009997,0.34174,0.62806,0.000094,0,366.85,24.58,31.45,133.55,0.024576,0.037900,0.6449,4.828
0.00025,lyap1,120,0.1427,0.1849,0.800000,1.700000,1,0,3.151,0.009989,0.13592,0.17753,0.000094,0,546.90,9.26,37.29,229.22,0.009258,0.013161,0.1018,2.363
0.00025,lyap1,121,0.9039,0.2691,0.800000,1.700000,1,0,3.610,0.009995,0.89422,0.26644,0.000094,0,108.58,12.85,13.73,30.92,0.012854,0.019803,1.1169,5.644
0.00025,lyap1,122,0.6186,-0.7694,0.800000,1.700000,1,0,3.935,0.009987,0.61234,-0.76160,0.000094,0,188.29,31.20,22.81,47.94,0.031203,0.049221,1.1648,6.135
0.00025,lyap1,123,0.1330,0.4410,0.800000,1.700000,1,0,3.750,0.009987,0.12946,0.43161,0.000094,0,540.53,15.73,47.87,210.60,0.015732,0.023023,0.3019,3.561
0.00025,lyap1,124,0.3040,-0.5997,0.800000,1.700000,1,0,3.858,0.009998,0.29923,-0.59088,0.000094,0,400.74,22.98,33.78,149.36,0.022977,0.035201,0.5621,4.569
0.00025,lyap1,125,0.8777,-0.3398,0.800000,1.700000,1,0,3.637,0.009995,0.86830,-0.33635,0.000094,0,125.91,16.06,16.63,34.28,0.016057,0.024799,1.1063,5.702
0.00025,lyap1,126,0.4647,-0.7285,0.800000,1.700000,1,0,3.932,0.009991,0.45927,-0.72014,0.000094,0,276.65,28.54,26.41,90.51,0.028537,0.044617,0.8972,5.520
0.00025,lyap1,127,-0.1434,-0.2996,0.800000,1.700000,1,0,3.875,0.009988,-0.14125,-0.28983,0.000094,0,753.76,12.40,102.79,264.79,0.012396,0.014645,0.2610,2.983
0.00025,lyap1,128,0.7348,0.4244,0.800000,1.700000,1,0,3.654,0.009991,0.72607,0.41965,0.000094,0,209.47,19.76,21.64,68.28,0.019760,0.030494,0.8906,5.302
0.00025,lyap1,129,-0.1202,-0.4211,0.800000,1.700000,1,0,3.979,0.009994,-0.11904,-0.41120,0.000094,0,658.26,11.17,80.90,239.86,0.011169,0.013513,0.3377,3.466
0.00025,lyap1,130,0.0262,0.7331,0.800000,1.700000,1,0,4.132,0.009992,0.02523,0.72318,0.000094,0,429.31,19.27,45.02,155.18,0.019271,0.026717,0.6942,4.925
0.00025,lyap1,131,0.1806,-0.8313,0.800000,1.700000,1,0,4.122,0.009982,0.17822,-0.82158,0.000094,0,332.97,25.53,33.37,113.97,0.025531,0.038181,0.8835,5.501
0.00025,lyap1,132,0.0616,0.4904,0.800000,1.700000,1,0,3.876,0.009982,0.05955,0.48059,0.000094,0,551.14,14.88,53.02,211.39,0.014884,0.020900,0.3521,3.739
0.00025,lyap1,133,0.3828,0.6743,0.800000,1.700000,1,0,3.906,0.009994,0.37773,0.66569,0.000094,0,335.52,26.06,29.56,118.65,0.026055,0.040391,0.7308,5.079
0.00025,lyap1,134,0.6240,-0.1220,0.800000,1.700000,1,0,3.389,0.010000,0.61417,-0.12027,0.000094,0,261.23,6.22,10.11,115.84,0.006216,0.009301,0.5112,3.832
0.00025,lyap1,135,0.7082,-0.4265,0.800000,1.700000,1,0,3.650,0.009989,0.69951,-0.42159,0.000094,0,225.33,19.85,22.28,75.50,0.019846,0.030595,0.8447,5.195
0.00025,lyap1,136,0.3059,-0.0613,0.800000,1.700000,1,0,3.008,0.009999,0.29604,-0.05962,0.000094,0,400.16,3.50,8.15,189.30,0.003503,0.004967,0.1243,2.037
0.00025,lyap1,137,0.3815,0.8201,0.800000,1.700000,1,0,4.032,0.009991,0.37719,0.81109,0.000094,0,270.55,29.58,26.68,86.41,0.029576,0.046086,0.9785,5.744
0.00025,lyap1,138,-0.4068,-0.7436,0.800000,1.700000,1,0,4.407,0.009999,-0.40349,-0.73419,0.000094,0,483.59,32.88,74.09,143.05,0.032881,0.039751,1.0236,5.456
0.00025,lyap1,139,0.2478,-0.2333,0.800000,1.700000,1,0,3.285,0.009989,0.24012,-0.22692,0.000094,0,495.85,11.68,32.79,206.37,0.011681,0.017024,0.1619,2.780
0.00025,lyap1,140,0.6772,0.6933,0.800000,1.700000,1,0,3.869,0.009989,0.67019,0.68622,0.000094,0,185.10,29.29,22.93,47.65,0.029292,0.046067,1.1311,6.029
0.00025,lyap1,141,0.0428,-0.2079,0.800000,1.700000,1,0,3.341,0.009993,0.03941,-0.19847,0.000094,0,648.04,7.72,64.11,254.12,0.007719,0.010526,0.1261,2.475
0.00025,lyap1,142,0.6916,-0.1596,0.800000,1.700000,1,0,3.453,0.009986,0.68180,-0.15753,0.000094,0,228.55,7.98,11.70,96.59,0.007978,0.012039,0.6358,4.284
0.00025,lyap1,143,0.3035,0.5051,0.800000,1.700000,1,0,3.746,0.010000,0.29806,0.49670,0.000094,0,435.14,20.56,35.37,166.79,0.020556,0.031303,0.4402,4.142
0.00025,lyap1,144,0.1292,-0.1752,0.800000,1.700000,1,0,3.120,0.009997,0.12257,-0.16772,0.000094,0,551.21,8.79,37.48,231.53,0.008793,0.012435,0.0956,2.303
0.00025,lyap1,145,0.4745,0.7177,0.800000,1.700000,1,0,3.920,0.009994,0.46892,0.70938,0.000094,0,276.58,28.37,26.39,90.63,0.028367,0.044350,0.8901,5.499
0.00025,lyap1,146,0.3993,0.8983,0.800000,1.700000,1,0,4.084,0.009990,0.39528,0.88918,0.000094,0,225.36,31.70,24.67,64.24,0.031704,0.049585,1.1468,6.146
0.00025,lyap1,147,-0.1444,0.3214,0.800000,1.700000,1,0,3.902,0.009993,-0.14242,0.31160,0.000094,0,737.56,12.15,98.96,260.72,0.012145,0.014654,0.2749,3.070
0.00025,lyap1,148,0.0548,-0.4646,0.800000,1.700000,1,0,3.849,0.009985,0.05276,-0.45486,0.000094,0,566.30,14.10,54.96,217.62,0.014104,0.019680,0.3244,3.614
0.00025,lyap1,149,0.3302,-0.5948,0.800000,1.700000,1,0,3.843,0.009993,0.32511,-0.58624,0.000094,0,390.83,23.27,32.82,145.15,0.023268,0.035744,0.5732,4.603
0.00025,lyap1,150,0.1291,0.0400,0.800000,1.700000,1,0,2.533,0.009996,0.11946,0.03729,0.000094,0,414.36,2.67,2.04,203.14,0.002669,0.003525,0.0271,1.205
0.00025,lyap1,151,0.1204,0.0183,0.800000,1.700000,1,0,2.436,0.009998,0.11046,0.01687,0.000094,0,404.90,1.27,3.17,198.33,0.001269,0.001651,0.0197,0.911
0.00025,lyap1,152,0.3968,0.7576,0.800000,1.700000,1,0,3.976,0.009999,0.39203,0.74884,0.000094,0,293.52,28.34,27.56,97.95,0.028337,0.044137,0.8795,5.487
0.00025,lyap1,153,0.0547,0.2267,0.800000,1.700000,1,0,3.381,0.009998,0.05112,0.21732,0.000094,0,637.99,8.56,61.56,251.01,0.008557,0.011828,0.1334,2.551
0.00025,lyap1,154,0.0069,0.1062,0.800000,1.700000,1,0,2.962,0.009997,0.00434,0.09654,0.000094,0,638.90,3.76,63.31,253.31,0.003764,0.004797,0.1079,2.144
0.00025,lyap1,155,0.3885,0.8374,0.800000,1.700000,1,0,4.043,0.009991,0.38425,0.82838,0.000094,0,259.49,30.10,26.15,81.02,0.030102,0.046962,1.0171,5.839
0.00025,lyap1,156,0.0770,0.0732,0.800000,1.700000,1,0,2.565,0.009999,0.06937,0.06675,0.000094,0,438.98,4.59,0.19,215.86,0.004591,0.006064,0.0464,1.627
0.00025,lyap1,157,0.0515,-0.0915,0.800000,1.700000,1,0,2.719,0.009997,0.04571,-0.08337,0.000094,0,508.99,4.93,19.89,230.91,0.004930,0.006604,0.0705,1.888
0.00025,lyap1,158,0.1176,-0.1584,0.800000,1.700000,1,0,3.058,0.009992,0.11089,-0.15097,0.000094,0,548.06,8.11,35.52,232.43,0.008105,0.011374,0.0861,2.206
0.00025,lyap1,159,-0.1864,-0.2631,0.800000,1.700000,1,0,3.903,0.009989,-0.18307,-0.25369,0.000094,0,801.87,18.00,116.90,270.53,0.017997,0.020301,0.2736,2.920
0.00025,lyap1,160,0.2632,-0.1929,0.800000,1.700000,1,0,3.196,0.009995,0.25481,-0.18755,0.000094,0,475.23,10.12,27.50,202.53,0.010117,0.014623,0.1460,2.612
0.00025,lyap1,161,-0.3555,-0.7662,0.800000,1.700000,1,0,4.386,0.009997,-0.35275,-0.75665,0.000094,0,463.93,27.36,69.46,141.98,0.027363,0.034180,0.9984,5.460
0.00025,lyap1,162,-0.1215,-0.1778,0.800000,1.700000,1,0,3.655,0.009991,-0.11866,-0.16820,0.000094,0,839.85,12.22,128.50,282.26,0.012221,0.013523,0.1991,2.596
0.00025,lyap1,163,-0.0238,-0.5614,0.800000,1.700000,1,0,4.024,0.009993,-0.02436,-0.55140,0.000094,0,542.10,14.06,57.62,202.89,0.014059,0.018546,0.4510,4.071
0.00025,lyap1,164,0.4774,0.4709,0.800000,1.700000,1,0,3.670,0.009991,0.47009,0.46415,0.000094,0,352.48,21.06,28.92,131.52,0.021059,0.032295,0.5560,4.480
0.00025,lyap1,165,0.0443,-0.5806,0.800000,1.700000,1,0,3.989,0.009995,0.04282,-0.57067,0.000094,0,510.77,16.41,50.40,192.68,0.016405,0.022824,0.4636,4.168
0.00025,lyap1,166,-0.0210,-0.5374,0.800000,1.700000,1,0,3.999,0.009984,-0.02158,-0.52743,0.000094,0,555.12,13.58,58.82,208.56,0.013577,0.017895,0.4204,3.954
0.00025,lyap1,167,0.8175,0.5027,0.800000,1.700000,1,0,3.729,0.009980,0.80890,0.49765,0.000094,0,150.14,22.88,20.93,36.99,0.022876,0.035632,1.1328,5.911
0.00025,lyap1,168,0.8027,-0.3400,0.800000,1.700000,1,0,3.612,0.009993,0.79342,-0.33628,0.000094,0,172.49,16.15,18.09,56.04,0.016151,0.024847,0.9479,5.346
0.00025,lyap1,169,0.1514,0.0679,0.800000,1.700000,1,0,2.700,0.009995,0.14207,0.06423,0.000094,0,435.49,4.25,5.74,208.82,0.004249,0.005748,0.0424,1.536
0.00025,lyap1,170,0.5304,0.7692,0.800000,1.700000,1,0,3.951,0.009983,0.52470,0.76101,0.000094,0,230.13,30.37,24.31,67.97,0.030369,0.047746,1.0433,5.873
0.00025,lyap1,171,0.2090,0.4792,0.800000,1.700000,1,0,3.755,0.009995,0.20450,0.47021,0.000094,0,489.96,18.32,41.04,190.20,0.018324,0.027478,0.3624,3.841
0.00025,lyap1,172,0.5598,-0.3460,0.800000,1.700000,1,0,3.539,0.009997,0.55113,-0.34103,0.000094,0,319.51,16.58,24.38,122.94,0.016580,0.025174,0.5399,4.301
0.00025,lyap1,173,0.5464,-0.7222,0.800000,1.700000,1,0,3.909,0.009989,0.54029,-0.71428,0.000094,0,241.08,29.23,24.81,73.81,0.029232,0.045869,0.9841,5.720
0.00025,lyap1,174,-0.1182,-0.2340,0.800000,1.700000,1,0,3.740,0.009998,-0.11610,-0.22425,0.000094,0,790.13,10.68,112.08,274.98,0.010681,0.012328,0.2129,2.712
0.00025,lyap1,175,-0.2591,-0.7992,0.800000,1.700000,1,0,4.344,0.010000,-0.25724,-0.78943,0.000094,0,432.45,20.82,61.20,139.41,0.020820,0.026307,0.9566,5.461
0.00025,lyap1,176,0.5500,-0.2108,0.800000,1.700000,1,0,3.400,0.009998,0.54059,-0.20751,0.000094,0,318.32,10.65,18.13,133.04,0.010646,0.015921,0.4372,3.770
0.00025,lyap1,177,0.2832,0.3475,0.800000,1.700000,1,0,3.514,0.009997,0.27650,0.34008,0.000094,0,480.40,15.80,36.26,192.09,0.015802,0.023604,0.2668,3.395
0.00025,lyap1,178,0.3999,0.1449,0.800000,1.700000,1,0,3.221,0.009986,0.39037,0.14190,0.000094,0,388.17,7.72,16.78,171.52,0.007721,0.011266,0.2308,2.854
0.00025,lyap1,179,-0.3922,0.5944,0.800000,1.700000,1,0,4.338,0.009996,-0.38850,0.58517,0.000094,0,587.32,33.92,85.75,182.47,0.033918,0.040021,0.7798,4.735
0.00025,lyap1,180,0.1187,-0.5094,0.800000,1.700000,1,0,3.854,0.009995,0.11580,-0.49979,0.000094,0,518.72,16.91,47.05,199.63,0.016911,0.024615,0.3756,3.868
0.00025,lyap1,181,0.2591,0.4505,0.800000,1.700000,1,0,3.689,0.009995,0.25376,0.44213,0.000094,0,473.92,18.47,38.27,184.84,0.018474,0.027871,0.3531,3.803
0.00025,lyap1,182,-0.1886,-0.2921,0.800000,1.700000,1,0,3.936,0.009999,-0.18551,-0.28257,0.000094,0,779.22,17.66,110.96,265.40,0.017659,0.020062,0.2895,3.027
0.00025,lyap1,183,0.1147,-0.5915,0.800000,1.700000,1,0,3.951,0.009985,0.11229,-0.58177,0.000094,0,481.14,18.62,44.43,182.18,0.018623,0.027080,0.4793,4.259
0.00025,lyap1,184,0.3148,0.1334,0.800000,1.700000,1,0,3.119,0.009993,0.30540,0.12997,0.000094,0,426.36,7.31,17.79,189.91,0.007311,0.010507,0.1521,2.460
0.00025,lyap1,185,0.2581,-0.2319,0.800000,1.700000,1,0,3.283,0.009996,0.25025,-0.22568,0.000094,0,489.27,11.67,31.92,203.96,0.011668,0.017015,0.1663,2.797
0.00025,lyap1,186,-0.0058,-0.3736,0.800000,1.700000,1,0,3.783,0.009995,-0.00697,-0.36365,0.000094,0,637.64,10.15,68.61,242.60,0.010148,0.013234,0.2487,3.185
0.00025,lyap1,187,0.6780,0.6485,0.800000,1.700000,1,0,3.833,0.009990,0.67074,0.64162,0.000094,0,198.28,27.85,23.38,54.88,0.027849,0.043662,1.0643,5.862
0.00025,lyap1,188,0.1861,0.6801,0.800000,1.700000,1,0,3.996,0.009982,0.18316,0.67061,0.000094,0,411.36,22.39,37.26,151.62,0.022395,0.033537,0.6241,4.761
0.00025,lyap1,189,0.5062,-0.1910,0.800000,1.700000,1,0,3.354,0.009992,0.49675,-0.18782,0.000094,0,340.52,9.78,17.93,145.00,0.009780,0.014534,0.3699,3.502
0.00025,lyap1,190,0.3110,0.0827,0.800000,1.700000,1,0,3.040,0.009994,0.30128,0.08046,0.000094,0,407.21,4.67,11.04,189.06,0.004671,0.006650,0.1330,2.176
0.00025,lyap1,191,0.2038,0.5088,0.800000,1.700000,1,0,3.798,0.009992,0.19965,0.49974,0.000094,0,481.49,18.93,40.78,185.77,0.018926,0.028387,0.3949,3.970
0.00025,lyap1,192,0.1233,-0.0533,0.800000,1.700000,1,0,2.563,0.009988,0.11396,-0.04971,0.000094,0,419.98,3.50,1.07,206.29,0.003503,0.004643,0.0308,1.350
0.00025,lyap1,193,-0.0796,-0.7824,0.800000,1.700000,1,0,4.229,0.009993,-0.07942,-0.77239,0.000094,0,420.13,18.02,49.96,146.59,0.018017,0.023440,0.8076,5.198
0.00025,lyap1,194,0.2915,-0.1221,0.800000,1.700000,1,0,3.073,0.009993,0.28208,-0.11871,0.000094,0,432.31,6.79,16.87,194.20,0.006789,0.009693,0.1310,2.315
0.00025,lyap1,195,-0.1019,0.1701,0.800000,1.700000,1,0,3.588,0.009999,-0.09953,0.16034,0.000094,0,829.12,10.00,125.46,281.60,0.009999,0.011120,0.1842,2.505
0.00025,lyap1,196,0.4572,-0.2213,0.800000,1.700000,1,0,3.356,0.009989,0.44804,-0.21738,0.000094,0,373.25,11.27,21.66,156.51,0.011269,0.016725,0.3269,3.412
0.00025,lyap1,197,0.1068,0.1660,0.800000,1.700000,1,0,3.096,0.009991,0.10058,0.15820,0.000094,0,563.40,8.20,39.57,235.98,0.008202,0.011520,0.0911,2.251
0.00025,lyap1,198,0.6025,-0.0753,0.800000,1.700000,1,0,3.354,0.009990,0.59252,-0.07422,0.000094,0,263.58,3.88,6.60,122.29,0.003881,0.005782,0.4668,3.582
0.00025,lyap1,199,0.0462,0.5396,0.800000,1.700000,1,0,3.945,0.009996,0.04452,0.52970,0.000094,0,531.99,15.54,52.20,202.14,0.015541,0.021607,0.4111,3.969
0.00025,lyap1,200,0.1240,-0.0387,0.800000,1.700000,1,0,2.509,0.009986,0.11438,-0.03596,0.000094,0,415.22,2.60,3.06,202.60,0.002605,0.003426,0.0254,1.180
0.00025,lyap1,201,0.4164,-0.5120,0.800000,1.700000,1,0,3.725,0.009985,0.40986,-0.50447,0.000094,0,375.70,21.97,30.79,140.58,0.021974,0.033747,0.5391,4.461
0.00025,lyap1,202,-0.1230,0.4612,0.800000,1.700000,1,0,4.021,0.009998,-0.12197,0.45129,0.000094,0,632.87,11.84,76.76,230.79,0.011842,0.014342,0.3778,3.652
0.00025,lyap1,203,0.4410,-0.4585,0.800000,1.700000,1,0,3.657,0.009995,0.43385,-0.45151,0.000094,0,375.05,20.46,30.10,142.08,0.020460,0.031284,0.5030,4.313
0.00025,lyap1,204,0.2855,0.1293,0.800000,1.700000,1,0,3.079,0.009993,0.27619,0.12559,0.000094,0,438.12,7.16,18.03,195.66,0.007159,0.010226,0.1296,2.334
0.00025,lyap1,205,0.3098,0.8479,0.800000,1.700000,1,0,4.079,0.009987,0.30628,0.83854,0.000094,0,282.98,28.85,28.16,91.69,0.028852,0.044534,0.9773,5.747
0.00025,lyap1,206,0.7544,0.5438,0.800000,1.700000,1,0,3.751,0.009994,0.74616,0.53810,0.000094,0,180.50,24.40,22.37,49.58,0.024399,0.038037,1.0578,5.781
0.00025,lyap1,207,0.2818,0.3011,0.800000,1.700000,1,0,3.429,0.009990,0.27452,0.29426,0.000094,0,483.06,14.27,34.84,195.99,0.014273,0.021154,0.2282,3.182
0.00025,lyap1,208,0.4930,0.1739,0.800000,1.700000,1,0,3.328,0.009998,0.48347,0.17092,0.000094,0,344.77,8.98,16.94,148.71,0.008981,0.013302,0.3458,3.379
0.00025,lyap1,209,0.3355,-0.5061,0.800000,1.700000,1,0,3.737,0.009990,0.32970,-0.49798,0.000094,0,418.90,20.99,33.91,159.79,0.020994,0.032065,0.4635,4.221
0.00025,lyap1,210,0.2506,-0.7408,0.800000,1.700000,1,0,4.018,0.009991,0.24718,-0.73140,0.000094,0,358.11,25.22,32.75,127.40,0.025219,0.038437,0.7490,5.139
0.00025,lyap1,211,0.5757,-0.1236,0.800000,1.700000,1,0,3.354,0.009991,0.56586,-0.12171,0.000094,0,288.78,6.36,11.01,128.61,0.006359,0.009467,0.4384,3.594
0.00025,lyap1,212,0.1789,0.4176,0.800000,1.700000,1,0,3.681,0.009990,0.17442,0.40864,0.000094,0,525.05,16.23,44.25,206.11,0.016228,0.024085,0.2875,3.512
0.00025,lyap1,213,0.3431,0.9019,0.800000,1.700000,1,0,4.105,0.009998,0.33950,0.89253,0.000094,0,243.53,30.73,26.07,72.65,0.030729,0.047711,1.1080,6.061
0.00025,lyap1,214,0.4497,-0.0405,0.800000,1.700000,1,0,3.195,0.009991,0.43971,-0.03974,0.000094,0,332.53,2.19,4.54,160.09,0.002189,0.003190,0.2583,2.663
0.00025,lyap1,215,-0.0738,-0.8147,0.800000,1.700000,1,0,4.245,0.009991,-0.07370,-0.80466,0.000094,0,398.96,18.78,48.07,137.33,0.018782,0.024648,0.8641,5.360
0.00025,lyap1,216,-0.0007,-0.2767,0.800000,1.700000,1,0,3.601,0.009993,-0.00218,-0.26683,0.000094,0,676.80,7.95,75.10,257.33,0.007953,0.010252,0.1774,2.769
0.00025,lyap1,217,0.1157,-0.0892,0.800000,1.700000,1,0,2.722,0.009995,0.10738,-0.08362,0.000094,0,463.87,5.41,10.34,217.54,0.005407,0.007314,0.0484,1.713
0.00025,lyap1,218,0.2996,0.3432,0.800000,1.700000,1,0,3.504,0.009990,0.29265,0.33602,0.000094,0,471.32,15.79,35.15,188.66,0.015793,0.023602,0.2732,3.416
0.00025,lyap1,219,0.1075,0.0912,0.800000,1.700000,1,0,2.723,0.009989,0.09946,0.08530,0.000094,0,469.34,5.49,11.22,219.33,0.005485,0.007415,0.0500,1.737
0.00025,lyap1,220,-0.1180,0.5028,0.800000,1.700000,1,0,4.054,0.009993,-0.11714,0.49286,0.000094,0,604.48,12.40,72.01,220.93,0.012404,0.015047,0.4193,3.841
0.00025,lyap1,221,-0.0384,-0.1602,0.800000,1.700000,1,0,3.376,0.009992,-0.03845,-0.15024,0.000094,0,753.67,4.51,100.61,272.84,0.004512,0.005238,0.1421,2.391
0.00025,lyap1,222,0.6916,-0.2139,0.800000,1.700000,1,0,3.483,0.009997,0.68200,-0.21120,0.000094,0,235.15,10.58,15.01,94.63,0.010581,0.016020,0.6594,4.444
0.00025,lyap1,223,-0.0588,0.1179,0.800000,1.700000,1,0,3.306,0.009987,-0.05740,0.10803,0.000094,0,807.71,5.67,122.56,277.04,0.005668,0.006434,0.1540,2.341
0.00025,lyap1,224,-0.0745,-0.3129,0.800000,1.700000,1,0,3.785,0.009997,-0.07405,-0.30290,0.000094,0,707.40,8.19,87.72,259.83,0.008194,0.009711,0.2296,2.958
0.00025,lyap1,225,-0.1780,-0.3364,0.800000,1.700000,1,0,3.965,0.010000,-0.17538,-0.32669,0.000094,0,740.52,15.62,101.15,257.39,0.015618,0.018191,0.3080,3.180
0.00025,lyap1,226,0.6911,0.0578,0.800000,1.700000,1,0,3.417,0.009984,0.68116,0.05704,0.000094,0,210.58,2.93,4.45,98.64,0.002925,0.004397,0.6093,4.009
0.00025,lyap1,227,0.2381,-0.1180,0.800000,1.700000,1,0,2.998,0.009993,0.22894,-0.11404,0.000094,0,452.70,6.69,17.45,203.89,0.006686,0.009436,0.0966,2.118
0.00025,lyap1,228,0.1519,0.8000,0.800000,1.700000,1,0,4.112,0.009999,0.14976,0.79020,0.000094,0,358.48,24.13,35.59,125.54,0.024135,0.035717,0.8177,5.320
0.00025,lyap1,229,0.1294,-0.0464,0.800000,1.700000,1,0,2.557,0.009987,0.11990,-0.04335,0.000094,0,416.33,3.07,1.21,204.65,0.003066,0.004062,0.0292,1.280
0.00025,lyap1,230,0.0091,0.7864,0.800000,1.700000,1,0,4.180,0.009986,0.00838,0.77648,0.000094,0,401.39,19.97,43.95,141.76,0.019969,0.027508,0.7891,5.195
0.00025,lyap1,231,0.7804,-0.0773,0.800000,1.700000,1,0,3.479,0.009996,0.77040,-0.07637,0.000094,0,162.80,3.84,5.21,73.31,0.003842,0.005824,0.7788,4.537
0.00025,lyap1,232,0.1448,0.2357,0.800000,1.700000,1,0,3.313,0.009986,0.13880,0.22773,0.000094,0,564.47,10.85,43.82,230.27,0.010851,0.015639,0.1334,2.626
0.00025,lyap1,233,0.0215,0.4271,0.800000,1.700000,1,0,3.830,0.009995,0.01993,0.41722,0.000094,0,598.71,12.24,60.99,229.19,0.012244,0.016534,0.2906,3.429
0.00025,lyap1,234,-0.0409,-0.1955,0.800000,1.700000,1,0,3.486,0.009999,-0.04104,-0.18545,0.000094,0,744.13,5.30,96.38,271.71,0.005303,0.006189,0.1541,2.497
0.00025,lyap1,235,0.4958,-0.7270,0.800000,1.700000,1,0,3.923,0.009996,0.49009,-0.71879,0.000094,0,263.04,28.86,25.77,84.11,0.028858,0.045190,0.9296,5.597
0.00025,lyap1,236,0.8988,-0.2304,0.800000,1.700000,1,0,3.591,0.009991,0.88905,-0.22807,0.000094,0,109.73,11.07,12.21,34.35,0.011075,0.017026,1.0836,5.521
0.00025,lyap1,237,0.0532,-0.4550,0.800000,1.700000,1,0,3.837,0.009997,0.05117,-0.44521,0.000094,0,571.48,13.84,55.63,219.72,0.013841,0.019279,0.3144,3.568
0.00025,lyap1,238,0.1776,-0.1698,0.800000,1.700000,1,0,3.098,0.009997,0.16987,-0.16347,0.000094,0,514.31,8.97,30.29,220.14,0.008974,0.012748,0.0981,2.312
0.00025,lyap1,239,0.4213,0.3347,0.800000,1.700000,1,0,3.494,0.009988,0.41319,0.32888,0.000094,0,401.24,16.01,28.92,159.69,0.016013,0.024082,0.3661,3.742
0.00025,lyap1,240,0.3769,-0.3379,0.800000,1.700000,1,0,3.493,0.009993,0.36912,-0.33156,0.000094,0,426.86,16.01,30.96,170.47,0.016011,0.024025,0.3272,3.611
0.00025,lyap1,241,0.2876,0.6481,0.800000,1.700000,1,0,3.916,0.009988,0.28328,0.63911,0.000094,0,387.50,23.85,33.41,142.45,0.023852,0.036534,0.6216,4.761
0.00025,lyap1,242,-0.2242,-0.5692,0.800000,1.700000,1,0,4.197,0.009991,-0.22205,-0.55944,0.000094,0,583.99,17.57,76.08,202.74,0.017567,0.022091,0.5705,4.287
0.00025,lyap1,243,0.2114,0.6827,0.800000,1.700000,1,0,3.985,0.009989,0.20809,0.67331,0.000094,0,401.03,23.05,35.95,147.27,0.023050,0.034775,0.6370,4.805
0.00025,lyap1,244,0.3551,-0.4475,0.800000,1.700000,1,0,3.655,0.009985,0.34860,-0.43995,0.000094,0,424.17,19.51,33.40,164.05,0.019505,0.029660,0.4126,4.016
0.00025,lyap1,245,-0.0902,0.2305,0.800000,1.700000,1,0,3.677,0.009991,-0.08891,0.22064,0.000094,0,771.42,7.85,105.95,273.88,0.007849,0.009455,0.1943,2.665
0.00025,lyap1,246,0.3024,-0.0595,0.800000,1.700000,1,0,3.001,0.009989,0.29254,-0.05786,0.000094,0,400.78,3.41,7.93,189.90,0.003409,0.004829,0.1213,2.011
0.00025,lyap1,247,0.0963,-0.5319,0.800000,1.700000,1,0,3.898,0.009990,0.09383,-0.52218,0.000094,0,517.33,16.80,48.09,197.97,0.016801,0.024168,0.4008,3.958
0.00025,lyap1,248,0.6870,-0.3791,0.800000,1.700000,1,0,3.605,0.009999,0.67809,-0.37455,0.000094,0,241.83,17.92,21.81,85.66,0.017919,0.027484,0.7642,4.947
0.00025,lyap1,249,0.6621,-0.5816,0.800000,1.700000,1,0,3.778,0.009980,0.65454,-0.57515,0.000094,0,224.99,25.54,24.11,69.23,0.025542,0.039828,0.9449,5.555
0.00025,lyap1,250,-0.1159,-0.8802,0.800000,1.700000,1,0,4.304,0.009994,-0.11539,-0.87023,0.000094,0,363.45,19.78,47.79,119.10,0.019778,0.025470,1.0101,5.721
0.00025,lyap1,251,0.1278,0.4828,0.800000,1.700000,1,0,3.813,0.009993,0.12460,0.47335,0.000094,0,526.32,16.55,47.14,203.61,0.016554,0.024191,0.3462,3.752
0.00025,lyap1,252,-0.4713,-0.6876,0.800000,1.700000,1,0,4.425,0.009998,-0.46735,-0.67839,0.000094,0,523.47,40.40,81.83,149.61,0.040403,0.048014,1.0240,5.347
0.00025,lyap1,253,0.0785,-0.2458,0.800000,1.700000,1,0,3.405,0.009987,0.07441,-0.23670,0.000094,0,617.99,9.71,56.62,245.09,0.009712,0.013695,0.1408,2.635
0.00025,lyap1,254,0.1938,-0.0414,0.800000,1.700000,1,0,2.748,0.009983,0.18400,-0.03954,0.000094,0,417.22,2.57,4.09,202.59,0.002569,0.003509,0.0514,1.423
0.00025,lyap1,255,0.2595,0.6392,0.800000,1.700000,1,0,3.919,0.009996,0.25542,0.63006,0.000094,0,402.96,23.10,34.83,149.32,0.023105,0.035210,0.5927,4.669
0.00025,lyap1,256,-0.1225,-0.6050,0.800000,1.700000,1,0,4.140,0.009990,-0.12174,-0.59501,0.000094,0,540.14,14.31,63.92,195.41,0.014313,0.017584,0.5485,4.338
0.00025,lyap1,257,-0.2557,-0.7313,0.800000,1.700000,1,0,4.310,0.009990,-0.25369,-0.72154,0.000094,0,477.87,20.09,65.37,158.49,0.020094,0.025435,0.8351,5.119
0.00025,lyap1,258,0.9286,-0.2665,0.800000,1.700000,1,0,3.619,0.009986,0.91900,-0.26395,0.000094,0,93.02,12.70,13.24,23.75,0.012704,0.019597,1.1727,5.762
0.00025,lyap1,259,-0.1529,0.2949,0.800000,1.700000,1,0,3.884,0.009993,-0.15051,0.28516,0.000094,0,762.12,13.55,105.27,265.62,0.013554,0.015734,0.2647,2.979
0.00025,lyap1,260,-0.5134,-0.8404,0.800000,1.700000,1,0,4.497,0.009997,-0.50973,-0.83112,0.000094,0,418.11,42.06,72.89,104.62,0.042059,0.050682,1.3556,6.154
0.00025,lyap1,261,0.1135,0.7021,0.800000,1.700000,1,0,4.055,0.009999,0.11142,0.69229,0.000094,0,423.52,21.01,40.69,155.32,0.021008,0.030560,0.6431,4.803
0.00025,lyap1,262,0.1363,0.0233,0.800000,1.700000,1,0,2.520,0.009984,0.12641,0.02175,0.000094,0,407.00,1.57,1.48,200.84,0.001566,0.002066,0.0254,1.031
0.00025,lyap1,263,0.6920,-0.4273,0.800000,1.700000,1,0,3.647,0.009995,0.68338,-0.42226,0.000094,0,234.91,19.88,22.68,79.87,0.019876,0.030621,0.8173,5.129
0.00025,lyap1,264,0.2765,0.2692,0.800000,1.700000,1,0,3.366,0.009983,0.26896,0.26267,0.000094,0,484.36,13.12,33.49,198.85,0.013122,0.019324,0.2016,3.021
0.00025,lyap1,265,0.2175,0.3285,0.800000,1.700000,1,0,3.499,0.009982,0.21141,0.32052,0.000094,0,520.82,14.53,40.60,208.91,0.014534,0.021519,0.2188,3.169
0.00025,lyap1,266,0.5969,-0.4234,0.800000,1.700000,1,0,3.626,0.009998,0.58856,-0.41789,0.000094,0,291.70,19.67,25.03,106.06,0.019670,0.030166,0.6620,4.729
0.00025,lyap1,267,0.0093,-0.2934,0.800000,1.700000,1,0,3.621,0.009986,0.00755,-0.28354,0.000094,0,663.66,8.69,71.61,253.70,0.008688,0.011388,0.1850,2.836
0.00025,lyap1,268,-0.0703,-0.4002,0.800000,1.700000,1,0,3.898,0.009987,-0.07009,-0.39024,0.000094,0,652.50,9.88,76.20,242.64,0.009875,0.011957,0.2942,3.330
0.00025,lyap1,269,-0.1298,0.8148,0.800000,1.700000,1,0,4.277,0.009995,-0.12909,0.80485,0.000094,0,407.17,18.42,51.74,138.03,0.018424,0.023313,0.8909,5.396
0.00025,lyap1,270,0.3659,0.1527,0.800000,1.700000,1,0,3.199,0.009998,0.35652,0.14927,0.000094,0,407.75,8.17,18.57,179.17,0.008170,0.011875,0.2019,2.751
0.00025,lyap1,271,0.1731,0.7224,0.800000,1.700000,1,0,4.040,0.009989,0.17039,0.71276,0.000094,0,394.04,23.00,36.75,143.02,0.022997,0.034294,0.6880,4.954
0.00025,lyap1,272,-0.1537,-0.3882,0.800000,1.700000,1,0,3.986,0.009982,-0.15185,-0.37836,0.000094,0,692.64,12.58,89.64,247.25,0.012576,0.015508,0.3296,3.361
0.00025,lyap1,273,0.3157,0.8481,0.800000,1.700000,1,0,4.077,0.009987,0.31210,0.83881,0.000094,0,280.82,28.98,27.97,90.71,0.028977,0.044772,0.9816,5.757
0.00025,lyap1,274,-0.0314,-0.5603,0.800000,1.700000,1,0,4.029,0.009998,-0.03188,-0.55026,0.000094,0,544.92,13.87,58.44,203.62,0.013865,0.018161,0.4517,4.067
0.00025,lyap1,275,0.8578,-0.3810,0.800000,1.700000,1,0,3.656,0.009981,0.84863,-0.37718,0.000094,0,137.18,17.87,18.14,37.05,0.017868,0.027643,1.0964,5.724
0.00025,lyap1,276,0.1279,-0.9419,0.800000,1.700000,1,0,4.219,0.009980,0.12633,-0.93205,0.000094,0,283.21,26.53,32.74,88.97,0.026528,0.038922,1.0952,6.023
0.00025,lyap1,277,0.3437,0.3660,0.800000,1.700000,1,0,3.537,0.009989,0.33655,0.35910,0.000094,0,443.95,16.84,33.25,176.10,0.016837,0.025322,0.3242,3.635
0.00025,lyap1,278,0.4443,0.0492,0.800000,1.700000,1,0,3.192,0.009989,0.43439,0.04821,0.000094,0,337.69,2.66,5.54,161.31,0.002658,0.003871,0.2533,2.667
0.00025,lyap1,279,0.5094,-0.5381,0.800000,1.700000,1,0,3.742,0.009983,0.50237,-0.53101,0.000094,0,319.53,23.43,27.83,114.36,0.023427,0.036211,0.6722,4.854
0.00025,lyap1,280,0.6178,0.6921,0.800000,1.700000,1,0,3.873,0.009997,0.61105,0.68467,0.000094,0,216.34,28.91,23.96,62.53,0.028909,0.045382,1.0355,5.822
0.00025,lyap1,281,-0.0121,0.1057,0.800000,1.700000,1,0,3.041,0.009999,-0.01335,0.09581,0.000094,0,690.44,3.05,82.24,260.69,0.003048,0.003667,0.1227,2.206
0.00025,lyap1,282,0.5679,0.2579,0.800000,1.700000,1,0,3.454,0.009982,0.55868,0.25405,0.000094,0,312.91,12.78,20.45,126.42,0.012784,0.019240,0.4884,4.016
0.00025,lyap1,283,0.2760,0.1287,0.800000,1.700000,1,0,3.067,0.009996,0.26674,0.12498,0.000094,0,442.11,7.15,18.21,197.48,0.007152,0.010197,0.1232,2.299
0.00025,lyap1,284,0.4500,0.3983,0.800000,1.700000,1,0,3.582,0.009987,0.44224,0.39201,0.000094,0,379.79,18.43,29.27,146.80,0.018434,0.028002,0.4516,4.098
0.00025,lyap1,285,0.4344,0.0610,0.800000,1.700000,1,0,3.186,0.009983,0.42444,0.05976,0.000094,0,346.07,3.30,6.96,163.60,0.003301,0.004803,0.2439,2.661
0.00025,lyap1,286,0.2625,-0.1936,0.800000,1.700000,1,0,3.197,0.009998,0.25408,-0.18820,0.000094,0,475.85,10.15,27.62,202.70,0.010145,0.014665,0.1460,2.614
0.00025,lyap1,287,0.4951,-0.4703,0.800000,1.700000,1,0,3.669,0.009985,0.48770,-0.46360,0.000094,0,342.81,21.11,28.36,127.21,0.021114,0.032401,0.5758,4.536
0.00025,lyap1,288,-0.0609,0.1904,0.800000,1.700000,1,0,3.524,0.009999,-0.06025,0.18044,0.000094,0,769.48,5.79,105.24,275.15,0.005794,0.006846,0.1633,2.504
0.00025,lyap1,289,0.4627,-0.5742,0.800000,1.700000,1,0,3.786,0.009982,0.45628,-0.56661,0.000094,0,333.74,24.22,28.80,119.91,0.024217,0.037479,0.6648,4.856
0.00025,lyap1,290,-0.2671,0.5113,0.800000,1.700000,1,0,4.197,0.009998,-0.26421,0.50175,0.000094,0,633.72,22.24,85.77,214.41,0.022244,0.026535,0.5392,4.093
0.00025,lyap1,291,-0.1914,0.4290,0.800000,1.700000,1,0,4.065,0.010000,-0.18916,0.41922,0.000094,0,675.54,15.53,88.65,237.47,0.015534,0.019051,0.3915,3.593
0.00025,lyap1,292,0.3585,0.0772,0.800000,1.700000,1,0,3.102,0.009982,0.34871,0.07536,0.000094,0,385.67,4.28,9.76,179.86,0.004282,0.006153,0.1713,2.361
0.00025,lyap1,293,0.0225,0.1187,0.800000,1.700000,1,0,2.988,0.009995,0.01899,0.10937,0.000094,0,621.72,4.75,56.28,251.02,0.004746,0.006262,0.0991,2.140
0.00025,lyap1,294,0.4545,0.0289,0.800000,1.700000,1,0,3.197,0.009999,0.44450,0.02832,0.000094,0,326.67,1.56,3.21,158.95,0.001559,0.002273,0.2627,2.647
0.00025,lyap1,295,-0.0097,-0.2389,0.800000,1.700000,1,0,3.530,0.009989,-0.01102,-0.22900,0.000094,0,696.97,6.72,80.46,262.99,0.006716,0.008472,0.1593,2.624
0.00025,lyap1,296,-0.0414,-0.4969,0.800000,1.700000,1,0,3.976,0.009988,-0.04170,-0.48690,0.000094,0,584.91,12.23,63.82,219.46,0.012231,0.015680,0.3793,3.764
0.00025,lyap1,297,-0.4635,-0.8276,0.800000,1.700000,1,0,4.468,0.009990,-0.46009,-0.81824,0.000094,0,427.00,37.26,71.26,114.30,0.037255,0.045169,1.2536,5.978
0.00025,lyap1,298,-0.1078,-0.2116,0.800000,1.700000,1,0,3.681,0.009998,-0.10580,-0.20182,0.000094,0,800.22,9.88,115.19,277.50,0.009882,0.011338,0.1982,2.627
0.00025,lyap1,299,0.1967,0.7699,0.800000,1.700000,1,0,4.067,0.009996,0.19400,0.76031,0.000094,0,361.29,24.61,34.32,127.86,0.024614,0.036994,0.7766,5.213
0.00025,lyap2,0,-0.4828,-0.7608,0.500000,2.500000,1,0,7.984,0.009995,-0.47860,-0.75167,0.000063,0,1024.97,26.41,44.00,448.68,0.026406,0.038130,0.7692,4.243
0.00025,lyap2,1,0.3886,-0.1909,0.500000,2.500000,1,0,6.230,0.009994,0.37962,-0.18645,0.000063,0,886.73,2.50,2.10,439.39,0.002495,0.005147,0.1346,2.251
0.00025,lyap2,2,0.1373,-0.1241,0.500000,2.500000,1,0,5.048,0.009996,0.12985,-0.11736,0.000063,0,831.94,1.84,0.91,413.68,0.001844,0.003434,0.0566,1.810
0.00025,lyap2,3,0.5235,0.3075,0.500000,2.500000,1,0,6.760,0.009994,0.51488,0.30240,0.000063,0,875.12,3.64,1.89,432.94,0.003635,0.007811,0.2549,2.946
0.00025,lyap2,4,0.3315,0.9345,0.500000,2.500000,1,0,7.786,0.009994,0.32787,0.92514,0.000063,0,844.23,9.36,8.46,406.63,0.009364,0.016259,0.6944,4.613
0.00025,lyap2,5,0.3231,-0.0585,0.500000,2.500000,1,0,5.759,0.009994,0.31323,-0.05670,0.000064,0,865.04,0.87,0.98,430.89,0.000865,0.001710,0.0724,1.480
0.00025,lyap2,6,-0.0850,0.5502,0.500000,2.500000,1,0,7.127,0.009999,-0.08427,0.54019,0.000064,0,1018.17,9.30,26.07,476.05,0.009297,0.013800,0.3498,3.444
0.00025,lyap2,7,-0.0720,-0.5823,0.500000,2.500000,1,0,7.195,0.009995,-0.07154,-0.57230,0.000065,0,1010.08,9.33,24.87,473.17,0.009328,0.013840,0.3664,3.509
0.00025,lyap2,8,0.3960,-0.5209,0.500000,2.500000,1,0,7.022,0.009996,0.38990,-0.51298,0.000064,0,892.51,5.33,1.49,440.77,0.005333,0.011172,0.3196,3.442
0.00025,lyap2,9,0.3685,0.3828,0.500000,2.500000,1,0,6.660,0.009995,0.36156,0.37561,0.000063,0,899.54,4.20,0.35,446.27,0.004204,0.008913,0.2183,2.963
0.00025,lyap2,10,0.1283,0.2512,0.500000,2.500000,1,0,5.838,0.009993,0.12366,0.24235,0.000064,0,915.05,3.17,4.85,450.30,0.003169,0.005393,0.1206,2.496
0.00025,lyap2,11,0.2440,0.2446,0.500000,2.500000,1,0,6.006,0.009995,0.23690,0.23749,0.000064,0,897.62,3.00,0.56,446.00,0.002997,0.006052,0.1142,2.362
0.00025,lyap2,12,0.6768,0.6211,0.500000,2.500000,1,0,7.457,0.009998,0.66942,0.61433,0.000064,0,811.20,6.21,0.49,400.46,0.006206,0.014006,0.5686,4.201
0.00025,lyap2,13,0.7407,-0.0375,0.500000,2.500000,1,0,6.973,0.009996,0.73071,-0.03694,0.000064,0,824.81,0.46,0.30,411.76,0.000463,0.000999,0.3599,2.822
0.00025,lyap2,14,0.1895,0.9012,0.500000,2.500000,1,0,7.735,0.009994,0.18706,0.89149,0.000063,0,885.55,9.80,12.55,422.87,0.009796,0.015365,0.6282,4.405
0.00025,lyap2,15,0.3282,0.2784,0.500000,2.500000,1,0,6.303,0.009997,0.32057,0.27193,0.000063,0,899.79,3.34,1.41,445.98,0.003342,0.006945,0.1490,2.540
0.00025,lyap2,16,0.4229,-0.6724,0.500000,2.500000,1,0,7.352,0.009998,0.41746,-0.66395,0.000064,0,872.00,6.63,3.22,427.80,0.006633,0.013445,0.4538,3.932
0.00025,lyap2,17,-0.0535,-0.6259,0.500000,2.500000,1,0,7.283,0.009994,-0.05337,-0.61587,0.000064,0,998.38,9.42,23.39,468.74,0.009419,0.013954,0.3918,3.604
0.00025,lyap2,18,0.5135,-0.1699,0.500000,2.500000,1,0,6.531,0.009997,0.50406,-0.16669,0.000063,0,873.09,2.18,1.75,433.16,0.002180,0.004582,0.1967,2.450
0.00025,lyap2,19,-0.1027,-0.2139,0.500000,2.500000,1,0,5.946,0.009998,-0.09946,-0.20443,0.000064,0,1030.24,7.56,38.29,471.16,0.007564,0.009949,0.2631,3.107
0.00025,lyap2,20,0.5724,0.0126,0.500000,2.500000,1,0,6.584,0.009994,0.56246,0.01233,0.000063,0,857.42,0.16,0.14,428.45,0.000164,0.000345,0.2144,2.157
0.00025,lyap2,21,-0.2534,-0.7892,0.500000,2.500000,1,0,7.781,0.009999,-0.25133,-0.77945,0.000063,0,995.90,16.37,33.06,452.61,0.016371,0.025054,0.6226,4.108
0.00025,lyap2,22,0.1756,0.0811,0.500000,2.500000,1,0,5.014,0.009995,0.16659,0.07683,0.000063,0,820.39,1.32,0.80,408.40,0.001320,0.002458,0.0365,1.398
0.00025,lyap2,23,-0.1826,-0.5070,0.500000,2.500000,1,0,7.146,0.009997,-0.18026,-0.49724,0.000064,0,1051.81,12.29,34.37,482.32,0.012288,0.017894,0.3719,3.428
0.00025,lyap2,24,0.5281,0.1638,0.500000,2.500000,1,0,6.560,0.009999,0.51857,0.16077,0.000063,0,870.69,2.10,1.67,432.10,0.002099,0.004419,0.2047,2.468
0.00025,lyap2,25,0.2533,-0.1131,0.500000,2.500000,1,0,5.551,0.010000,0.24420,-0.10897,0.000064,0,862.26,1.67,1.42,428.46,0.001670,0.003261,0.0614,1.664
0.00025,lyap2,26,-0.0698,0.1000,0.500000,2.500000,1,0,4.992,0.009997,-0.06528,0.09102,0.000063,0,961.40,5.59,49.25,427.26,0.005591,0.006785,0.3016,3.320
0.00025,lyap2,27,0.3040,0.0277,0.500000,2.500000,1,0,5.642,0.009993,0.29406,0.02673,0.000064,0,857.45,0.42,0.48,427.93,0.000420,0.000821,0.0614,1.262
0.00025,lyap2,28,0.2958,-0.8584,0.500000,2.500000,1,0,7.657,0.009999,0.29229,-0.84904,0.000063,0,871.02,8.78,8.74,420.19,0.008779,0.015013,0.5973,4.353
0.00025,lyap2,29,0.3034,0.1431,0.500000,2.500000,1,0,5.842,0.009999,0.29443,0.13879,0.000064,0,877.87,2.00,1.84,435.59,0.002001,0.004001,0.0854,1.893
0.00025,lyap2,30,-0.0517,-0.6699,0.500000,2.500000,1,0,7.381,0.009994,-0.05169,-0.65994,0.000064,0,989.84,9.86,23.11,464.42,0.009857,0.014661,0.4263,3.713
0.00025,lyap2,31,0.5492,0.3284,0.500000,2.500000,1,0,6.841,0.009997,0.54062,0.32323,0.000064,0,869.80,3.83,1.83,430.20,0.003828,0.008274,0.2815,3.068
0.00025,lyap2,32,-0.2470,-0.5392,0.500000,2.500000,1,0,7.317,0.009993,-0.24398,-0.52969,0.000064,0,1061.18,15.38,38.19,480.87,0.015377,0.021964,0.4287,3.539
0.00025,lyap2,33,0.0352,0.9500,0.500000,2.500000,1,0,7.856,0.009994,0.03427,0.94003,0.000063,0,903.21,11.66,18.59,424.26,0.011664,0.017527,0.6896,4.493
0.00025,lyap2,34,0.0707,-0.1224,0.500000,2.500000,1,0,4.777,0.009999,0.06558,-0.11381,0.000064,0,821.09,1.85,5.32,403.84,0.001850,0.003005,0.0907,2.088
0.00025,lyap2,35,0.4590,0.2294,0.500000,2.500000,1,0,6.487,0.009995,0.45004,0.22491,0.000063,0,883.41,2.88,2.07,437.48,0.002876,0.006049,0.1838,2.539
0.00025,lyap2,36,-0.1107,0.4644,0.500000,2.500000,1,0,6.926,0.009997,-0.10928,0.45449,0.000064,0,1036.14,9.21,29.22,481.94,0.009212,0.013580,0.3113,3.294
0.00025,lyap2,37,0.1172,0.8775,0.500000,2.500000,1,0,7.708,0.009996,0.11539,0.86762,0.000063,0,907.10,10.10,15.11,430.87,0.010099,0.015275,0.5993,4.300
0.00025,lyap2,38,-0.1887,-0.6828,0.500000,2.500000,1,0,7.531,0.009998,-0.18694,-0.67293,0.000064,0,1015.10,13.43,31.30,466.18,0.013432,0.020434,0.4940,3.803
0.00025,lyap2,39,0.8660,-0.0873,0.500000,2.500000,1,0,7.216,0.009996,0.85606,-0.08627,0.000065,0,791.43,1.04,0.57,394.37,0.001040,0.002284,0.4960,3.366
0.00025,lyap2,40,0.3463,-0.5640,0.500000,2.500000,1,0,7.083,0.009997,0.34101,-0.55552,0.000064,0,902.36,5.79,3.28,443.56,0.005785,0.011429,0.3348,3.522
0.00025,lyap2,41,0.1016,-0.3385,0.500000,2.500000,1,0,6.258,0.009999,0.09847,-0.32902,0.000063,0,951.76,4.28,8.91,463.77,0.004277,0.006484,0.1700,2.816
0.00025,lyap2,42,-0.2362,-0.3342,0.500000,2.500000,1,0,6.811,0.010000,-0.23164,-0.32532,0.000064,0,1095.59,14.77,45.35,491.37,0.014769,0.019834,0.3429,3.585
0.00025,lyap2,43,0.8826,0.0070,0.500000,2.500000,1,0,7.234,0.009993,0.87258,0.00695,0.000065,0,784.78,0.08,0.05,392.28,0.000084,0.000184,0.5097,3.291
0.00025,lyap2,44,0.1563,-0.4355,0.500000,2.500000,1,0,6.639,0.009996,0.15267,-0.42619,0.000063,0,950.20,5.08,7.64,463.65,0.005078,0.008231,0.2186,3.058
0.00025,lyap2,45,0.0602,0.2535,0.500000,2.500000,1,0,5.827,0.009997,0.05753,0.24391,0.000064,0,939.01,3.53,11.46,455.40,0.003529,0.004992,0.1440,2.650
0.00025,lyap2,46,0.3509,-0.8008,0.500000,2.500000,1,0,7.564,0.009995,0.34672,-0.79176,0.000063,0,869.56,8.01,6.56,422.21,0.008010,0.014593,0.5511,4.232
0.00025,lyap2,47,-0.1504,-0.4231,0.500000,2.500000,1,0,6.871,0.009995,-0.14810,-0.41338,0.000064,0,1053.99,10.51,33.78,485.33,0.010514,0.015104,0.3133,3.266
0.00025,lyap2,48,0.3656,-0.0779,0.500000,2.500000,1,0,5.958,0.009994,0.35587,-0.07581,0.000064,0,872.36,1.11,1.23,434.11,0.001111,0.002232,0.0940,1.691
0.00025,lyap2,49,-0.2992,-0.4212,0.500000,2.500000,1,0,7.162,0.009996,-0.29462,-0.41228,0.000065,0,1097.86,17.88,46.03,489.49,0.017883,0.024501,0.4113,3.698
0.00025,lyap2,50,0.7379,0.3254,0.500000,2.500000,1,0,7.153,0.009997,0.72873,0.32130,0.000065,0,824.83,3.74,1.74,407.87,0.003744,0.008244,0.4317,3.522
0.00025,lyap2,51,0.2430,0.2287,0.500000,2.500000,1,0,5.941,0.009998,0.23571,0.22188,0.000064,0,893.99,2.86,0.77,444.08,0.002862,0.005767,0.1065,2.290
0.00025,lyap2,52,-0.0147,-0.5282,0.500000,2.500000,1,0,7.000,0.009998,-0.01505,-0.51825,0.000064,0,1000.84,7.70,20.78,473.87,0.007698,0.011095,0.3100,3.359
0.00025,lyap2,53,0.0787,0.1072,0.500000,2.500000,1,0,4.637,0.009996,0.07271,0.09917,0.000064,0,796.24,1.66,2.34,394.54,0.001657,0.002833,0.0753,1.931
0.00025,lyap2,54,-0.1562,0.9648,0.500000,2.500000,1,0,7.976,0.009994,-0.15542,0.95484,0.000063,0,928.22,14.88,26.52,426.43,0.014878,0.023179,0.7611,4.549
0.00025,lyap2,55,-0.1446,-0.2073,0.500000,2.500000,1,0,6.086,0.009998,-0.14006,-0.19839,0.000064,0,1059.98,9.96,44.71,477.81,0.009961,0.012835,0.3004,3.426
0.00025,lyap2,56,0.7844,0.3256,0.500000,2.500000,1,0,7.225,0.009999,0.77517,0.32171,0.000065,0,811.67,3.73,1.69,401.35,0.003727,0.008241,0.4770,3.651
0.00025,lyap2,57,0.2535,-0.6401,0.500000,2.500000,1,0,7.221,0.009997,0.24958,-0.63087,0.000065,0,919.28,6.79,7.39,447.16,0.006791,0.011745,0.3754,3.677
0.00025,lyap2,58,0.3038,-0.4120,0.500000,2.500000,1,0,6.660,0.009993,0.29780,-0.40400,0.000063,0,912.82,4.44,1.37,451.70,0.004445,0.009012,0.2171,3.010
0.00025,lyap2,59,0.7189,-0.3583,0.500000,2.500000,1,0,7.160,0.009995,0.70998,-0.35380,0.000065,0,828.37,4.07,1.75,409.38,0.004074,0.008986,0.4299,3.561
0.00025,lyap2,60,0.1800,0.0264,0.500000,2.500000,1,0,4.869,0.009996,0.17011,0.02489,0.000064,0,801.03,0.46,0.52,399.65,0.000460,0.000842,0.0230,0.897
0.00025,lyap2,61,-0.4251,0.6545,0.500000,2.500000,1,0,7.771,0.009995,-0.42086,0.64543,0.000063,0,1055.18,23.78,44.53,465.22,0.023785,0.033894,0.6346,3.940
0.00025,lyap2,62,0.5324,0.0722,0.500000,2.500000,1,0,6.494,0.009996,0.52253,0.07082,0.000063,0,865.48,0.95,0.85,431.18,0.000952,0.001989,0.1898,2.180
0.00025,lyap2,63,-0.1463,-0.2830,0.500000,2.500000,1,0,6.397,0.009998,-0.14283,-0.27360,0.000063,0,1060.96,10.02,38.95,484.01,0.010021,0.013426,0.2774,3.207
0.00025,lyap2,64,0.5285,0.0914,0.500000,2.500000,1,0,6.495,0.009995,0.51862,0.08966,0.000063,0,867.01,1.20,1.06,431.54,0.001202,0.002512,0.1897,2.228
0.00025,lyap2,65,0.2105,0.2530,0.500000,2.500000,1,0,5.971,0.009997,0.20413,0.24538,0.000064,0,901.19,3.06,0.55,447.75,0.003061,0.006030,0.1155,2.409
0.00025,lyap2,66,-0.2321,0.7541,0.500000,2.500000,1,0,7.703,0.009998,-0.23015,0.74430,0.000063,0,1003.20,15.40,32.56,457.50,0.015395,0.023531,0.5781,4.005
0.00025,lyap2,67,0.1052,0.6538,0.500000,2.500000,1,0,7.260,0.009998,0.10320,0.64404,0.000064,0,954.97,7.80,14.08,457.55,0.007803,0.011613,0.3814,3.659
0.00025,lyap2,68,0.5076,0.3617,0.500000,2.500000,1,0,6.828,0.010000,0.49952,0.35587,0.000064,0,877.07,4.12,1.59,433.86,0.004122,0.008913,0.2726,3.094
0.00025,lyap2,69,-0.0513,0.1705,0.500000,2.500000,1,0,5.466,0.009994,-0.04943,0.16067,0.000064,0,974.07,4.58,33.93,449.67,0.004582,0.006198,0.2304,2.927
0.00025,lyap2,70,-0.0982,0.3380,0.500000,2.500000,1,0,6.485,0.010000,-0.09634,0.32821,0.000063,0,1036.51,7.78,30.64,481.78,0.007778,0.011138,0.2527,3.103
0.00025,lyap2,71,-0.2987,-0.5024,0.500000,2.500000,1,0,7.326,0.009994,-0.29483,-0.49316,0.000064,0,1080.08,17.82,42.80,483.88,0.017819,0.024902,0.4445,3.544
0.00025,lyap2,72,-0.1503,0.3616,0.500000,2.500000,1,0,6.682,0.009998,-0.14757,0.35200,0.000063,0,1059.47,10.35,35.73,486.25,0.010346,0.014413,0.2911,3.194
0.00025,lyap2,73,-0.1360,0.7558,0.500000,2.500000,1,0,7.620,0.009995,-0.13512,0.74581,0.000063,0,987.05,12.50,27.37,456.78,0.012503,0.019131,0.5322,3.961
0.00025,lyap2,74,0.2863,-0.1810,0.500000,2.500000,1,0,5.894,0.009993,0.27788,-0.17558,0.000064,0,885.00,2.43,1.79,438.89,0.002429,0.004889,0.0941,2.071
0.00025,lyap2,75,0.2629,0.0381,0.500000,2.500000,1,0,5.437,0.009996,0.25300,0.03665,0.000064,0,847.15,0.60,0.63,422.50,0.000598,0.001150,0.0474,1.198
0.00025,lyap2,76,-0.0879,0.1908,0.500000,2.500000,1,0,5.759,0.009994,-0.08484,0.18125,0.000064,0,1014.86,6.69,38.42,463.99,0.006693,0.008750,0.2593,3.067
0.00025,lyap2,77,0.1878,-0.1637,0.500000,2.500000,1,0,5.487,0.009998,0.18029,-0.15708,0.000064,0,866.15,2.25,0.07,431.31,0.002249,0.004366,0.0721,1.982
0.00025,lyap2,78,0.3960,0.0616,0.500000,2.500000,1,0,6.055,0.009999,0.38613,0.06004,0.000064,0,871.90,0.87,0.96,434.34,0.000869,0.001758,0.1064,1.707
0.00025,lyap2,79,0.1499,0.3328,0.500000,2.500000,1,0,6.247,0.009996,0.14563,0.32375,0.000063,0,936.19,3.99,5.38,459.72,0.003990,0.006724,0.1594,2.751
0.00025,lyap2,80,0.4252,0.0139,0.500000,2.500000,1,0,6.137,0.009999,0.41517,0.01354,0.000064,0,868.72,0.19,0.21,434.00,0.000194,0.000395,0.1183,1.624
0.00025,lyap2,81,-0.1576,0.2546,0.500000,2.500000,1,0,6.326,0.009998,-0.15353,0.24547,0.000063,0,1067.75,10.64,42.20,483.70,0.010638,0.013998,0.2914,3.355
0.00025,lyap2,82,-0.0686,-0.8309,0.500000,2.500000,1,0,7.707,0.009996,-0.06848,-0.82092,0.000063,0,955.17,11.83,23.36,445.35,0.011828,0.017939,0.5807,4.146
0.00025,lyap2,83,0.4444,-0.8902,0.500000,2.500000,1,0,7.735,0.009998,0.43982,-0.88133,0.000063,0,826.22,8.57,5.33,401.35,0.008566,0.016452,0.6857,4.605
0.00025,lyap2,84,0.2393,0.0573,0.500000,2.500000,1,0,5.333,0.009996,0.22954,0.05492,0.000063,0,842.27,0.91,0.86,419.59,0.000908,0.001733,0.0431,1.270
0.00025,lyap2,85,-0.0699,0.1952,0.500000,2.500000,1,0,5.711,0.009997,-0.06755,0.18544,0.000064,0,1000.10,5.67,34.82,460.97,0.005674,0.007640,0.2407,2.986
0.00025,lyap2,86,0.7095,0.5152,0.500000,2.500000,1,0,7.344,0.009999,0.70140,0.50933,0.000064,0,817.24,5.44,1.29,403.24,0.005443,0.012199,0.5156,3.975
0.00025,lyap2,87,-0.0494,-0.2016,0.500000,2.500000,1,0,5.678,0.009996,-0.04789,-0.19175,0.000064,0,984.63,4.77,30.45,458.29,0.004766,0.006553,0.2199,2.913
0.00025,lyap2,88,0.0267,0.5306,0.500000,2.500000,1,0,6.976,0.009997,0.02560,0.52067,0.000064,0,988.71,7.19,17.74,471.23,0.007187,0.010260,0.3001,3.347
0.00025,lyap2,89,0.5313,0.5599,0.500000,2.500000,1,0,7.224,0.009994,0.52447,0.55267,0.000065,0,856.25,5.65,0.15,423.73,0.005654,0.012466,0.4162,3.753
0.00025,lyap2,90,-0.0457,0.0894,0.500000,2.500000,1,0,4.663,0.009996,-0.04232,0.07996,0.000064,0,900.08,3.96,40.77,406.30,0.003963,0.004858,0.2706,3.094
0.00025,lyap2,91,-0.3348,-0.7215,0.500000,2.500000,1,0,7.759,0.009996,-0.33170,-0.71198,0.000063,0,1026.83,19.71,38.47,460.16,0.019707,0.028817,0.6155,4.001
0.00025,lyap2,92,-0.2539,0.6200,0.500000,2.500000,1,0,7.487,0.009996,-0.25123,0.61034,0.000064,0,1043.22,15.86,36.49,473.22,0.015860,0.023159,0.4841,3.706
0.00025,lyap2,93,0.1010,0.2482,0.500000,2.500000,1,0,5.800,0.009994,0.09708,0.23901,0.000064,0,921.38,3.23,7.06,451.20,0.003233,0.005121,0.1257,2.538
0.00025,lyap2,94,0.8495,0.4720,0.500000,2.500000,1,0,7.459,0.009997,0.84077,0.46710,0.000064,0,780.70,5.09,1.66,384.87,0.005092,0.011473,0.6239,4.205
0.00025,lyap2,95,0.1372,0.4237,0.500000,2.500000,1,0,6.596,0.009994,0.13381,0.41425,0.000063,0,954.61,5.04,8.47,465.05,0.005043,0.007947,0.2127,3.031
0.00025,lyap2,96,0.4789,0.8183,0.500000,2.500000,1,0,7.633,0.009995,0.47376,0.80978,0.000063,0,832.57,7.83,3.89,406.52,0.007835,0.015780,0.6233,4.437
0.00025,lyap2,97,-0.0656,0.3396,0.500000,2.500000,1,0,6.427,0.009994,-0.06454,0.32969,0.000063,0,1021.27,6.67,26.68,478.96,0.006667,0.009544,0.2350,3.057
0.00025,lyap2,98,0.6043,0.2287,0.500000,2.500000,1,0,6.807,0.009997,0.59493,0.22510,0.000064,0,859.03,2.80,1.77,425.65,0.002795,0.006000,0.2792,2.883
0.00025,lyap2,99,-0.0616,-0.5886,0.500000,2.500000,1,0,7.200,0.009999,-0.06130,-0.57855,0.000065,0,1006.35,9.18,24.10,472.19,0.009179,0.013580,0.3670,3.519
0.00025,lyap2,100,0.6577,0.3184,0.500000,2.500000,1,0,7.014,0.009999,0.64873,0.31401,0.000064,0,845.80,3.71,1.81,418.31,0.003705,0.008090,0.3578,3.291
0.00025,lyap2,101,0.7053,0.3527,0.500000,2.500000,1,0,7.132,0.010000,0.69641,0.34816,0.000064,0,832.19,4.02,1.76,411.31,0.004024,0.008860,0.4149,3.510
0.00025,lyap2,102,-0.2611,-0.8069,0.500000,2.500000,1,0,7.817,0.009994,-0.25903,-0.79715,0.000063,0,991.67,16.75,33.15,450.12,0.016749,0.025665,0.6440,4.159
0.00025,lyap2,103,-0.2565,-0.5607,0.500000,2.500000,1,0,7.375,0.009995,-0.25350,-0.55118,0.000064,0,1058.20,15.86,38.20,479.00,0.015860,0.022732,0.4474,3.588
0.00025,lyap2,104,-0.0062,-0.2025,0.500000,2.500000,1,0,5.562,0.009995,-0.00652,-0.19252,0.000064,0,950.78,3.60,22.22,450.47,0.003605,0.004774,0.1809,2.752
0.00025,lyap2,105,0.1683,-0.1221,0.500000,2.500000,1,0,5.183,0.009995,0.16022,-0.11620,0.000063,0,839.42,1.83,0.12,418.22,0.001828,0.003461,0.0530,1.733
0.00025,lyap2,106,0.1073,0.7657,0.500000,2.500000,1,0,7.502,0.009995,0.10549,0.75589,0.000064,0,935.07,9.00,14.88,445.91,0.008996,0.013474,0.4830,3.973
0.00025,lyap2,107,0.2607,-0.0935,0.500000,2.500000,1,0,5.531,0.009997,0.25132,-0.09007,0.000064,0,858.65,1.41,1.32,426.95,0.001407,0.002737,0.0576,1.549
0.00025,lyap2,108,0.2814,0.9272,0.500000,2.500000,1,0,7.772,0.009996,0.27821,0.91770,0.000063,0,857.98,9.52,9.80,412.05,0.009523,0.015911,0.6726,4.547
0.00025,lyap2,109,0.5130,0.7951,0.500000,2.500000,1,0,7.610,0.009997,0.50748,0.78672,0.000063,0,827.77,7.56,3.03,405.18,0.007563,0.015720,0.6173,4.417
0.00025,lyap2,110,0.4870,-0.3349,0.500000,2.500000,1,0,6.743,0.009995,0.47881,-0.32921,0.000063,0,881.49,3.89,1.71,436.12,0.003886,0.008349,0.2466,2.967
0.00025,lyap2,111,0.2839,0.6459,0.500000,2.500000,1,0,7.241,0.009996,0.27967,0.63682,0.000065,0,910.94,6.74,6.44,443.97,0.006738,0.012041,0.3859,3.715
0.00025,lyap2,112,0.3172,0.1950,0.500000,2.500000,1,0,6.032,0.009994,0.30870,0.18972,0.000064,0,888.83,2.57,1.96,440.53,0.002567,0.005224,0.1086,2.167
0.00025,lyap2,113,0.3999,-0.0481,0.500000,2.500000,1,0,6.060,0.009994,0.38995,-0.04685,0.000064,0,870.89,0.68,0.75,434.18,0.000679,0.001373,0.1069,1.663
0.00025,lyap2,114,0.0845,-0.3381,0.500000,2.500000,1,0,6.258,0.009997,0.08173,-0.32847,0.000063,0,957.47,4.38,10.32,465.13,0.004380,0.006422,0.1738,2.835
0.00025,lyap2,115,0.2833,0.3617,0.500000,2.500000,1,0,6.484,0.009999,0.27711,0.35383,0.000063,0,912.21,4.01,0.79,452.31,0.004014,0.008140,0.1825,2.827
0.00025,lyap2,116,-0.0960,-0.1708,0.500000,2.500000,1,0,5.678,0.009996,-0.09231,-0.16151,0.000064,0,1018.46,7.16,42.35,461.51,0.007160,0.009146,0.2772,3.205
0.00025,lyap2,117,0.1426,0.0149,0.500000,2.500000,1,0,4.509,0.009995,0.13271,0.01386,0.000064,0,762.82,0.28,0.65,380.55,0.000281,0.000497,0.0141,0.691
0.00025,lyap2,118,0.2298,-0.1089,0.500000,2.500000,1,0,5.427,0.009996,0.22079,-0.10460,0.000063,0,854.72,1.64,1.20,424.93,0.001637,0.003163,0.0547,1.619
0.00025,lyap2,119,0.3467,0.6367,0.500000,2.500000,1,0,7.243,0.010000,0.34181,0.62801,0.000064,0,895.91,6.47,4.46,438.64,0.006469,0.012402,0.3943,3.741
0.00025,lyap2,120,0.1427,0.1849,0.500000,2.500000,1,0,5.471,0.010000,0.13655,0.17698,0.000064,0,877.40,2.43,2.43,434.45,0.002431,0.004530,0.0854,2.174
0.00025,lyap2,121,0.9039,0.2691,0.500000,2.500000,1,0,7.360,0.009999,0.89428,0.26622,0.000064,0,777.48,3.08,1.42,385.01,0.003083,0.006859,0.5840,3.872
0.00025,lyap2,122,0.6186,-0.7694,0.500000,2.500000,1,0,7.628,0.009997,0.61231,-0.76161,0.000063,0,802.74,7.26,1.29,394.63,0.007264,0.016034,0.6594,4.513
0.00025,lyap2,123,0.1330,0.4410,0.500000,2.500000,1,0,6.655,0.009999,0.12983,0.43147,0.000063,0,957.12,5.26,9.13,465.49,0.005257,0.008186,0.2237,3.080
0.00025,lyap2,124,0.3040,-0.5997,0.500000,2.500000,1,0,7.143,0.010000,0.29935,-0.59082,0.000064,0,910.31,6.23,5.05,445.43,0.006226,0.011580,0.3517,3.593
0.00025,lyap2,125,0.8777,-0.3398,0.500000,2.500000,1,0,7.374,0.009996,0.86839,-0.33612,0.000064,0,782.53,3.83,1.63,386.77,0.003830,0.008548,0.5830,3.957
0.00025,lyap2,126,0.4647,-0.7285,0.500000,2.500000,1,0,7.476,0.009997,0.45926,-0.72014,0.000064,0,852.67,7.06,3.13,417.91,0.007060,0.014495,0.5253,4.153
0.00025,lyap2,127,-0.1434,-0.2996,0.500000,2.500000,1,0,6.451,0.009996,-0.14020,-0.29012,0.000063,0,1059.19,9.88,37.68,484.50,0.009882,0.013378,0.2740,3.149
0.00025,lyap2,128,0.7348,0.4244,0.500000,2.500000,1,0,7.260,0.010000,0.72621,0.41940,0.000064,0,819.30,4.68,1.67,404.47,0.004683,0.010416,0.4803,3.784
0.00025,lyap2,129,-0.1202,-0.4211,0.500000,2.500000,1,0,6.812,0.009995,-0.11837,-0.41129,0.000064,0,1043.24,9.21,30.92,483.79,0.009205,0.013436,0.2957,3.233
0.00025,lyap2,130,0.0262,0.7331,0.500000,2.500000,1,0,7.467,0.009996,0.02527,0.72317,0.000064,0,959.88,9.45,18.68,454.17,0.009452,0.013890,0.4618,3.870
0.00025,lyap2,131,0.1806,-0.8313,0.500000,2.500000,1,0,7.612,0.010000,0.17811,-0.82159,0.000063,0,904.22,9.14,12.35,432.91,0.009135,0.014283,0.5502,4.192
0.00025,lyap2,132,0.0616,0.4904,0.500000,2.500000,1,0,6.836,0.009994,0.05989,0.48051,0.000064,0,980.03,6.35,14.82,470.43,0.006352,0.009099,0.2657,3.236
0.00025,lyap2,133,0.3828,0.6743,0.500000,2.500000,1,0,7.336,0.009999,0.37777,0.66566,0.000064,0,882.13,6.73,4.12,431.89,0.006734,0.013174,0.4395,3.891
0.00025,lyap2,134,0.6240,-0.1220,0.500000,2.500000,1,0,6.753,0.009997,0.61421,-0.12004,0.000063,0,852.90,1.54,1.13,424.17,0.001541,0.003282,0.2662,2.624
0.00025,lyap2,135,0.7082,-0.4265,0.500000,2.500000,1,0,7.227,0.009996,0.69966,-0.42133,0.000065,0,826.56,4.70,1.64,408.12,0.004703,0.010442,0.4575,3.724
0.00025,lyap2,136,0.3059,-0.0613,0.500000,2.500000,1,0,5.684,0.009999,0.29609,-0.05933,0.000064,0,862.29,0.92,1.02,429.44,0.000917,0.001801,0.0660,1.449
0.00025,lyap2,137,0.3815,0.8201,0.500000,2.500000,1,0,7.605,0.009993,0.37709,0.81113,0.000063,0,857.95,8.10,6.01,416.89,0.008096,0.015070,0.5820,4.322
0.00025,lyap2,138,-0.4068,-0.7436,0.500000,2.500000,1,0,7.874,0.009996,-0.40314,-0.73432,0.000063,0,1026.62,22.97,41.29,454.80,0.022969,0.033307,0.6890,4.121
0.00025,lyap2,139,0.2478,-0.2333,0.500000,2.500000,1,0,5.971,0.009995,0.24057,-0.22640,0.000064,0,895.23,2.90,0.81,444.62,0.002903,0.005866,0.1093,2.311
0.00025,lyap2,140,0.6772,0.6933,0.500000,2.500000,1,0,7.560,0.009994,0.67023,0.68617,0.000064,0,798.63,6.71,0.06,394.22,0.006712,0.015178,0.6317,4.406
0.00025,lyap2,141,0.0428,-0.2079,0.500000,2.500000,1,0,5.532,0.009999,0.04037,-0.19817,0.000064,0,922.69,3.08,13.66,445.38,0.003084,0.004204,0.1425,2.577
0.00025,lyap2,142,0.6916,-0.1596,0.500000,2.500000,1,0,6.923,0.009996,0.68184,-0.15728,0.000064,0,839.17,1.96,1.25,416.86,0.001959,0.004226,0.3317,2.940
0.00025,lyap2,143,0.3035,0.5051,0.500000,2.500000,1,0,6.913,0.009996,0.29829,0.49656,0.000064,0,915.16,5.32,3.31,450.29,0.005317,0.010310,0.2793,3.307
0.00025,lyap2,144,0.1292,-0.1752,0.500000,2.500000,1,0,5.376,0.009994,0.12325,-0.16718,0.000063,0,872.18,2.34,3.10,431.23,0.002340,0.004285,0.0839,2.156
0.00025,lyap2,145,0.4745,0.7177,0.500000,2.500000,1,0,7.462,0.009998,0.46893,0.70938,0.000064,0,851.74,6.95,2.82,417.84,0.006946,0.014418,0.5198,4.134
0.00025,lyap2,146,0.3993,0.8983,0.500000,2.500000,1,0,7.737,0.010000,0.39511,0.88924,0.000063,0,836.00,8.77,6.41,405.01,0.008772,0.016224,0.6756,4.575
0.00025,lyap2,147,-0.1444,0.3214,0.500000,2.500000,1,0,6.532,0.009999,-0.14144,0.31185,0.000063,0,1058.99,9.97,36.73,485.29,0.009968,0.013647,0.2770,3.156
0.00025,lyap2,148,0.0548,-0.4646,0.500000,2.500000,1,0,6.757,0.009994,0.05314,-0.45478,0.000063,0,982.06,6.12,14.97,471.46,0.006120,0.008706,0.2510,3.176
0.00025,lyap2,149,0.3302,-0.5948,0.500000,2.500000,1,0,7.144,0.009999,0.32523,-0.58617,0.000064,0,904.13,6.11,4.22,443.26,0.006112,0.011719,0.3546,3.601
0.00025,lyap2,150,0.1291,0.0400,0.500000,2.500000,1,0,4.445,0.009999,0.11955,0.03700,0.000064,0,759.97,0.75,1.87,377.55,0.000751,0.001321,0.0179,0.988
0.00025,lyap2,151,0.1204,0.0183,0.500000,2.500000,1,0,4.267,0.009996,0.11048,0.01674,0.000064,0,735.83,0.36,1.39,366.26,0.000362,0.000626,0.0112,0.690
0.00025,lyap2,152,0.3968,0.7576,0.500000,2.500000,1,0,7.499,0.009997,0.39199,0.74886,0.000064,0,865.74,7.47,4.90,422.36,0.007472,0.014372,0.5236,4.154
0.00025,lyap2,153,0.0547,0.2267,0.500000,2.500000,1,0,5.658,0.010000,0.05201,0.21702,0.000064,0,928.00,3.23,11.98,449.60,0.003233,0.004531,0.1392,2.590
0.00025,lyap2,154,0.0069,0.1062,0.500000,2.500000,1,0,4.557,0.009993,0.00569,0.09628,0.000064,0,828.12,2.02,16.92,395.62,0.002021,0.002500,0.1638,2.529
0.00025,lyap2,155,0.3885,0.8374,0.500000,2.500000,1,0,7.636,0.009994,0.38413,0.82843,0.000063,0,852.53,8.24,6.03,414.06,0.008237,0.015349,0.6032,4.381
0.00025,lyap2,156,0.0770,0.0732,0.500000,2.500000,1,0,4.226,0.009993,0.06980,0.06628,0.000064,0,743.82,1.30,3.54,367.40,0.001297,0.002206,0.0517,1.613
0.00025,lyap2,157,0.0515,-0.0915,0.500000,2.500000,1,0,4.337,0.009993,0.04649,-0.08287,0.000064,0,759.57,1.52,1.32,377.33,0.001516,0.002353,0.0911,2.014
0.00025,lyap2,158,0.1176,-0.1584,0.500000,2.500000,1,0,5.226,0.009999,0.11157,-0.15040,0.000063,0,859.81,2.18,3.46,424.82,0.002177,0.003938,0.0802,2.096
0.00025,lyap2,159,-0.1864,-0.2631,0.500000,2.500000,1,0,6.454,0.009995,-0.18189,-0.25420,0.000063,0,1082.63,12.21,44.84,487.32,0.012212,0.016062,0.3091,3.504
0.00025,lyap2,160,0.2632,-0.1929,0.500000,2.500000,1,0,5.861,0.009999,0.25519,-0.18699,0.000064,0,886.22,2.55,1.49,439.71,0.002551,0.005121,0.0937,2.119
0.00025,lyap2,161,-0.3555,-0.7662,0.500000,2.500000,1,0,7.849,0.009999,-0.35246,-0.75674,0.000063,0,1015.18,20.71,38.44,453.62,0.020707,0.030431,0.6690,4.127
0.00025,lyap2,162,-0.1215,-0.1778,0.500000,2.500000,1,0,5.843,0.009999,-0.11710,-0.16881,0.000064,0,1041.58,8.67,45.18,469.11,0.008671,0.011030,0.2974,3.377
0.00025,lyap2,163,-0.0238,-0.5614,0.500000,2.500000,1,0,7.098,0.009998,-0.02407,-0.55139,0.000064,0,1000.06,8.21,21.48,472.39,0.008210,0.011935,0.3352,3.440
0.00025,lyap2,164,0.4774,0.4709,0.500000,2.500000,1,0,6.999,0.009995,0.47030,0.46392,0.000064,0,876.71,4.95,0.34,434.30,0.004955,0.010808,0.3218,3.394
0.00025,lyap2,165,0.0443,-0.5806,0.500000,2.500000,1,0,7.103,0.009995,0.04304,-0.57064,0.000064,0,979.63,7.56,16.92,467.23,0.007558,0.010891,0.3316,3.466
0.00025,lyap2,166,-0.0210,-0.5374,0.500000,2.500000,1,0,7.031,0.009997,-0.02125,-0.52741,0.000064,0,1001.83,7.90,21.27,473.73,0.007897,0.011427,0.3180,3.383
0.00025,lyap2,167,0.8175,0.5027,0.500000,2.500000,1,0,7.454,0.009997,0.80900,0.49745,0.000064,0,787.28,5.36,1.57,388.05,0.005360,0.012085,0.6101,4.201
0.00025,lyap2,168,0.8027,-0.3400,0.500000,2.500000,1,0,7.266,0.009999,0.79352,-0.33602,0.000064,0,805.56,3.86,1.69,398.19,0.003864,0.008569,0.5022,3.740
0.00025,lyap2,169,0.1514,0.0679,0.500000,2.500000,1,0,4.780,0.009999,0.14226,0.06377,0.000064,0,797.62,1.16,1.06,396.88,0.001162,0.002116,0.0296,1.289
0.00025,lyap2,170,0.5304,0.7692,0.500000,2.500000,1,0,7.577,0.010000,0.52465,0.76102,0.000063,0,827.70,7.31,2.48,405.89,0.007308,0.015493,0.6010,4.367
0.00025,lyap2,171,0.2090,0.4792,0.500000,2.500000,1,0,6.792,0.009995,0.20478,0.47008,0.000063,0,938.45,5.32,6.08,459.16,0.005324,0.009218,0.2474,3.186
0.00025,lyap2,172,0.5598,-0.3460,0.500000,2.500000,1,0,6.888,0.009996,0.55133,-0.34069,0.000064,0,867.18,3.99,1.77,428.83,0.003989,0.008653,0.2975,3.147
0.00025,lyap2,173,0.5464,-0.7222,0.500000,2.500000,1,0,7.511,0.009998,0.54029,-0.71427,0.000064,0,831.40,6.91,1.74,408.78,0.006912,0.014948,0.5648,4.255
0.00025,lyap2,174,-0.1182,-0.2340,0.500000,2.500000,1,0,6.102,0.009997,-0.11480,-0.22462,0.000064,0,1043.12,8.45,38.73,476.49,0.008451,0.011159,0.2686,3.157
0.00025,lyap2,175,-0.2591,-0.7992,0.500000,2.500000,1,0,7.803,0.009994,-0.25706,-0.78947,0.000063,0,993.75,16.64,33.18,451.22,0.016638,0.025471,0.6354,4.137
0.00025,lyap2,176,0.5500,-0.2108,0.500000,2.500000,1,0,6.669,0.009997,0.54073,-0.20714,0.000063,0,868.99,2.63,1.84,430.68,0.002627,0.005584,0.2337,2.684
0.00025,lyap2,177,0.2832,0.3475,0.500000,2.500000,1,0,6.439,0.009997,0.27689,0.33974,0.000063,0,910.48,3.89,0.49,451.83,0.003891,0.007924,0.1744,2.776
0.00025,lyap2,178,0.3999,0.1449,0.500000,2.500000,1,0,6.176,0.009996,0.39051,0.14148,0.000064,0,881.03,1.96,1.88,437.17,0.001955,0.004006,0.1253,2.076
0.00025,lyap2,179,-0.3922,0.5944,0.500000,2.500000,1,0,7.635,0.009998,-0.38796,0.58541,0.000063,0,1069.61,22.27,44.86,473.24,0.022272,0.031468,0.5672,3.799
0.00025,lyap2,180,0.1187,-0.5094,0.500000,2.500000,1,0,6.875,0.009997,0.11607,-0.49971,0.000064,0,963.12,6.11,11.37,465.61,0.006105,0.009214,0.2698,3.270
0.00025,lyap2,181,0.2591,0.4505,0.500000,2.500000,1,0,6.733,0.009996,0.25406,0.44194,0.000063,0,924.96,4.89,3.50,455.32,0.004889,0.009226,0.2334,3.112
0.00025,lyap2,182,-0.1886,-0.2921,0.500000,2.500000,1,0,6.556,0.009994,-0.18442,-0.28300,0.000063,0,1081.54,12.30,43.18,488.36,0.012295,0.016351,0.3048,3.434
0.00025,lyap2,183,0.1147,-0.5915,0.500000,2.500000,1,0,7.104,0.009997,0.11244,-0.58172,0.000064,0,959.78,7.04,12.86,461.75,0.007042,0.010545,0.3301,3.491
0.00025,lyap2,184,0.3148,0.1334,0.500000,2.500000,1,0,5.860,0.010000,0.30559,0.12948,0.000064,0,876.93,1.88,1.82,435.24,0.001876,0.003754,0.0862,1.859
0.00025,lyap2,185,0.2581,-0.2319,0.500000,2.500000,1,0,5.990,0.010000,0.25069,-0.22516,0.000064,0,895.00,2.90,1.03,444.29,0.002900,0.005875,0.1102,2.305
0.00025,lyap2,186,-0.0058,-0.3736,0.500000,2.500000,1,0,6.475,0.009994,-0.00633,-0.36360,0.000063,0,998.16,5.76,19.58,475.17,0.005762,0.008032,0.2207,3.029
0.00025,lyap2,187,0.6780,0.6485,0.500000,2.500000,1,0,7.497,0.009997,0.67081,0.64154,0.000064,0,806.28,6.40,0.29,398.05,0.006397,0.014462,0.5926,4.281
0.00025,lyap2,188,0.1861,0.6801,0.500000,2.500000,1,0,7.307,0.009995,0.18319,0.67059,0.000064,0,931.19,7.52,10.59,449.36,0.007525,0.011973,0.4032,3.757
0.00025,lyap2,189,0.5062,-0.1910,0.500000,2.500000,1,0,6.540,0.009999,0.49688,-0.18744,0.000063,0,875.10,2.43,1.88,433.85,0.002429,0.005116,0.1983,2.506
0.00025,lyap2,190,0.3110,0.0827,0.500000,2.500000,1,0,5.740,0.009998,0.30136,0.08010,0.000064,0,866.85,1.22,1.32,431.19,0.001216,0.002402,0.0719,1.579
0.00025,lyap2,191,0.2038,0.5088,0.500000,2.500000,1,0,6.877,0.009996,0.19989,0.49963,0.000064,0,940.08,5.65,6.95,458.85,0.005650,0.009589,0.2677,3.272
0.00025,lyap2,192,0.1233,-0.0533,0.500000,2.500000,1,0,4.460,0.009997,0.11411,-0.04932,0.000064,0,764.00,0.98,2.18,379.09,0.000980,0.001728,0.0228,1.162
0.00025,lyap2,193,-0.0796,-0.7824,0.500000,2.500000,1,0,7.627,0.009993,-0.07936,-0.77239,0.000063,0,970.00,11.53,24.16,452.19,0.011533,0.017472,0.5359,4.015
0.00025,lyap2,194,0.2915,-0.1221,0.500000,2.500000,1,0,5.741,0.009998,0.28227,-0.11822,0.000064,0,871.84,1.75,1.68,432.93,0.001754,0.003475,0.0750,1.763
0.00025,lyap2,195,-0.1019,0.1701,0.500000,2.500000,1,0,5.703,0.009998,-0.09792,0.16088,0.000064,0,1023.71,7.51,43.39,462.84,0.007510,0.009560,0.2835,3.255
0.00025,lyap2,196,0.4572,-0.2213,0.500000,2.500000,1,0,6.468,0.009997,0.44823,-0.21694,0.000063,0,883.12,2.79,2.06,437.40,0.002792,0.005861,0.1798,2.505
0.00025,lyap2,197,0.1068,0.1660,0.500000,2.500000,1,0,5.257,0.009997,0.10131,0.15766,0.000063,0,867.34,2.27,4.65,427.32,0.002274,0.003974,0.0885,2.174
0.00025,lyap2,198,0.6025,-0.0753,0.500000,2.500000,1,0,6.677,0.009993,0.59254,-0.07406,0.000063,0,855.31,0.97,0.76,426.16,0.000968,0.002048,0.2419,2.424
0.00025,lyap2,199,0.0462,0.5396,0.500000,2.500000,1,0,6.990,0.009996,0.04479,0.52966,0.000064,0,982.57,7.07,16.45,469.53,0.007073,0.010136,0.3018,3.363
0.00025,lyap2,200,0.1240,-0.0387,0.500000,2.500000,1,0,4.386,0.009998,0.11445,-0.03567,0.000064,0,753.44,0.74,2.10,374.07,0.000735,0.001286,0.0171,0.974
0.00025,lyap2,201,0.4164,-0.5120,0.500000,2.500000,1,0,7.021,0.009994,0.41005,-0.50429,0.000064,0,888.09,5.26,1.00,439.10,0.005256,0.011162,0.3214,3.438
0.00025,lyap2,202,-0.1230,0.4612,0.500000,2.500000,1,0,6.935,0.009999,-0.12140,0.45136,0.000064,0,1040.45,9.60,30.38,482.64,0.009601,0.014140,0.3159,3.299
0.00025,lyap2,203,0.4410,-0.4585,0.500000,2.500000,1,0,6.930,0.009999,0.43408,-0.45127,0.000064,0,884.44,4.84,0.12,438.48,0.004836,0.010458,0.2954,3.302
0.00025,lyap2,204,0.2855,0.1293,0.500000,2.500000,1,0,5.736,0.009996,0.27641,0.12508,0.000064,0,872.71,1.85,1.70,433.27,0.001846,0.003660,0.0754,1.795
0.00025,lyap2,205,0.3098,0.8479,0.500000,2.500000,1,0,7.640,0.009999,0.30614,0.83859,0.000063,0,869.95,8.62,8.22,420.29,0.008616,0.014949,0.5893,4.333
0.00025,lyap2,206,0.7544,0.5438,0.500000,2.500000,1,0,7.431,0.010000,0.74628,0.53793,0.000064,0,800.97,5.68,1.30,394.92,0.005684,0.012813,0.5767,4.157
0.00025,lyap2,207,0.2818,0.3011,0.500000,2.500000,1,0,6.285,0.009996,0.27493,0.29384,0.000063,0,905.17,3.49,0.39,449.57,0.003495,0.007179,0.1489,2.602
0.00025,lyap2,208,0.4930,0.1739,0.500000,2.500000,1,0,6.484,0.009996,0.48360,0.17054,0.000063,0,876.01,2.24,1.83,434.50,0.002240,0.004694,0.1849,2.412
0.00025,lyap2,209,0.3355,-0.5061,0.500000,2.500000,1,0,6.938,0.009997,0.32991,-0.49782,0.000064,0,907.42,5.26,2.50,447.26,0.005264,0.010560,0.2883,3.335
0.00025,lyap2,210,0.2506,-0.7408,0.500000,2.500000,1,0,7.436,0.009994,0.24715,-0.73141,0.000064,0,905.72,7.81,8.89,438.11,0.007815,0.013125,0.4665,3.969
0.00025,lyap2,211,0.5757,-0.1236,0.500000,2.500000,1,0,6.640,0.009997,0.56591,-0.12145,0.000063,0,861.65,1.58,1.25,428.39,0.001584,0.003348,0.2290,2.477
0.00025,lyap2,212,0.1789,0.4176,0.500000,2.500000,1,0,6.584,0.009996,0.17480,0.40845,0.000063,0,942.48,4.79,6.00,461.65,0.004791,0.008137,0.2067,3.001
0.00025,lyap2,213,0.3431,0.9019,0.500000,2.500000,1,0,7.734,0.010000,0.33933,0.89260,0.000063,0,849.30,9.00,7.84,410.06,0.009004,0.015887,0.6596,4.526
0.00025,lyap2,214,0.4497,-0.0405,0.500000,2.500000,1,0,6.229,0.009998,0.43971,-0.03961,0.000063,0,870.11,0.56,0.58,434.05,0.000558,0.001143,0.1337,1.800
0.00025,lyap2,215,-0.0738,-0.8147,0.500000,2.500000,1,0,7.681,0.009999,-0.07368,-0.80466,0.000063,0,960.40,11.76,23.70,447.69,0.011756,0.017830,0.5658,4.102
0.00025,lyap2,216,-0.0007,-0.2767,0.500000,2.500000,1,0,6.018,0.009999,-0.00128,-0.26673,0.000064,0,977.35,4.49,19.31,466.00,0.004488,0.006072,0.1826,2.847
0.00025,lyap2,217,0.1157,-0.0892,0.500000,2.500000,1,0,4.664,0.009994,0.10778,-0.08307,0.000064,0,789.42,1.47,0.66,392.94,0.001473,0.002648,0.0435,1.582
0.00025,lyap2,218,0.2996,0.3432,0.500000,2.500000,1,0,6.449,0.009996,0.29303,0.33566,0.000063,0,907.09,3.86,0.05,450.60,0.003855,0.007947,0.1755,2.768
0.00025,lyap2,219,0.1075,0.0912,0.500000,2.500000,1,0,4.628,0.009996,0.09990,0.08474,0.000064,0,786.10,1.50,0.53,391.40,0.001497,0.002675,0.0478,1.635
0.00025,lyap2,220,-0.1180,0.5028,0.500000,2.500000,1,0,7.043,0.009997,-0.11665,0.49291,0.000064,0,1033.99,9.77,29.25,480.42,0.009768,0.014496,0.3356,3.370
0.00025,lyap2,221,-0.0384,-0.1602,0.500000,2.500000,1,0,5.329,0.009999,-0.03695,-0.15034,0.000063,0,954.91,3.94,32.08,442.42,0.003935,0.005314,0.2191,2.871
0.00025,lyap2,222,0.6916,-0.2139,0.500000,2.500000,1,0,6.965,0.009997,0.68209,-0.21091,0.000064,0,839.39,2.58,1.53,416.23,0.002584,0.005599,0.3466,3.087
0.00025,lyap2,223,-0.0588,0.1179,0.500000,2.500000,1,0,5.069,0.009993,-0.05554,0.10849,0.000063,0,954.60,4.85,42.95,430.72,0.004853,0.006071,0.2676,3.090
0.00025,lyap2,224,-0.0745,-0.3129,0.500000,2.500000,1,0,6.333,0.009996,-0.07313,-0.30299,0.000063,0,1023.50,6.70,28.47,478.26,0.006699,0.009551,0.2317,3.041
0.00025,lyap2,225,-0.1780,-0.3364,0.500000,2.500000,1,0,6.667,0.009996,-0.17443,-0.32700,0.000063,0,1073.10,11.73,39.69,488.06,0.011725,0.015923,0.3025,3.266
0.00025,lyap2,226,0.6911,0.0578,0.500000,2.500000,1,0,6.874,0.009994,0.68116,0.05694,0.000064,0,837.09,0.72,0.50,417.50,0.000723,0.001551,0.3150,2.688
0.00025,lyap2,227,0.2381,-0.1180,0.500000,2.500000,1,0,5.498,0.009995,0.22919,-0.11350,0.000064,0,860.16,1.74,1.31,427.46,0.001744,0.003390,0.0595,1.683
0.00025,lyap2,228,0.1519,0.8000,0.500000,2.500000,1,0,7.558,0.009999,0.14968,0.79021,0.000064,0,917.66,9.01,13.22,438.85,0.009008,0.013832,0.5164,4.087
0.00025,lyap2,229,0.1294,-0.0464,0.500000,2.500000,1,0,4.480,0.009997,0.12001,-0.04301,0.000064,0,764.81,0.86,1.91,379.85,0.000859,0.001517,0.0202,1.069
0.00025,lyap2,230,0.0091,0.7864,0.500000,2.500000,1,0,7.581,0.010000,0.00837,0.77647,0.000063,0,951.60,10.23,19.62,448.50,0.010233,0.015161,0.5160,4.017
0.00025,lyap2,231,0.7804,-0.0773,0.500000,2.500000,1,0,7.059,0.009997,0.77041,-0.07626,0.000064,0,815.60,0.94,0.57,406.52,0.000941,0.002044,0.4027,3.044
0.00025,lyap2,232,0.1448,0.2357,0.500000,2.500000,1,0,5.773,0.009996,0.13944,0.22728,0.000064,0,904.42,2.96,3.37,446.63,0.002956,0.005311,0.1101,2.407
0.00025,lyap2,233,0.0215,0.4271,0.500000,2.500000,1,0,6.650,0.009997,0.02042,0.41715,0.000063,0,991.78,6.04,17.27,474.09,0.006041,0.008457,0.2382,3.111
0.00025,lyap2,234,-0.0409,-0.1955,0.500000,2.500000,1,0,5.607,0.010000,-0.03970,-0.18552,0.000064,0,975.04,4.40,29.36,454.86,0.004396,0.006019,0.2132,2.881
0.00025,lyap2,235,0.4958,-0.7270,0.500000,2.500000,1,0,7.490,0.009994,0.49009,-0.71879,0.000064,0,844.59,6.99,2.56,414.48,0.006993,0.014689,0.5399,4.192
0.00025,lyap2,236,0.8988,-0.2304,0.500000,2.500000,1,0,7.329,0.009998,0.88909,-0.22787,0.000064,0,780.38,2.67,1.28,386.91,0.002665,0.005912,0.5649,3.770
0.00025,lyap2,237,0.0532,-0.4550,0.500000,2.500000,1,0,6.725,0.009999,0.05157,-0.44514,0.000063,0,982.22,6.02,14.96,471.63,0.006023,0.008550,0.2456,3.154
0.00025,lyap2,238,0.1776,-0.1698,0.500000,2.500000,1,0,5.485,0.009995,0.17040,-0.16288,0.000064,0,868.44,2.30,0.38,432.12,0.002298,0.004449,0.0749,2.029
0.00025,lyap2,239,0.4213,0.3347,0.500000,2.500000,1,0,6.626,0.010000,0.41347,0.32850,0.000063,0,892.02,3.86,1.47,441.65,0.003864,0.008233,0.2129,2.860
0.00025,lyap2,240,0.3769,-0.3379,0.500000,2.500000,1,0,6.557,0.009998,0.36944,-0.33118,0.000063,0,898.17,3.86,1.11,445.08,0.003859,0.008174,0.1960,2.814
0.00025,lyap2,241,0.2876,0.6481,0.500000,2.500000,1,0,7.247,0.009996,0.28334,0.63908,0.000064,0,909.75,6.75,6.36,443.46,0.006748,0.012098,0.3887,3.724
0.00025,lyap2,242,-0.2242,-0.5692,0.500000,2.500000,1,0,7.346,0.009998,-0.22159,-0.55955,0.000064,0,1049.39,14.38,35.84,478.07,0.014379,0.020930,0.4324,3.578
0.00025,lyap2,243,0.2114,0.6827,0.500000,2.500000,1,0,7.312,0.009998,0.20811,0.67329,0.000064,0,924.49,7.42,9.60,447.09,0.007415,0.012103,0.4074,3.776
0.00025,lyap2,244,0.3551,-0.4475,0.500000,2.500000,1,0,6.809,0.009997,0.34886,-0.43972,0.000064,0,903.07,4.73,0.98,447.00,0.004732,0.009853,0.2541,3.167
0.00025,lyap2,245,-0.0902,0.2305,0.500000,2.500000,1,0,5.987,0.009997,-0.08763,0.22089,0.000064,0,1023.28,6.90,34.92,471.54,0.006899,0.009315,0.2476,3.034
0.00025,lyap2,246,0.3024,-0.0595,0.500000,2.500000,1,0,5.666,0.009993,0.29259,-0.05758,0.000064,0,861.42,0.89,0.99,429.05,0.000893,0.001752,0.0644,1.430
0.00025,lyap2,247,0.0963,-0.5319,0.500000,2.500000,1,0,6.947,0.009993,0.09408,-0.52212,0.000064,0,968.88,6.52,13.10,466.45,0.006523,0.009611,0.2880,3.332
0.00025,lyap2,248,0.6870,-0.3791,0.500000,2.500000,1,0,7.137,0.009995,0.67825,-0.37426,0.000064,0,835.63,4.28,1.73,412.87,0.004278,0.009431,0.4124,3.539
0.00025,lyap2,249,0.6621,-0.5816,0.500000,2.500000,1,0,7.386,0.010000,0.65464,-0.57501,0.000064,0,821.11,5.91,0.68,405.44,0.005915,0.013291,0.5250,4.060
0.00025,lyap2,250,-0.1159,-0.8802,0.500000,2.500000,1,0,7.820,0.009997,-0.11540,-0.87023,0.000063,0,948.96,13.22,25.34,439.22,0.013218,0.020340,0.6489,4.294
0.00025,lyap2,251,0.1278,0.4828,0.500000,2.500000,1,0,6.792,0.010000,0.12491,0.47325,0.000063,0,960.42,5.75,10.33,465.56,0.005752,0.008810,0.2511,3.197
0.00025,lyap2,252,-0.4713,-0.6876,0.500000,2.500000,1,0,7.876,0.009999,-0.46689,-0.67860,0.000063,0,1047.60,25.91,45.53,458.84,0.025908,0.037028,0.6994,4.063
0.00025,lyap2,253,0.0785,-0.2458,0.500000,2.500000,1,0,5.778,0.009997,0.07519,-0.23638,0.000064,0,927.99,3.32,9.29,452.22,0.003316,0.004931,0.1329,2.582
0.00025,lyap2,254,0.1938,-0.0414,0.500000,2.500000,1,0,5.005,0.009996,0.18405,-0.03925,0.000063,0,814.92,0.70,0.66,406.27,0.000699,0.001297,0.0285,1.061
0.00025,lyap2,255,0.2595,0.6392,0.500000,2.500000,1,0,7.220,0.009998,0.25550,0.63003,0.000065,0,917.83,6.76,7.16,446.68,0.006760,0.011774,0.3756,3.678
0.00025,lyap2,256,-0.1225,-0.6050,0.500000,2.500000,1,0,7.300,0.009994,-0.12143,-0.59504,0.000064,0,1018.64,10.79,28.20,473.03,0.010789,0.016237,0.4032,3.586
0.00025,lyap2,257,-0.2557,-0.7313,0.500000,2.500000,1,0,7.688,0.009999,-0.25343,-0.72159,0.000063,0,1013.30,16.25,34.21,460.26,0.016246,0.024482,0.5718,3.963
0.00025,lyap2,258,0.9286,-0.2665,0.500000,2.500000,1,0,7.395,0.009995,0.91905,-0.26374,0.000064,0,769.54,3.04,1.38,381.10,0.003044,0.006785,0.6125,3.945
0.00025,lyap2,259,-0.1529,0.2949,0.500000,2.500000,1,0,6.460,0.009999,-0.14944,0.28548,0.000063,0,1064.06,10.38,39.06,485.19,0.010382,0.013957,0.2805,3.218
0.00025,lyap2,260,-0.5134,-0.8404,0.500000,2.500000,1,0,8.113,0.009995,-0.50941,-0.83126,0.000063,0,999.02,27.79,43.21,435.45,0.027786,0.040504,0.8712,4.473
0.00025,lyap2,261,0.1135,0.7021,0.500000,2.500000,1,0,7.367,0.009997,0.11146,0.69229,0.000064,0,945.52,8.26,14.11,452.45,0.008260,0.012375,0.4229,3.795
0.00025,lyap2,262,0.1363,0.0233,0.500000,2.500000,1,0,4.460,0.009994,0.12643,0.02157,0.000064,0,758.71,0.44,1.12,377.90,0.000442,0.000778,0.0144,0.780
0.00025,lyap2,263,0.6920,-0.4273,0.500000,2.500000,1,0,7.206,0.009996,0.68354,-0.42200,0.000065,0,830.85,4.71,1.62,410.28,0.004710,0.010444,0.4438,3.688
0.00025,lyap2,264,0.2765,0.2692,0.500000,2.500000,1,0,6.166,0.009998,0.26938,0.26220,0.000064,0,901.45,3.23,0.84,447.47,0.003226,0.006612,0.1316,2.472
0.00025,lyap2,265,0.2175,0.3285,0.500000,2.500000,1,0,6.288,0.010000,0.21187,0.32017,0.000063,0,919.54,3.77,2.00,454.95,0.003765,0.007208,0.1555,2.701
0.00025,lyap2,266,0.5969,-0.4234,0.500000,2.500000,1,0,7.069,0.009995,0.58876,-0.41761,0.000064,0,854.94,4.66,1.45,422.53,0.004664,0.010258,0.3663,3.464
0.00025,lyap2,267,0.0093,-0.2934,0.500000,2.500000,1,0,6.093,0.009996,0.00838,-0.28342,0.000064,0,977.08,4.56,17.85,467.27,0.004559,0.006172,0.1810,2.855
0.00025,lyap2,268,-0.0703,-0.4002,0.500000,2.500000,1,0,6.662,0.009998,-0.06943,-0.39026,0.000063,0,1025.14,7.41,26.25,480.76,0.007414,0.010740,0.2612,3.149
0.00025,lyap2,269,-0.1298,0.8148,0.500000,2.500000,1,0,7.720,0.009998,-0.12903,0.80485,0.000063,0,969.99,12.90,26.50,448.82,0.012899,0.019808,0.5862,4.116
0.00025,lyap2,270,0.3659,0.1527,0.500000,2.500000,1,0,6.082,0.009994,0.35671,0.14880,0.000064,0,882.53,2.07,1.97,437.74,0.002072,0.004219,0.1120,2.041
0.00025,lyap2,271,0.1731,0.7224,0.500000,2.500000,1,0,7.399,0.009999,0.17038,0.71275,0.000064,0,927.69,8.05,11.64,446.17,0.008048,0.012592,0.4411,3.872
0.00025,lyap2,272,-0.1537,-0.3882,0.500000,2.500000,1,0,6.773,0.009995,-0.15107,-0.37852,0.000063,0,1058.72,10.57,35.15,486.28,0.010575,0.014895,0.3018,3.226
0.00025,lyap2,273,0.3157,0.8481,0.500000,2.500000,1,0,7.641,0.009999,0.31196,0.83885,0.000063,0,868.45,8.59,8.05,419.73,0.008595,0.014988,0.5911,4.339
0.00025,lyap2,274,-0.0314,-0.5603,0.500000,2.500000,1,0,7.102,0.009994,-0.03158,-0.55026,0.000064,0,1002.36,8.32,22.04,472.90,0.008320,0.012129,0.3369,3.440
0.00025,lyap2,275,0.8578,-0.3810,0.500000,2.500000,1,0,7.382,0.009996,0.84872,-0.37694,0.000064,0,786.14,4.25,1.69,388.19,0.004247,0.009496,0.5809,4.000
0.00025,lyap2,276,0.1279,-0.9419,0.500000,2.500000,1,0,7.814,0.009996,0.12614,-0.93207,0.000063,0,887.70,10.68,15.00,420.84,0.010682,0.016268,0.6733,4.497
0.00025,lyap2,277,0.3437,0.3660,0.500000,2.500000,1,0,6.580,0.009996,0.33688,0.35876,0.000063,0,902.74,4.06,0.28,448.05,0.004057,0.008529,0.2003,2.881
0.00025,lyap2,278,0.4443,0.0492,0.500000,2.500000,1,0,6.216,0.009994,0.43440,0.04805,0.000064,0,870.96,0.68,0.71,434.26,0.000678,0.001388,0.1313,1.813
0.00025,lyap2,279,0.5094,-0.5381,0.500000,2.500000,1,0,7.163,0.009995,0.50252,-0.53084,0.000065,0,863.69,5.48,0.13,427.60,0.005478,0.012026,0.3869,3.651
0.00025,lyap2,280,0.6178,0.6921,0.500000,2.500000,1,0,7.513,0.009994,0.61109,0.68463,0.000064,0,816.17,6.68,0.59,402.49,0.006679,0.014897,0.5847,4.290
0.00025,lyap2,281,-0.0121,0.1057,0.500000,2.500000,1,0,4.629,0.009996,-0.01177,0.09575,0.000064,0,856.65,2.37,24.87,401.68,0.002368,0.003051,0.1967,2.710
0.00025,lyap2,282,0.5679,0.2579,0.500000,2.500000,1,0,6.770,0.009996,0.55883,0.25368,0.000063,0,866.55,3.13,1.91,429.03,0.003126,0.006704,0.2632,2.883
0.00025,lyap2,283,0.2760,0.1287,0.500000,2.500000,1,0,5.696,0.009996,0.26697,0.12446,0.000064,0,871.13,1.85,1.65,432.53,0.001847,0.003650,0.0724,1.781
0.00025,lyap2,284,0.4500,0.3983,0.500000,2.500000,1,0,6.813,0.009994,0.44249,0.39170,0.000064,0,886.46,4.39,0.96,438.98,0.004388,0.009472,0.2620,3.119
0.00025,lyap2,285,0.4344,0.0610,0.500000,2.500000,1,0,6.189,0.010000,0.42445,0.05956,0.000064,0,871.97,0.84,0.89,434.46,0.000843,0.001722,0.1269,1.824
0.00025,lyap2,286,0.2625,-0.1936,0.500000,2.500000,1,0,5.862,0.009994,0.25447,-0.18765,0.000064,0,886.48,2.56,1.47,439.85,0.002557,0.005134,0.0938,2.122
0.00025,lyap2,287,0.4951,-0.4703,0.500000,2.500000,1,0,7.018,0.010000,0.48790,-0.46336,0.000064,0,873.18,4.96,0.51,432.36,0.004964,0.010862,0.3310,3.420
0.00025,lyap2,288,-0.0609,0.1904,0.500000,2.500000,1,0,5.645,0.009999,-0.05883,0.18064,0.000064,0,990.69,5.17,33.66,457.80,0.005172,0.007036,0.2337,2.956
0.00025,lyap2,289,0.4627,-0.5742,0.500000,2.500000,1,0,7.189,0.009999,0.45640,-0.56648,0.000065,0,872.44,5.75,1.18,430.73,0.005754,0.012341,0.3896,3.690
0.00025,lyap2,290,-0.2671,0.5113,0.500000,2.500000,1,0,7.290,0.009999,-0.26361,0.50195,0.000064,0,1071.57,16.30,40.41,483.15,0.016296,0.022957,0.4268,3.508
0.00025,lyap2,291,-0.1914,0.4290,0.500000,2.500000,1,0,6.963,0.009999,-0.18845,0.41942,0.000064,0,1067.09,12.52,37.33,486.83,0.012518,0.017576,0.3402,3.314
0.00025,lyap2,292,0.3585,0.0772,0.500000,2.500000,1,0,5.929,0.009997,0.34876,0.07506,0.000064,0,871.67,1.11,1.23,433.78,0.001106,0.002216,0.0906,1.669
0.00025,lyap2,293,0.0225,0.1187,0.500000,2.500000,1,0,4.694,0.009999,0.02018,0.10901,0.000064,0,837.14,2.04,14.14,402.90,0.002039,0.002616,0.1426,2.424
0.00025,lyap2,294,0.4545,0.0289,0.500000,2.500000,1,0,6.241,0.009995,0.44451,0.02823,0.000063,0,869.25,0.40,0.41,433.91,0.000398,0.000815,0.1358,1.777
0.00025,lyap2,295,-0.0097,-0.2389,0.500000,2.500000,1,0,5.815,0.009993,-0.00997,-0.22892,0.000064,0,969.90,4.15,21.45,460.40,0.004145,0.005585,0.1844,2.813
0.00025,lyap2,296,-0.0414,-0.4969,0.500000,2.500000,1,0,6.935,0.009996,-0.04129,-0.48689,0.000064,0,1011.35,7.79,22.91,476.92,0.007793,0.011312,0.2995,3.305
0.00025,lyap2,297,-0.4635,-0.8276,0.500000,2.500000,1,0,8.046,0.009996,-0.45979,-0.81835,0.000063,0,1002.21,25.56,41.63,440.30,0.025565,0.037357,0.8131,4.385
0.00025,lyap2,298,-0.1078,-0.2116,0.500000,2.500000,1,0,5.955,0.009995,-0.10442,-0.20221,0.000064,0,1033.93,7.85,39.28,471.79,0.007853,0.010275,0.2682,3.152
0.00025,lyap2,299,0.1967,0.7699,0.500000,2.500000,1,0,7.494,0.009996,0.19394,0.76033,0.000064,0,913.40,8.40,11.18,439.22,0.008397,0.013350,0.4884,4.021
0.001,ours_bptt,0,-0.4828,-0.7608,0.942736,2.990940,1,0,3.579,0.009974,-0.47859,-0.75170,0.000216,0,242.41,58.88,34.52,42.52,0.058884,0.080799,1.6039,6.557
0.001,ours_bptt,1,0.3886,-0.1909,0.764456,2.966431,1,0,3.435,0.009983,0.37964,-0.18644,0.000216,0,414.68,5.39,13.65,189.65,0.005391,0.007890,0.2332,3.092
0.001,ours_bptt,2,0.1373,-0.1241,0.753711,2.948435,1,0,3.033,0.009986,0.13000,-0.11722,0.000215,0,476.66,3.91,1.29,234.12,0.003905,0.005245,0.0897,2.290
0.001,ours_bptt,3,0.5235,0.3075,0.774782,2.974229,1,0,3.601,0.009991,0.51482,0.30250,0.000216,0,334.89,8.33,14.65,146.55,0.008326,0.012366,0.4520,4.125
0.001,ours_bptt,4,0.3315,0.9345,0.861521,2.993594,1,0,3.634,0.009987,0.32770,0.92521,0.000212,0,145.78,26.86,36.37,16.37,0.026860,0.036599,1.3582,6.953
0.001,ours_bptt,5,0.3231,-0.0585,0.758382,2.959751,1,0,3.221,0.009993,0.31324,-0.05666,0.000214,0,419.80,1.77,4.30,204.28,0.001767,0.002551,0.1271,2.068
0.001,ours_bptt,6,-0.0850,0.5502,0.874156,2.978816,1,0,3.568,0.009985,-0.08426,0.54020,0.000211,0,401.00,19.63,25.22,160.56,0.019627,0.030081,0.6244,4.777
0.001,ours_bptt,7,-0.0720,-0.5823,0.875241,2.989513,1,0,3.573,0.009978,-0.07158,-0.57231,0.000211,0,385.09,20.12,26.66,150.79,0.020117,0.030738,0.6630,4.924
0.001,ours_bptt,8,0.3960,-0.5209,0.798478,2.982715,1,0,3.672,0.009983,0.38969,-0.51317,0.000213,0,333.26,13.94,18.87,137.31,0.013938,0.019775,0.5685,4.820
0.001,ours_bptt,9,0.3685,0.3828,0.779154,2.971864,1,0,3.619,0.009993,0.36143,0.37574,0.000217,0,399.31,10.25,17.84,174.14,0.010247,0.014733,0.3766,4.054
0.001,ours_bptt,10,0.1283,0.2512,0.770993,2.956847,1,0,3.416,0.009985,0.12372,0.24232,0.000218,0,525.58,7.06,19.28,238.21,0.007059,0.009398,0.1925,3.175
0.001,ours_bptt,11,0.2440,0.2446,0.763622,2.958522,1,0,3.435,0.009992,0.23692,0.23748,0.000218,0,485.55,6.82,18.67,218.99,0.006818,0.009602,0.1885,3.106
0.001,ours_bptt,12,0.6768,0.6211,0.810180,2.988567,1,0,3.670,0.009982,0.66928,0.61452,0.000211,0,159.36,16.93,21.52,45.46,0.016932,0.024640,1.0659,6.126
0.001,ours_bptt,13,0.7407,-0.0375,0.783046,2.981599,1,0,3.532,0.009991,0.73072,-0.03694,0.000211,0,192.14,1.05,1.93,93.35,0.001053,0.001583,0.6728,4.163
0.001,ours_bptt,14,0.1895,0.9012,0.870512,2.992625,1,0,3.624,0.009981,0.18692,0.89154,0.000212,0,193.14,26.55,36.59,40.07,0.026545,0.036466,1.2268,6.620
0.001,ours_bptt,15,0.3282,0.2784,0.766475,2.963933,1,0,3.521,0.009994,0.32053,0.27198,0.000218,0,444.29,7.61,17.65,198.79,0.007607,0.010970,0.2517,3.417
0.001,ours_bptt,16,0.4229,-0.6724,0.820854,2.989136,1,0,3.672,0.009992,0.41721,-0.66412,0.000210,0,252.44,18.35,23.49,88.97,0.018347,0.025654,0.8385,5.667
0.001,ours_bptt,17,-0.0535,-0.6259,0.875539,2.990744,1,0,3.584,0.009977,-0.05344,-0.61589,0.000211,0,362.76,20.86,28.07,137.67,0.020855,0.031586,0.7188,5.123
0.001,ours_bptt,18,0.5135,-0.1699,0.771153,2.973060,1,0,3.483,0.009999,0.50406,-0.16669,0.000214,0,343.64,4.78,10.58,157.66,0.004775,0.007091,0.3528,3.466
0.001,ours_bptt,19,-0.1027,-0.2139,0.843626,2.968687,1,0,3.387,0.009982,-0.09920,-0.20454,0.000211,0,527.13,13.45,3.25,250.23,0.013451,0.018072,0.3713,3.669
0.001,ours_bptt,20,0.5724,0.0126,0.772358,2.974524,1,0,3.463,0.009996,0.56245,0.01233,0.000213,0,291.84,0.36,0.78,144.87,0.000357,0.000533,0.3920,3.147
0.001,ours_bptt,21,-0.2534,-0.7892,0.916535,2.993729,1,0,3.582,0.009971,-0.25131,-0.77948,0.000214,0,261.93,36.64,35.51,67.97,0.036636,0.055191,1.2444,6.214
0.001,ours_bptt,22,0.1756,0.0811,0.753186,2.947710,1,0,2.949,0.009985,0.16665,0.07674,0.000213,0,455.66,2.65,2.48,223.36,0.002652,0.003642,0.0602,1.827
0.001,ours_bptt,23,-0.1826,-0.5070,0.895091,2.987113,1,0,3.534,0.009999,-0.18011,-0.49728,0.000212,0,414.30,25.44,24.74,163.33,0.025438,0.037099,0.6653,4.727
0.001,ours_bptt,24,0.5281,0.1638,0.769945,2.972183,1,0,3.500,0.009996,0.51857,0.16079,0.000215,0,337.01,4.58,9.86,155.21,0.004578,0.006822,0.3669,3.495
0.001,ours_bptt,25,0.2533,-0.1131,0.755527,2.955307,1,0,3.183,0.009987,0.24426,-0.10887,0.000215,0,456.44,3.43,7.98,217.67,0.003431,0.004870,0.1031,2.225
0.001,ours_bptt,26,-0.0698,0.1000,0.808039,2.949930,1,0,3.151,0.009996,-0.06488,0.09123,0.000214,0,602.48,8.91,28.67,265.89,0.008910,0.011061,0.4144,3.793
0.001,ours_bptt,27,0.3040,0.0277,0.756651,2.957303,1,0,3.173,0.009991,0.29406,0.02671,0.000214,0,419.77,0.85,1.85,207.41,0.000847,0.001218,0.1081,1.784
0.001,ours_bptt,28,0.2958,-0.8584,0.856666,2.994087,1,0,3.633,0.009998,0.29210,-0.84911,0.000211,0,195.71,24.59,33.92,45.49,0.024587,0.033493,1.1524,6.482
0.001,ours_bptt,29,0.3034,0.1431,0.757799,2.957491,1,0,3.305,0.009984,0.29448,0.13872,0.000217,0,449.04,4.18,11.48,209.91,0.004184,0.006030,0.1450,2.555
0.001,ours_bptt,30,-0.0517,-0.6699,0.879432,2.991847,1,0,3.588,0.009996,-0.05176,-0.65993,0.000211,0,339.10,22.20,29.90,123.00,0.022203,0.033584,0.7944,5.348
0.001,ours_bptt,31,0.5492,0.3284,0.777753,2.976079,1,0,3.614,0.009989,0.54056,0.32334,0.000215,0,316.23,8.88,14.87,136.58,0.008882,0.013197,0.5023,4.316
0.001,ours_bptt,32,-0.2470,-0.5392,0.910102,2.988058,1,0,3.537,0.009975,-0.24380,-0.52976,0.000213,0,391.80,32.17,26.69,145.09,0.032174,0.045348,0.7887,4.984
0.001,ours_bptt,33,0.0352,0.9500,0.887551,2.992608,1,0,3.625,0.009985,0.03409,0.94005,0.000213,0,178.73,29.56,37.43,29.77,0.029559,0.042779,1.3707,6.842
0.001,ours_bptt,34,0.0707,-0.1224,0.758236,2.946998,1,0,2.966,0.009988,0.06581,-0.11369,0.000214,0,509.88,3.94,9.77,242.22,0.003938,0.004952,0.1357,2.555
0.001,ours_bptt,35,0.4590,0.2294,0.766979,2.968760,1,0,3.527,0.009992,0.45003,0.22495,0.000217,0,379.45,6.32,13.59,171.40,0.006316,0.009355,0.3217,3.521
0.001,ours_bptt,36,-0.1107,0.4644,0.873670,2.973227,1,0,3.536,0.009975,-0.10917,0.45453,0.000211,0,441.09,18.64,22.19,184.38,0.018637,0.028375,0.5379,4.427
0.001,ours_bptt,37,0.1172,0.8775,0.875029,2.991866,1,0,3.621,0.009990,0.11524,0.86765,0.000212,0,215.73,26.34,35.89,52.22,0.026341,0.036778,1.1680,6.447
0.001,ours_bptt,38,-0.1887,-0.6828,0.903146,2.992199,1,0,3.574,0.009983,-0.18692,-0.67295,0.000213,0,324.17,29.08,31.23,109.04,0.029084,0.044635,0.9443,5.563
0.001,ours_bptt,39,0.8660,-0.0873,0.790823,2.985454,1,0,3.560,0.009988,0.85607,-0.08628,0.000211,0,114.40,2.45,4.05,51.32,0.002452,0.003692,0.9413,4.994
0.001,ours_bptt,40,0.3463,-0.5640,0.808433,2.984912,1,0,3.666,0.010000,0.34076,-0.55568,0.000212,0,332.34,15.23,20.60,134.15,0.015233,0.021252,0.5993,4.951
0.001,ours_bptt,41,0.1016,-0.3385,0.791323,2.970716,1,0,3.544,0.009982,0.09838,-0.32907,0.000216,0,504.68,9.46,18.55,226.69,0.009464,0.012629,0.2761,3.638
0.001,ours_bptt,42,-0.2362,-0.3342,0.900510,2.979475,1,0,3.488,0.009994,-0.23142,-0.32545,0.000211,0,475.05,28.77,13.24,202.71,0.028766,0.038063,0.5709,4.289
0.001,ours_bptt,43,0.8826,0.0070,0.791420,2.985747,1,0,3.557,0.009995,0.87257,0.00695,0.000211,0,94.46,0.20,0.33,46.76,0.000198,0.000298,0.9697,4.913
0.001,ours_bptt,44,0.1563,-0.4355,0.803676,2.978439,1,0,3.608,0.009994,0.15248,-0.42627,0.000214,0,449.63,12.00,19.55,196.27,0.011995,0.016212,0.3700,4.097
0.001,ours_bptt,45,0.0602,0.2535,0.783820,2.957374,1,0,3.418,0.009993,0.05764,0.24388,0.000218,0,536.65,7.40,17.30,245.48,0.007400,0.009680,0.2228,3.312
0.001,ours_bptt,46,0.3509,-0.8008,0.845128,2.992823,1,0,3.644,0.009976,0.34651,-0.79188,0.000210,0,211.86,22.55,30.70,58.31,0.022546,0.030857,1.0493,6.239
0.001,ours_bptt,47,-0.1504,-0.4231,0.882429,2.983405,1,0,3.511,0.009987,-0.14792,-0.41344,0.000211,0,455.68,21.10,20.48,191.54,0.021098,0.030604,0.5363,4.331
0.001,ours_bptt,48,0.3656,-0.0779,0.761192,2.963221,1,0,3.294,0.009988,0.35588,-0.07577,0.000214,0,407.40,2.30,5.99,195.98,0.002304,0.003356,0.1658,2.370
0.001,ours_bptt,49,-0.2992,-0.4212,0.916870,2.983455,1,0,3.518,0.009988,-0.29441,-0.41240,0.000213,0,432.03,36.29,19.46,169.34,0.036293,0.048449,0.7285,4.612
0.001,ours_bptt,50,0.7379,0.3254,0.787691,2.983123,1,0,3.621,0.009983,0.72870,0.32139,0.000212,0,199.64,8.90,13.46,79.69,0.008903,0.013353,0.7986,5.091
0.001,ours_bptt,51,0.2430,0.2287,0.761678,2.957279,1,0,3.408,0.009999,0.23574,0.22185,0.000218,0,486.43,6.43,18.07,220.33,0.006426,0.009061,0.1756,3.008
0.001,ours_bptt,52,-0.0147,-0.5282,0.856270,2.987050,1,0,3.578,0.009980,-0.01514,-0.51827,0.000210,0,415.09,16.82,23.78,171.14,0.016825,0.024751,0.5455,4.612
0.001,ours_bptt,53,0.0787,0.1072,0.755914,2.943116,1,0,2.877,0.009985,0.07287,0.09907,0.000214,0,512.96,3.55,17.22,236.59,0.003554,0.004504,0.1137,2.371
0.001,ours_bptt,54,-0.1562,0.9648,0.906433,2.991495,1,0,3.624,0.009972,-0.15564,0.95484,0.000215,0,166.30,34.71,36.80,20.32,0.034706,0.054097,1.5469,7.021
0.001,ours_bptt,55,-0.1446,-0.2073,0.861317,2.969775,1,0,3.406,0.009984,-0.13981,-0.19853,0.000210,0,521.89,17.78,0.68,246.93,0.017780,0.023034,0.4206,3.991
0.001,ours_bptt,56,0.7844,0.3256,0.790337,2.984554,1,0,3.620,0.009988,0.77515,0.32180,0.000212,0,169.31,8.94,13.29,64.66,0.008940,0.013419,0.8894,5.309
0.001,ours_bptt,57,0.2535,-0.6401,0.830157,2.988830,1,0,3.645,0.009999,0.24933,-0.63097,0.000210,0,322.16,17.80,24.81,122.92,0.017803,0.024291,0.6841,5.231
0.001,ours_bptt,58,0.3038,-0.4120,0.784945,2.975288,1,0,3.627,0.009991,0.29763,-0.40413,0.000216,0,416.45,11.02,18.46,181.51,0.011016,0.015511,0.3717,4.090
0.001,ours_bptt,59,0.7189,-0.3583,0.789477,2.983970,1,0,3.623,0.009987,0.70994,-0.35390,0.000212,0,206.23,9.80,14.78,80.98,0.009801,0.014646,0.7947,5.142
0.001,ours_bptt,60,0.1800,0.0264,0.752089,2.947505,1,0,2.847,0.009987,0.17013,0.02487,0.000213,0,441.97,0.90,2.81,217.50,0.000898,0.001232,0.0394,1.229
0.001,ours_bptt,61,-0.4251,0.6545,0.935423,2.976970,1,0,3.570,0.009987,-0.42074,0.64550,0.000216,0,305.42,51.70,30.28,83.66,0.051698,0.070458,1.2671,5.893
0.001,ours_bptt,62,0.5324,0.0722,0.769636,2.972199,1,0,3.453,0.009988,0.52254,0.07081,0.000214,0,324.30,2.05,4.65,155.96,0.002051,0.003054,0.3438,3.137
0.001,ours_bptt,63,-0.1463,-0.2830,0.870062,2.975189,1,0,3.449,0.009987,-0.14259,-0.27370,0.000210,0,506.44,18.74,9.90,229.26,0.018744,0.025317,0.4311,3.884
0.001,ours_bptt,64,0.5285,0.0914,0.769346,2.971929,1,0,3.459,0.009989,0.51863,0.08965,0.000214,0,329.37,2.59,5.86,156.89,0.002590,0.003858,0.3427,3.192
0.001,ours_bptt,65,0.2105,0.2530,0.765543,2.958062,1,0,3.436,0.009994,0.20415,0.24536,0.000218,0,498.31,7.04,19.38,224.50,0.007042,0.009772,0.1890,3.140
0.001,ours_bptt,66,-0.2321,0.7541,0.910398,2.985098,1,0,3.589,0.009978,-0.23015,0.74432,0.000214,0,281.72,33.95,32.84,82.56,0.033951,0.051488,1.1358,5.984
0.001,ours_bptt,67,0.1052,0.6538,0.852349,2.985804,1,0,3.613,0.009982,0.10305,0.64409,0.000210,0,342.49,19.23,28.03,128.79,0.019228,0.026556,0.6985,5.217
0.001,ours_bptt,68,0.5076,0.3617,0.778970,2.975654,1,0,3.625,0.009995,0.49944,0.35600,0.000216,0,333.25,9.73,15.98,143.34,0.009734,0.014361,0.4831,4.328
0.001,ours_bptt,69,-0.0513,0.1705,0.807639,2.952766,1,0,3.297,0.009984,-0.04911,0.16074,0.000216,0,537.06,7.85,1.45,261.19,0.007852,0.011147,0.3237,3.454
0.001,ours_bptt,70,-0.0982,0.3380,0.854279,2.965423,1,0,3.494,0.010000,-0.09620,0.32823,0.000212,0,495.64,14.83,14.28,222.42,0.014832,0.021968,0.4078,3.929
0.001,ours_bptt,71,-0.2987,-0.5024,0.918781,2.986400,1,0,3.531,0.009973,-0.29463,-0.49327,0.000213,0,399.93,37.03,24.74,147.45,0.037033,0.050488,0.8160,4.931
0.001,ours_bptt,72,-0.1503,0.3616,0.877012,2.967134,1,0,3.491,0.009981,-0.14734,0.35209,0.000211,0,480.03,20.14,16.00,208.91,0.020139,0.028277,0.4808,4.102
0.001,ours_bptt,73,-0.1360,0.7558,0.895278,2.986784,1,0,3.604,0.009979,-0.13523,0.74582,0.000213,0,286.82,27.75,31.22,91.38,0.027754,0.043119,1.0271,5.859
0.001,ours_bptt,74,0.2863,-0.1810,0.759469,2.960034,1,0,3.347,0.009987,0.27793,-0.17552,0.000217,0,462.87,5.21,14.68,212.85,0.005207,0.007460,0.1580,2.766
0.001,ours_bptt,75,0.2629,0.0381,0.754614,2.953835,1,0,3.096,0.009995,0.25301,0.03661,0.000214,0,432.07,1.19,1.84,213.30,0.001195,0.001698,0.0826,1.668
0.001,ours_bptt,76,-0.0879,0.1908,0.830895,2.956252,1,0,3.359,0.010000,-0.08456,0.18135,0.000214,0,531.12,11.65,0.30,256.52,0.011647,0.015618,0.3621,3.598
0.001,ours_bptt,77,0.1878,-0.1637,0.755637,2.953155,1,0,3.225,0.009993,0.18040,-0.15697,0.000217,0,494.96,4.85,12.78,231.06,0.004848,0.006704,0.1170,2.555
0.001,ours_bptt,78,0.3960,0.0616,0.761630,2.963898,1,0,3.327,0.009992,0.38614,0.06001,0.000215,0,392.23,1.81,4.67,190.09,0.001805,0.002645,0.1890,2.416
0.001,ours_bptt,79,0.1499,0.3328,0.782863,2.964617,1,0,3.543,0.009991,0.14555,0.32379,0.000218,0,497.92,9.12,19.36,222.76,0.009121,0.012279,0.2603,3.579
0.001,ours_bptt,80,0.4252,0.0139,0.763691,2.966277,1,0,3.341,0.009999,0.41517,0.01353,0.000214,0,368.92,0.41,1.03,183.13,0.000406,0.000597,0.2123,2.342
0.001,ours_bptt,81,-0.1576,0.2546,0.869500,2.961818,1,0,3.445,0.009988,-0.15329,0.24559,0.000212,0,510.96,19.57,5.59,235.21,0.019574,0.025814,0.4320,3.913
0.001,ours_bptt,82,-0.0686,-0.8309,0.894281,2.994634,1,0,3.598,0.009988,-0.06854,-0.82093,0.000213,0,249.75,27.79,36.14,67.89,0.027790,0.042290,1.1400,6.225
0.001,ours_bptt,83,0.4444,-0.8902,0.849407,2.994157,1,0,3.643,0.009978,0.43964,-0.88145,0.000211,0,136.98,25.15,33.58,16.06,0.025147,0.034574,1.3297,6.893
0.001,ours_bptt,84,0.2393,0.0573,0.754246,2.952229,1,0,3.060,0.009991,0.22956,0.05485,0.000214,0,439.59,1.81,2.02,216.42,0.001814,0.002559,0.0738,1.733
0.001,ours_bptt,85,-0.0699,0.1952,0.821898,2.955520,1,0,3.355,0.009998,-0.06727,0.18551,0.000215,0,532.44,9.93,1.72,257.05,0.009932,0.013837,0.3381,3.544
0.001,ours_bptt,86,0.7095,0.5152,0.801116,2.986543,1,0,3.655,0.009984,0.70130,0.50948,0.000211,0,176.09,14.04,18.97,58.55,0.014045,0.020711,0.9606,5.767
0.001,ours_bptt,87,-0.0494,-0.2016,0.813981,2.964490,1,0,3.349,0.009989,-0.04763,-0.19180,0.000213,0,535.54,8.42,5.06,256.39,0.008418,0.012213,0.3130,3.491
0.001,ours_bptt,88,0.0267,0.5306,0.846480,2.979204,1,0,3.594,0.009989,0.02548,0.52069,0.000211,0,413.94,16.16,23.12,171.73,0.016157,0.022959,0.5257,4.591
0.001,ours_bptt,89,0.5313,0.5599,0.802510,2.984609,1,0,3.674,0.009986,0.52428,0.55286,0.000212,0,256.11,15.09,19.81,96.93,0.015090,0.021778,0.7599,5.364
0.001,ours_bptt,90,-0.0457,0.0894,0.791456,2.947093,1,0,3.025,0.009999,-0.04192,0.08011,0.000214,0,615.22,6.25,41.74,261.18,0.006254,0.007921,0.3739,3.527
0.001,ours_bptt,91,-0.3348,-0.7215,0.926757,2.991979,1,0,3.567,0.009988,-0.33159,-0.71202,0.000215,0,289.57,43.36,34.11,78.16,0.043355,0.061523,1.2301,6.021
0.001,ours_bptt,92,-0.2539,0.6200,0.910624,2.979216,1,0,3.564,0.009984,-0.25112,0.61038,0.000214,0,350.77,33.84,28.69,121.32,0.033840,0.048679,0.9150,5.355
0.001,ours_bptt,93,0.1010,0.2482,0.774130,2.956487,1,0,3.409,0.009984,0.09717,0.23898,0.000218,0,532.23,7.04,18.63,242.20,0.007042,0.009258,0.1988,3.202
0.001,ours_bptt,94,0.8495,0.4720,0.803380,2.988508,1,0,3.632,0.009990,0.84073,0.46720,0.000211,0,101.78,13.04,18.05,23.06,0.013037,0.019389,1.1839,6.179
0.001,ours_bptt,95,0.1372,0.4237,0.804957,2.972355,1,0,3.595,0.009996,0.13365,0.41431,0.000215,0,459.21,11.77,19.91,200.87,0.011768,0.015855,0.3579,4.037
0.001,ours_bptt,96,0.4789,0.8183,0.837627,2.991766,1,0,3.661,0.009989,0.47353,0.80993,0.000211,0,160.83,22.75,29.13,34.22,0.022754,0.031617,1.1903,6.565
0.001,ours_bptt,97,-0.0656,0.3396,0.841833,2.965529,1,0,3.504,0.009993,-0.06447,0.32970,0.000213,0,499.77,12.80,14.89,225.39,0.012805,0.019194,0.3783,3.876
0.001,ours_bptt,98,0.6043,0.2287,0.776148,2.976722,1,0,3.565,0.009997,0.59491,0.22515,0.000214,0,291.92,6.30,11.60,129.63,0.006298,0.009428,0.5053,4.107
0.001,ours_bptt,99,-0.0616,-0.5886,0.873606,2.989668,1,0,3.576,0.009993,-0.06135,-0.57856,0.000211,0,382.19,19.95,26.77,149.36,0.019951,0.030341,0.6647,4.945
0.001,ours_bptt,100,0.6577,0.3184,0.782761,2.980212,1,0,3.617,0.009998,0.64869,0.31411,0.000214,0,251.52,8.67,13.71,105.55,0.008672,0.012977,0.6522,4.707
0.001,ours_bptt,101,0.7053,0.3527,0.787492,2.982521,1,0,3.629,0.009981,0.69638,0.34827,0.000213,0,216.53,9.61,14.38,86.67,0.009612,0.014381,0.7637,5.055
0.001,ours_bptt,102,-0.2611,-0.8069,0.917975,2.993934,1,0,3.583,0.009992,-0.25901,-0.79716,0.000215,0,251.53,37.65,36.14,61.38,0.037652,0.056663,1.2949,6.319
0.001,ours_bptt,103,-0.2565,-0.5607,0.912369,2.988700,1,0,3.541,0.009988,-0.25332,-0.55125,0.000213,0,380.32,33.41,27.69,137.41,0.033408,0.047161,0.8318,5.098
0.001,ours_bptt,104,-0.0062,-0.2025,0.792489,2.961389,1,0,3.336,0.009987,-0.00628,-0.19253,0.000215,0,542.08,6.75,9.17,256.81,0.006750,0.009317,0.2611,3.331
0.001,ours_bptt,105,0.1683,-0.1221,0.753162,2.949779,1,0,3.072,0.009992,0.16033,-0.11606,0.000215,0,474.80,3.81,4.32,230.23,0.003806,0.005215,0.0860,2.226
0.001,ours_bptt,106,0.1073,0.7657,0.865482,2.989401,1,0,3.617,0.009993,0.10534,0.75592,0.000211,0,280.14,22.82,32.13,90.83,0.022816,0.031746,0.9161,5.822
0.001,ours_bptt,107,0.2607,-0.0935,0.755300,2.955238,1,0,3.160,0.010000,0.25135,-0.08998,0.000215,0,447.81,2.86,6.14,215.62,0.002862,0.004071,0.0978,2.091
0.001,ours_bptt,108,0.2814,0.9272,0.864950,2.993357,1,0,3.630,0.009976,0.27805,0.91777,0.000212,0,161.52,26.85,36.75,23.87,0.026852,0.036593,1.3160,6.851
0.001,ours_bptt,109,0.5130,0.7951,0.833284,2.991425,1,0,3.664,0.009993,0.50726,0.78688,0.000210,0,159.45,22.01,28.00,35.22,0.022012,0.030788,1.1752,6.519
0.001,ours_bptt,110,0.4870,-0.3349,0.777309,2.975959,1,0,3.598,0.009992,0.47875,-0.32932,0.000215,0,349.55,9.07,16.22,151.75,0.009072,0.013363,0.4356,4.138
0.001,ours_bptt,111,0.2839,0.6459,0.826269,2.986017,1,0,3.661,0.009988,0.27940,0.63696,0.000211,0,311.01,17.80,23.55,118.61,0.017796,0.024393,0.7032,5.290
0.001,ours_bptt,112,0.3172,0.1950,0.759873,2.959451,1,0,3.402,0.009991,0.30872,0.18969,0.000218,0,452.04,5.52,15.02,206.86,0.005523,0.007985,0.1834,2.914
0.001,ours_bptt,113,0.3999,-0.0481,0.762919,2.965270,1,0,3.318,0.009985,0.38996,-0.04682,0.000214,0,386.50,1.41,3.63,188.56,0.001414,0.002071,0.1908,2.369
0.001,ours_bptt,114,0.0845,-0.3381,0.794456,2.971364,1,0,3.542,0.009982,0.08164,-0.32851,0.000216,0,506.95,9.56,18.16,228.15,0.009560,0.012769,0.2814,3.652
0.001,ours_bptt,115,0.2833,0.3617,0.778201,2.968350,1,0,3.589,0.009987,0.27700,0.35394,0.000217,0,443.45,9.72,18.89,195.55,0.009724,0.013698,0.3083,3.798
0.001,ours_bptt,116,-0.0960,-0.1708,0.834356,2.964373,1,0,3.332,0.009995,-0.09200,-0.16164,0.000212,0,543.46,12.29,3.90,258.61,0.012294,0.016031,0.3868,3.690
0.001,ours_bptt,117,0.1426,0.0149,0.751182,2.944619,1,0,2.677,0.009986,0.13271,0.01387,0.000213,0,438.38,0.54,4.65,214.14,0.000541,0.000723,0.0242,0.949
0.001,ours_bptt,118,0.2298,-0.1089,0.754372,2.953401,1,0,3.137,0.009991,0.22085,-0.10449,0.000215,0,460.20,3.35,6.60,220.98,0.003348,0.004716,0.0911,2.147
0.001,ours_bptt,119,0.3467,0.6367,0.820041,2.985888,1,0,3.667,0.009996,0.34155,0.62817,0.000211,0,296.75,17.38,22.87,112.47,0.017384,0.024076,0.7191,5.335
0.001,ours_bptt,120,0.1427,0.1849,0.759547,2.950293,1,0,3.253,0.009995,0.13670,0.17687,0.000218,0,515.04,5.41,14.60,238.86,0.005414,0.007276,0.1360,2.754
0.001,ours_bptt,121,0.9039,0.2691,0.795985,2.987295,1,0,3.596,0.009986,0.89428,0.26626,0.000211,0,92.86,7.50,11.28,29.52,0.007500,0.011273,1.1109,5.714
0.001,ours_bptt,122,0.6186,-0.7694,0.824620,2.991804,1,0,3.683,0.009997,0.61207,-0.76181,0.000210,0,126.90,21.07,24.88,22.77,0.021070,0.030018,1.2518,6.652
0.001,ours_bptt,123,0.1330,0.4410,0.809351,2.973644,1,0,3.600,0.009992,0.12966,0.43154,0.000214,0,451.31,12.31,20.21,196.22,0.012305,0.016598,0.3787,4.123
0.001,ours_bptt,124,0.3040,-0.5997,0.818492,2.986800,1,0,3.655,0.009997,0.29910,-0.59095,0.000211,0,328.84,16.40,22.66,129.46,0.016405,0.022598,0.6346,5.077
0.001,ours_bptt,125,0.8777,-0.3398,0.796602,2.987492,1,0,3.615,0.009989,0.86837,-0.33618,0.000211,0,105.51,9.41,13.62,32.08,0.009406,0.014113,1.1042,5.814
0.001,ours_bptt,126,0.4647,-0.7285,0.826602,2.990761,1,0,3.671,0.009978,0.45902,-0.72033,0.000210,0,209.74,20.00,25.30,64.57,0.019997,0.027980,0.9846,6.054
0.001,ours_bptt,127,-0.1434,-0.2996,0.870582,2.976225,1,0,3.457,0.009990,-0.13996,-0.29021,0.000210,0,502.21,18.65,11.60,225.51,0.018655,0.025498,0.4357,3.918
0.001,ours_bptt,128,0.7348,0.4244,0.794306,2.984950,1,0,3.641,0.009985,0.72615,0.41953,0.000212,0,184.15,11.58,16.41,66.99,0.011583,0.017248,0.8919,5.479
0.001,ours_bptt,129,-0.1202,-0.4211,0.872777,2.983018,1,0,3.518,0.009981,-0.11825,-0.41133,0.000210,0,459.54,18.32,20.07,195.96,0.018318,0.027505,0.5027,4.273
0.001,ours_bptt,130,0.0262,0.7331,0.870396,2.987900,1,0,3.619,0.009985,0.02509,0.72320,0.000211,0,302.88,22.61,29.72,104.76,0.022610,0.032624,0.8690,5.632
0.001,ours_bptt,131,0.1806,-0.8313,0.863349,2.994066,1,0,3.630,0.009993,0.17791,-0.82165,0.000211,0,232.90,24.28,33.06,65.18,0.024278,0.033337,1.0569,6.216
0.001,ours_bptt,132,0.0616,0.4904,0.832388,2.976838,1,0,3.596,0.009995,0.05974,0.48054,0.000212,0,433.62,14.42,21.50,184.49,0.014425,0.019949,0.4574,4.379
0.001,ours_bptt,133,0.3828,0.6743,0.823639,2.987505,1,0,3.667,0.009997,0.37751,0.66582,0.000211,0,265.96,18.47,24.10,95.03,0.018471,0.025644,0.8110,5.599
0.001,ours_bptt,134,0.6240,-0.1220,0.776895,2.977626,1,0,3.508,0.009999,0.61421,-0.12005,0.000213,0,274.07,3.43,6.90,127.56,0.003430,0.005132,0.4886,3.794
0.001,ours_bptt,135,0.7082,-0.4265,0.793435,2.985214,1,0,3.642,0.009985,0.69959,-0.42146,0.000212,0,199.94,11.62,16.55,74.71,0.011617,0.017274,0.8461,5.377
0.001,ours_bptt,136,0.3059,-0.0613,0.757399,2.958409,1,0,3.196,0.009994,0.29611,-0.05927,0.000214,0,426.19,1.86,4.34,207.36,0.001864,0.002682,0.1153,2.014
0.001,ours_bptt,137,0.3815,0.8201,0.843309,2.991592,1,0,3.657,0.009987,0.37684,0.81127,0.000211,0,192.10,22.96,29.75,49.09,0.022958,0.031534,1.1094,6.383
0.001,ours_bptt,138,-0.4068,-0.7436,0.935492,2.991605,1,0,3.571,0.009985,-0.40305,-0.73437,0.000215,0,266.61,50.89,34.78,60.36,0.050885,0.070809,1.4077,6.289
0.001,ours_bptt,139,0.2478,-0.2333,0.762926,2.961058,1,0,3.414,0.009995,0.24059,-0.22638,0.000218,0,483.79,6.55,18.30,218.69,0.006545,0.009234,0.1808,3.043
0.001,ours_bptt,140,0.6772,0.6933,0.817765,2.990252,1,0,3.670,0.009984,0.67006,0.68635,0.000210,0,131.56,19.00,23.75,27.78,0.019000,0.027422,1.1956,6.472
0.001,ours_bptt,141,0.0428,-0.2079,0.776140,2.958280,1,0,3.332,0.009994,0.04057,-0.19813,0.000217,0,543.37,6.24,13.72,253.28,0.006240,0.008060,0.2104,3.165
0.001,ours_bptt,142,0.6916,-0.1596,0.781418,2.980467,1,0,3.544,0.009982,0.68185,-0.15730,0.000212,0,234.24,4.46,8.18,105.60,0.004456,0.006687,0.6138,4.268
0.001,ours_bptt,143,0.3035,0.5051,0.801196,2.978993,1,0,3.655,0.009990,0.29807,0.49671,0.000214,0,375.52,13.60,19.64,157.93,0.013595,0.018912,0.4896,4.575
0.001,ours_bptt,144,0.1292,-0.1752,0.759267,2.952379,1,0,3.216,0.009996,0.12342,-0.16705,0.000217,0,514.63,5.19,12.83,240.60,0.005186,0.006905,0.1318,2.716
0.001,ours_bptt,145,0.4745,0.7177,0.825188,2.989398,1,0,3.669,0.009983,0.46870,0.70955,0.000210,0,211.35,19.69,25.23,65.68,0.019693,0.027615,0.9734,6.022
0.001,ours_bptt,146,0.3993,0.8983,0.851294,2.993119,1,0,3.651,0.009984,0.39489,0.88937,0.000211,0,145.91,25.38,32.89,21.02,0.025383,0.034788,1.3081,6.845
0.001,ours_bptt,147,-0.1444,0.3214,0.871102,2.964835,1,0,3.475,0.009990,-0.14121,0.31193,0.000211,0,494.82,18.99,12.67,220.49,0.018994,0.026235,0.4466,3.967
0.001,ours_bptt,148,0.0548,-0.4646,0.828045,2.982712,1,0,3.594,0.009996,0.05297,-0.45480,0.000211,0,446.87,13.67,19.98,193.19,0.013674,0.018936,0.4277,4.260
0.001,ours_bptt,149,0.3302,-0.5948,0.815375,2.986459,1,0,3.661,0.009978,0.32499,-0.58633,0.000211,0,322.95,16.19,22.05,127.29,0.016193,0.022433,0.6398,5.090
0.001,ours_bptt,150,0.1291,0.0400,0.751556,2.943712,1,0,2.662,0.009993,0.11954,0.03704,0.000213,0,460.96,1.46,13.92,215.47,0.001458,0.001929,0.0295,1.291
0.001,ours_bptt,151,0.1204,0.0183,0.751173,2.943088,1,0,2.562,0.009987,0.11048,0.01680,0.000214,0,440.01,0.69,9.08,210.40,0.000695,0.000908,0.0188,0.928
0.001,ours_bptt,152,0.3968,0.7576,0.834393,2.990088,1,0,3.663,0.009985,0.39174,0.74902,0.000210,0,219.48,20.99,27.13,66.86,0.020988,0.028996,0.9852,6.071
0.001,ours_bptt,153,0.0547,0.2267,0.778994,2.954447,1,0,3.366,0.009994,0.05217,0.21699,0.000218,0,540.76,6.69,15.75,249.61,0.006691,0.008675,0.2085,3.208
0.001,ours_bptt,154,0.0069,0.1062,0.767163,2.943095,1,0,2.939,0.010000,0.00600,0.09624,0.000215,0,567.45,3.76,29.75,251.16,0.003762,0.004673,0.2344,2.985
0.001,ours_bptt,155,0.3885,0.8374,0.844957,2.991972,1,0,3.656,0.009983,0.38389,0.82857,0.000211,0,180.99,23.48,30.41,42.47,0.023485,0.032251,1.1540,6.490
0.001,ours_bptt,156,0.0770,0.0732,0.754002,2.941620,1,0,2.633,0.009989,0.06971,0.06638,0.000213,0,522.68,2.67,37.00,222.34,0.002673,0.003359,0.0787,1.987
0.001,ours_bptt,157,0.0515,-0.0915,0.758566,2.945437,1,0,2.747,0.009999,0.04653,-0.08284,0.000212,0,546.46,3.20,37.28,233.56,0.003196,0.003874,0.1356,2.438
0.001,ours_bptt,158,0.1176,-0.1584,0.758094,2.950602,1,0,3.151,0.009990,0.11178,-0.15026,0.000216,0,507.22,4.78,8.81,241.21,0.004785,0.006316,0.1240,2.626
0.001,ours_bptt,159,-0.1864,-0.2631,0.882168,2.974699,1,0,3.452,0.009989,-0.18165,-0.25433,0.000210,0,504.44,22.78,6.88,228.25,0.022785,0.029828,0.4732,4.131
0.001,ours_bptt,160,0.2632,-0.1929,0.759204,2.959185,1,0,3.352,0.009997,0.25524,-0.18693,0.000217,0,474.78,5.53,15.80,217.44,0.005526,0.007862,0.1559,2.805
0.001,ours_bptt,161,-0.3555,-0.7662,0.929670,2.992579,1,0,3.573,0.009985,-0.35237,-0.75678,0.000215,0,263.34,46.02,35.58,61.57,0.046025,0.065399,1.3589,6.289
0.001,ours_bptt,162,-0.1215,-0.1778,0.847670,2.966402,1,0,3.366,0.009980,-0.11683,-0.16897,0.000211,0,540.26,15.05,3.39,255.45,0.015055,0.019371,0.4135,3.910
0.001,ours_bptt,163,-0.0238,-0.5614,0.862583,2.988480,1,0,3.581,0.009983,-0.02416,-0.55140,0.000210,0,397.62,18.06,25.21,160.05,0.018065,0.026813,0.5982,4.780
0.001,ours_bptt,164,0.4774,0.4709,0.790877,2.979708,1,0,3.662,0.009983,0.47014,0.46410,0.000214,0,316.35,12.61,17.98,130.74,0.012608,0.018277,0.5745,4.769
0.001,ours_bptt,165,0.0443,-0.5806,0.851161,2.988534,1,0,3.601,0.009984,0.04288,-0.57067,0.000210,0,386.47,17.53,25.04,155.06,0.017525,0.024757,0.5928,4.838
0.001,ours_bptt,166,-0.0210,-0.5374,0.858881,2.987506,1,0,3.578,0.009983,-0.02134,-0.52742,0.000210,0,410.18,17.24,24.20,167.96,0.017244,0.025515,0.5620,4.661
0.001,ours_bptt,167,0.8175,0.5027,0.804012,2.988357,1,0,3.641,0.009990,0.80894,0.49757,0.000211,0,114.80,13.84,18.82,28.20,0.013838,0.020520,1.1540,6.160
0.001,ours_bptt,168,0.8027,-0.3400,0.792725,2.985771,1,0,3.618,0.009979,0.79351,-0.33610,0.000211,0,155.02,9.36,13.86,56.63,0.009359,0.014032,0.9405,5.453
0.001,ours_bptt,169,0.1514,0.0679,0.752480,2.945709,1,0,2.839,0.009990,0.14229,0.06371,0.000213,0,465.03,2.31,8.71,222.07,0.002309,0.003122,0.0486,1.672
0.001,ours_bptt,170,0.5304,0.7692,0.829435,2.990942,1,0,3.667,0.009990,0.52443,0.76119,0.000210,0,164.86,21.21,26.86,39.66,0.021214,0.029822,1.1397,6.426
0.001,ours_bptt,171,0.2090,0.4792,0.803908,2.976369,1,0,3.641,0.009988,0.20455,0.47020,0.000214,0,416.40,13.02,19.25,179.19,0.013019,0.017764,0.4254,4.335
0.001,ours_bptt,172,0.5598,-0.3460,0.781275,2.978889,1,0,3.611,0.009990,0.55127,-0.34080,0.000214,0,305.48,9.39,15.67,130.03,0.009390,0.013918,0.5339,4.443
0.001,ours_bptt,173,0.5464,-0.7222,0.821202,2.990566,1,0,3.684,0.009991,0.54005,-0.71447,0.000210,0,179.58,19.69,23.63,51.40,0.019688,0.027934,1.0594,6.213
0.001,ours_bptt,174,-0.1182,-0.2340,0.853254,2.970918,1,0,3.411,0.009991,-0.11455,-0.22472,0.000210,0,521.96,15.27,5.23,244.30,0.015274,0.020492,0.3833,3.732
0.001,ours_bptt,175,-0.2591,-0.7992,0.917555,2.993838,1,0,3.582,0.009997,-0.25703,-0.78948,0.000215,0,255.92,37.34,35.91,64.04,0.037342,0.056165,1.2748,6.276
0.001,ours_bptt,176,0.5500,-0.2108,0.773937,2.975180,1,0,3.528,0.009999,0.54071,-0.20717,0.000214,0,323.74,5.85,11.88,145.59,0.005855,0.008720,0.4202,3.802
0.001,ours_bptt,177,0.2832,0.3475,0.776107,2.967263,1,0,3.577,0.009984,0.27680,0.33983,0.000218,0,448.19,9.36,18.93,198.15,0.009361,0.013211,0.2938,3.722
0.001,ours_bptt,178,0.3999,0.1449,0.761797,2.963847,1,0,3.405,0.009998,0.39051,0.14145,0.000216,0,406.05,4.13,10.60,189.32,0.004133,0.006075,0.2187,2.875
0.001,ours_bptt,179,-0.3922,0.5944,0.931397,2.974970,1,0,3.560,0.009996,-0.38779,0.58549,0.000215,0,339.97,47.68,27.89,106.33,0.047685,0.064700,1.1011,5.536
0.001,ours_bptt,180,0.1187,-0.5094,0.823726,2.984266,1,0,3.621,0.009995,0.11584,-0.49977,0.000211,0,417.53,14.43,20.78,177.16,0.014429,0.019642,0.4677,4.462
0.001,ours_bptt,181,0.2591,0.4505,0.793916,2.974645,1,0,3.640,0.009984,0.25385,0.44208,0.000216,0,415.93,12.10,18.79,180.10,0.012097,0.016744,0.4003,4.231
0.001,ours_bptt,182,-0.1886,-0.2921,0.885065,2.976606,1,0,3.463,0.009990,-0.18418,-0.28312,0.000211,0,496.64,23.29,9.95,220.91,0.023286,0.030831,0.4868,4.053
0.001,ours_bptt,183,0.1147,-0.5915,0.838626,2.988284,1,0,3.628,0.009995,0.11220,-0.58178,0.000210,0,373.94,17.03,23.43,150.77,0.017030,0.023385,0.5895,4.881
0.001,ours_bptt,184,0.3148,0.1334,0.757834,2.958044,1,0,3.304,0.009989,0.30563,0.12942,0.000216,0,442.45,3.91,10.62,207.67,0.003907,0.005647,0.1472,2.523
0.001,ours_bptt,185,0.2581,-0.2319,0.762870,2.961443,1,0,3.416,0.009997,0.25071,-0.22513,0.000218,0,479.27,6.51,18.08,216.68,0.006508,0.009214,0.1830,3.045
0.001,ours_bptt,186,-0.0058,-0.3736,0.827012,2.977980,1,0,3.540,0.009998,-0.00638,-0.36359,0.000212,0,491.61,11.83,17.34,219.60,0.011829,0.016977,0.3616,3.915
0.001,ours_bptt,187,0.6780,0.6485,0.812976,2.989232,1,0,3.671,0.009978,0.67066,0.64173,0.000211,0,148.56,17.71,22.29,38.71,0.017706,0.025692,1.1149,6.259
0.001,ours_bptt,188,0.1861,0.6801,0.845238,2.987183,1,0,3.626,0.009993,0.18300,0.67065,0.000210,0,316.12,19.45,28.19,115.28,0.019454,0.026494,0.7442,5.393
0.001,ours_bptt,189,0.5062,-0.1910,0.771038,2.972897,1,0,3.497,0.009982,0.49690,-0.18745,0.000215,0,349.32,5.34,11.69,158.97,0.005341,0.007928,0.3541,3.530
0.001,ours_bptt,190,0.3110,0.0827,0.756708,2.957308,1,0,3.233,0.009989,0.30139,0.08004,0.000215,0,431.36,2.48,6.22,207.60,0.002482,0.003580,0.1245,2.175
0.001,ours_bptt,191,0.2038,0.5088,0.811388,2.978490,1,0,3.639,0.009980,0.19966,0.49975,0.000213,0,402.63,13.95,20.47,170.38,0.013948,0.018987,0.4654,4.488
0.001,ours_bptt,192,0.1233,-0.0533,0.751264,2.944533,1,0,2.687,0.009987,0.11410,-0.04936,0.000213,0,473.69,1.92,17.27,218.13,0.001920,0.002535,0.0370,1.493
0.001,ours_bptt,193,-0.0796,-0.7824,0.892337,2.993993,1,0,3.595,0.009987,-0.07943,-0.77239,0.000213,0,276.49,26.56,34.27,84.05,0.026563,0.040644,1.0393,5.966
0.001,ours_bptt,194,0.2915,-0.1221,0.757566,2.958386,1,0,3.252,0.009986,0.28231,-0.11814,0.000215,0,447.27,3.63,9.55,211.36,0.003633,0.005214,0.1277,2.384
0.001,ours_bptt,195,-0.1019,0.1701,0.835383,2.955914,1,0,3.344,0.009988,-0.09763,0.16102,0.000214,0,547.00,12.87,4.87,258.98,0.012870,0.016672,0.3928,3.744
0.001,ours_bptt,196,0.4572,-0.2213,0.769125,2.970969,1,0,3.501,0.009998,0.44822,-0.21696,0.000216,0,378.02,6.15,13.77,170.63,0.006155,0.009088,0.3163,3.484
0.001,ours_bptt,197,0.1068,0.1660,0.759453,2.947855,1,0,3.178,0.009990,0.10153,0.15753,0.000218,0,514.80,4.98,9.96,243.71,0.004976,0.006512,0.1353,2.711
0.001,ours_bptt,198,0.6025,-0.0753,0.775104,2.976444,1,0,3.485,0.009985,0.59255,-0.07406,0.000213,0,282.49,2.13,4.48,135.17,0.002130,0.003184,0.4437,3.517
0.001,ours_bptt,199,0.0462,0.5396,0.843957,2.979855,1,0,3.600,0.009985,0.04464,0.52969,0.000211,0,408.55,16.17,23.32,168.83,0.016170,0.022704,0.5301,4.627
0.001,ours_bptt,200,0.1240,-0.0387,0.750948,2.944054,1,0,2.636,0.009991,0.11444,-0.03573,0.000213,0,461.76,1.42,15.07,214.75,0.001425,0.001876,0.0281,1.268
0.001,ours_bptt,201,0.4164,-0.5120,0.796524,2.982389,1,0,3.672,0.009987,0.40984,-0.50448,0.000214,0,328.48,13.69,18.60,135.38,0.013687,0.019524,0.5722,4.819
0.001,ours_bptt,202,-0.1230,0.4612,0.876444,2.972854,1,0,3.533,0.009998,-0.12126,0.45139,0.000211,0,441.15,19.37,21.94,184.10,0.019372,0.029335,0.5459,4.431
0.001,ours_bptt,203,0.4410,-0.4585,0.790377,2.980530,1,0,3.649,0.009993,0.43393,-0.45143,0.000214,0,338.02,12.30,18.50,141.29,0.012297,0.017726,0.5242,4.615
0.001,ours_bptt,204,0.2855,0.1293,0.756941,2.956102,1,0,3.259,0.009989,0.27645,0.12500,0.000216,0,451.93,3.83,10.18,212.91,0.003833,0.005496,0.1275,2.417
0.001,ours_bptt,205,0.3098,0.8479,0.853557,2.992071,1,0,3.640,0.009978,0.30594,0.83869,0.000211,0,197.83,24.15,32.79,48.01,0.024148,0.032926,1.1328,6.437
0.001,ours_bptt,206,0.7544,0.5438,0.805044,2.988024,1,0,3.653,0.009988,0.74619,0.53808,0.000211,0,141.62,14.89,19.85,39.80,0.014892,0.021950,1.0842,6.070
0.001,ours_bptt,207,0.2818,0.3011,0.769704,2.963742,1,0,3.529,0.009996,0.27488,0.29389,0.000218,0,461.28,8.20,18.91,205.59,0.008196,0.011629,0.2492,3.469
0.001,ours_bptt,208,0.4930,0.1739,0.767833,2.970177,1,0,3.492,0.009983,0.48361,0.17055,0.000216,0,358.35,4.86,10.82,164.71,0.004859,0.007222,0.3286,3.389
0.001,ours_bptt,209,0.3355,-0.5061,0.799624,2.981910,1,0,3.658,0.009987,0.32970,-0.49798,0.000213,0,363.46,13.59,19.45,152.09,0.013591,0.019048,0.5080,4.632
0.001,ours_bptt,210,0.2506,-0.7408,0.845718,2.991930,1,0,3.639,0.009977,0.24693,-0.73151,0.000210,0,269.52,20.99,29.07,89.95,0.020991,0.028600,0.8749,5.776
0.001,ours_bptt,211,0.5757,-0.1236,0.774135,2.975593,1,0,3.487,0.009996,0.56591,-0.12145,0.000213,0,303.39,3.49,7.42,141.66,0.003487,0.005201,0.4172,3.559
0.001,ours_bptt,212,0.1789,0.4176,0.795659,2.971706,1,0,3.612,0.009998,0.17461,0.40854,0.000216,0,453.90,11.36,18.94,199.49,0.011360,0.015419,0.3477,4.006
0.001,ours_bptt,213,0.3431,0.9019,0.856522,2.993103,1,0,3.641,0.009997,0.33913,0.89269,0.000211,0,160.02,25.73,34.34,26.37,0.025726,0.035101,1.2805,6.781
0.001,ours_bptt,214,0.4497,-0.0405,0.765806,2.968369,1,0,3.368,0.009989,0.43972,-0.03960,0.000214,0,361.45,1.18,2.95,176.90,0.001178,0.001736,0.2407,2.586
0.001,ours_bptt,215,-0.0738,-0.8147,0.893809,2.994431,1,0,3.597,0.009990,-0.07375,-0.80466,0.000213,0,258.69,27.42,35.51,73.27,0.027416,0.041827,1.1065,6.139
0.001,ours_bptt,216,-0.0007,-0.2767,0.805438,2.969129,1,0,3.463,0.009992,-0.00122,-0.26673,0.000214,0,531.12,8.81,14.55,244.40,0.008813,0.012317,0.2808,3.544
0.001,ours_bptt,217,0.1157,-0.0892,0.752267,2.945499,1,0,2.833,0.009998,0.10784,-0.08299,0.000213,0,489.45,3.02,14.37,228.09,0.003016,0.003978,0.0684,1.990
0.001,ours_bptt,218,0.2996,0.3432,0.774950,2.967293,1,0,3.577,0.009985,0.29294,0.33575,0.000218,0,442.65,9.24,18.70,195.69,0.009245,0.013122,0.2964,3.722
0.001,ours_bptt,219,0.1075,0.0912,0.753600,2.943452,1,0,2.822,0.009986,0.09997,0.08467,0.000213,0,495.51,3.10,16.70,228.73,0.003098,0.004052,0.0744,2.045
0.001,ours_bptt,220,-0.1180,0.5028,0.878257,2.975345,1,0,3.548,0.009983,-0.11657,0.49294,0.000211,0,422.08,20.03,23.72,172.30,0.020031,0.030629,0.5904,4.602
0.001,ours_bptt,221,-0.0384,-0.1602,0.800989,2.959607,1,0,3.250,0.009991,-0.03659,-0.15040,0.000214,0,537.60,6.76,2.59,261.14,0.006764,0.009662,0.3102,3.394
0.001,ours_bptt,222,0.6916,-0.2139,0.782136,2.980787,1,0,3.567,0.009990,0.68208,-0.21095,0.000212,0,235.62,5.93,10.41,102.95,0.005930,0.008897,0.6392,4.460
0.001,ours_bptt,223,-0.0588,0.1179,0.804203,2.950170,1,0,3.171,0.009990,-0.05513,0.10864,0.000215,0,581.65,7.89,20.37,264.53,0.007894,0.010196,0.3709,3.528
0.001,ours_bptt,224,-0.0745,-0.3129,0.843373,2.975546,1,0,3.476,0.009993,-0.07301,-0.30301,0.000211,0,508.34,12.66,13.88,230.79,0.012664,0.018894,0.3697,3.817
0.001,ours_bptt,225,-0.1780,-0.3364,0.885006,2.979044,1,0,3.477,0.009984,-0.17419,-0.32711,0.000211,0,485.11,22.64,14.29,211.28,0.022641,0.030744,0.4976,4.085
0.001,ours_bptt,226,0.6911,0.0578,0.779739,2.979645,1,0,3.522,0.009996,0.68116,0.05694,0.000212,0,226.69,1.62,3.10,109.03,0.001624,0.002439,0.5842,3.939
0.001,ours_bptt,227,0.2381,-0.1180,0.754997,2.954330,1,0,3.170,0.009986,0.22926,-0.11339,0.000215,0,462.15,3.59,8.07,220.32,0.003588,0.005069,0.0992,2.234
0.001,ours_bptt,228,0.1519,0.8000,0.864493,2.990504,1,0,3.620,0.009974,0.14953,0.79027,0.000211,0,255.83,23.56,33.39,76.86,0.023557,0.032435,0.9872,6.031
0.001,ours_bptt,229,0.1294,-0.0464,0.751044,2.944561,1,0,2.687,0.009995,0.12000,-0.04304,0.000213,0,465.93,1.67,14.64,217.07,0.001673,0.002218,0.0331,1.387
0.001,ours_bptt,230,0.0091,0.7864,0.876962,2.989224,1,0,3.623,0.009991,0.00817,0.77650,0.000212,0,272.82,24.56,31.18,86.81,0.024560,0.035873,0.9870,5.924
0.001,ours_bptt,231,0.7804,-0.0773,0.785721,2.983006,1,0,3.545,0.009991,0.77041,-0.07626,0.000211,0,170.62,2.17,3.81,79.87,0.002169,0.003263,0.7561,4.489
0.001,ours_bptt,232,0.1448,0.2357,0.766906,2.955232,1,0,3.384,0.010000,0.13952,0.22722,0.000218,0,521.88,6.66,18.96,236.98,0.006659,0.008942,0.1763,3.068
0.001,ours_bptt,233,0.0215,0.4271,0.829301,2.972440,1,0,3.572,0.009987,0.02031,0.41717,0.000213,0,467.12,12.98,19.23,204.60,0.012979,0.018260,0.3988,4.107
0.001,ours_bptt,234,-0.0409,-0.1955,0.808198,2.963368,1,0,3.335,0.009982,-0.03943,-0.18558,0.000214,0,536.77,7.77,4.89,257.67,0.007771,0.011260,0.3038,3.450
0.001,ours_bptt,235,0.4958,-0.7270,0.824216,2.990674,1,0,3.678,0.009982,0.48985,-0.71898,0.000210,0,198.26,19.88,24.48,59.74,0.019883,0.027975,1.0120,6.114
0.001,ours_bptt,236,0.8988,-0.2304,0.794399,2.986898,1,0,3.590,0.009995,0.88909,-0.22790,0.000211,0,97.78,6.43,9.83,34.25,0.006427,0.009670,1.0735,5.566
0.001,ours_bptt,237,0.0532,-0.4550,0.826590,2.982116,1,0,3.591,0.009995,0.05141,-0.44517,0.000211,0,451.93,13.39,19.73,196.19,0.013395,0.018537,0.4167,4.215
0.001,ours_bptt,238,0.1776,-0.1698,0.756557,2.953267,1,0,3.232,0.009988,0.17052,-0.16277,0.000217,0,500.00,5.01,13.39,232.85,0.005014,0.006892,0.1212,2.606
0.001,ours_bptt,239,0.4213,0.3347,0.773737,2.970960,1,0,3.598,0.009990,0.41339,0.32861,0.000217,0,386.46,9.01,16.66,169.81,0.009014,0.013179,0.3695,3.934
0.001,ours_bptt,240,0.3769,-0.3379,0.775121,2.972350,1,0,3.580,0.009986,0.36937,-0.33128,0.000216,0,407.32,9.13,17.91,178.90,0.009133,0.013211,0.3378,3.845
0.001,ours_bptt,241,0.2876,0.6481,0.826174,2.986116,1,0,3.662,0.009991,0.28307,0.63921,0.000211,0,308.79,17.85,23.52,117.48,0.017849,0.024477,0.7085,5.306
0.001,ours_bptt,242,-0.2242,-0.5692,0.906207,2.989163,1,0,3.546,0.009979,-0.22145,-0.55960,0.000213,0,380.08,30.34,27.72,139.57,0.030339,0.043815,0.8003,5.076
0.001,ours_bptt,243,0.2114,0.6827,0.842408,2.987346,1,0,3.631,0.009998,0.20791,0.67336,0.000210,0,309.70,19.38,27.84,112.47,0.019384,0.026374,0.7523,5.425
0.001,ours_bptt,244,0.3551,-0.4475,0.788583,2.978192,1,0,3.649,0.009999,0.34867,-0.43987,0.000215,0,381.28,11.94,18.21,163.47,0.011943,0.016962,0.4423,4.361
0.001,ours_bptt,245,-0.0902,0.2305,0.837373,2.958621,1,0,3.409,0.009989,-0.08740,0.22097,0.000214,0,527.01,12.38,5.31,248.91,0.012384,0.017168,0.3510,3.648
0.001,ours_bptt,246,0.3024,-0.0595,0.757184,2.958107,1,0,3.189,0.009986,0.29261,-0.05752,0.000214,0,426.94,1.81,4.16,207.95,0.001814,0.002607,0.1125,1.988
0.001,ours_bptt,247,0.0963,-0.5319,0.831469,2.985826,1,0,3.620,0.009996,0.09385,-0.52217,0.000210,0,408.09,15.31,21.44,171.12,0.015312,0.021018,0.5032,4.575
0.001,ours_bptt,248,0.6870,-0.3791,0.789353,2.983623,1,0,3.628,0.009997,0.67819,-0.37437,0.000212,0,222.46,10.34,15.53,87.94,0.010340,0.015409,0.7588,5.091
0.001,ours_bptt,249,0.6621,-0.5816,0.805715,2.988156,1,0,3.670,0.009998,0.65449,-0.57518,0.000211,0,181.20,15.80,20.28,58.47,0.015797,0.023067,0.9773,5.889
0.001,ours_bptt,250,-0.1159,-0.8802,0.902570,2.995202,1,0,3.599,0.009994,-0.11546,-0.87023,0.000214,0,220.08,30.84,37.79,49.13,0.030837,0.047654,1.2967,6.534
0.001,ours_bptt,251,0.1278,0.4828,0.818914,2.976625,1,0,3.609,0.009982,0.12474,0.47332,0.000213,0,430.77,13.61,21.21,183.97,0.013607,0.018425,0.4318,4.332
0.001,ours_bptt,252,-0.4713,-0.6876,0.941623,2.989608,1,0,3.572,0.009988,-0.46685,-0.67864,0.000216,0,279.59,56.96,31.73,65.35,0.056957,0.077476,1.4299,6.175
0.001,ours_bptt,253,0.0785,-0.2458,0.776270,2.961125,1,0,3.411,0.009995,0.07528,-0.23635,0.000217,0,537.39,7.04,17.76,245.66,0.007043,0.009204,0.2070,3.236
0.001,ours_bptt,254,0.1938,-0.0414,0.751889,2.948748,1,0,2.917,0.009998,0.18406,-0.03921,0.000213,0,443.48,1.37,1.97,218.74,0.001373,0.001900,0.0484,1.437
0.001,ours_bptt,255,0.2595,0.6392,0.828604,2.985698,1,0,3.651,0.009993,0.25525,0.63015,0.000211,0,321.20,17.72,24.29,123.02,0.017721,0.024206,0.6835,5.229
0.001,ours_bptt,256,-0.1225,-0.6050,0.887173,2.990368,1,0,3.569,0.009974,-0.12143,-0.59506,0.000212,0,370.18,23.00,27.90,139.94,0.022999,0.035535,0.7412,5.090
0.001,ours_bptt,257,-0.2557,-0.7313,0.915672,2.992788,1,0,3.573,0.009981,-0.25337,-0.72162,0.000214,0,293.35,35.88,33.84,85.93,0.035877,0.053179,1.1259,5.919
0.001,ours_bptt,258,0.9286,-0.2665,0.796973,2.987863,1,0,3.597,0.009994,0.91905,-0.26377,0.000210,0,76.35,7.43,11.05,21.55,0.007435,0.011179,1.1684,5.833
0.001,ours_bptt,259,-0.1529,0.2949,0.871622,2.963470,1,0,3.463,0.009996,-0.14919,0.28558,0.000211,0,501.48,19.52,10.02,226.07,0.019521,0.026378,0.4419,3.913
0.001,ours_bptt,260,-0.5134,-0.8404,0.945134,2.991910,1,0,3.588,0.009970,-0.50946,-0.83127,0.000216,0,196.23,62.91,36.82,14.11,0.062910,0.086804,1.8558,7.032
0.001,ours_bptt,261,0.1135,0.7021,0.857980,2.987616,1,0,3.613,0.009986,0.11131,0.69233,0.000211,0,315.21,20.73,30.15,111.91,0.020728,0.028649,0.7875,5.479
0.001,ours_bptt,262,0.1363,0.0233,0.751276,2.944181,1,0,2.656,0.009999,0.12642,0.02159,0.000213,0,445.08,0.85,8.04,213.86,0.000852,0.001132,0.0242,1.049
0.001,ours_bptt,263,0.6920,-0.4273,0.792821,2.984864,1,0,3.643,0.009983,0.68347,-0.42213,0.000212,0,209.60,11.62,16.61,79.48,0.011623,0.017268,0.8187,5.314
0.001,ours_bptt,264,0.2765,0.2692,0.765922,2.961396,1,0,3.487,0.009988,0.26936,0.26222,0.000218,0,469.28,7.41,18.65,210.44,0.007406,0.010527,0.2194,3.283
0.001,ours_bptt,265,0.2175,0.3285,0.776452,2.964708,1,0,3.544,0.010000,0.21179,0.32022,0.000218,0,479.18,8.92,19.70,213.20,0.008919,0.012319,0.2575,3.562
0.001,ours_bptt,266,0.5969,-0.4234,0.788743,2.982441,1,0,3.645,0.009994,0.58866,-0.41776,0.000213,0,266.67,11.44,16.82,107.94,0.011437,0.016894,0.6644,4.930
0.001,ours_bptt,267,0.0093,-0.2934,0.805691,2.970325,1,0,3.482,0.009998,0.00841,-0.28342,0.000214,0,526.17,9.13,15.58,240.65,0.009135,0.012643,0.2850,3.582
0.001,ours_bptt,268,-0.0703,-0.4002,0.853200,2.981206,1,0,3.529,0.009980,-0.06941,-0.39028,0.000210,0,473.97,14.73,18.33,207.61,0.014728,0.022287,0.4358,4.112
0.001,ours_bptt,269,-0.1298,0.8148,0.896668,2.988568,1,0,3.614,0.009996,-0.12920,0.80484,0.000213,0,253.48,29.16,32.38,72.49,0.029161,0.045293,1.1479,6.165
0.001,ours_bptt,270,0.3659,0.1527,0.760064,2.961541,1,0,3.386,0.009985,0.35673,0.14877,0.000217,0,424.14,4.37,11.58,197.21,0.004368,0.006386,0.1934,2.798
0.001,ours_bptt,271,0.1731,0.7224,0.853037,2.988571,1,0,3.621,0.009998,0.17021,0.71280,0.000210,0,295.56,20.91,30.34,101.76,0.020912,0.028562,0.8251,5.616
0.001,ours_bptt,272,-0.1537,-0.3882,0.881170,2.981682,1,0,3.497,0.009981,-0.15086,-0.37859,0.000211,0,469.79,20.89,18.42,200.81,0.020889,0.029673,0.5081,4.208
0.001,ours_bptt,273,0.3157,0.8481,0.852917,2.992085,1,0,3.641,0.009996,0.31175,0.83894,0.000211,0,196.09,24.13,32.63,47.32,0.024126,0.032905,1.1359,6.445
0.001,ours_bptt,274,-0.0314,-0.5603,0.863963,2.988509,1,0,3.579,0.009998,-0.03166,-0.55026,0.000210,0,397.93,18.21,25.20,160.11,0.018206,0.027175,0.6012,4.780
0.001,ours_bptt,275,0.8578,-0.3810,0.797353,2.987581,1,0,3.625,0.009998,0.84868,-0.37702,0.000211,0,113.49,10.51,14.90,33.96,0.010512,0.015742,1.0976,5.864
0.001,ours_bptt,276,0.1279,-0.9419,0.880302,2.995627,1,0,3.617,0.009993,0.12602,-0.93210,0.000213,0,178.04,28.40,38.72,29.00,0.028402,0.039645,1.3315,6.823
0.001,ours_bptt,277,0.3437,0.3660,0.777215,2.970083,1,0,3.604,0.009988,0.33677,0.35888,0.000217,0,416.09,9.82,18.10,182.58,0.009818,0.014063,0.3428,3.917
0.001,ours_bptt,278,0.4443,0.0492,0.764411,2.967135,1,0,3.373,0.009990,0.43441,0.04804,0.000214,0,367.07,1.42,3.58,178.89,0.001425,0.002102,0.2355,2.593
0.001,ours_bptt,279,0.5094,-0.5381,0.799780,2.984800,1,0,3.672,0.009991,0.50234,-0.53103,0.000212,0,275.16,14.47,19.29,107.44,0.014468,0.020875,0.7018,5.193
0.001,ours_bptt,280,0.6178,0.6921,0.817721,2.989683,1,0,3.675,0.009977,0.61090,0.68483,0.000210,0,160.93,18.90,23.50,42.78,0.018905,0.027127,1.1000,6.274
0.001,ours_bptt,281,-0.0121,0.1057,0.773934,2.944352,1,0,2.993,0.009990,-0.01140,0.09577,0.000215,0,578.46,4.08,29.95,256.21,0.004084,0.005504,0.2778,3.169
0.001,ours_bptt,282,0.5679,0.2579,0.774380,2.975205,1,0,3.579,0.009997,0.55880,0.25374,0.000215,0,313.65,7.05,12.83,138.70,0.007048,0.010529,0.4716,4.073
0.001,ours_bptt,283,0.2760,0.1287,0.756681,2.955476,1,0,3.245,0.009989,0.26702,0.12438,0.000216,0,454.87,3.83,10.04,214.52,0.003832,0.005481,0.1222,2.391
0.001,ours_bptt,284,0.4500,0.3983,0.781344,2.975205,1,0,3.638,0.009982,0.44238,0.39185,0.000216,0,354.60,10.66,17.03,152.27,0.010660,0.015541,0.4605,4.332
0.001,ours_bptt,285,0.4344,0.0610,0.763735,2.966408,1,0,3.369,0.009986,0.42447,0.05954,0.000215,0,374.31,1.77,4.47,181.36,0.001767,0.002605,0.2268,2.597
0.001,ours_bptt,286,0.2625,-0.1936,0.759215,2.959174,1,0,3.353,0.009995,0.25451,-0.18759,0.000217,0,475.24,5.54,15.86,217.61,0.005544,0.007885,0.1561,2.809
0.001,ours_bptt,287,0.4951,-0.4703,0.792225,2.982093,1,0,3.653,0.009983,0.48776,-0.46353,0.000213,0,307.18,12.64,18.48,125.63,0.012644,0.018353,0.5939,4.822
0.001,ours_bptt,288,-0.0609,0.1904,0.816202,2.954710,1,0,3.343,0.009988,-0.05855,0.18071,0.000215,0,533.56,9.01,1.68,258.34,0.009011,0.012778,0.3286,3.508
0.001,ours_bptt,289,0.4627,-0.5742,0.804030,2.985483,1,0,3.683,0.009991,0.45618,-0.56668,0.000212,0,281.70,15.41,19.54,109.74,0.015413,0.021992,0.7059,5.245
0.001,ours_bptt,290,-0.2671,0.5113,0.911646,2.973489,1,0,3.537,0.009985,-0.26339,0.50205,0.000213,0,401.10,33.79,24.57,150.64,0.033788,0.046682,0.7771,4.893
0.001,ours_bptt,291,-0.1914,0.4290,0.892857,2.970604,1,0,3.514,0.009979,-0.18822,0.41951,0.000212,0,447.93,25.13,20.28,184.84,0.025126,0.035182,0.5865,4.416
0.001,ours_bptt,292,0.3585,0.0772,0.759424,2.961081,1,0,3.293,0.009989,0.34878,0.07501,0.000215,0,411.87,2.28,5.95,198.28,0.002280,0.003321,0.1592,2.332
0.001,ours_bptt,293,0.0225,0.1187,0.764283,2.943397,1,0,2.989,0.009992,0.02050,0.10894,0.000216,0,543.66,3.97,17.74,251.12,0.003967,0.004848,0.2061,2.891
0.001,ours_bptt,294,0.4545,0.0289,0.765259,2.967972,1,0,3.375,0.009994,0.44452,0.02822,0.000214,0,357.92,0.84,2.08,176.25,0.000837,0.001236,0.2444,2.560
0.001,ours_bptt,295,-0.0097,-0.2389,0.800521,2.965579,1,0,3.412,0.009983,-0.00983,-0.22892,0.000215,0,539.97,7.87,12.11,251.97,0.007871,0.011068,0.2695,3.446
0.001,ours_bptt,296,-0.0414,-0.4969,0.858223,2.985922,1,0,3.565,0.009996,-0.04134,-0.48689,0.000210,0,430.05,16.50,22.65,180.01,0.016496,0.024753,0.5212,4.489
0.001,ours_bptt,297,-0.4635,-0.8276,0.941075,2.992352,1,0,3.583,0.009970,-0.45978,-0.81838,0.000216,0,213.24,57.66,37.08,26.29,0.057661,0.080222,1.7116,6.844
0.001,ours_bptt,298,-0.1078,-0.2116,0.845741,2.968721,1,0,3.387,0.009990,-0.10414,-0.20232,0.000211,0,526.52,13.95,2.65,250.15,0.013950,0.018599,0.3779,3.680
0.001,ours_bptt,299,0.1967,0.7699,0.856545,2.990021,1,0,3.622,0.009999,0.19378,0.76038,0.000211,0,265.45,22.30,32.13,83.87,0.022299,0.030425,0.9255,5.894
0.001,lyap1,0,-0.4828,-0.7608,0.800000,1.700000,1,0,4.413,0.009981,-0.47893,-0.75154,0.000374,0,468.60,40.38,78.73,125.29,0.040384,0.048211,1.1608,5.709
0.001,lyap1,1,0.3886,-0.1909,0.800000,1.700000,1,0,3.225,0.009991,0.37937,-0.18699,0.000375,0,398.74,10.15,22.43,169.33,0.010155,0.014783,0.2397,3.011
0.001,lyap1,2,0.1373,-0.1241,0.800000,1.700000,1,0,2.859,0.009989,0.12929,-0.11806,0.000375,0,488.89,7.20,21.44,217.60,0.007202,0.009896,0.0670,1.986
0.001,lyap1,3,0.5235,0.3075,0.800000,1.700000,1,0,3.441,0.009994,0.51463,0.30284,0.000375,0,335.78,15.24,25.60,130.86,0.015245,0.022837,0.4613,4.011
0.001,lyap1,4,0.3315,0.9345,0.800000,1.700000,1,0,4.088,0.009997,0.32808,0.92506,0.000374,0,227.34,31.65,28.23,61.69,0.031654,0.048830,1.1666,6.199
0.001,lyap1,5,0.3231,-0.0585,0.800000,1.700000,1,0,2.985,0.009996,0.31317,-0.05700,0.000375,0,383.49,3.39,7.64,181.56,0.003391,0.004789,0.1370,2.100
0.001,lyap1,6,-0.0850,0.5502,0.800000,1.700000,1,0,4.019,0.009988,-0.08464,0.54018,0.000374,0,563.33,13.18,67.63,204.15,0.013175,0.016353,0.4583,4.042
0.001,lyap1,7,-0.0720,-0.5823,0.800000,1.700000,1,0,4.036,0.009981,-0.07185,-0.57230,0.000374,0,540.17,13.94,63.94,195.69,0.013939,0.017622,0.4937,4.190
0.001,lyap1,8,0.3960,-0.5209,0.800000,1.700000,1,0,3.694,0.009984,0.38967,-0.51318,0.000374,0,380.59,22.43,34.00,139.47,0.022431,0.034221,0.5301,4.440
0.001,lyap1,9,0.3685,0.3828,0.800000,1.700000,1,0,3.514,0.009993,0.36120,0.37598,0.000374,0,423.77,17.87,34.55,163.94,0.017867,0.026784,0.3588,3.776
0.001,lyap1,10,0.1283,0.2512,0.800000,1.700000,1,0,3.318,0.009998,0.12288,0.24280,0.000374,0,573.95,11.29,49.56,228.95,0.011292,0.016147,0.1420,2.685
0.001,lyap1,11,0.2440,0.2446,0.800000,1.700000,1,0,3.262,0.009990,0.23637,0.23807,0.000375,0,494.41,12.35,35.48,202.46,0.012352,0.017903,0.1670,2.826
0.001,lyap1,12,0.6768,0.6211,0.800000,1.700000,1,0,3.767,0.009998,0.66931,0.61446,0.000374,0,202.87,27.33,25.80,55.14,0.027330,0.042502,1.0219,5.754
0.001,lyap1,13,0.7407,-0.0375,0.800000,1.700000,1,0,3.404,0.009998,0.73071,-0.03700,0.000375,0,169.83,1.91,2.83,80.65,0.001909,0.002863,0.6964,4.230
0.001,lyap1,14,0.1895,0.9012,0.800000,1.700000,1,0,4.122,0.009988,0.18725,0.89145,0.000374,0,288.34,27.64,33.79,89.65,0.027643,0.041277,1.0235,5.859
0.001,lyap1,15,0.3282,0.2784,0.800000,1.700000,1,0,3.342,0.009985,0.32016,0.27247,0.000375,0,448.98,13.93,32.51,181.54,0.013928,0.020476,0.2419,3.203
0.001,lyap1,16,0.4229,-0.6724,0.800000,1.700000,1,0,3.848,0.009988,0.41740,-0.66400,0.000374,0,315.44,26.95,31.11,106.40,0.026954,0.041660,0.7636,5.165
0.001,lyap1,17,-0.0535,-0.6259,0.800000,1.700000,1,0,4.057,0.009993,-0.05359,-0.61587,0.000374,0,509.00,15.15,59.40,183.74,0.015145,0.019628,0.5463,4.397
0.001,lyap1,18,0.5135,-0.1699,0.800000,1.700000,1,0,3.294,0.009995,0.50394,-0.16710,0.000375,0,325.26,8.91,16.78,139.17,0.008906,0.013123,0.3693,3.455
0.001,lyap1,19,-0.1027,-0.2139,0.800000,1.700000,1,0,3.623,0.009993,-0.10092,-0.20406,0.000374,0,791.79,9.04,116.90,272.22,0.009041,0.010590,0.1956,2.627
0.001,lyap1,20,0.5724,0.0126,0.800000,1.700000,1,0,3.271,0.009983,0.56246,0.01237,0.000375,0,255.47,0.67,1.21,126.02,0.000666,0.000981,0.4149,3.240
0.001,lyap1,21,-0.2534,-0.7892,0.800000,1.700000,1,0,4.292,0.009992,-0.25148,-0.77943,0.000374,0,434.75,20.57,63.76,138.19,0.020566,0.025871,0.9325,5.402
0.001,lyap1,22,0.1756,0.0811,0.800000,1.700000,1,0,2.747,0.009991,0.16635,0.07740,0.000375,0,433.38,5.05,8.82,204.09,0.005049,0.006868,0.0547,1.697
0.001,lyap1,23,-0.1826,-0.5070,0.800000,1.700000,1,0,4.071,0.009997,-0.18080,-0.49713,0.000374,0,615.68,14.82,81.63,215.09,0.014823,0.018397,0.4639,3.934
0.001,lyap1,24,0.5281,0.1638,0.800000,1.700000,1,0,3.300,0.009990,0.51847,0.16117,0.000375,0,315.95,8.58,15.91,135.64,0.008576,0.012651,0.3858,3.500
0.001,lyap1,25,0.2533,-0.1131,0.800000,1.700000,1,0,2.958,0.009985,0.24397,-0.10956,0.000375,0,434.39,6.56,16.14,196.13,0.006562,0.009204,0.1029,2.133
0.001,lyap1,26,-0.0698,0.1000,0.800000,1.700000,1,0,3.239,0.009992,-0.06745,0.09024,0.000374,0,834.82,7.26,137.91,274.05,0.007261,0.007889,0.1683,2.462
0.001,lyap1,27,0.3040,0.0277,0.800000,1.700000,1,0,2.932,0.009987,0.29405,0.02689,0.000375,0,378.05,1.63,3.57,184.23,0.001632,0.002288,0.1179,1.844
0.001,lyap1,28,0.2958,-0.8584,0.800000,1.700000,1,0,4.048,0.009992,0.29244,-0.84899,0.000374,0,279.46,29.22,31.01,86.80,0.029216,0.044763,0.9879,5.774
0.001,lyap1,29,0.3034,0.1431,0.800000,1.700000,1,0,3.076,0.009981,0.29419,0.13938,0.000375,0,427.18,7.98,19.69,187.91,0.007983,0.011383,0.1473,2.469
0.001,lyap1,30,-0.0517,-0.6699,0.800000,1.700000,1,0,4.090,0.009993,-0.05184,-0.65994,0.000374,0,481.68,16.16,56.62,172.10,0.016163,0.021120,0.6105,4.616
0.001,lyap1,31,0.5492,0.3284,0.800000,1.700000,1,0,3.473,0.009982,0.54040,0.32365,0.000375,0,320.89,16.12,25.63,122.72,0.016119,0.024248,0.5108,4.192
0.001,lyap1,32,-0.2470,-0.5392,0.800000,1.700000,1,0,4.151,0.009989,-0.24449,-0.52954,0.000374,0,606.56,19.61,83.98,204.59,0.019614,0.024170,0.5526,4.184
0.001,lyap1,33,0.0352,0.9500,0.800000,1.700000,1,0,4.222,0.009991,0.03446,0.94001,0.000374,0,293.80,24.57,39.24,89.24,0.024566,0.034479,1.1090,6.035
0.001,lyap1,34,0.0707,-0.1224,0.800000,1.700000,1,0,2.858,0.009985,0.06468,-0.11444,0.000375,0,537.21,6.51,31.70,232.02,0.006507,0.008838,0.0759,2.035
0.001,lyap1,35,0.4590,0.2294,0.800000,1.700000,1,0,3.321,0.009983,0.44982,0.22541,0.000375,0,366.88,11.85,23.22,151.34,0.011847,0.017479,0.3329,3.450
0.001,lyap1,36,-0.1107,0.4644,0.800000,1.700000,1,0,3.964,0.009994,-0.10985,0.45443,0.000374,0,624.87,11.67,78.30,225.37,0.011674,0.014082,0.3739,3.654
0.001,lyap1,37,0.1172,0.8775,0.800000,1.700000,1,0,4.139,0.009995,0.11554,0.86760,0.000374,0,320.46,25.24,37.61,103.69,0.025242,0.036702,0.9590,5.687
0.001,lyap1,38,-0.1887,-0.6828,0.800000,1.700000,1,0,4.194,0.009996,-0.18718,-0.67289,0.000374,0,498.22,17.02,66.54,169.81,0.017015,0.021016,0.7025,4.788
0.001,lyap1,39,0.8660,-0.0873,0.800000,1.700000,1,0,3.488,0.009993,0.85605,-0.08639,0.000375,0,105.81,4.34,5.51,44.13,0.004341,0.006586,0.9586,5.020
0.001,lyap1,40,0.3463,-0.5640,0.800000,1.700000,1,0,3.758,0.009979,0.34083,-0.55566,0.000374,0,391.85,23.08,35.45,143.17,0.023076,0.035217,0.5431,4.500
0.001,lyap1,41,0.1016,-0.3385,0.800000,1.700000,1,0,3.551,0.009986,0.09782,-0.32928,0.000374,0,587.03,12.85,56.53,227.35,0.012850,0.018359,0.2050,3.062
0.001,lyap1,42,-0.2362,-0.3342,0.800000,1.700000,1,0,3.993,0.009982,-0.23263,-0.32491,0.000374,0,757.52,22.07,111.60,250.61,0.022068,0.025163,0.3537,3.279
0.001,lyap1,43,0.8826,0.0070,0.800000,1.700000,1,0,3.489,0.009995,0.87257,0.00696,0.000375,0,81.34,0.35,0.44,39.97,0.000350,0.000530,0.9868,4.957
0.001,lyap1,44,0.1563,-0.4355,0.800000,1.700000,1,0,3.677,0.009987,0.15225,-0.42638,0.000374,0,528.46,16.50,48.96,202.90,0.016495,0.024205,0.2997,3.562
0.001,lyap1,45,0.0602,0.2535,0.800000,1.700000,1,0,3.400,0.009996,0.05661,0.24421,0.000374,0,629.06,9.64,63.51,243.78,0.009644,0.013348,0.1480,2.666
0.001,lyap1,46,0.3509,-0.8008,0.800000,1.700000,1,0,3.983,0.009998,0.34680,-0.79172,0.000374,0,288.79,29.01,30.62,92.02,0.029013,0.044781,0.9172,5.592
0.001,lyap1,47,-0.1504,-0.4231,0.800000,1.700000,1,0,3.967,0.009999,-0.14880,-0.41324,0.000374,0,664.93,12.51,88.03,235.05,0.012510,0.015369,0.3573,3.509
0.001,lyap1,48,0.3656,-0.0779,0.800000,1.700000,1,0,3.064,0.009993,0.35580,-0.07615,0.000375,0,373.90,4.40,9.88,173.77,0.004400,0.006283,0.1775,2.396
0.001,lyap1,49,-0.2992,-0.4212,0.800000,1.700000,1,0,4.126,0.009981,-0.29539,-0.41194,0.000374,0,701.75,27.28,102.70,227.72,0.027277,0.031490,0.4805,3.766
0.001,lyap1,50,0.7379,0.3254,0.800000,1.700000,1,0,3.536,0.009997,0.72859,0.32163,0.000374,0,206.70,15.82,20.25,71.24,0.015821,0.024072,0.8107,5.000
0.001,lyap1,51,0.2430,0.2287,0.800000,1.700000,1,0,3.225,0.009986,0.23519,0.22249,0.000375,0,491.23,11.76,33.95,202.85,0.011755,0.016973,0.1562,2.746
0.001,lyap1,52,-0.0147,-0.5282,0.800000,1.700000,1,0,3.937,0.009991,-0.01541,-0.51827,0.000374,0,556.26,13.76,62.04,205.77,0.013763,0.018179,0.4071,3.908
0.001,lyap1,53,0.0787,0.1072,0.800000,1.700000,1,0,2.757,0.009984,0.07195,0.09981,0.000375,0,500.26,6.14,20.29,225.23,0.006139,0.008273,0.0655,1.917
0.001,lyap1,54,-0.1562,0.9648,0.800000,1.700000,1,0,4.322,0.009983,-0.15532,0.95486,0.000374,0,309.50,21.59,48.67,89.88,0.021594,0.027500,1.2106,6.187
0.001,lyap1,55,-0.1446,-0.2073,0.800000,1.700000,1,0,3.705,0.009987,-0.14154,-0.19779,0.000374,0,827.81,14.18,128.47,274.79,0.014181,0.015786,0.2220,2.679
0.001,lyap1,56,0.7844,0.3256,0.800000,1.700000,1,0,3.554,0.009978,0.77506,0.32203,0.000374,0,178.20,15.77,19.19,58.09,0.015769,0.024061,0.8997,5.216
0.001,lyap1,57,0.2535,-0.6401,0.800000,1.700000,1,0,3.877,0.010000,0.24948,-0.63090,0.000374,0,402.47,23.39,37.99,145.70,0.023390,0.035407,0.5902,4.662
0.001,lyap1,58,0.3038,-0.4120,0.800000,1.700000,1,0,3.569,0.009982,0.29742,-0.40431,0.000374,0,455.95,18.30,38.36,175.89,0.018298,0.027428,0.3387,3.730
0.001,lyap1,59,0.7189,-0.3583,0.800000,1.700000,1,0,3.555,0.009978,0.70984,-0.35414,0.000374,0,218.10,17.28,21.86,74.23,0.017279,0.026334,0.8018,5.017
0.001,lyap1,60,0.1800,0.0264,0.800000,1.700000,1,0,2.633,0.009999,0.17008,0.02510,0.000375,0,398.94,1.72,1.16,197.02,0.001724,0.002313,0.0425,1.237
0.001,lyap1,61,-0.4251,0.6545,0.800000,1.700000,1,0,4.340,0.009990,-0.42129,0.64525,0.000374,0,542.26,36.31,84.42,159.48,0.036307,0.042970,0.9067,5.083
0.001,lyap1,62,0.5324,0.0722,0.800000,1.700000,1,0,3.247,0.009989,0.52251,0.07102,0.000375,0,292.00,3.85,7.31,135.80,0.003854,0.005652,0.3651,3.204
0.001,lyap1,63,-0.1463,-0.2830,0.800000,1.700000,1,0,3.810,0.009985,-0.14399,-0.27326,0.000374,0,766.40,12.87,110.38,263.17,0.012872,0.014952,0.2536,2.924
0.001,lyap1,64,0.5285,0.0914,0.800000,1.700000,1,0,3.252,0.009989,0.51858,0.08991,0.000375,0,299.07,4.87,9.25,136.63,0.004870,0.007145,0.3637,3.248
0.001,lyap1,65,0.2105,0.2530,0.800000,1.700000,1,0,3.284,0.009997,0.20353,0.24592,0.000375,0,517.10,12.43,39.21,210.01,0.012432,0.017999,0.1587,2.801
0.001,lyap1,66,-0.2321,0.7541,0.800000,1.700000,1,0,4.262,0.009989,-0.23032,0.74428,0.000374,0,456.19,19.36,64.65,148.93,0.019358,0.024209,0.8524,5.197
0.001,lyap1,67,0.1052,0.6538,0.800000,1.700000,1,0,3.972,0.009992,0.10311,0.64407,0.000374,0,449.67,20.07,45.86,163.92,0.020068,0.028936,0.5667,4.557
0.001,lyap1,68,0.5076,0.3617,0.800000,1.700000,1,0,3.499,0.009989,0.49926,0.35627,0.000374,0,344.65,17.47,28.24,130.98,0.017475,0.026325,0.4843,4.156
0.001,lyap1,69,-0.0513,0.1705,0.800000,1.700000,1,0,3.394,0.009991,-0.05106,0.16049,0.000374,0,763.85,5.07,107.91,270.21,0.005073,0.005946,0.1523,2.437
0.001,lyap1,70,-0.0982,0.3380,0.800000,1.700000,1,0,3.807,0.009983,-0.09726,0.32810,0.000374,0,702.11,9.28,92.14,251.95,0.009280,0.011096,0.2583,3.083
0.001,lyap1,71,-0.2987,-0.5024,0.800000,1.700000,1,0,4.173,0.009999,-0.29544,-0.49292,0.000374,0,642.18,25.73,92.22,209.58,0.025725,0.030167,0.5600,4.115
0.001,lyap1,72,-0.1503,0.3616,0.800000,1.700000,1,0,3.906,0.009988,-0.14845,0.35180,0.000374,0,708.46,12.29,96.78,248.24,0.012289,0.015079,0.3063,3.243
0.001,lyap1,73,-0.1360,0.7558,0.800000,1.700000,1,0,4.203,0.009989,-0.13522,0.74581,0.000374,0,442.68,17.44,57.88,150.38,0.017438,0.021779,0.7879,5.100
0.001,lyap1,74,0.2863,-0.1810,0.800000,1.700000,1,0,3.135,0.009991,0.27751,-0.17621,0.000375,0,450.69,9.82,25.46,192.52,0.009817,0.014078,0.1533,2.613
0.001,lyap1,75,0.2629,0.0381,0.800000,1.700000,1,0,2.858,0.009996,0.25297,0.03689,0.000375,0,393.88,2.30,4.74,190.47,0.002304,0.003196,0.0897,1.701
0.001,lyap1,76,-0.0879,0.1908,0.800000,1.700000,1,0,3.543,0.009992,-0.08642,0.18088,0.000374,0,795.37,7.69,118.29,273.63,0.007690,0.009107,0.1795,2.540
0.001,lyap1,77,0.1878,-0.1637,0.800000,1.700000,1,0,3.032,0.009985,0.17975,-0.15777,0.000375,0,495.70,9.00,28.39,212.71,0.009000,0.012670,0.0967,2.289
0.001,lyap1,78,0.3960,0.0616,0.800000,1.700000,1,0,3.092,0.009992,0.38610,0.06029,0.000375,0,354.96,3.45,7.55,167.34,0.003451,0.004949,0.2034,2.469
0.001,lyap1,79,0.1499,0.3328,0.800000,1.700000,1,0,3.498,0.009984,0.14502,0.32407,0.000374,0,557.95,13.85,50.11,218.48,0.013852,0.020140,0.2041,3.084
0.001,lyap1,80,0.4252,0.0139,0.800000,1.700000,1,0,3.113,0.009983,0.41518,0.01359,0.000375,0,326.46,0.77,1.65,161.00,0.000773,0.001112,0.2288,2.431
0.001,lyap1,81,-0.1576,0.2546,0.800000,1.700000,1,0,3.794,0.009986,-0.15480,0.24502,0.000374,0,795.02,14.73,118.57,267.90,0.014729,0.016641,0.2480,2.841
0.001,lyap1,82,-0.0686,-0.8309,0.800000,1.700000,1,0,4.207,0.009993,-0.06845,-0.82093,0.000374,0,384.60,19.44,49.54,128.18,0.019439,0.025620,0.8918,5.440
0.001,lyap1,83,0.4444,-0.8902,0.800000,1.700000,1,0,4.021,0.009993,0.43998,-0.88125,0.000374,0,209.37,32.73,26.33,53.81,0.032731,0.051137,1.1724,6.199
0.001,lyap1,84,0.2393,0.0573,0.800000,1.700000,1,0,2.831,0.009981,0.22947,0.05530,0.000375,0,408.27,3.49,7.03,194.49,0.003491,0.004818,0.0783,1.722
0.001,lyap1,85,-0.0699,0.1952,0.800000,1.700000,1,0,3.507,0.009995,-0.06908,0.18519,0.000374,0,773.38,6.26,110.81,271.19,0.006262,0.007459,0.1699,2.529
0.001,lyap1,86,0.7095,0.5152,0.800000,1.700000,1,0,3.681,0.009979,0.70125,0.50957,0.000374,0,207.80,23.62,25.05,61.14,0.023616,0.036456,0.9412,5.500
0.001,lyap1,87,-0.0494,-0.2016,0.800000,1.700000,1,0,3.472,0.009990,-0.04934,-0.19165,0.000374,0,747.50,5.60,101.70,267.85,0.005600,0.006538,0.1607,2.526
0.001,lyap1,88,0.0267,0.5306,0.800000,1.700000,1,0,3.904,0.010000,0.02528,0.52071,0.000374,0,541.40,15.05,57.76,201.65,0.015048,0.020524,0.4018,3.920
0.001,lyap1,89,0.5313,0.5599,0.800000,1.700000,1,0,3.718,0.009982,0.52430,0.55285,0.000374,0,298.47,24.63,29.47,101.29,0.024630,0.037937,0.7263,5.011
0.001,lyap1,90,-0.0457,0.0894,0.800000,1.700000,1,0,3.072,0.009999,-0.04448,0.07945,0.000375,0,774.71,4.23,118.63,265.55,0.004231,0.004875,0.1549,2.291
0.001,lyap1,91,-0.3348,-0.7215,0.800000,1.700000,1,0,4.311,0.009979,-0.33199,-0.71191,0.000374,0,489.31,25.91,73.68,151.54,0.025908,0.032257,0.8981,5.204
0.001,lyap1,92,-0.2539,0.6200,0.800000,1.700000,1,0,4.205,0.009983,-0.25161,0.61025,0.000374,0,550.45,19.63,76.60,183.90,0.019628,0.024745,0.6629,4.575
0.001,lyap1,93,0.1010,0.2482,0.800000,1.700000,1,0,3.335,0.009993,0.09624,0.23942,0.000374,0,594.92,10.63,54.26,235.22,0.010630,0.015066,0.1402,2.654
0.001,lyap1,94,0.8495,0.4720,0.800000,1.700000,1,0,3.670,0.010000,0.84064,0.46734,0.000374,0,129.82,21.97,21.57,26.86,0.021966,0.033971,1.1648,5.954
0.001,lyap1,95,0.1372,0.4237,0.800000,1.700000,1,0,3.672,0.009995,0.13335,0.41443,0.000374,0,542.18,15.76,51.02,208.25,0.015761,0.022961,0.2844,3.485
0.001,lyap1,96,0.4789,0.8183,0.800000,1.700000,1,0,3.958,0.009992,0.47384,0.80974,0.000374,0,228.92,31.48,27.00,63.85,0.031476,0.049180,1.0699,5.952
0.001,lyap1,97,-0.0656,0.3396,0.800000,1.700000,1,0,3.762,0.009998,-0.06542,0.32964,0.000374,0,684.57,8.67,86.04,249.74,0.008672,0.010373,0.2435,3.062
0.001,lyap1,98,0.6043,0.2287,0.800000,1.700000,1,0,3.402,0.009992,0.59480,0.22550,0.000375,0,282.12,11.59,18.79,113.58,0.011591,0.017328,0.5242,4.077
0.001,lyap1,99,-0.0616,-0.5886,0.800000,1.700000,1,0,4.033,0.009980,-0.06158,-0.57857,0.000374,0,533.74,14.19,62.52,193.70,0.014189,0.018137,0.4980,4.216
0.001,lyap1,100,0.6577,0.3184,0.800000,1.700000,1,0,3.501,0.009995,0.64856,0.31439,0.000375,0,255.54,15.61,22.00,94.06,0.015606,0.023615,0.6657,4.616
0.001,lyap1,101,0.7053,0.3527,0.800000,1.700000,1,0,3.546,0.009984,0.69626,0.34851,0.000374,0,226.48,17.05,22.02,78.43,0.017049,0.025952,0.7731,4.939
0.001,lyap1,102,-0.2611,-0.8069,0.800000,1.700000,1,0,4.305,0.009988,-0.25916,-0.79713,0.000374,0,423.55,21.06,63.11,132.87,0.021059,0.026540,0.9717,5.501
0.001,lyap1,103,-0.2565,-0.5607,0.800000,1.700000,1,0,4.172,0.009992,-0.25398,-0.55104,0.000374,0,592.87,20.28,82.51,198.71,0.020280,0.025047,0.5873,4.300
0.001,lyap1,104,-0.0062,-0.2025,0.800000,1.700000,1,0,3.372,0.009992,-0.00781,-0.19266,0.000374,0,697.78,6.08,84.16,260.17,0.006081,0.007643,0.1406,2.487
0.001,lyap1,105,0.1683,-0.1221,0.800000,1.700000,1,0,2.877,0.009984,0.15977,-0.11689,0.000375,0,472.89,7.15,19.40,211.68,0.007154,0.009880,0.0703,1.996
0.001,lyap1,106,0.1073,0.7657,0.800000,1.700000,1,0,4.065,0.009991,0.10553,0.75589,0.000374,0,387.35,22.56,41.70,135.05,0.022565,0.032620,0.7484,5.116
0.001,lyap1,107,0.2607,-0.0935,0.800000,1.700000,1,0,2.930,0.009992,0.25115,-0.09059,0.000375,0,421.10,5.49,12.84,193.59,0.005494,0.007683,0.1007,2.037
0.001,lyap1,108,0.2814,0.9272,0.800000,1.700000,1,0,4.102,0.009986,0.27842,0.91764,0.000374,0,247.24,30.40,29.87,70.95,0.030404,0.046478,1.1190,6.091
0.001,lyap1,109,0.5130,0.7951,0.800000,1.700000,1,0,3.932,0.009981,0.50754,0.78671,0.000374,0,224.27,31.30,26.70,61.95,0.031303,0.048958,1.0668,5.936
0.001,lyap1,110,0.4870,-0.3349,0.800000,1.700000,1,0,3.462,0.009993,0.47853,-0.32964,0.000374,0,357.58,16.39,28.07,138.43,0.016387,0.024572,0.4373,3.976
0.001,lyap1,111,0.2839,0.6459,0.800000,1.700000,1,0,3.870,0.009987,0.27958,0.63687,0.000374,0,387.45,24.12,36.47,139.16,0.024122,0.036714,0.6153,4.742
0.001,lyap1,112,0.3172,0.1950,0.800000,1.700000,1,0,3.183,0.009991,0.30835,0.19032,0.000375,0,438.71,10.43,25.73,185.80,0.010432,0.015066,0.1819,2.779
0.001,lyap1,113,0.3999,-0.0481,0.800000,1.700000,1,0,3.090,0.009986,0.38993,-0.04704,0.000375,0,348.73,2.69,5.87,166.47,0.002695,0.003865,0.2053,2.431
0.001,lyap1,114,0.0845,-0.3381,0.800000,1.700000,1,0,3.567,0.009994,0.08105,-0.32869,0.000374,0,597.78,12.37,59.10,230.52,0.012367,0.017496,0.2050,3.048
0.001,lyap1,115,0.2833,0.3617,0.800000,1.700000,1,0,3.492,0.009984,0.27668,0.35422,0.000374,0,474.99,16.57,38.87,186.20,0.016566,0.024625,0.2788,3.458
0.001,lyap1,116,-0.0960,-0.1708,0.800000,1.700000,1,0,3.522,0.009997,-0.09401,-0.16099,0.000374,0,819.54,9.07,126.71,276.25,0.009070,0.010196,0.1804,2.499
0.001,lyap1,117,0.1426,0.0149,0.800000,1.700000,1,0,2.481,0.010000,0.13269,0.01398,0.000374,0,395.11,1.03,1.42,195.36,0.001033,0.001354,0.0262,0.960
0.001,lyap1,118,0.2298,-0.1089,0.800000,1.700000,1,0,2.916,0.009981,0.22054,-0.10521,0.000375,0,440.56,6.40,15.62,199.86,0.006401,0.008921,0.0885,2.035
0.001,lyap1,119,0.3467,0.6367,0.800000,1.700000,1,0,3.836,0.009994,0.34171,0.62807,0.000374,0,364.15,24.97,34.22,129.12,0.024974,0.038288,0.6442,4.826
0.001,lyap1,120,0.1427,0.1849,0.800000,1.700000,1,0,3.100,0.009992,0.13582,0.17761,0.000375,0,538.75,9.52,37.85,224.38,0.009522,0.013425,0.1015,2.363
0.001,lyap1,121,0.9039,0.2691,0.800000,1.700000,1,0,3.568,0.009994,0.89421,0.26647,0.000374,0,102.22,13.04,14.61,26.72,0.013036,0.019962,1.1160,5.642
0.001,lyap1,122,0.6186,-0.7694,0.800000,1.700000,1,0,3.892,0.009984,0.61232,-0.76161,0.000374,0,185.13,31.64,25.19,43.64,0.031642,0.049629,1.1638,6.133
0.001,lyap1,123,0.1330,0.4410,0.800000,1.700000,1,0,3.702,0.009993,0.12940,0.43163,0.000374,0,538.15,16.06,51.03,206.01,0.016057,0.023370,0.3013,3.560
0.001,lyap1,124,0.3040,-0.5997,0.800000,1.700000,1,0,3.813,0.009986,0.29920,-0.59091,0.000374,0,398.15,23.36,36.60,144.96,0.023360,0.035580,0.5614,4.568
0.001,lyap1,125,0.8777,-0.3398,0.800000,1.700000,1,0,3.595,0.009990,0.86830,-0.33639,0.000374,0,120.12,16.28,17.76,30.08,0.016285,0.024998,1.1054,5.700
0.001,lyap1,126,0.4647,-0.7285,0.800000,1.700000,1,0,3.888,0.009990,0.45925,-0.72016,0.000374,0,273.75,28.96,29.01,86.14,0.028964,0.045024,0.8964,5.519
0.001,lyap1,127,-0.1434,-0.2996,0.800000,1.700000,1,0,3.826,0.009982,-0.14129,-0.28983,0.000374,0,751.92,12.25,106.55,260.23,0.012245,0.014519,0.2607,2.983
0.001,lyap1,128,0.7348,0.4244,0.800000,1.700000,1,0,3.611,0.009985,0.72605,0.41970,0.000374,0,204.52,20.05,23.22,64.00,0.020053,0.030754,0.8897,5.300
0.001,lyap1,129,-0.1202,-0.4211,0.800000,1.700000,1,0,3.931,0.009995,-0.11906,-0.41120,0.000374,0,656.24,11.21,84.39,235.33,0.011208,0.013527,0.3373,3.466
0.001,lyap1,130,0.0262,0.7331,0.800000,1.700000,1,0,4.087,0.009989,0.02524,0.72318,0.000374,0,426.60,19.57,47.84,150.79,0.019575,0.027049,0.6935,4.924
0.001,lyap1,131,0.1806,-0.8313,0.800000,1.700000,1,0,4.077,0.009996,0.17823,-0.82156,0.000374,0,330.11,25.92,36.09,109.53,0.025920,0.038586,0.8827,5.500
0.001,lyap1,132,0.0616,0.4904,0.800000,1.700000,1,0,3.828,0.009994,0.05951,0.48059,0.000374,0,549.04,15.18,56.33,206.80,0.015182,0.021234,0.3515,3.738
0.001,lyap1,133,0.3828,0.6743,0.800000,1.700000,1,0,3.861,0.010000,0.37770,0.66570,0.000374,0,332.72,26.47,32.30,114.22,0.026467,0.040789,0.7300,5.077
0.001,lyap1,134,0.6240,-0.1220,0.800000,1.700000,1,0,3.345,0.009992,0.61417,-0.12030,0.000375,0,253.63,6.32,10.58,111.49,0.006319,0.009392,0.5106,3.831
0.001,lyap1,135,0.7082,-0.4265,0.800000,1.700000,1,0,3.607,0.009979,0.69950,-0.42164,0.000374,0,220.49,20.14,23.91,71.23,0.020142,0.030859,0.8439,5.193
0.001,lyap1,136,0.3059,-0.0613,0.800000,1.700000,1,0,2.960,0.009988,0.29604,-0.05966,0.000375,0,390.85,3.58,8.07,184.67,0.003582,0.005039,0.1240,2.036
0.001,lyap1,137,0.3815,0.8201,0.800000,1.700000,1,0,3.988,0.009994,0.37719,0.81109,0.000374,0,267.74,30.01,29.32,82.04,0.030012,0.046513,0.9775,5.742
0.001,lyap1,138,-0.4068,-0.7436,0.800000,1.700000,1,0,4.363,0.009994,-0.40344,-0.73421,0.000374,0,479.25,32.91,76.21,138.73,0.032911,0.039717,1.0229,5.455
0.001,lyap1,139,0.2478,-0.2333,0.800000,1.700000,1,0,3.236,0.009993,0.24005,-0.22700,0.000375,0,489.39,11.95,34.06,201.68,0.011947,0.017277,0.1615,2.779
0.001,lyap1,140,0.6772,0.6933,0.800000,1.700000,1,0,3.826,0.009987,0.67017,0.68624,0.000374,0,181.65,29.71,25.18,43.36,0.029708,0.046446,1.1301,6.027
0.001,lyap1,141,0.0428,-0.2079,0.800000,1.700000,1,0,3.290,0.009988,0.03929,-0.19852,0.000374,0,642.70,7.97,66.02,249.35,0.007974,0.010825,0.1260,2.475
0.001,lyap1,142,0.6916,-0.1596,0.800000,1.700000,1,0,3.409,0.009991,0.68178,-0.15756,0.000375,0,221.23,8.11,12.31,92.23,0.008105,0.012150,0.6351,4.283
0.001,lyap1,143,0.3035,0.5051,0.800000,1.700000,1,0,3.700,0.009995,0.29802,0.49674,0.000374,0,432.27,20.92,38.14,162.31,0.020922,0.031660,0.4396,4.140
0.001,lyap1,144,0.1292,-0.1752,0.800000,1.700000,1,0,3.069,0.009996,0.12248,-0.16781,0.000375,0,542.60,9.05,37.81,226.70,0.009053,0.012699,0.0953,2.303
0.001,lyap1,145,0.4745,0.7177,0.800000,1.700000,1,0,3.876,0.009993,0.46890,0.70940,0.000374,0,273.65,28.79,28.97,86.26,0.028792,0.044753,0.8892,5.497
0.001,lyap1,146,0.3993,0.8983,0.800000,1.700000,1,0,4.041,0.009981,0.39529,0.88918,0.000374,0,222.49,32.15,27.18,59.95,0.032150,0.050022,1.1458,6.144
0.001,lyap1,147,-0.1444,0.3214,0.800000,1.700000,1,0,3.853,0.009993,-0.14246,0.31160,0.000374,0,735.65,12.01,102.68,256.14,0.012006,0.014543,0.2746,3.070
0.001,lyap1,148,0.0548,-0.4646,0.800000,1.700000,1,0,3.801,0.009991,0.05271,-0.45486,0.000374,0,564.25,14.39,58.29,213.04,0.014393,0.020007,0.3239,3.613
0.001,lyap1,149,0.3302,-0.5948,0.800000,1.700000,1,0,3.798,0.009982,0.32508,-0.58627,0.000374,0,388.16,23.65,35.60,140.74,0.023654,0.036122,0.5725,4.601
0.001,lyap1,150,0.1291,0.0400,0.800000,1.700000,1,0,2.480,0.009993,0.11946,0.03732,0.000374,0,408.41,2.76,4.08,198.05,0.002763,0.003615,0.0270,1.205
0.001,lyap1,151,0.1204,0.0183,0.800000,1.700000,1,0,2.383,0.009988,0.11047,0.01689,0.000374,0,397.23,1.32,4.40,193.23,0.001316,0.001695,0.0196,0.910
0.001,lyap1,152,0.3968,0.7576,0.800000,1.700000,1,0,3.932,0.009996,0.39202,0.74885,0.000374,0,290.75,28.76,30.21,93.59,0.028763,0.044550,0.8786,5.486
0.001,lyap1,153,0.0547,0.2267,0.800000,1.700000,1,0,3.331,0.009982,0.05101,0.21738,0.000374,0,633.32,8.82,63.73,246.32,0.008819,0.012131,0.1332,2.551
0.001,lyap1,154,0.0069,0.1062,0.800000,1.700000,1,0,2.909,0.009986,0.00421,0.09659,0.000375,0,624.78,3.98,61.06,248.35,0.003980,0.005070,0.1084,2.145
0.001,lyap1,155,0.3885,0.8374,0.800000,1.700000,1,0,3.999,0.009996,0.38424,0.82838,0.000374,0,256.64,30.54,28.77,76.65,0.030542,0.047393,1.0162,5.837
0.001,lyap1,156,0.0770,0.0732,0.800000,1.700000,1,0,2.511,0.009989,0.06934,0.06681,0.000375,0,438.38,4.79,4.89,210.71,0.004793,0.006269,0.0467,1.628
0.001,lyap1,157,0.0515,-0.0915,0.800000,1.700000,1,0,2.665,0.009991,0.04563,-0.08343,0.000375,0,490.42,5.17,15.54,225.79,0.005172,0.006865,0.0709,1.890
0.001,lyap1,158,0.1176,-0.1584,0.800000,1.700000,1,0,3.006,0.009999,0.11080,-0.15105,0.000375,0,538.20,8.36,35.32,227.51,0.008361,0.011634,0.0859,2.206
0.001,lyap1,159,-0.1864,-0.2631,0.800000,1.700000,1,0,3.853,0.009998,-0.18311,-0.25367,0.000374,0,800.23,17.90,120.80,265.89,0.017896,0.020149,0.2734,2.920
0.001,lyap1,160,0.2632,-0.1929,0.800000,1.700000,1,0,3.147,0.009998,0.25476,-0.18763,0.000375,0,467.64,10.35,28.23,197.83,0.010349,0.014840,0.1456,2.611
0.001,lyap1,161,-0.3555,-0.7662,0.800000,1.700000,1,0,4.342,0.009992,-0.35270,-0.75667,0.000374,0,459.65,27.35,71.64,137.67,0.027350,0.034151,0.9976,5.459
0.001,lyap1,162,-0.1215,-0.1778,0.800000,1.700000,1,0,3.604,0.009986,-0.11875,-0.16818,0.000374,0,837.61,12.05,132.21,277.55,0.012052,0.013332,0.1991,2.598
0.001,lyap1,163,-0.0238,-0.5614,0.800000,1.700000,1,0,3.978,0.009980,-0.02437,-0.55142,0.000374,0,539.91,14.28,60.77,198.47,0.014285,0.018816,0.4504,4.070
0.001,lyap1,164,0.4774,0.4709,0.800000,1.700000,1,0,3.625,0.009986,0.47005,0.46419,0.000374,0,348.64,21.41,31.17,127.10,0.021408,0.032616,0.5553,4.479
0.001,lyap1,165,0.0443,-0.5806,0.800000,1.700000,1,0,3.943,0.009986,0.04281,-0.57068,0.000374,0,508.59,16.70,53.53,188.24,0.016699,0.023153,0.4630,4.167
0.001,lyap1,166,-0.0210,-0.5374,0.800000,1.700000,1,0,3.952,0.009986,-0.02159,-0.52743,0.000374,0,552.96,13.80,62.07,204.06,0.013804,0.018166,0.4198,3.953
0.001,lyap1,167,0.8175,0.5027,0.800000,1.700000,1,0,3.686,0.009988,0.80887,0.49768,0.000374,0,145.44,23.20,22.62,32.69,0.023203,0.035922,1.1318,5.910
0.001,lyap1,168,0.8027,-0.3400,0.800000,1.700000,1,0,3.569,0.009998,0.79340,-0.33632,0.000374,0,166.70,16.39,19.31,51.75,0.016389,0.025056,0.9471,5.344
0.001,lyap1,169,0.1514,0.0679,0.800000,1.700000,1,0,2.648,0.009991,0.14205,0.06428,0.000375,0,422.09,4.38,3.92,203.84,0.004383,0.005877,0.0422,1.536
0.001,lyap1,170,0.5304,0.7692,0.800000,1.700000,1,0,3.907,0.009992,0.52468,0.76101,0.000374,0,227.09,30.81,26.84,63.59,0.030811,0.048162,1.0423,5.872
0.001,lyap1,171,0.2090,0.4792,0.800000,1.700000,1,0,3.708,0.009995,0.20445,0.47024,0.000374,0,487.39,18.67,44.03,185.66,0.018675,0.027834,0.3618,3.840
0.001,lyap1,172,0.5598,-0.3460,0.800000,1.700000,1,0,3.495,0.009979,0.55111,-0.34110,0.000374,0,314.38,16.85,25.94,118.60,0.016851,0.025417,0.5393,4.299
0.001,lyap1,173,0.5464,-0.7222,0.800000,1.700000,1,0,3.865,0.009995,0.54026,-0.71430,0.000374,0,237.96,29.66,27.30,69.43,0.029663,0.046271,0.9832,5.719
0.001,lyap1,174,-0.1182,-0.2340,0.800000,1.700000,1,0,3.690,0.009991,-0.11617,-0.22424,0.000374,0,788.14,10.51,115.84,270.35,0.010507,0.012178,0.2127,2.712
0.001,lyap1,175,-0.2591,-0.7992,0.800000,1.700000,1,0,4.300,0.009994,-0.25720,-0.78945,0.000374,0,428.53,20.90,63.49,135.10,0.020903,0.026334,0.9558,5.460
0.001,lyap1,176,0.5500,-0.2108,0.800000,1.700000,1,0,3.355,0.009996,0.54057,-0.20756,0.000375,0,311.54,10.83,19.03,128.62,0.010830,0.016083,0.4366,3.768
0.001,lyap1,177,0.2832,0.3475,0.800000,1.700000,1,0,3.467,0.009986,0.27644,0.34015,0.000374,0,476.30,16.12,38.51,187.56,0.016118,0.023906,0.2663,3.394
0.001,lyap1,178,0.3999,0.1449,0.800000,1.700000,1,0,3.174,0.009985,0.39035,0.14196,0.000375,0,380.27,7.87,17.28,166.95,0.007875,0.011403,0.2303,2.853
0.001,lyap1,179,-0.3922,0.5944,0.800000,1.700000,1,0,4.293,0.009991,-0.38846,0.58520,0.000374,0,583.56,33.96,88.20,178.11,0.033958,0.039968,0.7793,4.734
0.001,lyap1,180,0.1187,-0.5094,0.800000,1.700000,1,0,3.807,0.009994,0.11576,-0.49980,0.000374,0,516.55,17.24,50.23,195.12,0.017237,0.024968,0.3750,3.867
0.001,lyap1,181,0.2591,0.4505,0.800000,1.700000,1,0,3.642,0.009996,0.25370,0.44216,0.000374,0,470.95,18.83,41.06,180.29,0.018825,0.028218,0.3525,3.802
0.001,lyap1,182,-0.1886,-0.2921,0.800000,1.700000,1,0,3.887,0.009996,-0.18554,-0.28256,0.000374,0,777.50,17.55,114.74,260.84,0.017554,0.019918,0.2893,3.028
0.001,lyap1,183,0.1147,-0.5915,0.800000,1.700000,1,0,3.904,0.009999,0.11226,-0.58176,0.000374,0,478.83,18.96,47.57,177.63,0.018959,0.027443,0.4786,4.258
0.001,lyap1,184,0.3148,0.1334,0.800000,1.700000,1,0,3.071,0.009987,0.30538,0.13004,0.000375,0,417.85,7.47,18.04,185.27,0.007472,0.010653,0.1518,2.459
0.001,lyap1,185,0.2581,-0.2319,0.800000,1.700000,1,0,3.235,0.009983,0.25020,-0.22577,0.000375,0,482.93,11.93,33.16,199.36,0.011928,0.017261,0.1659,2.796
0.001,lyap1,186,-0.0058,-0.3736,0.800000,1.700000,1,0,3.734,0.009999,-0.00703,-0.36365,0.000374,0,635.71,10.38,72.09,237.98,0.010379,0.013501,0.2483,3.185
0.001,lyap1,187,0.6780,0.6485,0.800000,1.700000,1,0,3.790,0.009986,0.67072,0.64165,0.000374,0,194.71,28.25,25.58,50.59,0.028249,0.044026,1.0633,5.860
0.001,lyap1,188,0.1861,0.6801,0.800000,1.700000,1,0,3.950,0.009994,0.18314,0.67060,0.000374,0,408.84,22.77,40.22,147.12,0.022768,0.033927,0.6234,4.760
0.001,lyap1,189,0.5062,-0.1910,0.800000,1.700000,1,0,3.309,0.009979,0.49675,-0.18788,0.000375,0,333.58,9.95,18.74,140.59,0.009953,0.014688,0.3694,3.501
0.001,lyap1,190,0.3110,0.0827,0.800000,1.700000,1,0,2.992,0.009985,0.30127,0.08051,0.000375,0,398.06,4.77,11.02,184.43,0.004775,0.006744,0.1327,2.174
0.001,lyap1,191,0.2038,0.5088,0.800000,1.700000,1,0,3.751,0.009997,0.19960,0.49976,0.000374,0,479.00,19.28,43.81,181.23,0.019281,0.028750,0.3943,3.969
0.001,lyap1,192,0.1233,-0.0533,0.800000,1.700000,1,0,2.509,0.009999,0.11393,-0.04975,0.000374,0,415.09,3.63,3.71,201.11,0.003629,0.004764,0.0308,1.350
0.001,lyap1,193,-0.0796,-0.7824,0.800000,1.700000,1,0,4.184,0.010000,-0.07939,-0.77238,0.000374,0,416.91,18.23,52.60,142.18,0.018228,0.023687,0.8068,5.197
0.001,lyap1,194,0.2915,-0.1221,0.800000,1.700000,1,0,3.024,0.009999,0.28205,-0.11878,0.000375,0,423.24,6.94,16.94,189.48,0.006944,0.009836,0.1306,2.314
0.001,lyap1,195,-0.1019,0.1701,0.800000,1.700000,1,0,3.537,0.009990,-0.09963,0.16033,0.000374,0,826.30,9.81,128.90,276.89,0.009806,0.010930,0.1842,2.506
0.001,lyap1,196,0.4572,-0.2213,0.800000,1.700000,1,0,3.310,0.009986,0.44802,-0.21744,0.000375,0,366.59,11.48,22.66,152.02,0.011477,0.016911,0.3264,3.411
0.001,lyap1,197,0.1068,0.1660,0.800000,1.700000,1,0,3.044,0.009998,0.10047,0.15827,0.000375,0,554.12,8.46,39.65,231.06,0.008464,0.011791,0.0909,2.251
0.001,lyap1,198,0.6025,-0.0753,0.800000,1.700000,1,0,3.309,0.009998,0.59251,-0.07424,0.000375,0,255.37,3.95,6.88,117.85,0.003947,0.005840,0.4662,3.580
0.001,lyap1,199,0.0462,0.5396,0.800000,1.700000,1,0,3.898,0.009999,0.04449,0.52970,0.000374,0,529.88,15.83,55.43,197.63,0.015833,0.021936,0.4105,3.968
0.001,lyap1,200,0.1240,-0.0387,0.800000,1.700000,1,0,2.455,0.009995,0.11436,-0.03598,0.000374,0,409.38,2.70,5.25,197.42,0.002699,0.003517,0.0253,1.179
0.001,lyap1,201,0.4164,-0.5120,0.800000,1.700000,1,0,3.679,0.009996,0.40981,-0.50450,0.000374,0,372.29,22.35,33.32,136.07,0.022347,0.034097,0.5384,4.460
0.001,lyap1,202,-0.1230,0.4612,0.800000,1.700000,1,0,3.974,0.009989,-0.12198,0.45129,0.000374,0,630.74,11.90,80.11,226.34,0.011899,0.014379,0.3774,3.651
0.001,lyap1,203,0.4410,-0.4585,0.800000,1.700000,1,0,3.612,0.009984,0.43381,-0.45156,0.000374,0,371.32,20.80,32.39,137.67,0.020805,0.031604,0.5023,4.311
0.001,lyap1,204,0.2855,0.1293,0.800000,1.700000,1,0,3.030,0.009997,0.27616,0.12566,0.000375,0,429.13,7.32,18.13,190.94,0.007324,0.010378,0.1293,2.333
0.001,lyap1,205,0.3098,0.8479,0.800000,1.700000,1,0,4.035,0.009989,0.30628,0.83854,0.000374,0,280.16,29.28,30.80,87.33,0.029276,0.044960,0.9763,5.745
0.001,lyap1,206,0.7544,0.5438,0.800000,1.700000,1,0,3.708,0.009995,0.74614,0.53814,0.000374,0,176.22,24.75,24.26,45.29,0.024751,0.038352,1.0569,5.780
0.001,lyap1,207,0.2818,0.3011,0.800000,1.700000,1,0,3.381,0.009992,0.27445,0.29433,0.000374,0,478.08,14.57,36.74,191.37,0.014571,0.021437,0.2277,3.181
0.001,lyap1,208,0.4930,0.1739,0.800000,1.700000,1,0,3.283,0.009982,0.48347,0.17097,0.000375,0,337.64,9.14,17.66,144.31,0.009142,0.013445,0.3453,3.377
0.001,lyap1,209,0.3355,-0.5061,0.800000,1.700000,1,0,3.691,0.009989,0.32965,-0.49801,0.000374,0,415.88,21.36,36.61,155.31,0.021363,0.032420,0.4628,4.219
0.001,lyap1,210,0.2506,-0.7408,0.800000,1.700000,1,0,3.973,0.009996,0.24717,-0.73140,0.000374,0,355.48,25.62,35.56,122.97,0.025617,0.038842,0.7482,5.138
0.001,lyap1,211,0.5757,-0.1236,0.800000,1.700000,1,0,3.309,0.009994,0.56585,-0.12174,0.000375,0,281.04,6.47,11.49,124.18,0.006469,0.009564,0.4378,3.592
0.001,lyap1,212,0.1789,0.4176,0.800000,1.700000,1,0,3.633,0.009994,0.17435,0.40867,0.000374,0,522.29,16.56,47.22,201.51,0.016563,0.024429,0.2869,3.511
0.001,lyap1,213,0.3431,0.9019,0.800000,1.700000,1,0,4.062,0.009987,0.33951,0.89254,0.000374,0,240.67,31.16,28.59,68.37,0.031164,0.048144,1.1070,6.060
0.001,lyap1,214,0.4497,-0.0405,0.800000,1.700000,1,0,3.149,0.009984,0.43972,-0.03976,0.000375,0,323.86,2.23,4.65,155.60,0.002231,0.003227,0.2579,2.661
0.001,lyap1,215,-0.0738,-0.8147,0.800000,1.700000,1,0,4.201,0.009981,-0.07367,-0.80467,0.000374,0,395.70,19.00,50.59,133.01,0.019002,0.024906,0.8633,5.359
0.001,lyap1,216,-0.0007,-0.2767,0.800000,1.700000,1,0,3.551,0.009989,-0.00228,-0.26685,0.000374,0,674.20,8.17,78.31,252.66,0.008173,0.010515,0.1772,2.769
0.001,lyap1,217,0.1157,-0.0892,0.800000,1.700000,1,0,2.669,0.009995,0.10734,-0.08369,0.000375,0,448.73,5.60,7.68,212.49,0.005598,0.007502,0.0484,1.713
0.001,lyap1,218,0.2996,0.3432,0.800000,1.700000,1,0,3.457,0.009981,0.29259,0.33608,0.000374,0,467.05,16.11,37.32,184.13,0.016106,0.023900,0.2727,3.415
0.001,lyap1,219,0.1075,0.0912,0.800000,1.700000,1,0,2.670,0.009985,0.09941,0.08537,0.000375,0,453.89,5.68,8.40,214.28,0.005685,0.007613,0.0501,1.738
0.001,lyap1,220,-0.1180,0.5028,0.800000,1.700000,1,0,4.007,0.009992,-0.11714,0.49286,0.000374,0,602.18,12.49,75.27,216.45,0.012488,0.015124,0.4188,3.841
0.001,lyap1,221,-0.0384,-0.1602,0.800000,1.700000,1,0,3.324,0.009989,-0.03859,-0.15025,0.000374,0,748.30,4.53,102.73,268.02,0.004529,0.005272,0.1422,2.392
0.001,lyap1,222,0.6916,-0.2139,0.800000,1.700000,1,0,3.440,0.009981,0.68200,-0.21124,0.000375,0,228.53,10.75,15.83,90.37,0.010746,0.016165,0.6587,4.442
0.001,lyap1,223,-0.0588,0.1179,0.800000,1.700000,1,0,3.253,0.009990,-0.05755,0.10801,0.000374,0,800.46,5.42,124.03,272.14,0.005418,0.006243,0.1544,2.342
0.001,lyap1,224,-0.0745,-0.3129,0.800000,1.700000,1,0,3.736,0.009988,-0.07411,-0.30291,0.000374,0,705.56,8.24,91.35,255.25,0.008242,0.009762,0.2293,2.957
0.001,lyap1,225,-0.1780,-0.3364,0.800000,1.700000,1,0,3.917,0.009987,-0.17541,-0.32670,0.000374,0,738.62,15.50,104.78,252.91,0.015498,0.018064,0.3077,3.180
0.001,lyap1,226,0.6911,0.0578,0.800000,1.700000,1,0,3.373,0.009989,0.68116,0.05706,0.000375,0,202.36,2.97,4.67,94.28,0.002973,0.004438,0.6087,4.007
0.001,lyap1,227,0.2381,-0.1180,0.800000,1.700000,1,0,2.948,0.009998,0.22891,-0.11411,0.000375,0,442.81,6.85,17.17,199.09,0.006853,0.009591,0.0963,2.117
0.001,lyap1,228,0.1519,0.8000,0.800000,1.700000,1,0,4.068,0.009988,0.14977,0.79020,0.000374,0,355.77,24.50,38.29,121.21,0.024502,0.036107,0.8168,5.318
0.001,lyap1,229,0.1294,-0.0464,0.800000,1.700000,1,0,2.504,0.009984,0.11989,-0.04339,0.000374,0,410.75,3.17,3.43,199.57,0.003173,0.004166,0.0291,1.279
0.001,lyap1,230,0.0091,0.7864,0.800000,1.700000,1,0,4.135,0.009991,0.00839,0.77648,0.000374,0,398.45,20.27,46.67,137.35,0.020273,0.027836,0.7884,5.194
0.001,lyap1,231,0.7804,-0.0773,0.800000,1.700000,1,0,3.436,0.009997,0.77040,-0.07638,0.000375,0,154.88,3.90,5.48,69.03,0.003901,0.005875,0.7781,4.536
0.001,lyap1,232,0.1448,0.2357,0.800000,1.700000,1,0,3.263,0.009984,0.13870,0.22780,0.000375,0,558.70,11.14,45.47,225.53,0.011136,0.015929,0.1330,2.626
0.001,lyap1,233,0.0215,0.4271,0.800000,1.700000,1,0,3.782,0.009993,0.01988,0.41722,0.000374,0,596.78,12.51,64.38,224.63,0.012505,0.016835,0.2901,3.428
0.001,lyap1,234,-0.0409,-0.1955,0.800000,1.700000,1,0,3.435,0.009991,-0.04116,-0.18546,0.000374,0,740.41,5.35,99.21,266.98,0.005348,0.006264,0.1541,2.497
0.001,lyap1,235,0.4958,-0.7270,0.800000,1.700000,1,0,3.879,0.009998,0.49007,-0.71880,0.000374,0,260.06,29.29,28.32,79.74,0.029287,0.045595,0.9287,5.595
0.001,lyap1,236,0.8988,-0.2304,0.800000,1.700000,1,0,3.549,0.009989,0.88905,-0.22810,0.000374,0,103.10,11.23,12.97,30.15,0.011233,0.017163,1.0827,5.520
0.001,lyap1,237,0.0532,-0.4550,0.800000,1.700000,1,0,3.790,0.009982,0.05113,-0.44524,0.000374,0,569.53,14.12,58.92,215.25,0.014125,0.019602,0.3139,3.567
0.001,lyap1,238,0.1776,-0.1698,0.800000,1.700000,1,0,3.048,0.009990,0.16981,-0.16356,0.000375,0,505.61,9.21,30.52,215.37,0.009214,0.012981,0.0977,2.311
0.001,lyap1,239,0.4213,0.3347,0.800000,1.700000,1,0,3.448,0.009982,0.41315,0.32895,0.000374,0,396.27,16.30,30.70,155.21,0.016303,0.024348,0.3656,3.741
0.001,lyap1,240,0.3769,-0.3379,0.800000,1.700000,1,0,3.446,0.009999,0.36907,-0.33162,0.000374,0,422.00,16.31,32.87,165.90,0.016313,0.024305,0.3267,3.610
0.001,lyap1,241,0.2876,0.6481,0.800000,1.700000,1,0,3.871,0.009981,0.28326,0.63913,0.000374,0,384.95,24.24,36.25,138.04,0.024243,0.036924,0.6209,4.759
0.001,lyap1,242,-0.2242,-0.5692,0.800000,1.700000,1,0,4.151,0.009988,-0.22203,-0.55945,0.000374,0,580.98,17.57,78.99,198.32,0.017570,0.022047,0.5699,4.287
0.001,lyap1,243,0.2114,0.6827,0.800000,1.700000,1,0,3.940,0.009983,0.20807,0.67332,0.000374,0,398.56,23.43,38.84,142.87,0.023427,0.035165,0.6363,4.803
0.001,lyap1,244,0.3551,-0.4475,0.800000,1.700000,1,0,3.608,0.009999,0.34854,-0.43999,0.000374,0,420.58,19.86,35.92,159.47,0.019860,0.029995,0.4120,4.015
0.001,lyap1,245,-0.0902,0.2305,0.800000,1.700000,1,0,3.626,0.009998,-0.08899,0.22063,0.000374,0,769.13,7.77,109.58,269.15,0.007769,0.009352,0.1942,2.665
0.001,lyap1,246,0.3024,-0.0595,0.800000,1.700000,1,0,2.952,0.009996,0.29253,-0.05790,0.000375,0,391.23,3.49,7.83,185.17,0.003487,0.004900,0.1210,2.010
0.001,lyap1,247,0.0963,-0.5319,0.800000,1.700000,1,0,3.851,0.009992,0.09379,-0.52219,0.000374,0,515.17,17.12,51.29,193.45,0.017120,0.024517,0.4002,3.957
0.001,lyap1,248,0.6870,-0.3791,0.800000,1.700000,1,0,3.562,0.009984,0.67808,-0.37460,0.000374,0,236.69,18.19,23.31,81.39,0.018191,0.027726,0.7634,4.945
0.001,lyap1,249,0.6621,-0.5816,0.800000,1.700000,1,0,3.734,0.009990,0.65450,-0.57518,0.000374,0,221.09,25.92,26.25,64.85,0.025922,0.040172,0.9440,5.554
0.001,lyap1,250,-0.1159,-0.8802,0.800000,1.700000,1,0,4.260,0.009994,-0.11535,-0.87023,0.000374,0,359.80,19.98,50.16,114.76,0.019980,0.025697,1.0092,5.720
0.001,lyap1,251,0.1278,0.4828,0.800000,1.700000,1,0,3.766,0.009987,0.12456,0.47338,0.000374,0,524.12,16.88,50.31,199.10,0.016879,0.024541,0.3457,3.751
0.001,lyap1,252,-0.4713,-0.6876,0.800000,1.700000,1,0,4.381,0.009991,-0.46730,-0.67842,0.000374,0,519.14,40.49,83.90,145.30,0.040492,0.047991,1.0233,5.346
0.001,lyap1,253,0.0785,-0.2458,0.800000,1.700000,1,0,3.354,0.009997,0.07430,-0.23674,0.000374,0,613.34,9.99,58.88,240.29,0.009992,0.014005,0.1406,2.635
0.001,lyap1,254,0.1938,-0.0414,0.800000,1.700000,1,0,2.696,0.009999,0.18398,-0.03957,0.000375,0,405.76,2.64,3.29,197.60,0.002643,0.003577,0.0512,1.422
0.001,lyap1,255,0.2595,0.6392,0.800000,1.700000,1,0,3.874,0.009986,0.25540,0.63008,0.000374,0,400.48,23.49,37.70,144.92,0.023488,0.035597,0.5920,4.668
0.001,lyap1,256,-0.1225,-0.6050,0.800000,1.700000,1,0,4.094,0.009988,-0.12173,-0.59501,0.000374,0,537.43,14.43,66.91,190.99,0.014432,0.017709,0.5479,4.337
0.001,lyap1,257,-0.2557,-0.7313,0.800000,1.700000,1,0,4.265,0.009995,-0.25365,-0.72154,0.000374,0,474.14,20.16,67.85,154.10,0.020156,0.025439,0.8344,5.118
0.001,lyap1,258,0.9286,-0.2665,0.800000,1.700000,1,0,3.577,0.009989,0.91899,-0.26398,0.000374,0,86.61,12.88,14.10,19.55,0.012883,0.019753,1.1718,5.760
0.001,lyap1,259,-0.1529,0.2949,0.800000,1.700000,1,0,3.835,0.009987,-0.15055,0.28516,0.000374,0,760.33,13.41,109.04,261.06,0.013413,0.015598,0.2645,2.979
0.001,lyap1,260,-0.5134,-0.8404,0.800000,1.700000,1,0,4.454,0.009990,-0.50967,-0.83116,0.000374,0,413.24,42.16,74.63,100.37,0.042157,0.050678,1.3547,6.154
0.001,lyap1,261,0.1135,0.7021,0.800000,1.700000,1,0,4.010,0.009992,0.11142,0.69230,0.000374,0,421.03,21.35,43.58,150.92,0.021351,0.030929,0.6423,4.801
0.001,lyap1,262,0.1363,0.0233,0.800000,1.700000,1,0,2.467,0.009984,0.12641,0.02176,0.000374,0,399.27,1.62,2.67,195.75,0.001620,0.002118,0.0252,1.030
0.001,lyap1,263,0.6920,-0.4273,0.800000,1.700000,1,0,3.604,0.009982,0.68337,-0.42231,0.000374,0,230.13,20.17,24.33,75.60,0.020174,0.030887,0.8165,5.127
0.001,lyap1,264,0.2765,0.2692,0.800000,1.700000,1,0,3.317,0.009998,0.26889,0.26274,0.000375,0,478.60,13.41,35.11,194.14,0.013407,0.019592,0.2012,3.021
0.001,lyap1,265,0.2175,0.3285,0.800000,1.700000,1,0,3.450,0.009995,0.21133,0.32057,0.000374,0,516.68,14.85,42.98,204.21,0.014853,0.021832,0.2183,3.168
0.001,lyap1,266,0.5969,-0.4234,0.800000,1.700000,1,0,3.582,0.009991,0.58854,-0.41794,0.000374,0,287.09,19.98,26.85,101.71,0.019981,0.030445,0.6613,4.728
0.001,lyap1,267,0.0093,-0.2934,0.800000,1.700000,1,0,3.571,0.009987,0.00746,-0.28356,0.000374,0,661.14,8.92,74.86,249.02,0.008922,0.011667,0.1847,2.835
0.001,lyap1,268,-0.0703,-0.4002,0.800000,1.700000,1,0,3.849,0.009999,-0.07013,-0.39022,0.000374,0,650.57,9.98,79.78,238.02,0.009981,0.012092,0.2938,3.330
0.001,lyap1,269,-0.1298,0.8148,0.800000,1.700000,1,0,4.233,0.009987,-0.12906,0.80486,0.000374,0,403.71,18.60,54.19,133.71,0.018597,0.023504,0.8901,5.395
0.001,lyap1,270,0.3659,0.1527,0.800000,1.700000,1,0,3.152,0.009990,0.35650,0.14933,0.000375,0,399.90,8.34,19.08,174.62,0.008337,0.012026,0.2015,2.749
0.001,lyap1,271,0.1731,0.7224,0.800000,1.700000,1,0,3.995,0.009986,0.17039,0.71276,0.000374,0,391.50,23.37,39.61,138.61,0.023366,0.034682,0.6873,4.952
0.001,lyap1,272,-0.1537,-0.3882,0.800000,1.700000,1,0,3.937,0.009997,-0.15187,-0.37834,0.000374,0,690.57,12.54,93.24,242.64,0.012538,0.015435,0.3293,3.360
0.001,lyap1,273,0.3157,0.8481,0.800000,1.700000,1,0,4.033,0.009988,0.31210,0.83881,0.000374,0,278.00,29.40,30.61,86.34,0.029403,0.045198,0.9807,5.756
0.001,lyap1,274,-0.0314,-0.5603,0.800000,1.700000,1,0,3.983,0.009985,-0.03189,-0.55028,0.000374,0,542.71,14.08,61.59,199.20,0.014078,0.018421,0.4511,4.066
0.001,lyap1,275,0.8578,-0.3810,0.800000,1.700000,1,0,3.613,0.009994,0.84861,-0.37722,0.000374,0,131.56,18.13,19.43,32.76,0.018126,0.027869,1.0955,5.722
0.001,lyap1,276,0.1279,-0.9419,0.800000,1.700000,1,0,4.175,0.009987,0.12636,-0.93204,0.000374,0,280.02,26.91,35.22,84.60,0.026906,0.039321,1.0942,6.022
0.001,lyap1,277,0.3437,0.3660,0.800000,1.700000,1,0,3.490,0.009991,0.33649,0.35916,0.000374,0,439.66,17.16,35.42,171.54,0.017158,0.025622,0.3237,3.633
0.001,lyap1,278,0.4443,0.0492,0.800000,1.700000,1,0,3.146,0.009980,0.43440,0.04823,0.000375,0,329.08,2.71,5.68,156.83,0.002709,0.003917,0.2528,2.666
0.001,lyap1,279,0.5094,-0.5381,0.800000,1.700000,1,0,3.697,0.009989,0.50233,-0.53104,0.000374,0,315.92,23.80,30.19,109.91,0.023802,0.036557,0.6714,4.852
0.001,lyap1,280,0.6178,0.6921,0.800000,1.700000,1,0,3.830,0.009988,0.61103,0.68469,0.000374,0,213.07,29.32,26.29,58.24,0.029324,0.045765,1.0346,5.820
0.001,lyap1,281,-0.0121,0.1057,0.800000,1.700000,1,0,2.988,0.009992,-0.01349,0.09584,0.000375,0,677.75,3.16,80.76,255.74,0.003158,0.003847,0.1232,2.208
0.001,lyap1,282,0.5679,0.2579,0.800000,1.700000,1,0,3.409,0.009984,0.55866,0.25411,0.000375,0,306.63,13.00,21.57,121.99,0.013000,0.019432,0.4878,4.015
0.001,lyap1,283,0.2760,0.1287,0.800000,1.700000,1,0,3.018,0.009997,0.26671,0.12506,0.000375,0,433.04,7.32,18.27,192.76,0.007319,0.010351,0.1228,2.298
0.001,lyap1,284,0.4500,0.3983,0.800000,1.700000,1,0,3.536,0.009993,0.44219,0.39206,0.000374,0,375.36,18.76,31.32,142.29,0.018756,0.028298,0.4510,4.096
0.001,lyap1,285,0.4344,0.0610,0.800000,1.700000,1,0,3.139,0.009991,0.42443,0.05979,0.000375,0,337.34,3.37,7.12,159.02,0.003366,0.004861,0.2435,2.660
0.001,lyap1,286,0.2625,-0.1936,0.800000,1.700000,1,0,3.149,0.009982,0.25404,-0.18829,0.000375,0,468.50,10.38,28.38,198.09,0.010375,0.014881,0.1456,2.613
0.001,lyap1,287,0.4951,-0.4703,0.800000,1.700000,1,0,3.624,0.009983,0.48766,-0.46364,0.000374,0,338.88,21.46,30.57,122.78,0.021461,0.032720,0.5751,4.535
0.001,lyap1,288,-0.0609,0.1904,0.800000,1.700000,1,0,3.473,0.009991,-0.06036,0.18045,0.000374,0,766.09,5.76,108.30,270.43,0.005758,0.006791,0.1633,2.505
0.001,lyap1,289,0.4627,-0.5742,0.800000,1.700000,1,0,3.741,0.009984,0.45624,-0.56663,0.000374,0,330.49,24.61,31.32,115.47,0.024605,0.037842,0.6641,4.855
0.001,lyap1,290,-0.2671,0.5113,0.800000,1.700000,1,0,4.151,0.009989,-0.26419,0.50177,0.000374,0,630.75,22.19,88.71,210.02,0.022186,0.026452,0.5387,4.092
0.001,lyap1,291,-0.1914,0.4290,0.800000,1.700000,1,0,4.018,0.009989,-0.18917,0.41923,0.000374,0,673.19,15.43,91.99,233.03,0.015435,0.018963,0.3911,3.593
0.001,lyap1,292,0.3585,0.0772,0.800000,1.700000,1,0,3.054,0.009988,0.34870,0.07540,0.000375,0,376.71,4.37,9.86,175.21,0.004373,0.006235,0.1709,2.359
0.001,lyap1,293,0.0225,0.1187,0.800000,1.700000,1,0,2.935,0.009988,0.01887,0.10942,0.000375,0,608.84,4.98,54.63,246.05,0.004982,0.006549,0.0995,2.141
0.001,lyap1,294,0.4545,0.0289,0.800000,1.700000,1,0,3.151,0.009994,0.44451,0.02833,0.000375,0,317.90,1.59,3.30,154.46,0.001589,0.002299,0.2623,2.645
0.001,lyap1,295,-0.0097,-0.2389,0.800000,1.700000,1,0,3.479,0.009992,-0.01113,-0.22901,0.000374,0,693.74,6.91,83.46,258.23,0.006906,0.008712,0.1591,2.624
0.001,lyap1,296,-0.0414,-0.4969,0.800000,1.700000,1,0,3.929,0.009982,-0.04172,-0.48691,0.000374,0,582.86,12.41,67.14,214.98,0.012414,0.015914,0.3788,3.764
0.001,lyap1,297,-0.4635,-0.8276,0.800000,1.700000,1,0,4.424,0.009999,-0.46003,-0.81825,0.000374,0,422.23,37.32,73.17,109.95,0.037324,0.045158,1.2528,5.978
0.001,lyap1,298,-0.1078,-0.2116,0.800000,1.700000,1,0,3.631,0.009983,-0.10589,-0.20182,0.000374,0,798.01,9.70,118.85,272.88,0.009697,0.011179,0.1982,2.627
0.001,lyap1,299,0.1967,0.7699,0.800000,1.700000,1,0,4.023,0.009981,0.19400,0.76033,0.000374,0,358.69,24.99,37.07,123.53,0.024993,0.037390,0.7758,5.211
0.001,lyap2,0,-0.4828,-0.7608,0.500000,2.500000,1,0,7.785,0.009997,-0.47860,-0.75167,0.000257,0,993.58,26.81,44.03,432.65,0.026813,0.038448,0.7678,4.243
0.001,lyap2,1,0.3886,-0.1909,0.500000,2.500000,1,0,6.033,0.009995,0.37962,-0.18645,0.000255,0,854.82,2.60,2.10,423.36,0.002600,0.005282,0.1339,2.251
0.001,lyap2,2,0.1373,-0.1241,0.500000,2.500000,1,0,4.856,0.010000,0.12985,-0.11736,0.000256,0,799.34,1.97,0.56,397.64,0.001968,0.003591,0.0565,1.811
0.001,lyap2,3,0.5235,0.3075,0.500000,2.500000,1,0,6.562,0.009994,0.51488,0.30240,0.000256,0,843.25,3.77,2.08,416.72,0.003770,0.007985,0.2539,2.945
0.001,lyap2,4,0.3315,0.9345,0.500000,2.500000,1,0,7.587,0.009993,0.32787,0.92514,0.000257,0,811.06,9.60,8.44,389.89,0.009598,0.016545,0.6927,4.613
0.001,lyap2,5,0.3231,-0.0585,0.500000,2.500000,1,0,5.563,0.009997,0.31322,-0.05670,0.000253,0,832.69,0.91,0.87,414.80,0.000905,0.001761,0.0719,1.479
0.001,lyap2,6,-0.0850,0.5502,0.500000,2.500000,1,0,6.930,0.009995,-0.08426,0.54019,0.000253,0,986.77,9.43,25.64,460.67,0.009432,0.013907,0.3490,3.444
0.001,lyap2,7,-0.0720,-0.5823,0.500000,2.500000,1,0,6.997,0.009997,-0.07154,-0.57229,0.000253,0,978.52,9.48,24.49,457.66,0.009476,0.013958,0.3655,3.509
0.001,lyap2,8,0.3960,-0.5209,0.500000,2.500000,1,0,6.824,0.009995,0.38990,-0.51298,0.000254,0,860.03,5.52,1.20,424.67,0.005516,0.011421,0.3185,3.441
0.001,lyap2,9,0.3685,0.3828,0.500000,2.500000,1,0,6.462,0.009998,0.36156,0.37561,0.000256,0,868.34,4.37,0.62,430.27,0.004372,0.009132,0.2175,2.963
0.001,lyap2,10,0.1283,0.2512,0.500000,2.500000,1,0,5.643,0.009996,0.12366,0.24234,0.000253,0,884.88,3.29,5.35,434.62,0.003294,0.005586,0.1203,2.497
0.001,lyap2,11,0.2440,0.2446,0.500000,2.500000,1,0,5.810,0.009996,0.23691,0.23749,0.000253,0,865.70,3.14,0.33,430.16,0.003141,0.006240,0.1137,2.362
0.001,lyap2,12,0.6768,0.6211,0.500000,2.500000,1,0,7.258,0.009999,0.66942,0.61433,0.000253,0,778.01,6.41,0.58,383.62,0.006410,0.014270,0.5670,4.201
0.001,lyap2,13,0.7407,-0.0375,0.500000,2.500000,1,0,6.774,0.010000,0.73071,-0.03694,0.000254,0,791.54,0.48,0.32,395.10,0.000478,0.001019,0.3587,2.821
0.001,lyap2,14,0.1895,0.9012,0.500000,2.500000,1,0,7.536,0.009994,0.18706,0.89149,0.000256,0,852.86,10.02,12.51,406.40,0.010024,0.015613,0.6266,4.404
0.001,lyap2,15,0.3282,0.2784,0.500000,2.500000,1,0,6.106,0.009999,0.32057,0.27193,0.000255,0,868.30,3.49,1.47,430.06,0.003488,0.007133,0.1483,2.539
0.001,lyap2,16,0.4229,-0.6724,0.500000,2.500000,1,0,7.154,0.009994,0.41746,-0.66395,0.000253,0,839.32,6.83,3.05,411.49,0.006830,0.013720,0.4524,3.931
0.001,lyap2,17,-0.0535,-0.6259,0.500000,2.500000,1,0,7.085,0.009994,-0.05336,-0.61587,0.000253,0,966.81,9.58,23.07,453.14,0.009581,0.014085,0.3908,3.604
0.001,lyap2,18,0.5135,-0.1699,0.500000,2.500000,1,0,6.333,0.009999,0.50406,-0.16668,0.000256,0,840.96,2.26,1.84,416.94,0.002262,0.004688,0.1959,2.450
0.001,lyap2,19,-0.1027,-0.2139,0.500000,2.500000,1,0,5.753,0.009999,-0.09945,-0.20443,0.000253,0,1001.20,7.55,38.93,456.01,0.007548,0.009944,0.2631,3.108
0.001,lyap2,20,0.5724,0.0126,0.500000,2.500000,1,0,6.386,0.009994,0.56245,0.01233,0.000256,0,824.84,0.17,0.15,412.15,0.000170,0.000353,0.2135,2.155
0.001,lyap2,21,-0.2534,-0.7892,0.500000,2.500000,1,0,7.583,0.009995,-0.25133,-0.77946,0.000257,0,964.40,16.59,33.03,436.73,0.016591,0.025251,0.6213,4.108
0.001,lyap2,22,0.1756,0.0811,0.500000,2.500000,1,0,4.822,0.009994,0.16659,0.07684,0.000255,0,788.78,1.40,1.06,392.28,0.001402,0.002561,0.0363,1.398
0.001,lyap2,23,-0.1826,-0.5070,0.500000,2.500000,1,0,6.949,0.009994,-0.18026,-0.49725,0.000253,0,1020.57,12.40,33.93,467.06,0.012396,0.018006,0.3711,3.428
0.001,lyap2,24,0.5281,0.1638,0.500000,2.500000,1,0,6.363,0.009993,0.51858,0.16077,0.000256,0,838.68,2.18,1.76,415.94,0.002177,0.004520,0.2038,2.468
0.001,lyap2,25,0.2533,-0.1131,0.500000,2.500000,1,0,5.357,0.009995,0.24421,-0.10897,0.000255,0,829.88,1.76,1.14,412.49,0.001756,0.003369,0.0610,1.663
0.001,lyap2,26,-0.0698,0.1000,0.500000,2.500000,1,0,4.807,0.009992,-0.06529,0.09102,0.000255,0,927.94,5.50,47.82,412.02,0.005502,0.006710,0.3022,3.322
0.001,lyap2,27,0.3040,0.0277,0.500000,2.500000,1,0,5.446,0.009999,0.29405,0.02673,0.000254,0,825.06,0.44,0.42,411.78,0.000440,0.000846,0.0609,1.261
0.001,lyap2,28,0.2958,-0.8584,0.500000,2.500000,1,0,7.459,0.009993,0.29229,-0.84904,0.000255,0,838.35,9.00,8.67,403.75,0.009000,0.015285,0.5958,4.352
0.001,lyap2,29,0.3034,0.1431,0.500000,2.500000,1,0,5.647,0.009994,0.29444,0.13879,0.000253,0,845.69,2.09,1.62,419.66,0.002094,0.004121,0.0849,1.893
0.001,lyap2,30,-0.0517,-0.6699,0.500000,2.500000,1,0,7.183,0.009993,-0.05169,-0.65994,0.000253,0,958.26,10.03,22.86,448.74,0.010030,0.014803,0.4252,3.713
0.001,lyap2,31,0.5492,0.3284,0.500000,2.500000,1,0,6.643,0.009996,0.54062,0.32322,0.000255,0,837.85,3.97,2.02,413.93,0.003967,0.008454,0.2805,3.067
0.001,lyap2,32,-0.2470,-0.5392,0.500000,2.500000,1,0,7.119,0.009996,-0.24398,-0.52968,0.000253,0,1030.05,15.55,37.86,465.51,0.015552,0.022113,0.4278,3.540
0.001,lyap2,33,0.0352,0.9500,0.500000,2.500000,1,0,7.657,0.009995,0.03427,0.94002,0.000257,0,870.65,11.91,18.59,407.81,0.011906,0.017739,0.6881,4.493
0.001,lyap2,34,0.0707,-0.1224,0.500000,2.500000,1,0,4.589,0.009994,0.06558,-0.11382,0.000254,0,785.89,1.96,3.49,387.99,0.001956,0.003180,0.0909,2.090
0.001,lyap2,35,0.4590,0.2294,0.500000,2.500000,1,0,6.289,0.009999,0.45004,0.22491,0.000256,0,851.52,2.99,2.19,421.33,0.002989,0.006195,0.1830,2.538
0.001,lyap2,36,-0.1107,0.4644,0.500000,2.500000,1,0,6.729,0.009997,-0.10928,0.45449,0.000254,0,1004.70,9.32,28.69,466.68,0.009316,0.013663,0.3107,3.294
0.001,lyap2,37,0.1172,0.8775,0.500000,2.500000,1,0,7.509,0.009998,0.11539,0.86762,0.000256,0,874.64,10.32,15.05,414.53,0.010324,0.015498,0.5978,4.300
0.001,lyap2,38,-0.1887,-0.6828,0.500000,2.500000,1,0,7.333,0.009997,-0.18694,-0.67293,0.000254,0,983.76,13.61,31.14,450.54,0.013612,0.020588,0.4929,3.803
0.001,lyap2,39,0.8660,-0.0873,0.500000,2.500000,1,0,7.017,0.009997,0.85606,-0.08627,0.000253,0,757.66,1.07,0.59,377.43,0.001073,0.002327,0.4946,3.365
0.001,lyap2,40,0.3463,-0.5640,0.500000,2.500000,1,0,6.885,0.009995,0.34101,-0.55552,0.000253,0,869.96,5.96,2.98,427.52,0.005965,0.011683,0.3337,3.522
0.001,lyap2,41,0.1016,-0.3385,0.500000,2.500000,1,0,6.063,0.009993,0.09848,-0.32903,0.000255,0,920.99,4.41,8.87,448.32,0.004407,0.006664,0.1695,2.816
0.001,lyap2,42,-0.2362,-0.3342,0.500000,2.500000,1,0,6.615,0.009999,-0.23164,-0.32533,0.000255,0,1064.60,14.92,44.75,476.36,0.014922,0.019942,0.3424,3.586
0.001,lyap2,43,0.8826,0.0070,0.500000,2.500000,1,0,7.035,0.009994,0.87258,0.00695,0.000253,0,750.85,0.09,0.05,375.31,0.000086,0.000187,0.5083,3.290
0.001,lyap2,44,0.1563,-0.4355,0.500000,2.500000,1,0,6.442,0.009996,0.15268,-0.42619,0.000256,0,918.46,5.23,7.26,448.05,0.005229,0.008439,0.2179,3.059
0.001,lyap2,45,0.0602,0.2535,0.500000,2.500000,1,0,5.633,0.009997,0.05754,0.24391,0.000253,0,909.35,3.64,12.06,439.89,0.003638,0.005142,0.1439,2.651
0.001,lyap2,46,0.3509,-0.8008,0.500000,2.500000,1,0,7.365,0.009997,0.34672,-0.79176,0.000255,0,836.72,8.23,6.47,405.72,0.008225,0.014872,0.5497,4.232
0.001,lyap2,47,-0.1504,-0.4231,0.500000,2.500000,1,0,6.674,0.009998,-0.14809,-0.41338,0.000255,0,1022.57,10.58,33.22,470.13,0.010582,0.015184,0.3127,3.267
0.001,lyap2,48,0.3656,-0.0779,0.500000,2.500000,1,0,5.761,0.009999,0.35586,-0.07581,0.000253,0,840.02,1.16,1.15,417.99,0.001160,0.002294,0.0934,1.691
0.001,lyap2,49,-0.2992,-0.4212,0.500000,2.500000,1,0,6.965,0.009995,-0.29461,-0.41228,0.000253,0,1067.03,18.11,45.57,474.36,0.018107,0.024666,0.4107,3.699
0.001,lyap2,50,0.7379,0.3254,0.500000,2.500000,1,0,6.954,0.009999,0.72873,0.32129,0.000253,0,791.79,3.87,1.85,391.15,0.003869,0.008405,0.4303,3.521
0.001,lyap2,51,0.2430,0.2287,0.500000,2.500000,1,0,5.746,0.009993,0.23572,0.22188,0.000253,0,862.06,3.00,0.49,428.29,0.003002,0.005948,0.1060,2.290
0.001,lyap2,52,-0.0147,-0.5282,0.500000,2.500000,1,0,6.803,0.009995,-0.01505,-0.51825,0.000254,0,969.30,7.85,20.31,458.45,0.007849,0.011214,0.3093,3.359
0.001,lyap2,53,0.0787,0.1072,0.500000,2.500000,1,0,4.449,0.009995,0.07272,0.09916,0.000254,0,759.89,1.78,0.06,378.55,0.001779,0.003004,0.0755,1.932
0.001,lyap2,54,-0.1562,0.9648,0.500000,2.500000,1,0,7.777,0.009994,-0.15542,0.95484,0.000257,0,895.80,15.13,26.55,410.01,0.015126,0.023387,0.7595,4.548
0.001,lyap2,55,-0.1446,-0.2073,0.500000,2.500000,1,0,5.893,0.009995,-0.14005,-0.19839,0.000254,0,1030.76,10.00,45.10,462.78,0.009997,0.012853,0.3004,3.427
0.001,lyap2,56,0.7844,0.3256,0.500000,2.500000,1,0,7.027,0.009993,0.77518,0.32171,0.000253,0,778.55,3.85,1.78,384.61,0.003848,0.008398,0.4756,3.650
0.001,lyap2,57,0.2535,-0.6401,0.500000,2.500000,1,0,7.023,0.009995,0.24958,-0.63087,0.000253,0,887.06,6.98,7.11,431.18,0.006979,0.011992,0.3743,3.676
0.001,lyap2,58,0.3038,-0.4120,0.500000,2.500000,1,0,6.462,0.009997,0.29780,-0.40399,0.000256,0,880.65,4.61,1.06,435.80,0.004610,0.009241,0.2163,3.010
0.001,lyap2,59,0.7189,-0.3583,0.500000,2.500000,1,0,6.961,0.009997,0.70998,-0.35380,0.000253,0,795.42,4.21,1.88,392.68,0.004210,0.009162,0.4286,3.560
0.001,lyap2,60,0.1800,0.0264,0.500000,2.500000,1,0,4.677,0.009999,0.17011,0.02489,0.000255,0,768.94,0.49,0.71,383.39,0.000489,0.000878,0.0227,0.896
0.001,lyap2,61,-0.4251,0.6545,0.500000,2.500000,1,0,7.572,0.009999,-0.42086,0.64543,0.000256,0,1024.17,24.14,44.50,449.48,0.024139,0.034167,0.6334,3.940
0.001,lyap2,62,0.5324,0.0722,0.500000,2.500000,1,0,6.296,0.009998,0.52253,0.07081,0.000256,0,833.10,0.99,0.88,414.92,0.000988,0.002035,0.1889,2.179
0.001,lyap2,63,-0.1463,-0.2830,0.500000,2.500000,1,0,6.202,0.009999,-0.14282,-0.27360,0.000256,0,1030.39,10.07,38.71,468.94,0.010067,0.013465,0.2771,3.208
0.001,lyap2,64,0.5285,0.0914,0.500000,2.500000,1,0,6.297,0.009997,0.51862,0.08965,0.000256,0,834.67,1.25,1.11,415.29,0.001247,0.002570,0.1888,2.227
0.001,lyap2,65,0.2105,0.2530,0.500000,2.500000,1,0,5.776,0.009993,0.20413,0.24538,0.000253,0,870.53,3.20,0.83,432.03,0.003205,0.006225,0.1150,2.410
0.001,lyap2,66,-0.2321,0.7541,0.500000,2.500000,1,0,7.505,0.009995,-0.23015,0.74430,0.000256,0,971.78,15.60,32.49,441.70,0.015603,0.023714,0.5768,4.005
0.001,lyap2,67,0.1052,0.6538,0.500000,2.500000,1,0,7.062,0.009998,0.10321,0.64404,0.000253,0,923.07,7.99,13.79,441.76,0.007986,0.011808,0.3803,3.659
0.001,lyap2,68,0.5076,0.3617,0.500000,2.500000,1,0,6.631,0.009992,0.49953,0.35587,0.000255,0,845.49,4.28,1.81,417.73,0.004275,0.009110,0.2716,3.094
0.001,lyap2,69,-0.0513,0.1705,0.500000,2.500000,1,0,5.275,0.009997,-0.04943,0.16066,0.000255,0,944.89,4.55,34.73,434.30,0.004547,0.006169,0.2307,2.928
0.001,lyap2,70,-0.0982,0.3380,0.500000,2.500000,1,0,6.290,0.009995,-0.09633,0.32821,0.000256,0,1005.63,7.83,30.28,466.67,0.007826,0.011179,0.2523,3.103
0.001,lyap2,71,-0.2987,-0.5024,0.500000,2.500000,1,0,7.128,0.009997,-0.29483,-0.49316,0.000253,0,1049.14,18.05,42.47,468.57,0.018045,0.025076,0.4437,3.545
0.001,lyap2,72,-0.1503,0.3616,0.500000,2.500000,1,0,6.486,0.009997,-0.14756,0.35201,0.000256,0,1028.28,10.41,35.19,471.14,0.010407,0.014475,0.2907,3.195
0.001,lyap2,73,-0.1360,0.7558,0.500000,2.500000,1,0,7.421,0.010000,-0.13511,0.74581,0.000255,0,955.35,12.70,27.26,440.89,0.012698,0.019292,0.5310,3.961
0.001,lyap2,74,0.2863,-0.1810,0.500000,2.500000,1,0,5.698,0.009995,0.27788,-0.17558,0.000253,0,852.76,2.54,1.54,422.93,0.002545,0.005037,0.0936,2.071
0.001,lyap2,75,0.2629,0.0381,0.500000,2.500000,1,0,5.243,0.009992,0.25301,0.03665,0.000255,0,814.88,0.63,0.54,406.43,0.000628,0.001189,0.0470,1.197
0.001,lyap2,76,-0.0879,0.1908,0.500000,2.500000,1,0,5.567,0.009994,-0.08484,0.18126,0.000253,0,986.26,6.65,39.35,448.79,0.006654,0.008730,0.2595,3.068
0.001,lyap2,77,0.1878,-0.1637,0.500000,2.500000,1,0,5.293,0.009999,0.18029,-0.15708,0.000255,0,835.06,2.38,0.36,415.39,0.002376,0.004529,0.0717,1.982
0.001,lyap2,78,0.3960,0.0616,0.500000,2.500000,1,0,5.859,0.009995,0.38613,0.06004,0.000254,0,839.81,0.91,0.92,418.30,0.000906,0.001804,0.1058,1.706
0.001,lyap2,79,0.1499,0.3328,0.500000,2.500000,1,0,6.051,0.009996,0.14564,0.32374,0.000255,0,905.16,4.13,5.36,444.12,0.004127,0.006926,0.1589,2.752
0.001,lyap2,80,0.4252,0.0139,0.500000,2.500000,1,0,5.941,0.009993,0.41517,0.01354,0.000254,0,836.64,0.20,0.21,417.96,0.000202,0.000405,0.1176,1.622
0.001,lyap2,81,-0.1576,0.2546,0.500000,2.500000,1,0,6.132,0.009994,-0.15352,0.24548,0.000255,0,1037.58,10.69,42.07,468.70,0.010694,0.014035,0.2913,3.356
0.001,lyap2,82,-0.0686,-0.8309,0.500000,2.500000,1,0,7.508,0.009999,-0.06848,-0.82092,0.000256,0,923.18,12.04,23.30,429.26,0.012040,0.018115,0.5793,4.146
0.001,lyap2,83,0.4444,-0.8902,0.500000,2.500000,1,0,7.536,0.009998,0.43982,-0.88133,0.000256,0,792.85,8.79,5.30,384.52,0.008794,0.016753,0.6841,4.604
0.001,lyap2,84,0.2393,0.0573,0.500000,2.500000,1,0,5.139,0.009997,0.22954,0.05492,0.000256,0,809.90,0.96,0.76,403.48,0.000956,0.001794,0.0427,1.270
0.001,lyap2,85,-0.0699,0.1952,0.500000,2.500000,1,0,5.519,0.009998,-0.06754,0.18544,0.000254,0,971.37,5.62,35.75,445.72,0.005618,0.007620,0.2409,2.987
0.001,lyap2,86,0.7095,0.5152,0.500000,2.500000,1,0,7.146,0.009992,0.70140,0.50933,0.000253,0,784.30,5.62,1.40,386.53,0.005622,0.012431,0.5141,3.974
0.001,lyap2,87,-0.0494,-0.2016,0.500000,2.500000,1,0,5.486,0.009995,-0.04789,-0.19175,0.000254,0,955.84,4.76,31.36,442.99,0.004765,0.006544,0.2201,2.914
0.001,lyap2,88,0.0267,0.5306,0.500000,2.500000,1,0,6.779,0.009994,0.02561,0.52067,0.000254,0,957.10,7.34,17.28,455.76,0.007342,0.010400,0.2993,3.347
0.001,lyap2,89,0.5313,0.5599,0.500000,2.500000,1,0,7.025,0.009998,0.52446,0.55266,0.000253,0,823.39,5.85,0.04,407.27,0.005849,0.012722,0.4150,3.752
0.001,lyap2,90,-0.0457,0.0894,0.500000,2.500000,1,0,4.480,0.009998,-0.04230,0.07997,0.000254,0,861.13,3.83,36.79,390.91,0.003832,0.004768,0.2714,3.097
0.001,lyap2,91,-0.3348,-0.7215,0.500000,2.500000,1,0,7.561,0.009992,-0.33170,-0.71198,0.000256,0,995.65,19.97,38.43,444.41,0.019974,0.029040,0.6143,4.001
0.001,lyap2,92,-0.2539,0.6200,0.500000,2.500000,1,0,7.289,0.009996,-0.25123,0.61034,0.000254,0,1012.08,16.05,36.29,457.71,0.016047,0.023325,0.4831,3.706
0.001,lyap2,93,0.1010,0.2482,0.500000,2.500000,1,0,5.605,0.009999,0.09708,0.23900,0.000253,0,891.39,3.35,7.64,435.54,0.003353,0.005305,0.1254,2.539
0.001,lyap2,94,0.8495,0.4720,0.500000,2.500000,1,0,7.260,0.009996,0.84077,0.46710,0.000253,0,746.91,5.25,1.72,367.79,0.005253,0.011681,0.6223,4.204
0.001,lyap2,95,0.1372,0.4237,0.500000,2.500000,1,0,6.399,0.009995,0.13381,0.41425,0.000256,0,922.94,5.19,8.11,449.47,0.005190,0.008146,0.2120,3.031
0.001,lyap2,96,0.4789,0.8183,0.500000,2.500000,1,0,7.434,0.009995,0.47376,0.80978,0.000255,0,799.29,8.05,3.83,389.78,0.008053,0.016077,0.6217,4.436
0.001,lyap2,97,-0.0656,0.3396,0.500000,2.500000,1,0,6.231,0.009997,-0.06453,0.32969,0.000256,0,990.31,6.73,26.39,463.71,0.006732,0.009590,0.2346,3.057
0.001,lyap2,98,0.6043,0.2287,0.500000,2.500000,1,0,6.609,0.009996,0.59493,0.22510,0.000255,0,826.75,2.89,1.90,409.30,0.002895,0.006128,0.2781,2.882
0.001,lyap2,99,-0.0616,-0.5886,0.500000,2.500000,1,0,7.003,0.009994,-0.06130,-0.57856,0.000253,0,974.93,9.33,23.73,456.74,0.009328,0.013700,0.3661,3.519
0.001,lyap2,100,0.6577,0.3184,0.500000,2.500000,1,0,6.816,0.009996,0.64874,0.31402,0.000254,0,813.34,3.83,1.95,401.84,0.003833,0.008254,0.3566,3.290
0.001,lyap2,101,0.7053,0.3527,0.500000,2.500000,1,0,6.934,0.009995,0.69642,0.34816,0.000253,0,799.48,4.16,1.89,394.73,0.004159,0.009034,0.4136,3.510
0.001,lyap2,102,-0.2611,-0.8069,0.500000,2.500000,1,0,7.618,0.009996,-0.25903,-0.79715,0.000257,0,959.96,16.98,33.13,434.12,0.016977,0.025870,0.6426,4.159
0.001,lyap2,103,-0.2565,-0.5607,0.500000,2.500000,1,0,7.177,0.009997,-0.25350,-0.55118,0.000253,0,1027.11,16.05,37.92,463.60,0.016046,0.022889,0.4465,3.588
0.001,lyap2,104,-0.0062,-0.2025,0.500000,2.500000,1,0,5.370,0.009995,-0.00651,-0.19252,0.000255,0,921.65,3.67,23.03,435.03,0.003675,0.004818,0.1810,2.753
0.001,lyap2,105,0.1683,-0.1221,0.500000,2.500000,1,0,4.990,0.009998,0.16022,-0.11620,0.000256,0,807.44,1.94,0.10,402.17,0.001941,0.003604,0.0528,1.733
0.001,lyap2,106,0.1073,0.7657,0.500000,2.500000,1,0,7.303,0.009999,0.10549,0.75589,0.000254,0,902.91,9.20,14.73,429.82,0.009201,0.013682,0.4818,3.972
0.001,lyap2,107,0.2607,-0.0935,0.500000,2.500000,1,0,5.336,0.010000,0.25131,-0.09007,0.000255,0,826.14,1.48,1.09,410.87,0.001478,0.002828,0.0572,1.549
0.001,lyap2,108,0.2814,0.9272,0.500000,2.500000,1,0,7.573,0.009996,0.27821,0.91770,0.000257,0,824.97,9.76,9.77,395.39,0.009756,0.016186,0.6710,4.546
0.001,lyap2,109,0.5130,0.7951,0.500000,2.500000,1,0,7.411,0.009997,0.50748,0.78672,0.000255,0,794.44,7.78,2.97,388.41,0.007779,0.016017,0.6158,4.416
0.001,lyap2,110,0.4870,-0.3349,0.500000,2.500000,1,0,6.545,0.009996,0.47881,-0.32921,0.000256,0,849.80,4.03,1.93,419.95,0.004033,0.008539,0.2456,2.967
0.001,lyap2,111,0.2839,0.6459,0.500000,2.500000,1,0,7.043,0.009994,0.27967,0.63682,0.000253,0,878.64,6.93,6.19,427.94,0.006928,0.012295,0.3848,3.714
0.001,lyap2,112,0.3172,0.1950,0.500000,2.500000,1,0,5.835,0.010000,0.30869,0.18971,0.000253,0,856.68,2.68,1.82,424.51,0.002684,0.005374,0.1081,2.167
0.001,lyap2,113,0.3999,-0.0481,0.500000,2.500000,1,0,5.863,0.009997,0.38995,-0.04684,0.000254,0,838.63,0.71,0.73,418.06,0.000708,0.001410,0.1062,1.662
0.001,lyap2,114,0.0845,-0.3381,0.500000,2.500000,1,0,6.062,0.010000,0.08174,-0.32846,0.000255,0,926.58,4.51,10.28,449.63,0.004507,0.006590,0.1733,2.835
0.001,lyap2,115,0.2833,0.3617,0.500000,2.500000,1,0,6.287,0.010000,0.27712,0.35383,0.000256,0,880.39,4.17,0.57,436.50,0.004173,0.008358,0.1818,2.827
0.001,lyap2,116,-0.0960,-0.1708,0.500000,2.500000,1,0,5.487,0.009993,-0.09231,-0.16151,0.000254,0,990.13,7.13,43.38,446.34,0.007128,0.009120,0.2775,3.207
0.001,lyap2,117,0.1426,0.0149,0.500000,2.500000,1,0,4.320,0.009994,0.13271,0.01386,0.000254,0,730.94,0.30,0.97,364.27,0.000301,0.000522,0.0139,0.690
0.001,lyap2,118,0.2298,-0.1089,0.500000,2.500000,1,0,5.233,0.009996,0.22079,-0.10460,0.000255,0,822.28,1.72,0.94,408.90,0.001725,0.003275,0.0543,1.618
0.001,lyap2,119,0.3467,0.6367,0.500000,2.500000,1,0,7.045,0.009997,0.34181,0.62801,0.000253,0,863.47,6.66,4.22,422.51,0.006659,0.012665,0.3931,3.741
0.001,lyap2,120,0.1427,0.1849,0.500000,2.500000,1,0,5.278,0.009997,0.13655,0.17698,0.000255,0,847.04,2.56,2.94,418.66,0.002563,0.004712,0.0851,2.175
0.001,lyap2,121,0.9039,0.2691,0.500000,2.500000,1,0,7.161,0.009999,0.89428,0.26622,0.000253,0,743.56,3.18,1.47,367.93,0.003180,0.006983,0.5824,3.871
0.001,lyap2,122,0.6186,-0.7694,0.500000,2.500000,1,0,7.429,0.009997,0.61231,-0.76161,0.000255,0,769.11,7.49,1.24,377.70,0.007486,0.016331,0.6578,4.512
0.001,lyap2,123,0.1330,0.4410,0.500000,2.500000,1,0,6.458,0.010000,0.12983,0.43147,0.000256,0,925.40,5.41,8.73,449.92,0.005406,0.008384,0.2230,3.080
0.001,lyap2,124,0.3040,-0.5997,0.500000,2.500000,1,0,6.945,0.009999,0.29935,-0.59082,0.000253,0,877.98,6.41,4.76,429.42,0.006410,0.011833,0.3506,3.593
0.001,lyap2,125,0.8777,-0.3398,0.500000,2.500000,1,0,7.175,0.009996,0.86839,-0.33611,0.000253,0,748.73,3.95,1.69,369.71,0.003951,0.008704,0.5814,3.956
0.001,lyap2,126,0.4647,-0.7285,0.500000,2.500000,1,0,7.277,0.009999,0.45926,-0.72014,0.000254,0,819.62,7.27,3.01,401.35,0.007266,0.014780,0.5238,4.152
0.001,lyap2,127,-0.1434,-0.2996,0.500000,2.500000,1,0,6.256,0.009994,-0.14019,-0.29012,0.000256,0,1028.47,9.93,37.35,469.44,0.009927,0.013419,0.2738,3.151
0.001,lyap2,128,0.7348,0.4244,0.500000,2.500000,1,0,7.062,0.009994,0.72621,0.41940,0.000253,0,786.37,4.84,1.78,387.78,0.004837,0.010615,0.4789,3.783
0.001,lyap2,129,-0.1202,-0.4211,0.500000,2.500000,1,0,6.615,0.009998,-0.11836,-0.41129,0.000255,0,1011.80,9.29,30.37,468.56,0.009290,0.013508,0.2951,3.233
0.001,lyap2,130,0.0262,0.7331,0.500000,2.500000,1,0,7.269,0.009993,0.02527,0.72317,0.000254,0,928.10,9.65,18.50,438.32,0.009650,0.014063,0.4607,3.869
0.001,lyap2,131,0.1806,-0.8313,0.500000,2.500000,1,0,7.414,0.009994,0.17811,-0.82159,0.000255,0,871.91,9.35,12.26,416.68,0.009351,0.014521,0.5488,4.192
0.001,lyap2,132,0.0616,0.4904,0.500000,2.500000,1,0,6.639,0.009992,0.05989,0.48051,0.000255,0,948.35,6.50,14.35,454.95,0.006501,0.009256,0.2650,3.236
0.001,lyap2,133,0.3828,0.6743,0.500000,2.500000,1,0,7.138,0.009995,0.37777,0.66567,0.000253,0,849.56,6.93,3.94,415.64,0.006931,0.013445,0.4382,3.890
0.001,lyap2,134,0.6240,-0.1220,0.500000,2.500000,1,0,6.555,0.009996,0.61421,-0.12004,0.000256,0,820.38,1.60,1.20,407.79,0.001596,0.003352,0.2652,2.623
0.001,lyap2,135,0.7082,-0.4265,0.500000,2.500000,1,0,7.028,0.009998,0.69965,-0.42133,0.000253,0,793.61,4.86,1.76,391.40,0.004860,0.010645,0.4561,3.723
0.001,lyap2,136,0.3059,-0.0613,0.500000,2.500000,1,0,5.489,0.009996,0.29609,-0.05933,0.000254,0,830.02,0.96,0.89,413.40,0.000960,0.001857,0.0655,1.448
0.001,lyap2,137,0.3815,0.8201,0.500000,2.500000,1,0,7.406,0.009994,0.37709,0.81113,0.000255,0,824.97,8.31,5.93,400.32,0.008314,0.015357,0.5805,4.321
0.001,lyap2,138,-0.4068,-0.7436,0.500000,2.500000,1,0,7.675,0.009999,-0.40314,-0.73432,0.000257,0,995.29,23.31,41.29,438.87,0.023306,0.033576,0.6877,4.121
0.001,lyap2,139,0.2478,-0.2333,0.500000,2.500000,1,0,5.775,0.009997,0.24057,-0.22640,0.000253,0,863.21,3.05,0.56,428.76,0.003045,0.006049,0.1088,2.311
0.001,lyap2,140,0.6772,0.6933,0.500000,2.500000,1,0,7.361,0.009994,0.67023,0.68617,0.000254,0,764.96,6.93,0.00,377.28,0.006928,0.015459,0.6301,4.405
0.001,lyap2,141,0.0428,-0.2079,0.500000,2.500000,1,0,5.340,0.009995,0.04038,-0.19818,0.000255,0,893.23,3.18,14.37,429.85,0.003181,0.004338,0.1426,2.578
0.001,lyap2,142,0.6916,-0.1596,0.500000,2.500000,1,0,6.725,0.009992,0.68184,-0.15728,0.000254,0,806.44,2.03,1.33,400.37,0.002026,0.004312,0.3306,2.939
0.001,lyap2,143,0.3035,0.5051,0.500000,2.500000,1,0,6.715,0.009997,0.29829,0.49656,0.000255,0,882.88,5.49,2.96,434.36,0.005488,0.010553,0.2784,3.307
0.001,lyap2,144,0.1292,-0.1752,0.500000,2.500000,1,0,5.183,0.009994,0.12325,-0.16718,0.000256,0,841.51,2.47,3.51,415.39,0.002469,0.004467,0.0838,2.156
0.001,lyap2,145,0.4745,0.7177,0.500000,2.500000,1,0,7.263,0.010000,0.46893,0.70938,0.000254,0,818.69,7.15,2.70,401.28,0.007150,0.014703,0.5184,4.133
0.001,lyap2,146,0.3993,0.8983,0.500000,2.500000,1,0,7.539,0.009992,0.39511,0.88925,0.000256,0,802.91,9.00,6.38,388.33,0.009001,0.016519,0.6739,4.575
0.001,lyap2,147,-0.1444,0.3214,0.500000,2.500000,1,0,6.337,0.009995,-0.14143,0.31186,0.000256,0,1028.12,10.02,36.31,470.24,0.010017,0.013695,0.2766,3.156
0.001,lyap2,148,0.0548,-0.4646,0.500000,2.500000,1,0,6.560,0.009993,0.05315,-0.45478,0.000256,0,950.41,6.26,14.51,456.00,0.006264,0.008855,0.2504,3.176
0.001,lyap2,149,0.3302,-0.5948,0.500000,2.500000,1,0,6.946,0.009997,0.32523,-0.58617,0.000253,0,871.75,6.30,3.94,427.21,0.006296,0.011976,0.3535,3.600
0.001,lyap2,150,0.1291,0.0400,0.500000,2.500000,1,0,4.257,0.009996,0.11955,0.03699,0.000254,0,729.57,0.81,2.86,361.32,0.000807,0.001390,0.0177,0.989
0.001,lyap2,151,0.1204,0.0183,0.500000,2.500000,1,0,4.080,0.009995,0.11048,0.01673,0.000254,0,704.35,0.39,1.93,349.96,0.000391,0.000660,0.0110,0.690
0.001,lyap2,152,0.3968,0.7576,0.500000,2.500000,1,0,7.300,0.009999,0.39199,0.74886,0.000254,0,832.84,7.68,4.78,405.88,0.007682,0.014654,0.5222,4.153
0.001,lyap2,153,0.0547,0.2267,0.500000,2.500000,1,0,5.465,0.009998,0.05201,0.21702,0.000254,0,898.55,3.34,12.71,434.06,0.003336,0.004679,0.1392,2.591
0.001,lyap2,154,0.0069,0.1062,0.500000,2.500000,1,0,4.372,0.009997,0.00571,0.09628,0.000254,0,789.07,2.08,13.07,379.91,0.002081,0.002567,0.1644,2.531
0.001,lyap2,155,0.3885,0.8374,0.500000,2.500000,1,0,7.437,0.009995,0.38413,0.82843,0.000255,0,819.48,8.46,5.96,397.43,0.008457,0.015638,0.6017,4.381
0.001,lyap2,156,0.0770,0.0732,0.500000,2.500000,1,0,4.041,0.009993,0.06982,0.06625,0.000254,0,716.91,1.42,6.10,351.29,0.001417,0.002357,0.0519,1.615
0.001,lyap2,157,0.0515,-0.0915,0.500000,2.500000,1,0,4.152,0.009996,0.04652,-0.08285,0.000254,0,729.42,1.62,2.14,361.36,0.001622,0.002526,0.0915,2.017
0.001,lyap2,158,0.1176,-0.1584,0.500000,2.500000,1,0,5.034,0.009999,0.11157,-0.15040,0.000256,0,828.49,2.30,3.56,408.96,0.002303,0.004117,0.0802,2.097
0.001,lyap2,159,-0.1864,-0.2631,0.500000,2.500000,1,0,6.259,0.009996,-0.18188,-0.25420,0.000256,0,1052.09,12.31,44.51,472.31,0.012305,0.016123,0.3089,3.506
0.001,lyap2,160,0.2632,-0.1929,0.500000,2.500000,1,0,5.666,0.009995,0.25520,-0.18699,0.000253,0,854.08,2.68,1.19,423.85,0.002675,0.005281,0.0932,2.119
0.001,lyap2,161,-0.3555,-0.7662,0.500000,2.500000,1,0,7.651,0.009994,-0.35246,-0.75674,0.000257,0,983.87,20.99,38.43,437.75,0.020995,0.030671,0.6677,4.127
0.001,lyap2,162,-0.1215,-0.1778,0.500000,2.500000,1,0,5.651,0.009999,-0.11709,-0.16881,0.000253,0,1013.14,8.67,46.06,454.00,0.008674,0.011023,0.2976,3.378
0.001,lyap2,163,-0.0238,-0.5614,0.500000,2.500000,1,0,6.901,0.009994,-0.02407,-0.55139,0.000253,0,968.55,8.36,21.06,456.94,0.008363,0.012057,0.3344,3.440
0.001,lyap2,164,0.4774,0.4709,0.500000,2.500000,1,0,6.801,0.009993,0.47030,0.46392,0.000254,0,845.08,5.14,0.59,418.10,0.005136,0.011044,0.3207,3.394
0.001,lyap2,165,0.0443,-0.5806,0.500000,2.500000,1,0,6.905,0.009997,0.04304,-0.57064,0.000253,0,947.84,7.72,16.52,451.61,0.007724,0.011048,0.3307,3.466
0.001,lyap2,166,-0.0210,-0.5374,0.500000,2.500000,1,0,6.834,0.009994,-0.02125,-0.52741,0.000254,0,970.31,8.05,20.81,458.31,0.008046,0.011545,0.3173,3.383
0.001,lyap2,167,0.8175,0.5027,0.500000,2.500000,1,0,7.255,0.009997,0.80900,0.49745,0.000253,0,753.61,5.53,1.64,371.02,0.005530,0.012306,0.6085,4.200
0.001,lyap2,168,0.8027,-0.3400,0.500000,2.500000,1,0,7.068,0.009992,0.79353,-0.33602,0.000253,0,772.33,3.99,1.78,381.40,0.003989,0.008730,0.5007,3.739
0.001,lyap2,169,0.1514,0.0679,0.500000,2.500000,1,0,4.590,0.009994,0.14226,0.06377,0.000254,0,766.98,1.24,1.81,380.75,0.001240,0.002214,0.0294,1.289
0.001,lyap2,170,0.5304,0.7692,0.500000,2.500000,1,0,7.379,0.009993,0.52466,0.76102,0.000255,0,794.53,7.52,2.40,389.22,0.007522,0.015786,0.5995,4.366
0.001,lyap2,171,0.2090,0.4792,0.500000,2.500000,1,0,6.594,0.010000,0.20479,0.47007,0.000256,0,906.37,5.49,5.68,443.39,0.005486,0.009444,0.2466,3.186
0.001,lyap2,172,0.5598,-0.3460,0.500000,2.500000,1,0,6.690,0.009994,0.55134,-0.34069,0.000255,0,835.20,4.13,1.96,412.54,0.004133,0.008839,0.2964,3.146
0.001,lyap2,173,0.5464,-0.7222,0.500000,2.500000,1,0,7.312,0.009999,0.54029,-0.71427,0.000254,0,798.12,7.13,1.65,392.07,0.007125,0.015235,0.5632,4.254
0.001,lyap2,174,-0.1182,-0.2340,0.500000,2.500000,1,0,5.908,0.010000,-0.11479,-0.22462,0.000254,0,1013.52,8.46,39.05,461.36,0.008459,0.011168,0.2686,3.159
0.001,lyap2,175,-0.2591,-0.7992,0.500000,2.500000,1,0,7.604,0.009997,-0.25706,-0.78947,0.000257,0,962.06,16.86,33.16,435.23,0.016863,0.025673,0.6341,4.137
0.001,lyap2,176,0.5500,-0.2108,0.500000,2.500000,1,0,6.471,0.009998,0.54073,-0.20714,0.000256,0,836.86,2.72,1.97,414.42,0.002724,0.005709,0.2327,2.683
0.001,lyap2,177,0.2832,0.3475,0.500000,2.500000,1,0,6.242,0.009998,0.27689,0.33973,0.000256,0,878.71,4.05,0.30,436.02,0.004049,0.008139,0.1737,2.776
0.001,lyap2,178,0.3999,0.1449,0.500000,2.500000,1,0,5.979,0.009998,0.39051,0.14147,0.000254,0,848.97,2.04,1.85,421.10,0.002037,0.004110,0.1246,2.076
0.001,lyap2,179,-0.3922,0.5944,0.500000,2.500000,1,0,7.437,0.009997,-0.38796,0.58541,0.000255,0,1038.86,22.59,44.76,457.73,0.022591,0.031713,0.5662,3.799
0.001,lyap2,180,0.1187,-0.5094,0.500000,2.500000,1,0,6.678,0.009993,0.11608,-0.49971,0.000255,0,931.34,6.26,10.93,450.04,0.006263,0.009405,0.2690,3.270
0.001,lyap2,181,0.2591,0.4505,0.500000,2.500000,1,0,6.536,0.009993,0.25406,0.44194,0.000256,0,892.98,5.05,3.14,439.56,0.005049,0.009458,0.2326,3.112
0.001,lyap2,182,-0.1886,-0.2921,0.500000,2.500000,1,0,6.360,0.009999,-0.18441,-0.28300,0.000256,0,1050.64,12.39,42.73,473.30,0.012393,0.016420,0.3045,3.436
0.001,lyap2,183,0.1147,-0.5915,0.500000,2.500000,1,0,6.906,0.009998,0.11245,-0.58172,0.000253,0,927.86,7.21,12.49,446.03,0.007215,0.010740,0.3292,3.490
0.001,lyap2,184,0.3148,0.1334,0.500000,2.500000,1,0,5.665,0.009993,0.30559,0.12948,0.000253,0,844.79,1.96,1.62,419.30,0.001962,0.003865,0.0857,1.858
0.001,lyap2,185,0.2581,-0.2319,0.500000,2.500000,1,0,5.795,0.009994,0.25069,-0.22516,0.000253,0,863.19,3.04,0.81,428.51,0.003040,0.006054,0.1097,2.305
0.001,lyap2,186,-0.0058,-0.3736,0.500000,2.500000,1,0,6.279,0.009993,-0.00632,-0.36360,0.000256,0,967.05,5.88,19.26,459.86,0.005878,0.008121,0.2203,3.029
0.001,lyap2,187,0.6780,0.6485,0.500000,2.500000,1,0,7.298,0.009998,0.67081,0.64154,0.000254,0,773.00,6.61,0.37,381.17,0.006606,0.014733,0.5911,4.280
0.001,lyap2,188,0.1861,0.6801,0.500000,2.500000,1,0,7.109,0.009993,0.18319,0.67059,0.000253,0,899.10,7.72,10.35,433.42,0.007715,0.012202,0.4020,3.756
0.001,lyap2,189,0.5062,-0.1910,0.500000,2.500000,1,0,6.343,0.009994,0.49689,-0.18744,0.000256,0,843.19,2.52,1.98,417.72,0.002522,0.005234,0.1975,2.505
0.001,lyap2,190,0.3110,0.0827,0.500000,2.500000,1,0,5.545,0.009994,0.30137,0.08010,0.000254,0,834.59,1.27,1.16,415.19,0.001273,0.002475,0.0714,1.579
0.001,lyap2,191,0.2038,0.5088,0.500000,2.500000,1,0,6.679,0.009999,0.19989,0.49963,0.000255,0,907.99,5.82,6.55,443.08,0.005816,0.009816,0.2668,3.272
0.001,lyap2,192,0.1233,-0.0533,0.500000,2.500000,1,0,4.272,0.009995,0.11411,-0.04931,0.000254,0,734.34,1.05,3.51,362.87,0.001054,0.001821,0.0226,1.163
0.001,lyap2,193,-0.0796,-0.7824,0.500000,2.500000,1,0,7.428,0.009997,-0.07936,-0.77238,0.000255,0,938.15,11.73,24.06,436.22,0.011733,0.017637,0.5346,4.014
0.001,lyap2,194,0.2915,-0.1221,0.500000,2.500000,1,0,5.546,0.009995,0.28227,-0.11822,0.000254,0,839.52,1.84,1.44,416.95,0.001837,0.003583,0.0745,1.762
0.001,lyap2,195,-0.1019,0.1701,0.500000,2.500000,1,0,5.512,0.009995,-0.09792,0.16089,0.000254,0,995.44,7.49,44.41,447.70,0.007485,0.009536,0.2838,3.257
0.001,lyap2,196,0.4572,-0.2213,0.500000,2.500000,1,0,6.271,0.009994,0.44824,-0.21694,0.000256,0,851.37,2.90,2.17,421.33,0.002901,0.006002,0.1790,2.504
0.001,lyap2,197,0.1068,0.1660,0.500000,2.500000,1,0,5.065,0.009996,0.10131,0.15766,0.000256,0,836.24,2.39,4.83,411.50,0.002389,0.004155,0.0885,2.175
0.001,lyap2,198,0.6025,-0.0753,0.500000,2.500000,1,0,6.479,0.009993,0.59254,-0.07406,0.000256,0,822.77,1.00,0.81,409.82,0.001002,0.002092,0.2409,2.423
0.001,lyap2,199,0.0462,0.5396,0.500000,2.500000,1,0,6.793,0.009992,0.04479,0.52966,0.000254,0,950.92,7.23,16.01,454.03,0.007231,0.010288,0.3010,3.363
0.001,lyap2,200,0.1240,-0.0387,0.500000,2.500000,1,0,4.198,0.009999,0.11445,-0.03566,0.000254,0,723.06,0.79,3.15,357.78,0.000792,0.001356,0.0169,0.974
0.001,lyap2,201,0.4164,-0.5120,0.500000,2.500000,1,0,6.822,0.010000,0.41005,-0.50429,0.000254,0,855.40,5.44,0.72,422.90,0.005440,0.011411,0.3203,3.438
0.001,lyap2,202,-0.1230,0.4612,0.500000,2.500000,1,0,6.738,0.009999,-0.12139,0.45136,0.000254,0,1009.03,9.70,29.85,467.39,0.009702,0.014223,0.3153,3.300
0.001,lyap2,203,0.4410,-0.4585,0.500000,2.500000,1,0,6.732,0.009999,0.43408,-0.45127,0.000254,0,852.99,5.02,0.39,422.35,0.005016,0.010692,0.2944,3.301
0.001,lyap2,204,0.2855,0.1293,0.500000,2.500000,1,0,5.541,0.009993,0.27641,0.12508,0.000254,0,840.37,1.94,1.44,417.30,0.001935,0.003774,0.0749,1.794
0.001,lyap2,205,0.3098,0.8479,0.500000,2.500000,1,0,7.442,0.009992,0.30615,0.83859,0.000255,0,837.27,8.84,8.15,403.86,0.008836,0.015223,0.5878,4.333
0.001,lyap2,206,0.7544,0.5438,0.500000,2.500000,1,0,7.233,0.009993,0.74628,0.53794,0.000253,0,767.73,5.87,1.38,378.08,0.005868,0.013050,0.5751,4.156
0.001,lyap2,207,0.2818,0.3011,0.500000,2.500000,1,0,6.088,0.009999,0.27493,0.29384,0.000255,0,873.79,3.65,0.45,433.71,0.003649,0.007381,0.1483,2.602
0.001,lyap2,208,0.4930,0.1739,0.500000,2.500000,1,0,6.286,0.010000,0.48360,0.17053,0.000256,0,843.91,2.33,1.92,418.30,0.002326,0.004805,0.1841,2.411
0.001,lyap2,209,0.3355,-0.5061,0.500000,2.500000,1,0,6.740,0.009998,0.32992,-0.49782,0.000254,0,875.06,5.43,2.17,431.29,0.005435,0.010806,0.2874,3.335
0.001,lyap2,210,0.2506,-0.7408,0.500000,2.500000,1,0,7.237,0.009997,0.24715,-0.73140,0.000253,0,873.25,8.02,8.72,421.89,0.008018,0.013378,0.4652,3.969
0.001,lyap2,211,0.5757,-0.1236,0.500000,2.500000,1,0,6.442,0.009997,0.56591,-0.12145,0.000256,0,829.28,1.64,1.32,412.09,0.001642,0.003422,0.2280,2.476
0.001,lyap2,212,0.1789,0.4176,0.500000,2.500000,1,0,6.387,0.009996,0.17480,0.40845,0.000256,0,910.74,4.94,5.66,446.01,0.004942,0.008352,0.2061,3.001
0.001,lyap2,213,0.3431,0.9019,0.500000,2.500000,1,0,7.536,0.009992,0.33933,0.89261,0.000256,0,816.37,9.23,7.81,393.45,0.009232,0.016172,0.6580,4.526
0.001,lyap2,214,0.4497,-0.0405,0.500000,2.500000,1,0,6.032,0.009998,0.43971,-0.03961,0.000255,0,837.89,0.58,0.58,417.93,0.000581,0.001172,0.1330,1.799
0.001,lyap2,215,-0.0738,-0.8147,0.500000,2.500000,1,0,7.483,0.009995,-0.07368,-0.80466,0.000256,0,928.62,11.96,23.62,431.71,0.011962,0.018000,0.5645,4.102
0.001,lyap2,216,-0.0007,-0.2767,0.500000,2.500000,1,0,5.824,0.009997,-0.00127,-0.26673,0.000253,0,947.61,4.58,19.69,450.68,0.004580,0.006143,0.1825,2.848
0.001,lyap2,217,0.1157,-0.0892,0.500000,2.500000,1,0,4.475,0.009992,0.10779,-0.08307,0.000254,0,760.48,1.58,2.21,376.84,0.001584,0.002788,0.0435,1.583
0.001,lyap2,218,0.2996,0.3432,0.500000,2.500000,1,0,6.252,0.009996,0.29303,0.33565,0.000256,0,875.81,4.01,0.14,434.76,0.004014,0.008160,0.1748,2.768
0.001,lyap2,219,0.1075,0.0912,0.500000,2.500000,1,0,4.439,0.009998,0.09990,0.08473,0.000254,0,757.58,1.61,2.30,375.28,0.001614,0.002822,0.0478,1.636
0.001,lyap2,220,-0.1180,0.5028,0.500000,2.500000,1,0,6.846,0.009995,-0.11665,0.49291,0.000253,0,1002.60,9.88,28.76,465.13,0.009885,0.014590,0.3349,3.370
0.001,lyap2,221,-0.0384,-0.1602,0.500000,2.500000,1,0,5.140,0.009992,-0.03695,-0.15034,0.000256,0,925.12,3.92,32.53,427.09,0.003916,0.005288,0.2194,2.873
0.001,lyap2,222,0.6916,-0.2139,0.500000,2.500000,1,0,6.767,0.009993,0.68209,-0.21091,0.000254,0,806.72,2.67,1.63,399.72,0.002672,0.005712,0.3454,3.086
0.001,lyap2,223,-0.0588,0.1179,0.500000,2.500000,1,0,4.882,0.009994,-0.05554,0.10848,0.000256,0,922.05,4.75,42.10,415.36,0.004754,0.006004,0.2682,3.093
0.001,lyap2,224,-0.0745,-0.3129,0.500000,2.500000,1,0,6.138,0.009995,-0.07312,-0.30299,0.000255,0,992.92,6.75,28.32,463.08,0.006747,0.009584,0.2314,3.041
0.001,lyap2,225,-0.1780,-0.3364,0.500000,2.500000,1,0,6.471,0.009997,-0.17442,-0.32700,0.000256,0,1042.01,11.81,39.15,472.99,0.011813,0.015992,0.3021,3.267
0.001,lyap2,226,0.6911,0.0578,0.500000,2.500000,1,0,6.675,0.009999,0.68115,0.05694,0.000255,0,804.06,0.75,0.53,400.94,0.000748,0.001583,0.3138,2.686
0.001,lyap2,227,0.2381,-0.1180,0.500000,2.500000,1,0,5.303,0.010000,0.22919,-0.11350,0.000255,0,827.56,1.84,1.01,411.39,0.001835,0.003507,0.0591,1.683
0.001,lyap2,228,0.1519,0.8000,0.500000,2.500000,1,0,7.360,0.009994,0.14968,0.79022,0.000254,0,885.49,9.22,13.10,422.73,0.009218,0.014058,0.5151,4.086
0.001,lyap2,229,0.1294,-0.0464,0.500000,2.500000,1,0,4.292,0.009992,0.12001,-0.04300,0.000254,0,734.70,0.92,3.01,363.65,0.000922,0.001596,0.0200,1.069
0.001,lyap2,230,0.0091,0.7864,0.500000,2.500000,1,0,7.383,0.009996,0.00837,0.77647,0.000255,0,919.77,10.44,19.51,432.55,0.010442,0.015338,0.5147,4.017
0.001,lyap2,231,0.7804,-0.0773,0.500000,2.500000,1,0,6.860,0.010000,0.77040,-0.07626,0.000253,0,782.22,0.97,0.60,389.78,0.000972,0.002084,0.4014,3.043
0.001,lyap2,232,0.1448,0.2357,0.500000,2.500000,1,0,5.579,0.009992,0.13945,0.22728,0.000253,0,874.35,3.08,3.90,430.96,0.003081,0.005504,0.1098,2.407
0.001,lyap2,233,0.0215,0.4271,0.500000,2.500000,1,0,6.454,0.009993,0.02043,0.41715,0.000256,0,960.41,6.17,16.82,458.75,0.006172,0.008577,0.2376,3.111
0.001,lyap2,234,-0.0409,-0.1955,0.500000,2.500000,1,0,5.416,0.009994,-0.03970,-0.18553,0.000254,0,946.28,4.40,30.26,439.58,0.004402,0.006012,0.2135,2.882
0.001,lyap2,235,0.4958,-0.7270,0.500000,2.500000,1,0,7.291,0.009995,0.49009,-0.71879,0.000254,0,811.45,7.20,2.46,397.87,0.007199,0.014976,0.5385,4.191
0.001,lyap2,236,0.8988,-0.2304,0.500000,2.500000,1,0,7.130,0.009998,0.88909,-0.22786,0.000253,0,746.50,2.75,1.33,369.86,0.002749,0.006020,0.5634,3.769
0.001,lyap2,237,0.0532,-0.4550,0.500000,2.500000,1,0,6.529,0.009992,0.05158,-0.44514,0.000256,0,950.75,6.16,14.50,456.25,0.006164,0.008697,0.2449,3.154
0.001,lyap2,238,0.1776,-0.1698,0.500000,2.500000,1,0,5.291,0.009996,0.17040,-0.16288,0.000255,0,837.72,2.43,0.83,416.21,0.002429,0.004618,0.0746,2.030
0.001,lyap2,239,0.4213,0.3347,0.500000,2.500000,1,0,6.429,0.009995,0.41347,0.32849,0.000256,0,860.70,4.02,1.69,425.65,0.004017,0.008430,0.2120,2.859
0.001,lyap2,240,0.3769,-0.3379,0.500000,2.500000,1,0,6.360,0.009995,0.36945,-0.33118,0.000256,0,866.97,4.02,1.33,429.14,0.004017,0.008377,0.1952,2.813
0.001,lyap2,241,0.2876,0.6481,0.500000,2.500000,1,0,7.049,0.009993,0.28334,0.63908,0.000253,0,877.44,6.94,6.11,427.41,0.006938,0.012353,0.3875,3.724
0.001,lyap2,242,-0.2242,-0.5692,0.500000,2.500000,1,0,7.148,0.010000,-0.22159,-0.55955,0.000253,0,1018.18,14.53,35.53,462.65,0.014534,0.021073,0.4315,3.578
0.001,lyap2,243,0.2114,0.6827,0.500000,2.500000,1,0,7.114,0.009995,0.20811,0.67329,0.000253,0,892.34,7.61,9.36,431.10,0.007607,0.012341,0.4062,3.776
0.001,lyap2,244,0.3551,-0.4475,0.500000,2.500000,1,0,6.611,0.009999,0.34886,-0.43971,0.000255,0,870.73,4.90,0.67,431.02,0.004905,0.010088,0.2532,3.166
0.001,lyap2,245,-0.0902,0.2305,0.500000,2.500000,1,0,5.794,0.009994,-0.08762,0.22090,0.000253,0,994.03,6.87,35.46,456.40,0.006873,0.009313,0.2477,3.035
0.001,lyap2,246,0.3024,-0.0595,0.500000,2.500000,1,0,5.470,0.009999,0.29258,-0.05757,0.000254,0,828.97,0.94,0.86,412.92,0.000936,0.001807,0.0639,1.429
0.001,lyap2,247,0.0963,-0.5319,0.500000,2.500000,1,0,6.749,0.009997,0.09408,-0.52211,0.000254,0,936.98,6.68,12.66,450.81,0.006683,0.009793,0.2871,3.332
0.001,lyap2,248,0.6870,-0.3791,0.500000,2.500000,1,0,6.938,0.009998,0.67825,-0.37426,0.000253,0,802.84,4.42,1.87,396.23,0.004422,0.009618,0.4111,3.538
0.001,lyap2,249,0.6621,-0.5816,0.500000,2.500000,1,0,7.188,0.009993,0.65464,-0.57501,0.000253,0,788.28,6.11,0.79,388.76,0.006111,0.013546,0.5235,4.059
0.001,lyap2,250,-0.1159,-0.8802,0.500000,2.500000,1,0,7.621,0.009999,-0.11540,-0.87023,0.000257,0,916.86,13.44,25.32,423.02,0.013443,0.020526,0.6475,4.294
0.001,lyap2,251,0.1278,0.4828,0.500000,2.500000,1,0,6.595,0.009998,0.12492,0.47325,0.000256,0,928.64,5.91,9.90,449.99,0.005906,0.009006,0.2503,3.197
0.001,lyap2,252,-0.4713,-0.6876,0.500000,2.500000,1,0,7.678,0.009995,-0.46689,-0.67861,0.000257,0,1016.67,26.30,45.54,443.07,0.026303,0.037331,0.6982,4.063
0.001,lyap2,253,0.0785,-0.2458,0.500000,2.500000,1,0,5.584,0.009998,0.07520,-0.23637,0.000253,0,898.28,3.43,9.92,436.65,0.003429,0.005100,0.1328,2.583
0.001,lyap2,254,0.1938,-0.0414,0.500000,2.500000,1,0,4.813,0.009994,0.18405,-0.03926,0.000255,0,782.93,0.74,0.79,390.11,0.000741,0.001349,0.0282,1.060
0.001,lyap2,255,0.2595,0.6392,0.500000,2.500000,1,0,7.022,0.009996,0.25550,0.63003,0.000253,0,885.59,6.95,6.89,430.69,0.006947,0.012023,0.3745,3.678
0.001,lyap2,256,-0.1225,-0.6050,0.500000,2.500000,1,0,7.102,0.009995,-0.12143,-0.59504,0.000253,0,987.20,10.94,27.88,457.51,0.010940,0.016360,0.4023,3.586
0.001,lyap2,257,-0.2557,-0.7313,0.500000,2.500000,1,0,7.490,0.009996,-0.25343,-0.72159,0.000256,0,981.95,16.44,34.13,444.51,0.016443,0.024669,0.5706,3.963
0.001,lyap2,258,0.9286,-0.2665,0.500000,2.500000,1,0,7.196,0.009995,0.91905,-0.26374,0.000253,0,735.49,3.14,1.42,363.97,0.003138,0.006907,0.6109,3.944
0.001,lyap2,259,-0.1529,0.2949,0.500000,2.500000,1,0,6.265,0.009998,-0.14943,0.28549,0.000256,0,1033.37,10.44,38.72,470.14,0.010437,0.014002,0.2803,3.219
0.001,lyap2,260,-0.5134,-0.8404,0.500000,2.500000,1,0,7.914,0.009996,-0.50941,-0.83126,0.000256,0,967.24,28.22,43.26,419.19,0.028220,0.040847,0.8697,4.473
0.001,lyap2,261,0.1135,0.7021,0.500000,2.500000,1,0,7.169,0.009995,0.11146,0.69229,0.000253,0,913.58,8.45,13.88,436.57,0.008452,0.012578,0.4218,3.794
0.001,lyap2,262,0.1363,0.0233,0.500000,2.500000,1,0,4.271,0.009996,0.12643,0.02156,0.000254,0,727.24,0.47,1.68,361.59,0.000474,0.000817,0.0142,0.780
0.001,lyap2,263,0.6920,-0.4273,0.500000,2.500000,1,0,7.007,0.009998,0.68353,-0.42199,0.000253,0,797.99,4.87,1.75,393.59,0.004868,0.010649,0.4424,3.687
0.001,lyap2,264,0.2765,0.2692,0.500000,2.500000,1,0,5.970,0.009995,0.26938,0.26220,0.000254,0,869.93,3.37,0.78,431.66,0.003374,0.006804,0.1310,2.472
0.001,lyap2,265,0.2175,0.3285,0.500000,2.500000,1,0,6.092,0.009997,0.21188,0.32017,0.000255,0,888.26,3.91,1.93,439.27,0.003907,0.007420,0.1549,2.701
0.001,lyap2,266,0.5969,-0.4234,0.500000,2.500000,1,0,6.870,0.010000,0.58875,-0.41761,0.000253,0,822.59,4.83,1.63,406.04,0.004828,0.010470,0.3651,3.463
0.001,lyap2,267,0.0093,-0.2934,0.500000,2.500000,1,0,5.898,0.009998,0.00839,-0.28342,0.000254,0,946.96,4.66,18.10,451.88,0.004659,0.006259,0.1808,2.856
0.001,lyap2,268,-0.0703,-0.4002,0.500000,2.500000,1,0,6.466,0.009996,-0.06943,-0.39027,0.000256,0,993.86,7.50,25.75,465.55,0.007501,0.010805,0.2607,3.150
0.001,lyap2,269,-0.1298,0.8148,0.500000,2.500000,1,0,7.522,0.009994,-0.12903,0.80486,0.000256,0,938.29,13.11,26.45,432.87,0.013107,0.019980,0.5849,4.116
0.001,lyap2,270,0.3659,0.1527,0.500000,2.500000,1,0,5.885,0.009997,0.35670,0.14880,0.000254,0,850.38,2.16,1.89,421.67,0.002162,0.004334,0.1114,2.041
0.001,lyap2,271,0.1731,0.7224,0.500000,2.500000,1,0,7.201,0.009996,0.17038,0.71275,0.000253,0,895.59,8.24,11.44,430.18,0.008245,0.012820,0.4399,3.872
0.001,lyap2,272,-0.1537,-0.3882,0.500000,2.500000,1,0,6.577,0.009992,-0.15106,-0.37853,0.000256,0,1027.48,10.64,34.59,471.18,0.010641,0.014966,0.3013,3.226
0.001,lyap2,273,0.3157,0.8481,0.500000,2.500000,1,0,7.443,0.009993,0.31196,0.83886,0.000255,0,835.75,8.81,7.99,403.28,0.008815,0.015264,0.5896,4.339
0.001,lyap2,274,-0.0314,-0.5603,0.500000,2.500000,1,0,6.904,0.009997,-0.03157,-0.55026,0.000253,0,970.70,8.47,21.61,457.39,0.008471,0.012250,0.3360,3.440
0.001,lyap2,275,0.8578,-0.3810,0.500000,2.500000,1,0,7.183,0.009996,0.84872,-0.37694,0.000253,0,752.41,4.38,1.76,371.16,0.004381,0.009670,0.5794,3.999
0.001,lyap2,276,0.1279,-0.9419,0.500000,2.500000,1,0,7.615,0.009996,0.12614,-0.93207,0.000257,0,855.00,10.92,14.98,404.32,0.010919,0.016503,0.6717,4.496
0.001,lyap2,277,0.3437,0.3660,0.500000,2.500000,1,0,6.383,0.009993,0.33689,0.35876,0.000256,0,871.72,4.22,0.53,432.16,0.004221,0.008744,0.1996,2.881
0.001,lyap2,278,0.4443,0.0492,0.500000,2.500000,1,0,6.019,0.009994,0.43440,0.04805,0.000255,0,838.75,0.71,0.71,418.14,0.000706,0.001423,0.1306,1.812
0.001,lyap2,279,0.5094,-0.5381,0.500000,2.500000,1,0,6.964,0.009999,0.50252,-0.53084,0.000253,0,831.07,5.67,0.08,411.21,0.005671,0.012277,0.3856,3.651
0.001,lyap2,280,0.6178,0.6921,0.500000,2.500000,1,0,7.314,0.009994,0.61109,0.68463,0.000254,0,782.70,6.89,0.51,385.68,0.006892,0.015179,0.5832,4.289
0.001,lyap2,281,-0.0121,0.1057,0.500000,2.500000,1,0,4.445,0.009994,-0.01175,0.09575,0.000254,0,818.10,2.38,21.13,386.14,0.002380,0.003038,0.1974,2.712
0.001,lyap2,282,0.5679,0.2579,0.500000,2.500000,1,0,6.572,0.009995,0.55883,0.25368,0.000256,0,834.45,3.24,2.06,412.73,0.003240,0.006851,0.2622,2.882
0.001,lyap2,283,0.2760,0.1287,0.500000,2.500000,1,0,5.501,0.009995,0.26697,0.12446,0.000254,0,838.73,1.94,1.37,416.55,0.001937,0.003766,0.0720,1.780
0.001,lyap2,284,0.4500,0.3983,0.500000,2.500000,1,0,6.615,0.009995,0.44250,0.39170,0.000255,0,854.99,4.56,1.22,422.86,0.004556,0.009688,0.2610,3.119
0.001,lyap2,285,0.4344,0.0610,0.500000,2.500000,1,0,5.993,0.009993,0.42446,0.05956,0.000254,0,839.94,0.88,0.88,418.43,0.000877,0.001766,0.1262,1.823
0.001,lyap2,286,0.2625,-0.1936,0.500000,2.500000,1,0,5.666,0.009997,0.25447,-0.18764,0.000253,0,854.17,2.68,1.17,423.90,0.002682,0.005294,0.0934,2.122
0.001,lyap2,287,0.4951,-0.4703,0.500000,2.500000,1,0,6.820,0.009998,0.48790,-0.46336,0.000254,0,841.46,5.15,0.75,416.13,0.005145,0.011096,0.3299,3.419
0.001,lyap2,288,-0.0609,0.1904,0.500000,2.500000,1,0,5.454,0.009994,-0.05883,0.18065,0.000254,0,962.07,5.14,34.60,442.57,0.005141,0.007014,0.2339,2.957
0.001,lyap2,289,0.4627,-0.5742,0.500000,2.500000,1,0,6.991,0.009996,0.45641,-0.56648,0.000253,0,839.77,5.95,0.96,414.46,0.005947,0.012601,0.3884,3.690
0.001,lyap2,290,-0.2671,0.5113,0.500000,2.500000,1,0,7.093,0.009995,-0.26361,0.50196,0.000253,0,1040.66,16.49,40.05,467.91,0.016488,0.023110,0.4260,3.509
0.001,lyap2,291,-0.1914,0.4290,0.500000,2.500000,1,0,6.767,0.009992,-0.18844,0.41942,0.000254,0,1035.96,12.63,36.78,471.73,0.012627,0.017673,0.3396,3.315
0.001,lyap2,292,0.3585,0.0772,0.500000,2.500000,1,0,5.733,0.009996,0.34876,0.07505,0.000253,0,839.48,1.15,1.14,417.73,0.001155,0.002278,0.0901,1.668
0.001,lyap2,293,0.0225,0.1187,0.500000,2.500000,1,0,4.508,0.009996,0.02019,0.10901,0.000254,0,800.16,2.12,11.29,387.20,0.002117,0.002734,0.1431,2.426
0.001,lyap2,294,0.4545,0.0289,0.500000,2.500000,1,0,6.044,0.009994,0.44451,0.02823,0.000255,0,837.03,0.41,0.42,417.79,0.000414,0.000835,0.1351,1.776
0.001,lyap2,295,-0.0097,-0.2389,0.500000,2.500000,1,0,5.621,0.009998,-0.00996,-0.22891,0.000253,0,940.60,4.22,22.16,444.97,0.004223,0.005635,0.1844,2.814
0.001,lyap2,296,-0.0414,-0.4969,0.500000,2.500000,1,0,6.738,0.009994,-0.04128,-0.48689,0.000254,0,979.82,7.92,22.41,461.56,0.007922,0.011413,0.2988,3.305
0.001,lyap2,297,-0.4635,-0.8276,0.500000,2.500000,1,0,7.847,0.009997,-0.45979,-0.81835,0.000257,0,970.51,25.95,41.68,424.11,0.025954,0.037668,0.8117,4.385
0.001,lyap2,298,-0.1078,-0.2116,0.500000,2.500000,1,0,5.762,0.009995,-0.10440,-0.20222,0.000253,0,1004.90,7.84,39.91,456.65,0.007844,0.010271,0.2683,3.153
0.001,lyap2,299,0.1967,0.7699,0.500000,2.500000,1,0,7.295,0.010000,0.19394,0.76033,0.000254,0,881.02,8.60,11.04,423.02,0.008604,0.013589,0.4871,4.021
0.005,ours_bptt,0,-0.4828,-0.7608,0.942736,2.990940,1,0,3.487,0.009991,-0.47764,-0.75218,0.001075,0,250.81,59.54,47.42,33.34,0.059538,0.081145,1.5977,6.556
0.005,ours_bptt,1,0.3886,-0.1909,0.764456,2.966431,1,0,3.192,0.009997,0.37979,-0.18612,0.001091,0,367.49,5.98,13.14,166.12,0.005977,0.008459,0.2305,3.088
0.005,ours_bptt,2,0.1373,-0.1241,0.753711,2.948435,1,0,2.764,0.009997,0.13012,-0.11708,0.001085,0,472.53,4.56,24.31,208.54,0.004557,0.005948,0.0905,2.294
0.005,ours_bptt,3,0.5235,0.3075,0.774782,2.974229,1,0,3.376,0.009986,0.51502,0.30218,0.001087,0,304.23,9.09,20.83,124.46,0.009086,0.013074,0.4485,4.120
0.005,ours_bptt,4,0.3315,0.9345,0.861521,2.993594,1,0,3.499,0.009969,0.32840,0.92498,0.001081,0,148.04,28.22,49.99,2.87,0.028217,0.037648,1.3512,6.947
0.005,ours_bptt,5,0.3231,-0.0585,0.758382,2.959751,1,0,2.969,0.009989,0.31326,-0.05654,0.001087,0,363.85,1.99,0.43,180.01,0.001986,0.002772,0.1253,2.062
0.005,ours_bptt,6,-0.0850,0.5502,0.874156,2.978816,1,0,3.422,0.009999,-0.08332,0.54030,0.001088,0,398.68,20.24,37.86,146.30,0.020238,0.030420,0.6221,4.776
0.005,ours_bptt,7,-0.0720,-0.5823,0.875241,2.989513,1,0,3.429,0.009997,-0.07065,-0.57238,0.001083,0,384.57,20.83,39.98,136.69,0.020831,0.031126,0.6603,4.922
0.005,ours_bptt,8,0.3960,-0.5209,0.798478,2.982715,1,0,3.470,0.009988,0.39010,-0.51285,0.001085,0,321.87,15.05,32.21,117.44,0.015046,0.020775,0.5644,4.816
0.005,ours_bptt,9,0.3685,0.3828,0.779154,2.971864,1,0,3.394,0.009987,0.36181,0.37539,0.001086,0,376.15,11.21,27.43,152.24,0.011209,0.015631,0.3733,4.050
0.005,ours_bptt,10,0.1283,0.2512,0.770993,2.956847,1,0,3.170,0.009990,0.12435,0.24202,0.001093,0,474.63,7.92,16.50,214.88,0.007923,0.010224,0.1923,3.177
0.005,ours_bptt,11,0.2440,0.2446,0.763622,2.958522,1,0,3.186,0.009993,0.23732,0.23710,0.001093,0,436.91,7.63,17.57,195.16,0.007630,0.010404,0.1870,3.105
0.005,ours_bptt,12,0.6768,0.6211,0.810180,2.988567,1,0,3.490,0.010000,0.66958,0.61416,0.001084,0,147.38,18.07,32.65,27.49,0.018070,0.025650,1.0605,6.120
0.005,ours_bptt,13,0.7407,-0.0375,0.783046,2.981599,1,0,3.324,0.009983,0.73073,-0.03690,0.001085,0,151.77,1.14,2.33,72.70,0.001139,0.001662,0.6692,4.153
0.005,ours_bptt,14,0.1895,0.9012,0.870512,2.992625,1,0,3.492,0.009985,0.18769,0.89136,0.001081,0,196.51,27.85,50.49,26.88,0.027845,0.037379,1.2202,6.615
0.005,ours_bptt,15,0.3282,0.2784,0.766475,2.963933,1,0,3.279,0.009997,0.32086,0.27161,0.001089,0,406.47,8.43,21.47,175.44,0.008428,0.011761,0.2493,3.415
0.005,ours_bptt,16,0.4229,-0.6724,0.820854,2.989136,1,0,3.497,0.009974,0.41770,-0.66383,0.001085,0,247.89,19.57,37.69,71.58,0.019574,0.026717,0.8333,5.662
0.005,ours_bptt,17,-0.0535,-0.6259,0.875539,2.990744,1,0,3.443,0.009968,-0.05253,-0.61594,0.001082,0,363.89,21.70,41.86,123.81,0.021698,0.032034,0.7154,5.121
0.005,ours_bptt,18,0.5135,-0.1699,0.771153,2.973060,1,0,3.254,0.009982,0.50416,-0.16645,0.001089,0,301.79,5.24,11.72,135.25,0.005236,0.007527,0.3498,3.459
0.005,ours_bptt,19,-0.1027,-0.2139,0.843626,2.968687,1,0,3.199,0.009978,-0.09824,-0.20496,0.001091,0,486.36,13.08,0.84,232.53,0.013083,0.017933,0.3743,3.673
0.005,ours_bptt,20,0.5724,0.0126,0.772358,2.974524,1,0,3.237,0.009993,0.56246,0.01231,0.001087,0,247.59,0.39,0.83,122.67,0.000390,0.000564,0.3893,3.138
0.005,ours_bptt,21,-0.2534,-0.7892,0.916535,2.993729,1,0,3.475,0.009958,-0.25035,-0.77976,0.001077,0,267.64,36.98,48.77,57.32,0.036980,0.055536,1.2385,6.211
0.005,ours_bptt,22,0.1756,0.0811,0.753186,2.947710,1,0,2.682,0.009985,0.16666,0.07671,0.001078,0,441.38,3.09,20.52,197.85,0.003093,0.004107,0.0596,1.827
0.005,ours_bptt,23,-0.1826,-0.5070,0.895091,2.987113,1,0,3.401,0.010000,-0.17912,-0.49759,0.001082,0,411.38,25.49,36.22,150.36,0.025494,0.037271,0.6635,4.726
0.005,ours_bptt,24,0.5281,0.1638,0.769945,2.972183,1,0,3.270,0.009980,0.51866,0.16056,0.001089,0,295.50,5.02,11.29,132.69,0.005018,0.007238,0.3640,3.489
0.005,ours_bptt,25,0.2533,-0.1131,0.755527,2.955307,1,0,2.924,0.009987,0.24436,-0.10865,0.001089,0,396.45,3.90,2.44,192.86,0.003895,0.005348,0.1017,2.223
0.005,ours_bptt,26,-0.0698,0.1000,0.808039,2.949930,1,0,2.925,0.009994,-0.06426,0.09161,0.001094,0,625.96,8.38,61.93,244.77,0.008377,0.010700,0.4225,3.808
0.005,ours_bptt,27,0.3040,0.0277,0.756651,2.957303,1,0,2.918,0.009989,0.29407,0.02665,0.001086,0,368.28,0.96,0.54,182.88,0.000957,0.001329,0.1066,1.776
0.005,ours_bptt,28,0.2958,-0.8584,0.856666,2.994087,1,0,3.491,0.009993,0.29280,-0.84887,0.001081,0,197.15,25.90,47.84,31.31,0.025904,0.034510,1.1460,6.477
0.005,ours_bptt,29,0.3034,0.1431,0.757799,2.957491,1,0,3.051,0.009988,0.29462,0.13844,0.001093,0,389.15,4.70,5.55,185.50,0.004701,0.006549,0.1428,2.552
0.005,ours_bptt,30,-0.0517,-0.6699,0.879432,2.991847,1,0,3.452,0.009983,-0.05085,-0.65999,0.001081,0,341.32,23.10,43.75,109.58,0.023100,0.034061,0.7902,5.346
0.005,ours_bptt,31,0.5492,0.3284,0.777753,2.976079,1,0,3.393,0.009992,0.54076,0.32302,0.001086,0,287.38,9.67,21.61,114.84,0.009668,0.013926,0.4987,4.311
0.005,ours_bptt,32,-0.2470,-0.5392,0.910102,2.988058,1,0,3.415,0.009996,-0.24279,-0.53015,0.001081,0,391.50,32.37,38.35,133.12,0.032371,0.045525,0.7862,4.983
0.005,ours_bptt,33,0.0352,0.9500,0.887551,2.992608,1,0,3.505,0.009996,0.03494,0.93998,0.001080,0,185.22,30.80,51.73,17.78,0.030800,0.043505,1.3638,6.837
0.005,ours_bptt,34,0.0707,-0.1224,0.758236,2.946998,1,0,2.697,0.009986,0.06590,-0.11364,0.001087,0,533.55,4.66,46.54,216.73,0.004665,0.005741,0.1386,2.564
0.005,ours_bptt,35,0.4590,0.2294,0.766979,2.968760,1,0,3.291,0.009977,0.45020,0.22465,0.001089,0,340.38,6.95,16.57,148.41,0.006950,0.009958,0.3187,3.516
0.005,ours_bptt,36,-0.1107,0.4644,0.873670,2.973227,1,0,3.385,0.009998,-0.10819,0.45471,0.001089,0,433.63,18.95,32.85,169.75,0.018949,0.028587,0.5367,4.427
0.005,ours_bptt,37,0.1172,0.8775,0.875029,2.991866,1,0,3.491,0.009982,0.11605,0.86754,0.001081,0,219.87,27.59,50.00,39.24,0.027592,0.037594,1.1616,6.442
0.005,ours_bptt,38,-0.1887,-0.6828,0.903146,2.992199,1,0,3.454,0.009985,-0.18595,-0.67317,0.001079,0,327.67,29.53,44.52,97.17,0.029532,0.044951,0.9395,5.561
0.005,ours_bptt,39,0.8660,-0.0873,0.790823,2.985454,1,0,3.365,0.009973,0.85609,-0.08619,0.001083,0,77.78,2.63,5.06,31.85,0.002634,0.003857,0.9371,4.985
0.005,ours_bptt,40,0.3463,-0.5640,0.808433,2.984912,1,0,3.474,0.009994,0.34125,-0.55537,0.001085,0,324.55,16.38,34.75,115.25,0.016381,0.022264,0.5950,4.947
0.005,ours_bptt,41,0.1016,-0.3385,0.791323,2.970716,1,0,3.321,0.009977,0.09910,-0.32886,0.001090,0,480.69,10.37,27.14,205.43,0.010369,0.013388,0.2755,3.639
0.005,ours_bptt,42,-0.2362,-0.3342,0.900510,2.979475,1,0,3.350,0.009994,-0.23046,-0.32604,0.001086,0,466.50,28.77,22.23,189.44,0.028768,0.038077,0.5711,4.295
0.005,ours_bptt,43,0.8826,0.0070,0.791420,2.985747,1,0,3.363,0.009989,0.87258,0.00694,0.001083,0,55.90,0.21,0.40,27.38,0.000212,0.000311,0.9655,4.902
0.005,ours_bptt,44,0.1563,-0.4355,0.803676,2.978439,1,0,3.402,0.009992,0.15314,-0.42603,0.001088,0,437.14,13.01,32.43,176.39,0.013009,0.017065,0.3681,4.096
0.005,ours_bptt,45,0.0602,0.2535,0.783820,2.957374,1,0,3.183,0.009993,0.05841,0.24371,0.001094,0,488.60,8.19,14.89,223.27,0.008194,0.010341,0.2234,3.315
0.005,ours_bptt,46,0.3509,-0.8008,0.845128,2.992823,1,0,3.491,0.009998,0.34713,-0.79158,0.001083,0,211.39,23.85,44.75,43.05,0.023854,0.031917,1.0433,6.233
0.005,ours_bptt,47,-0.1504,-0.4231,0.882429,2.983405,1,0,3.365,0.009978,-0.14693,-0.41376,0.001085,0,447.24,21.01,30.43,177.44,0.021014,0.030716,0.5357,4.331
0.005,ours_bptt,48,0.3656,-0.0779,0.761192,2.963221,1,0,3.047,0.009984,0.35592,-0.07561,0.001088,0,354.06,2.57,2.98,172.12,0.002573,0.003621,0.1638,2.364
0.005,ours_bptt,49,-0.2992,-0.4212,0.916870,2.983455,1,0,3.396,0.009984,-0.29346,-0.41299,0.001083,0,430.69,36.46,30.54,157.46,0.036460,0.048556,0.7273,4.613
0.005,ours_bptt,50,0.7379,0.3254,0.787691,2.983123,1,0,3.418,0.009973,0.72884,0.32112,0.001085,0,171.48,9.59,19.06,59.49,0.009595,0.013981,0.7944,5.084
0.005,ours_bptt,51,0.2430,0.2287,0.761678,2.957279,1,0,3.157,0.009994,0.23612,0.22148,0.001093,0,434.03,7.21,15.29,196.32,0.007207,0.009840,0.1741,3.008
0.005,ours_bptt,52,-0.0147,-0.5282,0.856270,2.987050,1,0,3.418,0.009983,-0.01426,-0.51826,0.001085,0,412.14,17.74,37.19,155.57,0.017737,0.025222,0.5434,4.611
0.005,ours_bptt,53,0.0787,0.1072,0.755914,2.943116,1,0,2.604,0.010000,0.07277,0.09912,0.000135,0,535.93,4.27,54.10,210.66,0.004267,0.005284,0.1156,2.379
0.005,ours_bptt,54,-0.1562,0.9648,0.906433,2.991495,1,0,3.516,0.009985,-0.15473,0.95492,0.001079,0,174.89,35.58,51.24,9.52,0.035583,0.054621,1.5397,7.017
0.005,ours_bptt,55,-0.1446,-0.2073,0.861317,2.969775,1,0,3.231,0.009992,-0.13887,-0.19910,0.001090,0,489.34,17.53,1.10,230.43,0.017528,0.022876,0.4234,4.000
0.005,ours_bptt,56,0.7844,0.3256,0.790337,2.984554,1,0,3.421,0.009993,0.77526,0.32152,0.001085,0,141.25,9.61,18.59,44.82,0.009614,0.014029,0.8850,5.301
0.005,ours_bptt,57,0.2535,-0.6401,0.830157,2.988830,1,0,3.473,0.009992,0.24996,-0.63072,0.001085,0,319.40,18.99,39.51,105.95,0.018991,0.025262,0.6794,5.227
0.005,ours_bptt,58,0.3038,-0.4120,0.784945,2.975288,1,0,3.406,0.009994,0.29809,-0.40379,0.001086,0,397.75,12.03,29.80,160.05,0.012033,0.016450,0.3689,4.087
0.005,ours_bptt,59,0.7189,-0.3583,0.789477,2.983970,1,0,3.421,0.009991,0.71009,-0.35360,0.001085,0,179.69,10.56,21.04,60.89,0.010559,0.015334,0.7904,5.135
0.005,ours_bptt,60,0.1800,0.0264,0.752089,2.947505,1,0,2.579,0.010000,0.17011,0.02490,0.001070,0,404.38,1.06,9.58,191.82,0.001056,0.001395,0.0384,1.224
0.005,ours_bptt,61,-0.4251,0.6545,0.935423,2.976970,1,0,3.471,0.009965,-0.41981,0.64604,0.001083,0,311.50,52.22,42.77,73.82,0.052216,0.070729,1.2617,5.892
0.005,ours_bptt,62,0.5324,0.0722,0.769636,2.972199,1,0,3.222,0.009993,0.52255,0.07070,0.001088,0,279.62,2.25,4.78,133.34,0.002251,0.003244,0.3412,3.129
0.005,ours_bptt,63,-0.1463,-0.2830,0.870062,2.975189,1,0,3.286,0.009977,-0.14160,-0.27417,0.001088,0,484.89,18.52,14.79,213.76,0.018524,0.025256,0.4323,3.886
0.005,ours_bptt,64,0.5285,0.0914,0.769346,2.971929,1,0,3.228,0.009980,0.51866,0.08951,0.001089,0,285.03,2.84,6.10,134.28,0.002843,0.004097,0.3401,3.185
0.005,ours_bptt,65,0.2105,0.2530,0.765543,2.958062,1,0,3.188,0.009993,0.20462,0.24500,0.001093,0,450.07,7.89,18.30,200.82,0.007889,0.010606,0.1878,3.140
0.005,ours_bptt,66,-0.2321,0.7541,0.910398,2.985098,1,0,3.477,0.009964,-0.22920,0.74457,0.001082,0,286.85,34.29,46.29,71.42,0.034286,0.051824,1.1302,5.981
0.005,ours_bptt,67,0.1052,0.6538,0.852349,2.985804,1,0,3.457,0.009982,0.10383,0.64395,0.001086,0,341.85,20.36,42.24,113.42,0.020356,0.027324,0.6943,5.214
0.005,ours_bptt,68,0.5076,0.3617,0.778970,2.975654,1,0,3.405,0.009976,0.49970,0.35567,0.001086,0,307.34,10.60,23.99,121.73,0.010596,0.015161,0.4794,4.323
0.005,ours_bptt,69,-0.0513,0.1705,0.807639,2.952766,1,0,3.076,0.009994,-0.04824,0.16097,0.001096,0,525.59,7.70,16.54,240.48,0.007699,0.011056,0.3282,3.461
0.005,ours_bptt,70,-0.0982,0.3380,0.854279,2.965423,1,0,3.323,0.009984,-0.09523,0.32850,0.001092,0,477.63,14.82,21.60,206.10,0.014822,0.022045,0.4082,3.931
0.005,ours_bptt,71,-0.2987,-0.5024,0.918781,2.986400,1,0,3.414,0.009965,-0.29366,-0.49379,0.001081,0,400.45,37.26,36.29,135.99,0.037264,0.050638,0.8138,4.931
0.005,ours_bptt,72,-0.1503,0.3616,0.877012,2.967134,1,0,3.338,0.009969,-0.14635,0.35247,0.001091,0,465.89,19.99,23.72,194.24,0.019988,0.028312,0.4809,4.103
0.005,ours_bptt,73,-0.1360,0.7558,0.895278,2.986784,1,0,3.482,0.009971,-0.13431,0.74594,0.001083,0,292.24,28.47,45.50,79.27,0.028467,0.043538,1.0217,5.856
0.005,ours_bptt,74,0.2863,-0.1810,0.759469,2.960034,1,0,3.094,0.009999,0.27814,-0.17518,0.001093,0,404.89,5.84,9.49,188.57,0.005844,0.008098,0.1561,2.764
0.005,ours_bptt,75,0.2629,0.0381,0.754614,2.953835,1,0,2.837,0.009986,0.25303,0.03655,0.001083,0,384.77,1.36,2.92,188.45,0.001361,0.001869,0.0812,1.661
0.005,ours_bptt,76,-0.0879,0.1908,0.830895,2.956252,1,0,3.160,0.009987,-0.08363,0.18175,0.001095,0,506.55,11.22,7.02,237.84,0.011220,0.015451,0.3657,3.603
0.005,ours_bptt,77,0.1878,-0.1637,0.755637,2.953155,1,0,2.963,0.009998,0.18067,-0.15667,0.001093,0,423.59,5.53,1.53,206.11,0.005534,0.007421,0.1166,2.556
0.005,ours_bptt,78,0.3960,0.0616,0.761630,2.963898,1,0,3.082,0.009986,0.38616,0.05989,0.001089,0,341.63,2.01,2.94,166.37,0.002009,0.002845,0.1869,2.408
0.005,ours_bptt,79,0.1499,0.3328,0.782863,2.964617,1,0,3.313,0.009986,0.14619,0.32351,0.001089,0,470.37,10.06,26.85,200.79,0.010061,0.013129,0.2594,3.579
0.005,ours_bptt,80,0.4252,0.0139,0.763691,2.966277,1,0,3.100,0.009986,0.41518,0.01351,0.001088,0,321.58,0.45,0.72,159.74,0.000450,0.000640,0.2103,2.333
0.005,ours_bptt,81,-0.1576,0.2546,0.869500,2.961818,1,0,3.280,0.009982,-0.15233,0.24612,0.001093,0,487.00,19.36,9.41,219.56,0.019362,0.025713,0.4335,3.921
0.005,ours_bptt,82,-0.0686,-0.8309,0.894281,2.994634,1,0,3.478,0.009994,-0.06762,-0.82097,0.001078,0,254.84,28.77,49.91,55.93,0.028769,0.042829,1.1339,6.222
0.005,ours_bptt,83,0.4444,-0.8902,0.849407,2.994157,1,0,3.499,0.009967,0.44025,-0.88115,0.001081,0,136.97,26.50,46.95,1.66,0.026505,0.035686,1.3229,6.887
0.005,ours_bptt,84,0.2393,0.0573,0.754246,2.952229,1,0,2.799,0.009984,0.22959,0.05478,0.001082,0,398.68,2.08,6.38,191.40,0.002077,0.002831,0.0723,1.729
0.005,ours_bptt,85,-0.0699,0.1952,0.821898,2.955520,1,0,3.149,0.009983,-0.06635,0.18583,0.001095,0,501.50,9.54,5.89,237.71,0.009539,0.013727,0.3416,3.549
0.005,ours_bptt,86,0.7095,0.5152,0.801116,2.986543,1,0,3.466,0.009991,0.70155,0.50914,0.001084,0,158.42,15.04,28.23,39.69,0.015044,0.021607,0.9557,5.761
0.005,ours_bptt,87,-0.0494,-0.2016,0.813981,2.964490,1,0,3.136,0.009990,-0.04670,-0.19201,0.001092,0,491.47,8.44,3.02,236.39,0.008445,0.012205,0.3164,3.496
0.005,ours_bptt,88,0.0267,0.5306,0.846480,2.979204,1,0,3.427,0.009990,0.02631,0.52063,0.001088,0,410.20,17.12,36.78,155.48,0.017122,0.023534,0.5234,4.589
0.005,ours_bptt,89,0.5313,0.5599,0.802510,2.984609,1,0,3.481,0.009997,0.52463,0.55251,0.001085,0,243.76,16.21,31.95,77.78,0.016207,0.022781,0.7552,5.358
0.005,ours_bptt,90,-0.0457,0.0894,0.791456,2.947093,1,0,2.782,0.009998,-0.04158,0.08026,0.001088,0,661.60,5.62,88.19,238.39,0.005618,0.007598,0.3818,3.545
0.005,ours_bptt,91,-0.3348,-0.7215,0.926757,2.991979,1,0,3.464,0.009982,-0.33062,-0.71242,0.001077,0,295.07,43.79,46.78,67.91,0.043791,0.061808,1.2245,6.019
0.005,ours_bptt,92,-0.2539,0.6200,0.910624,2.979216,1,0,3.447,0.009972,-0.25014,0.61074,0.001085,0,353.03,34.10,41.17,109.77,0.034097,0.048911,0.9112,5.353
0.005,ours_bptt,93,0.1010,0.2482,0.774130,2.956487,1,0,3.165,0.009991,0.09785,0.23872,0.001094,0,480.42,7.89,15.19,219.10,0.007892,0.010045,0.1990,3.205
0.005,ours_bptt,94,0.8495,0.4720,0.803380,2.988508,1,0,3.450,0.009991,0.84091,0.46687,0.001083,0,80.83,13.92,25.11,4.87,0.013920,0.020176,1.1788,6.171
0.005,ours_bptt,95,0.1372,0.4237,0.804957,2.972355,1,0,3.390,0.009977,0.13434,0.41410,0.001088,0,445.32,12.76,31.97,181.12,0.012763,0.016677,0.3563,4.036
0.005,ours_bptt,96,0.4789,0.8183,0.837627,2.991766,1,0,3.506,0.009976,0.47407,0.80963,0.001083,0,159.27,24.08,42.84,18.73,0.024076,0.032731,1.1840,6.559
0.005,ours_bptt,97,-0.0656,0.3396,0.841833,2.965529,1,0,3.323,0.009987,-0.06351,0.32986,0.001092,0,480.99,13.06,22.55,208.15,0.013062,0.019356,0.3786,3.877
0.005,ours_bptt,98,0.6043,0.2287,0.776148,2.976722,1,0,3.345,0.009975,0.59504,0.22490,0.001087,0,256.47,6.86,15.15,107.95,0.006855,0.009945,0.5019,4.101
0.005,ours_bptt,99,-0.0616,-0.5886,0.873606,2.989668,1,0,3.432,0.009986,-0.06043,-0.57863,0.001083,0,382.02,20.71,40.23,135.25,0.020713,0.030749,0.6619,4.943
0.005,ours_bptt,100,0.6577,0.3184,0.782761,2.980212,1,0,3.406,0.009987,0.64884,0.31382,0.001086,0,222.56,9.38,19.60,84.64,0.009385,0.013630,0.6483,4.701
0.005,ours_bptt,101,0.7053,0.3527,0.787492,2.982521,1,0,3.424,0.009991,0.69652,0.34797,0.001085,0,189.69,10.37,20.78,66.30,0.010368,0.015068,0.7595,5.048
0.005,ours_bptt,102,-0.2611,-0.8069,0.917975,2.993934,1,0,3.478,0.009964,-0.25805,-0.79745,0.001076,0,257.57,38.01,49.37,50.91,0.038008,0.057011,1.2888,6.317
0.005,ours_bptt,103,-0.2565,-0.5607,0.912369,2.988700,1,0,3.422,0.009992,-0.25233,-0.55164,0.001080,0,381.00,33.64,39.55,125.72,0.033635,0.047350,0.8290,5.097
0.005,ours_bptt,104,-0.0062,-0.2025,0.792489,2.961389,1,0,3.105,0.009980,-0.00543,-0.19256,0.001093,0,483.46,7.31,1.14,235.11,0.007306,0.009587,0.2644,3.337
0.005,ours_bptt,105,0.1683,-0.1221,0.753162,2.949779,1,0,2.805,0.009998,0.16045,-0.11589,0.001086,0,448.98,4.41,16.39,204.79,0.004405,0.005854,0.0859,2.228
0.005,ours_bptt,106,0.1073,0.7657,0.865482,2.989401,1,0,3.476,0.009981,0.10615,0.75580,0.001083,0,282.41,24.01,46.37,76.83,0.024006,0.032531,0.9105,5.818
0.005,ours_bptt,107,0.2607,-0.0935,0.755300,2.955238,1,0,2.902,0.009983,0.25143,-0.08981,0.001087,0,392.96,3.25,3.15,190.89,0.003250,0.004469,0.0961,2.088
0.005,ours_bptt,108,0.2814,0.9272,0.864950,2.993357,1,0,3.496,0.009977,0.27878,0.91754,0.001081,0,164.14,28.20,50.45,10.47,0.028196,0.037602,1.3091,6.845
0.005,ours_bptt,109,0.5130,0.7951,0.833284,2.991425,1,0,3.505,0.009998,0.50775,0.78655,0.001083,0,156.61,23.32,41.49,19.33,0.023323,0.031904,1.1690,6.513
0.005,ours_bptt,110,0.4870,-0.3349,0.777309,2.975959,1,0,3.375,0.009979,0.47900,-0.32898,0.001087,0,320.88,9.90,23.13,129.89,0.009900,0.014135,0.4321,4.133
0.005,ours_bptt,111,0.2839,0.6459,0.826269,2.986017,1,0,3.486,0.009989,0.27998,0.63669,0.001086,0,308.26,19.00,38.56,101.32,0.018997,0.025394,0.6984,5.285
0.005,ours_bptt,112,0.3172,0.1950,0.759873,2.959451,1,0,3.152,0.009980,0.30895,0.18935,0.001093,0,400.15,6.17,12.64,182.81,0.006169,0.008625,0.1811,2.911
0.005,ours_bptt,113,0.3999,-0.0481,0.762919,2.965270,1,0,3.074,0.009992,0.38997,-0.04673,0.001088,0,336.59,1.57,2.20,164.92,0.001573,0.002226,0.1888,2.361
0.005,ours_bptt,114,0.0845,-0.3381,0.794456,2.971364,1,0,3.321,0.009990,0.08239,-0.32831,0.001090,0,483.55,10.44,26.85,207.10,0.010443,0.013483,0.2810,3.653
0.005,ours_bptt,115,0.2833,0.3617,0.778201,2.968350,1,0,3.359,0.009993,0.27746,0.35358,0.001087,0,418.27,10.69,27.78,173.33,0.010693,0.014606,0.3060,3.796
0.005,ours_bptt,116,-0.0960,-0.1708,0.834356,2.964373,1,0,3.134,0.009985,-0.09109,-0.16211,0.001092,0,523.74,11.88,12.92,240.05,0.011880,0.015813,0.3909,3.701
0.005,ours_bptt,117,0.1426,0.0149,0.751182,2.944619,1,0,2.406,0.009983,0.13271,0.01394,0.001066,0,395.68,0.65,9.22,188.13,0.000653,0.000838,0.0234,0.944
0.005,ours_bptt,118,0.2298,-0.1089,0.754372,2.953401,1,0,2.875,0.010000,0.22094,-0.10430,0.001087,0,409.94,3.82,6.18,195.92,0.003824,0.005210,0.0900,2.145
0.005,ours_bptt,119,0.3467,0.6367,0.820041,2.985888,1,0,3.488,0.009988,0.34208,0.62788,0.001085,0,292.26,18.59,37.43,94.76,0.018587,0.025109,0.7143,5.330
0.005,ours_bptt,120,0.1427,0.1849,0.759547,2.950293,1,0,2.994,0.009989,0.13713,0.17657,0.001096,0,438.88,6.18,0.51,214.29,0.006183,0.008076,0.1364,2.757
0.005,ours_bptt,121,0.9039,0.2691,0.795985,2.987295,1,0,3.407,0.009995,0.89434,0.26603,0.001083,0,62.98,8.03,14.84,10.63,0.008030,0.011749,1.1062,5.706
0.005,ours_bptt,122,0.6186,-0.7694,0.824620,2.991804,1,0,3.519,0.009976,0.61249,-0.76149,0.001083,0,122.35,22.35,38.04,6.37,0.022347,0.031128,1.2456,6.645
0.005,ours_bptt,123,0.1330,0.4410,0.809351,2.973644,1,0,3.399,0.009990,0.13036,0.43132,0.001088,0,439.09,13.31,32.74,176.82,0.013311,0.017413,0.3770,4.122
0.005,ours_bptt,124,0.3040,-0.5997,0.818492,2.986800,1,0,3.473,0.009971,0.29966,-0.59069,0.001086,0,323.61,17.57,37.10,111.52,0.017574,0.023599,0.6301,5.073
0.005,ours_bptt,125,0.8777,-0.3398,0.796602,2.987492,1,0,3.426,0.009996,0.86848,-0.33591,0.001084,0,78.55,10.07,18.53,13.19,0.010069,0.014708,1.0994,5.806
0.005,ours_bptt,126,0.4647,-0.7285,0.826602,2.990761,1,0,3.503,0.009981,0.45951,-0.72001,0.001084,0,206.15,21.27,39.30,47.82,0.021266,0.029070,0.9789,6.049
0.005,ours_bptt,127,-0.1434,-0.2996,0.870582,2.976225,1,0,3.295,0.009993,-0.13896,-0.29063,0.001088,0,482.09,18.44,17.13,210.08,0.018443,0.025462,0.4366,3.920
0.005,ours_bptt,128,0.7348,0.4244,0.794306,2.984950,1,0,3.445,0.009990,0.72633,0.41921,0.001085,0,161.41,12.44,23.92,47.45,0.012443,0.018024,0.8874,5.472
0.005,ours_bptt,129,-0.1202,-0.4211,0.872777,2.983018,1,0,3.365,0.009969,-0.11727,-0.41159,0.001085,0,450.69,18.43,30.32,181.20,0.018431,0.027653,0.5021,4.273
0.005,ours_bptt,130,0.0262,0.7331,0.870396,2.987900,1,0,3.479,0.009989,0.02592,0.72314,0.001084,0,306.41,23.72,44.52,90.89,0.023724,0.033271,0.8638,5.629
0.005,ours_bptt,131,0.1806,-0.8313,0.863349,2.994066,1,0,3.491,0.009966,0.17866,-0.82150,0.001081,0,236.12,25.54,47.58,51.32,0.025535,0.034230,1.0508,6.211
0.005,ours_bptt,132,0.0616,0.4904,0.832388,2.976838,1,0,3.416,0.009997,0.06053,0.48042,0.001088,0,426.97,15.40,34.89,167.04,0.015397,0.020601,0.4555,4.378
0.005,ours_bptt,133,0.3828,0.6743,0.823639,2.987505,1,0,3.493,0.009999,0.37803,0.66551,0.001085,0,261.98,19.70,38.45,77.76,0.019703,0.026699,0.8058,5.594
0.005,ours_bptt,134,0.6240,-0.1220,0.776895,2.977626,1,0,3.289,0.009996,0.61424,-0.11989,0.001087,0,233.59,3.73,8.03,105.96,0.003735,0.005416,0.4854,3.786
0.005,ours_bptt,135,0.7082,-0.4265,0.793435,2.985214,1,0,3.444,0.009995,0.69978,-0.42114,0.001085,0,177.41,12.49,24.35,54.99,0.012492,0.018064,0.8416,5.370
0.005,ours_bptt,136,0.3059,-0.0613,0.757399,2.958409,1,0,2.942,0.009991,0.29614,-0.05915,0.001087,0,369.82,2.10,0.41,182.93,0.002102,0.002922,0.1136,2.009
0.005,ours_bptt,137,0.3815,0.8201,0.843309,2.991592,1,0,3.504,0.009999,0.37743,0.81097,0.001083,0,192.20,24.28,44.08,33.81,0.024279,0.032614,1.1032,6.377
0.005,ours_bptt,138,-0.4068,-0.7436,0.935492,2.991605,1,0,3.474,0.009994,-0.40208,-0.73481,0.001076,0,273.45,51.43,47.46,50.69,0.051432,0.071118,1.4017,6.287
0.005,ours_bptt,139,0.2478,-0.2333,0.762926,2.961058,1,0,3.165,0.009979,0.24098,-0.22601,0.001093,0,432.92,7.33,16.11,194.86,0.007331,0.010014,0.1792,3.042
0.005,ours_bptt,140,0.6772,0.6933,0.817765,2.990252,1,0,3.499,0.009989,0.67041,0.68600,0.001083,0,122.61,20.21,35.46,10.69,0.020207,0.028482,1.1898,6.465
0.005,ours_bptt,141,0.0428,-0.2079,0.776140,2.958280,1,0,3.087,0.009990,0.04132,-0.19800,0.001094,0,476.59,6.97,2.85,230.22,0.006966,0.008665,0.2129,3.170
0.005,ours_bptt,142,0.6916,-0.1596,0.781418,2.980467,1,0,3.332,0.009983,0.68189,-0.15712,0.001086,0,196.72,4.83,10.15,84.59,0.004830,0.007030,0.6102,4.260
0.005,ours_bptt,143,0.3035,0.5051,0.801196,2.978993,1,0,3.453,0.009986,0.29857,0.49641,0.001086,0,364.92,14.70,33.27,138.17,0.014697,0.019894,0.4860,4.571
0.005,ours_bptt,144,0.1292,-0.1752,0.759267,2.952379,1,0,2.956,0.009981,0.12383,-0.16679,0.001094,0,451.32,5.95,5.25,215.95,0.005946,0.007702,0.1327,2.719
0.005,ours_bptt,145,0.4745,0.7177,0.825188,2.989398,1,0,3.500,0.009978,0.46918,0.70924,0.001084,0,207.02,20.95,38.96,48.84,0.020952,0.028702,0.9678,6.016
0.005,ours_bptt,146,0.3993,0.8983,0.851294,2.993119,1,0,3.508,0.009966,0.39551,0.88910,0.001082,0,147.32,26.74,46.88,6.73,0.026738,0.035882,1.3013,6.839
0.005,ours_bptt,147,-0.1444,0.3214,0.871102,2.964835,1,0,3.315,0.009992,-0.14022,0.31233,0.001092,0,476.53,18.80,18.95,205.22,0.018797,0.026225,0.4472,3.969
0.005,ours_bptt,148,0.0548,-0.4646,0.828045,2.982712,1,0,3.409,0.009996,0.05376,-0.45469,0.001088,0,439.82,14.61,33.63,175.32,0.014610,0.019564,0.4261,4.259
0.005,ours_bptt,149,0.3302,-0.5948,0.815375,2.986459,1,0,3.475,0.009996,0.32550,-0.58602,0.001086,0,316.77,17.37,36.41,108.95,0.017369,0.023451,0.6353,5.086
0.005,ours_bptt,150,0.1291,0.0400,0.751556,2.943712,1,0,2.390,0.009989,0.11948,0.03725,0.001066,0,434.65,1.77,26.62,189.39,0.001767,0.002253,0.0288,1.291
0.005,ours_bptt,151,0.1204,0.0183,0.751173,2.943088,1,0,2.289,0.009988,0.11046,0.01694,0.001068,0,398.40,0.85,14.40,184.17,0.000850,0.001072,0.0181,0.925
0.005,ours_bptt,152,0.3968,0.7576,0.834393,2.990088,1,0,3.501,0.009992,0.39229,0.74871,0.001084,0,217.82,22.28,41.48,50.72,0.022275,0.030074,0.9794,6.066
0.005,ours_bptt,153,0.0547,0.2267,0.778994,2.954447,1,0,3.125,0.009991,0.05293,0.21682,0.001095,0,481.40,7.46,8.23,226.88,0.007458,0.009328,0.2102,3.212
0.005,ours_bptt,154,0.0069,0.1062,0.767163,2.943095,1,0,2.675,0.009989,0.00605,0.09625,0.000326,0,611.90,4.36,76.41,226.27,0.004361,0.005100,0.2393,3.000
0.005,ours_bptt,155,0.3885,0.8374,0.844957,2.991972,1,0,3.505,0.009995,0.38448,0.82827,0.001083,0,181.33,24.82,44.66,27.39,0.024815,0.033337,1.1477,6.484
0.005,ours_bptt,156,0.0770,0.0732,0.754002,2.941620,1,0,2.357,0.009992,0.06936,0.06677,0.001333,0,525.82,3.31,64.48,195.95,0.003311,0.004065,0.0799,1.997
0.005,ours_bptt,157,0.0515,-0.0915,0.758566,2.945437,1,0,2.474,0.009991,0.04618,-0.08306,0.000825,0,575.11,3.92,77.03,207.59,0.003921,0.004671,0.1376,2.451
0.005,ours_bptt,158,0.1176,-0.1584,0.758094,2.950602,1,0,2.888,0.009979,0.11212,-0.15004,0.001092,0,469.11,5.53,14.12,216.29,0.005526,0.007105,0.1258,2.630
0.005,ours_bptt,159,-0.1864,-0.2631,0.882168,2.974699,1,0,3.297,0.009975,-0.18071,-0.25493,0.001089,0,486.21,22.65,12.62,213.50,0.022648,0.029751,0.4745,4.139
0.005,ours_bptt,160,0.2632,-0.1929,0.759204,2.959185,1,0,3.099,0.009984,0.25553,-0.18659,0.001093,0,416.53,6.21,10.39,193.21,0.006211,0.008552,0.1542,2.804
0.005,ours_bptt,161,-0.3555,-0.7662,0.929670,2.992579,1,0,3.473,0.009997,-0.35139,-0.75716,0.001076,0,269.63,46.51,48.33,51.60,0.046509,0.065712,1.3529,6.287
0.005,ours_bptt,162,-0.1215,-0.1778,0.847670,2.966402,1,0,3.178,0.009997,-0.11590,-0.16951,0.001091,0,513.75,14.73,8.04,237.79,0.014729,0.019163,0.4171,3.920
0.005,ours_bptt,163,-0.0238,-0.5614,0.862583,2.988480,1,0,3.427,0.009998,-0.02326,-0.55140,0.001084,0,396.12,18.99,38.81,145.01,0.018991,0.027283,0.5957,4.778
0.005,ours_bptt,164,0.4774,0.4709,0.790877,2.979708,1,0,3.454,0.009987,0.47048,0.46376,0.001085,0,299.46,13.64,29.26,110.24,0.013641,0.019221,0.5704,4.764
0.005,ours_bptt,165,0.0443,-0.5806,0.851161,2.988534,1,0,3.440,0.009988,0.04370,-0.57058,0.001085,0,385.09,18.55,39.33,139.30,0.018551,0.025388,0.5899,4.835
0.005,ours_bptt,166,-0.0210,-0.5374,0.858881,2.987506,1,0,3.421,0.009968,-0.02045,-0.52744,0.001085,0,407.88,18.15,37.67,152.66,0.018148,0.025974,0.5598,4.660
0.005,ours_bptt,167,0.8175,0.5027,0.804012,2.988357,1,0,3.459,0.009984,0.80915,0.49724,0.001084,0,95.56,14.78,26.69,10.00,0.014775,0.021356,1.1489,6.153
0.005,ours_bptt,168,0.8027,-0.3400,0.792725,2.985771,1,0,3.422,0.009990,0.79362,-0.33582,0.001084,0,127.69,10.05,19.23,37.08,0.010052,0.014656,0.9360,5.445
0.005,ours_bptt,169,0.1514,0.0679,0.752480,2.945709,1,0,2.569,0.009997,0.14225,0.06379,0.001071,0,452.13,2.74,27.75,196.26,0.002736,0.003571,0.0478,1.673
0.005,ours_bptt,170,0.5304,0.7692,0.829435,2.990942,1,0,3.505,0.009973,0.52492,0.76087,0.001083,0,161.15,22.50,40.22,23.48,0.022503,0.030930,1.1336,6.420
0.005,ours_bptt,171,0.2090,0.4792,0.803908,2.976369,1,0,3.438,0.009987,0.20514,0.46993,0.001086,0,406.59,14.09,33.26,159.47,0.014086,0.018686,0.4228,4.332
0.005,ours_bptt,172,0.5598,-0.3460,0.781275,2.978889,1,0,3.395,0.009979,0.55149,-0.34048,0.001086,0,277.93,10.20,22.58,108.73,0.010200,0.014665,0.5301,4.438
0.005,ours_bptt,173,0.5464,-0.7222,0.821202,2.990566,1,0,3.513,0.009997,0.54046,-0.71414,0.001084,0,174.61,20.95,37.27,34.33,0.020945,0.029029,1.0537,6.207
0.005,ours_bptt,174,-0.1182,-0.2340,0.853254,2.970918,1,0,3.232,0.009987,-0.11358,-0.22517,0.001090,0,488.81,14.96,5.80,227.39,0.014957,0.020374,0.3856,3.736
0.005,ours_bptt,175,-0.2591,-0.7992,0.917555,2.993838,1,0,3.476,0.009990,-0.25606,-0.78975,0.001076,0,261.69,37.70,49.10,53.47,0.037697,0.056514,1.2688,6.273
0.005,ours_bptt,176,0.5500,-0.2108,0.773937,2.975180,1,0,3.303,0.009994,0.54083,-0.20690,0.001088,0,285.55,6.40,14.47,123.50,0.006397,0.009228,0.4170,3.795
0.005,ours_bptt,177,0.2832,0.3475,0.776107,2.967263,1,0,3.345,0.009977,0.27725,0.33949,0.001087,0,421.01,10.31,27.01,175.76,0.010311,0.014106,0.2916,3.720
0.005,ours_bptt,178,0.3999,0.1449,0.761797,2.963847,1,0,3.161,0.009978,0.39063,0.14120,0.001092,0,356.79,4.59,9.27,165.69,0.004588,0.006517,0.2162,2.870
0.005,ours_bptt,179,-0.3922,0.5944,0.931397,2.974970,1,0,3.456,0.009982,-0.38685,0.58604,0.001085,0,344.42,48.11,40.09,96.04,0.048114,0.064932,1.0964,5.536
0.005,ours_bptt,180,0.1187,-0.5094,0.823726,2.984266,1,0,3.436,0.009974,0.11656,-0.49961,0.001087,0,412.34,15.46,35.39,159.18,0.015461,0.020424,0.4653,4.460
0.005,ours_bptt,181,0.2591,0.4505,0.793916,2.974645,1,0,3.428,0.009976,0.25438,0.44178,0.001086,0,402.28,13.15,31.76,159.51,0.013152,0.017694,0.3976,4.229
0.005,ours_bptt,182,-0.1886,-0.2921,0.885065,2.976606,1,0,3.312,0.009971,-0.18322,-0.28369,0.001088,0,481.06,23.16,16.66,206.50,0.023163,0.030781,0.4877,4.061
0.005,ours_bptt,183,0.1147,-0.5915,0.838626,2.988284,1,0,3.459,0.009977,0.11294,-0.58164,0.001086,0,372.82,18.11,38.61,134.22,0.018114,0.024162,0.5862,4.878
0.005,ours_bptt,184,0.3148,0.1334,0.757834,2.958044,1,0,3.051,0.009985,0.30575,0.12916,0.001092,0,383.64,4.38,5.19,183.34,0.004385,0.006125,0.1450,2.519
0.005,ours_bptt,185,0.2581,-0.2319,0.762870,2.961443,1,0,3.167,0.009990,0.25108,-0.22476,0.001093,0,428.66,7.28,16.05,192.82,0.007283,0.009984,0.1813,3.043
0.005,ours_bptt,186,-0.0058,-0.3736,0.827012,2.977980,1,0,3.349,0.009994,-0.00550,-0.36359,0.001089,0,477.02,12.55,27.75,201.34,0.012552,0.017375,0.3614,3.916
0.005,ours_bptt,187,0.6780,0.6485,0.812976,2.989232,1,0,3.495,0.009970,0.67099,0.64139,0.001084,0,137.92,18.87,33.68,21.13,0.018868,0.026719,1.1094,6.253
0.005,ours_bptt,188,0.1861,0.6801,0.845238,2.987183,1,0,3.467,0.009982,0.18372,0.67045,0.001085,0,315.08,20.64,42.49,99.57,0.020642,0.027389,0.7393,5.389
0.005,ours_bptt,189,0.5062,-0.1910,0.771038,2.972897,1,0,3.266,0.009999,0.49699,-0.18718,0.001089,0,308.16,5.86,13.31,136.37,0.005860,0.008419,0.3511,3.524
0.005,ours_bptt,190,0.3110,0.0827,0.756708,2.957308,1,0,2.978,0.009996,0.30143,0.07987,0.001090,0,372.05,2.79,0.86,183.07,0.002795,0.003896,0.1226,2.170
0.005,ours_bptt,191,0.2038,0.5088,0.811388,2.978490,1,0,3.444,0.009976,0.20027,0.49950,0.001087,0,394.72,15.04,34.70,151.38,0.015035,0.019904,0.4626,4.486
0.005,ours_bptt,192,0.1233,-0.0533,0.751264,2.944533,1,0,2.413,0.010000,0.11399,-0.04959,0.001065,0,456.84,2.33,34.79,191.88,0.002329,0.002965,0.0364,1.495
0.005,ours_bptt,193,-0.0796,-0.7824,0.892337,2.993993,1,0,3.472,0.009985,-0.07851,-0.77245,0.001079,0,281.10,27.47,48.12,71.83,0.027466,0.041143,1.0336,5.963
0.005,ours_bptt,194,0.2915,-0.1221,0.757566,2.958386,1,0,2.997,0.009993,0.28242,-0.11789,0.001090,0,384.36,4.09,2.24,186.87,0.004094,0.005681,0.1256,2.381
0.005,ours_bptt,195,-0.1019,0.1701,0.835383,2.955914,1,0,3.147,0.009976,-0.09673,0.16152,0.001095,0,525.88,12.47,13.08,240.51,0.012472,0.016446,0.3968,3.755
0.005,ours_bptt,196,0.4572,-0.2213,0.769125,2.970969,1,0,3.267,0.009996,0.44838,-0.21665,0.001089,0,337.54,6.77,15.87,147.82,0.006771,0.009674,0.3133,3.479
0.005,ours_bptt,197,0.1068,0.1660,0.759453,2.947855,1,0,2.916,0.009987,0.10193,0.15730,0.001095,0,470.82,5.73,12.20,218.91,0.005735,0.007312,0.1375,2.716
0.005,ours_bptt,198,0.6025,-0.0753,0.775104,2.976444,1,0,3.263,0.009983,0.59256,-0.07395,0.001087,0,240.05,2.32,4.97,113.31,0.002324,0.003365,0.4407,3.509
0.005,ours_bptt,199,0.0462,0.5396,0.843957,2.979855,1,0,3.432,0.009972,0.04545,0.52961,0.001088,0,405.09,17.16,37.21,152.47,0.017162,0.023327,0.5277,4.625
0.005,ours_bptt,200,0.1240,-0.0387,0.750948,2.944054,1,0,2.363,0.009986,0.11438,-0.03596,0.001066,0,434.47,1.73,27.37,188.56,0.001733,0.002201,0.0274,1.269
0.005,ours_bptt,201,0.4164,-0.5120,0.796524,2.982389,1,0,3.469,0.009979,0.41024,-0.50416,0.001085,0,316.11,14.78,31.57,115.40,0.014780,0.020515,0.5681,4.815
0.005,ours_bptt,202,-0.1230,0.4612,0.876444,2.972854,1,0,3.385,0.009989,-0.12029,0.45162,0.001089,0,433.97,19.60,32.52,169.77,0.019597,0.029521,0.5448,4.431
0.005,ours_bptt,203,0.4410,-0.4585,0.790377,2.980530,1,0,3.440,0.009974,0.43429,-0.45111,0.001085,0,320.78,13.32,29.64,120.75,0.013324,0.018668,0.5203,4.611
0.005,ours_bptt,204,0.2855,0.1293,0.756941,2.956102,1,0,3.003,0.009997,0.27657,0.12474,0.001092,0,388.34,4.32,2.59,188.34,0.004322,0.005992,0.1256,2.414
0.005,ours_bptt,205,0.3098,0.8479,0.853557,2.992071,1,0,3.495,0.009984,0.30662,0.83843,0.001082,0,199.05,25.47,46.89,33.54,0.025467,0.033958,1.1264,6.431
0.005,ours_bptt,206,0.7544,0.5438,0.805044,2.988024,1,0,3.470,0.009990,0.74643,0.53774,0.001084,0,124.88,15.91,28.99,21.52,0.015910,0.022858,1.0791,6.064
0.005,ours_bptt,207,0.2818,0.3011,0.769704,2.963742,1,0,3.289,0.010000,0.27529,0.29352,0.001089,0,426.09,9.08,23.74,182.49,0.009083,0.012480,0.2472,3.467
0.005,ours_bptt,208,0.4930,0.1739,0.767833,2.970177,1,0,3.257,0.009996,0.48369,0.17029,0.001090,0,315.81,5.34,12.13,141.76,0.005343,0.007681,0.3257,3.383
0.005,ours_bptt,209,0.3355,-0.5061,0.799624,2.981910,1,0,3.455,0.009992,0.33016,-0.49766,0.001086,0,352.22,14.69,32.89,132.20,0.014694,0.020037,0.5041,4.628
0.005,ours_bptt,210,0.2506,-0.7408,0.845718,2.991930,1,0,3.483,0.009982,0.24760,-0.73126,0.001083,0,269.58,22.24,43.66,74.45,0.022239,0.029575,0.8695,5.771
0.005,ours_bptt,211,0.5757,-0.1236,0.774135,2.975593,1,0,3.263,0.009996,0.56595,-0.12128,0.001088,0,261.55,3.81,8.27,119.65,0.003809,0.005504,0.4142,3.551
0.005,ours_bptt,212,0.1789,0.4176,0.795659,2.971706,1,0,3.399,0.009978,0.17523,0.40829,0.001087,0,439.02,12.37,31.28,178.96,0.012371,0.016303,0.3459,4.004
0.005,ours_bptt,213,0.3431,0.9019,0.856522,2.993103,1,0,3.501,0.009993,0.33979,0.89243,0.001081,0,161.83,27.08,48.23,12.38,0.027075,0.036160,1.2738,6.776
0.005,ours_bptt,214,0.4497,-0.0405,0.765806,2.968369,1,0,3.130,0.009981,0.43974,-0.03952,0.001088,0,314.09,1.30,2.32,153.75,0.001302,0.001856,0.2385,2.578
0.005,ours_bptt,215,-0.0738,-0.8147,0.893809,2.994431,1,0,3.476,0.009999,-0.07282,-0.80471,0.001078,0,263.61,28.37,49.30,61.23,0.028367,0.042352,1.1006,6.135
0.005,ours_bptt,216,-0.0007,-0.2767,0.805438,2.969129,1,0,3.248,0.009989,-0.00033,-0.26673,0.001092,0,497.65,9.45,17.66,224.08,0.009449,0.012673,0.2818,3.547
0.005,ours_bptt,217,0.1157,-0.0892,0.752267,2.945499,1,0,2.560,0.009998,0.10775,-0.08311,0.000419,0,494.89,3.61,42.68,202.05,0.003614,0.004619,0.0690,1.995
0.005,ours_bptt,218,0.2996,0.3432,0.774950,2.967293,1,0,3.344,0.009984,0.29336,0.33539,0.001087,0,414.69,10.18,26.52,173.19,0.010184,0.014009,0.2941,3.719
0.005,ours_bptt,219,0.1075,0.0912,0.753600,2.943452,1,0,2.549,0.009991,0.09985,0.08480,0.001101,0,504.43,3.72,46.71,202.71,0.003723,0.004725,0.0752,2.051
0.005,ours_bptt,220,-0.1180,0.5028,0.878257,2.975345,1,0,3.403,0.009984,-0.11559,0.49313,0.001089,0,417.48,20.40,35.25,158.19,0.020396,0.030867,0.5887,4.602
0.005,ours_bptt,221,-0.0384,-0.1602,0.800989,2.959607,1,0,3.023,0.009985,-0.03577,-0.15059,0.001092,0,535.07,6.81,22.56,239.87,0.006807,0.009622,0.3155,3.402
0.005,ours_bptt,222,0.6916,-0.2139,0.782136,2.980787,1,0,3.356,0.009989,0.68216,-0.21072,0.001086,0,200.65,6.42,13.48,82.03,0.006421,0.009349,0.6355,4.453
0.005,ours_bptt,223,-0.0588,0.1179,0.804203,2.950170,1,0,2.943,0.009988,-0.05446,0.10894,0.001095,0,598.98,7.33,50.79,243.20,0.007330,0.009913,0.3783,3.543
0.005,ours_bptt,224,-0.0745,-0.3129,0.843373,2.975546,1,0,3.294,0.009999,-0.07203,-0.30320,0.001089,0,486.05,12.79,19.95,213.49,0.012786,0.018994,0.3705,3.819
0.005,ours_bptt,225,-0.1780,-0.3364,0.885006,2.979044,1,0,3.328,0.009978,-0.17320,-0.32758,0.001086,0,471.72,22.53,21.96,197.00,0.022527,0.030740,0.4980,4.087
0.005,ours_bptt,226,0.6911,0.0578,0.779739,2.979645,1,0,3.309,0.009978,0.68118,0.05688,0.001086,0,185.90,1.76,3.69,87.94,0.001762,0.002566,0.5809,3.929
0.005,ours_bptt,227,0.2381,-0.1180,0.754997,2.954330,1,0,2.909,0.009999,0.22936,-0.11317,0.001089,0,404.57,4.09,3.87,195.34,0.004086,0.005584,0.0980,2.232
0.005,ours_bptt,228,0.1519,0.8000,0.864493,2.990504,1,0,3.479,0.009995,0.15031,0.79009,0.001083,0,257.81,24.80,47.48,62.83,0.024797,0.033294,0.9813,6.026
0.005,ours_bptt,229,0.1294,-0.0464,0.751044,2.944561,1,0,2.415,0.009979,0.11994,-0.04325,0.001066,0,444.11,2.02,29.53,191.01,0.002024,0.002586,0.0324,1.388
0.005,ours_bptt,230,0.0091,0.7864,0.876962,2.989224,1,0,3.490,0.009986,0.00901,0.77646,0.001083,0,277.88,25.69,46.08,73.59,0.025690,0.036510,0.9814,5.920
0.005,ours_bptt,231,0.7804,-0.0773,0.785721,2.983006,1,0,3.341,0.009993,0.77042,-0.07618,0.001085,0,132.05,2.34,4.70,59.57,0.002341,0.003420,0.7524,4.480
0.005,ours_bptt,232,0.1448,0.2357,0.766906,2.955232,1,0,3.135,0.009984,0.14009,0.22692,0.001094,0,465.42,7.50,13.73,213.35,0.007503,0.009774,0.1760,3.070
0.005,ours_bptt,233,0.0215,0.4271,0.829301,2.972440,1,0,3.386,0.009982,0.02115,0.41711,0.001089,0,456.74,13.83,31.29,186.71,0.013826,0.018780,0.3978,4.107
0.005,ours_bptt,234,-0.0409,-0.1955,0.808198,2.963368,1,0,3.116,0.009998,-0.03852,-0.18574,0.001092,0,496.36,7.90,5.14,237.11,0.007902,0.011285,0.3074,3.456
0.005,ours_bptt,235,0.4958,-0.7270,0.824216,2.990674,1,0,3.509,0.009971,0.49031,-0.71867,0.001084,0,194.35,21.15,38.43,42.89,0.021146,0.029068,1.0062,6.108
0.005,ours_bptt,236,0.8988,-0.2304,0.794399,2.986898,1,0,3.400,0.009979,0.88916,-0.22770,0.001083,0,66.51,6.88,12.83,15.26,0.006885,0.010082,1.0689,5.558
0.005,ours_bptt,237,0.0532,-0.4550,0.826590,2.982116,1,0,3.405,0.009975,0.05220,-0.44508,0.001088,0,444.36,14.32,33.20,178.24,0.014317,0.019157,0.4152,4.214
0.005,ours_bptt,238,0.1776,-0.1698,0.756557,2.953267,1,0,2.971,0.009982,0.17084,-0.16247,0.001093,0,426.88,5.72,1.13,208.02,0.005724,0.007634,0.1210,2.608
0.005,ours_bptt,239,0.4213,0.3347,0.773737,2.970960,1,0,3.368,0.009993,0.41368,0.32825,0.001086,0,357.67,9.88,24.03,147.39,0.009880,0.013992,0.3663,3.930
0.005,ours_bptt,240,0.3769,-0.3379,0.775121,2.972350,1,0,3.350,0.009986,0.36971,-0.33091,0.001088,0,378.40,10.03,25.13,156.55,0.010027,0.014053,0.3347,3.842
0.005,ours_bptt,241,0.2876,0.6481,0.826174,2.986116,1,0,3.487,0.009995,0.28364,0.63894,0.001085,0,306.05,19.05,38.55,100.19,0.019052,0.025481,0.7038,5.302
0.005,ours_bptt,242,-0.2242,-0.5692,0.906207,2.989163,1,0,3.423,0.009990,-0.22045,-0.55994,0.001080,0,380.41,30.53,39.82,127.49,0.030528,0.044022,0.7975,5.075
0.005,ours_bptt,243,0.2114,0.6827,0.842408,2.987346,1,0,3.470,0.009995,0.20860,0.67314,0.001085,0,308.35,20.59,42.18,96.55,0.020586,0.027302,0.7474,5.421
0.005,ours_bptt,244,0.3551,-0.4475,0.788583,2.978192,1,0,3.435,0.009984,0.34910,-0.43955,0.001085,0,365.22,12.98,30.30,142.57,0.012984,0.017917,0.4387,4.357
0.005,ours_bptt,245,-0.0902,0.2305,0.837373,2.958621,1,0,3.217,0.009997,-0.08643,0.22130,0.001094,0,487.78,12.00,4.08,230.81,0.011997,0.017083,0.3536,3.652
0.005,ours_bptt,246,0.3024,-0.0595,0.757184,2.958107,1,0,2.934,0.009995,0.29262,-0.05741,0.001086,0,371.25,2.05,0.66,183.43,0.002047,0.002843,0.1108,1.982
0.005,ours_bptt,247,0.0963,-0.5319,0.831469,2.985826,1,0,3.442,0.009984,0.09459,-0.52203,0.001087,0,404.70,16.34,36.30,153.79,0.016342,0.021755,0.5006,4.573
0.005,ours_bptt,248,0.6870,-0.3791,0.789353,2.983623,1,0,3.426,0.009972,0.67839,-0.37407,0.001085,0,197.37,11.14,22.46,67.87,0.011144,0.016140,0.7546,5.084
0.005,ours_bptt,249,0.6621,-0.5816,0.805715,2.988156,1,0,3.486,0.009976,0.65480,-0.57486,0.001084,0,167.95,16.89,31.19,40.12,0.016890,0.024043,0.9722,5.883
0.005,ours_bptt,250,-0.1159,-0.8802,0.902570,2.995202,1,0,3.487,0.009962,-0.11453,-0.87035,0.001077,0,226.42,31.72,51.47,37.95,0.031723,0.048156,1.2902,6.530
0.005,ours_bptt,251,0.1278,0.4828,0.818914,2.976625,1,0,3.418,0.009984,0.12545,0.47312,0.001088,0,422.10,14.64,34.61,165.46,0.014639,0.019228,0.4296,4.331
0.005,ours_bptt,252,-0.4713,-0.6876,0.941623,2.989608,1,0,3.478,0.009957,-0.46593,-0.67919,0.001077,0,287.65,57.55,44.68,55.98,0.057551,0.077782,1.4242,6.173
0.005,ours_bptt,253,0.0785,-0.2458,0.776270,2.961125,1,0,3.169,0.009991,0.07601,-0.23614,0.001093,0,486.82,7.86,14.73,222.79,0.007865,0.009932,0.2075,3.239
0.005,ours_bptt,254,0.1938,-0.0414,0.751889,2.948748,1,0,2.651,0.009984,0.18407,-0.03921,0.001074,0,411.46,1.60,11.26,193.27,0.001600,0.002136,0.0473,1.433
0.005,ours_bptt,255,0.2595,0.6392,0.828604,2.985698,1,0,3.478,0.009975,0.25586,0.62990,0.001086,0,318.42,18.91,39.08,105.95,0.018909,0.025182,0.6788,5.225
0.005,ours_bptt,256,-0.1225,-0.6050,0.887173,2.990368,1,0,3.435,0.009969,-0.12048,-0.59522,0.001081,0,371.11,23.56,41.11,126.77,0.023556,0.035860,0.7381,5.088
0.005,ours_bptt,257,-0.2557,-0.7313,0.915672,2.992788,1,0,3.463,0.009985,-0.25239,-0.72190,0.001077,0,298.00,36.21,46.85,75.00,0.036206,0.053489,1.1204,5.916
0.005,ours_bptt,258,0.9286,-0.2665,0.796973,2.987863,1,0,3.411,0.009971,0.91913,-0.26356,0.001083,0,46.86,7.95,14.52,2.95,0.007950,0.011641,1.1636,5.825
0.005,ours_bptt,259,-0.1529,0.2949,0.871622,2.963470,1,0,3.302,0.009994,-0.14821,0.28604,0.001093,0,481.23,19.32,15.38,210.74,0.019320,0.026328,0.4428,3.916
0.005,ours_bptt,260,-0.5134,-0.8404,0.945134,2.991910,1,0,3.500,0.009986,-0.50850,-0.83172,0.001074,0,205.57,63.62,49.76,5.31,0.063619,0.087187,1.8490,7.030
0.005,ours_bptt,261,0.1135,0.7021,0.857980,2.987616,1,0,3.464,0.009969,0.11210,0.69221,0.001085,0,315.72,21.89,44.27,97.18,0.021888,0.029434,0.7825,5.476
0.005,ours_bptt,262,0.1363,0.0233,0.751276,2.944181,1,0,2.385,0.009990,0.12641,0.02172,0.001066,0,407.72,1.03,15.23,187.86,0.001030,0.001317,0.0234,1.046
0.005,ours_bptt,263,0.6920,-0.4273,0.792821,2.984864,1,0,3.444,0.009987,0.68367,-0.42181,0.001085,0,187.25,12.51,24.58,59.67,0.012505,0.018066,0.8142,5.307
0.005,ours_bptt,264,0.2765,0.2692,0.765922,2.961396,1,0,3.242,0.009993,0.26975,0.26184,0.001091,0,427.75,8.24,20.78,186.91,0.008243,0.011341,0.2175,3.282
0.005,ours_bptt,265,0.2175,0.3285,0.776452,2.964708,1,0,3.310,0.009988,0.21233,0.31989,0.001089,0,449.14,9.86,26.41,190.76,0.009863,0.013208,0.2560,3.561
0.005,ours_bptt,266,0.5969,-0.4234,0.788743,2.982441,1,0,3.439,0.009982,0.58890,-0.41743,0.001085,0,244.87,12.35,25.63,87.54,0.012354,0.017731,0.6602,4.924
0.005,ours_bptt,267,0.0093,-0.2934,0.805691,2.970325,1,0,3.269,0.009979,0.00928,-0.28340,0.001091,0,496.58,9.81,20.44,220.49,0.009813,0.013056,0.2857,3.585
0.005,ours_bptt,268,-0.0703,-0.4002,0.853200,2.981206,1,0,3.360,0.009975,-0.06846,-0.39042,0.001087,0,463.17,15.09,28.88,191.39,0.015095,0.022512,0.4355,4.113
0.005,ours_bptt,269,-0.1298,0.8148,0.896668,2.988568,1,0,3.495,0.009997,-0.12829,0.80494,0.001082,0,260.10,29.95,46.94,60.64,0.029954,0.045758,1.1420,6.161
0.005,ours_bptt,270,0.3659,0.1527,0.760064,2.961541,1,0,3.137,0.010000,0.35684,0.14849,0.001092,0,372.15,4.87,9.26,173.16,0.004868,0.006876,0.1909,2.794
0.005,ours_bptt,271,0.1731,0.7224,0.853037,2.988571,1,0,3.470,0.009977,0.17096,0.71263,0.001084,0,295.71,22.11,44.48,86.79,0.022115,0.029439,0.8199,5.612
0.005,ours_bptt,272,-0.1537,-0.3882,0.881170,2.981682,1,0,3.348,0.009978,-0.14987,-0.37895,0.001085,0,458.87,20.78,27.38,186.47,0.020776,0.029742,0.5079,4.209
0.005,ours_bptt,273,0.3157,0.8481,0.852917,2.992085,1,0,3.496,0.009992,0.31242,0.83869,0.001082,0,197.30,25.44,46.72,32.85,0.025444,0.033941,1.1296,6.439
0.005,ours_bptt,274,-0.0314,-0.5603,0.863963,2.988509,1,0,3.427,0.009983,-0.03076,-0.55029,0.001084,0,396.68,19.10,38.75,145.27,0.019095,0.027624,0.5988,4.778
0.005,ours_bptt,275,0.8578,-0.3810,0.797353,2.987581,1,0,3.437,0.009984,0.84883,-0.37674,0.001084,0,88.54,11.25,20.66,15.17,0.011250,0.016404,1.0927,5.857
0.005,ours_bptt,276,0.1279,-0.9419,0.880302,2.995627,1,0,3.493,0.009988,0.12685,-0.93197,0.001078,0,182.74,29.69,52.50,16.61,0.029687,0.040483,1.3246,6.818
0.005,ours_bptt,277,0.3437,0.3660,0.777215,2.970083,1,0,3.375,0.009999,0.33715,0.35852,0.001086,0,390.97,10.77,27.05,160.36,0.010770,0.014957,0.3399,3.914
0.005,ours_bptt,278,0.4443,0.0492,0.764411,2.967135,1,0,3.133,0.009986,0.43442,0.04795,0.001089,0,319.18,1.58,2.84,155.56,0.001577,0.002249,0.2333,2.585
0.005,ours_bptt,279,0.5094,-0.5381,0.799780,2.984800,1,0,3.476,0.009978,0.50270,-0.53070,0.001085,0,262.24,15.56,31.42,88.03,0.015564,0.021863,0.6972,5.188
0.005,ours_bptt,280,0.6178,0.6921,0.817721,2.989683,1,0,3.502,0.009984,0.61128,0.68448,0.001084,0,153.07,20.13,35.93,25.51,0.020126,0.028199,1.0943,6.268
0.005,ours_bptt,281,-0.0121,0.1057,0.773934,2.944352,1,0,2.735,0.009992,-0.01119,0.09579,0.000598,0,622.78,4.54,76.03,231.95,0.004543,0.005627,0.2840,3.183
0.005,ours_bptt,282,0.5679,0.2579,0.774380,2.975205,1,0,3.355,0.009994,0.55894,0.25346,0.001087,0,279.48,7.69,17.31,116.67,0.007686,0.011123,0.4682,4.067
0.005,ours_bptt,283,0.2760,0.1287,0.756681,2.955476,1,0,2.989,0.009979,0.26715,0.12413,0.001092,0,389.90,4.33,1.73,189.97,0.004327,0.005984,0.1204,2.388
0.005,ours_bptt,284,0.4500,0.3983,0.781344,2.975205,1,0,3.418,0.009983,0.44269,0.39151,0.001085,0,332.20,11.61,26.68,130.71,0.011609,0.016421,0.4569,4.327
0.005,ours_bptt,285,0.4344,0.0610,0.763735,2.966408,1,0,3.128,0.009977,0.42450,0.05943,0.001089,0,325.82,1.96,3.49,157.95,0.001958,0.002790,0.2246,2.590
0.005,ours_bptt,286,0.2625,-0.1936,0.759215,2.959174,1,0,3.100,0.009980,0.25480,-0.18724,0.001093,0,417.07,6.23,10.49,193.38,0.006231,0.008576,0.1544,2.807
0.005,ours_bptt,287,0.4951,-0.4703,0.792225,2.982093,1,0,3.447,0.009987,0.48808,-0.46318,0.001085,0,289.69,13.67,29.29,105.31,0.013670,0.019289,0.5897,4.817
0.005,ours_bptt,288,-0.0609,0.1904,0.816202,2.954710,1,0,3.131,0.009993,-0.05763,0.18098,0.001095,0,505.45,8.78,7.69,238.45,0.008781,0.012692,0.3324,3.514
0.005,ours_bptt,289,0.4627,-0.5742,0.804030,2.985483,1,0,3.490,0.009992,0.45657,-0.56636,0.001085,0,272.07,16.56,32.98,90.64,0.016558,0.023016,0.7013,5.240
0.005,ours_bptt,290,-0.2671,0.5113,0.911646,2.973489,1,0,3.416,0.009976,-0.26241,0.50252,0.001087,0,399.97,33.97,35.72,138.79,0.033971,0.046828,0.7749,4.892
0.005,ours_bptt,291,-0.1914,0.4290,0.892857,2.970604,1,0,3.376,0.009967,-0.18722,0.41992,0.001090,0,440.48,25.11,29.92,171.48,0.025113,0.035268,0.5856,4.416
0.005,ours_bptt,292,0.3585,0.0772,0.759424,2.961081,1,0,3.044,0.009979,0.34882,0.07486,0.001090,0,358.01,2.55,2.85,174.24,0.002549,0.003588,0.1572,2.326
0.005,ours_bptt,293,0.0225,0.1187,0.764283,2.943397,1,0,2.724,0.009985,0.02067,0.10892,0.001096,0,579.10,4.62,59.96,226.13,0.004624,0.005438,0.2108,2.903
0.005,ours_bptt,294,0.4545,0.0289,0.765259,2.967972,1,0,3.137,0.009977,0.44454,0.02817,0.001089,0,310.95,0.93,1.68,153.10,0.000925,0.001321,0.2422,2.552
0.005,ours_bptt,295,-0.0097,-0.2389,0.800521,2.965579,1,0,3.190,0.009986,-0.00893,-0.22895,0.001093,0,494.86,8.44,10.03,231.06,0.008444,0.011346,0.2717,3.450
0.005,ours_bptt,296,-0.0414,-0.4969,0.858223,2.985922,1,0,3.405,0.009998,-0.04043,-0.48693,0.001086,0,425.73,17.24,35.45,164.48,0.017245,0.025139,0.5195,4.488
0.005,ours_bptt,297,-0.4635,-0.8276,0.941075,2.992352,1,0,3.492,0.009987,-0.45881,-0.81881,0.001074,0,221.67,58.31,49.91,17.20,0.058305,0.080583,1.7049,6.842
0.005,ours_bptt,298,-0.1078,-0.2116,0.845741,2.968721,1,0,3.201,0.009976,-0.10319,-0.20277,0.001091,0,486.50,13.59,0.42,232.64,0.013592,0.018450,0.3809,3.684
0.005,ours_bptt,299,0.1967,0.7699,0.856545,2.990021,1,0,3.476,0.009973,0.19453,0.76020,0.001083,0,266.28,23.54,46.13,69.36,0.023536,0.031334,0.9199,5.890
0.005,lyap1,0,-0.4828,-0.7608,0.800000,1.700000,1,0,4.222,0.009982,-0.47868,-0.75165,0.001872,0,453.80,40.55,90.04,106.44,0.040551,0.047927,1.1571,5.705
0.005,lyap1,1,0.3886,-0.1909,0.800000,1.700000,1,0,3.021,0.009998,0.37920,-0.18741,0.001872,0,363.60,11.12,24.01,149.45,0.011124,0.015671,0.2372,3.004
0.005,lyap1,2,0.1373,-0.1241,0.800000,1.700000,1,0,2.636,0.009996,0.12895,-0.11852,0.001872,0,425.00,8.32,10.00,196.26,0.008318,0.011008,0.0670,1.986
0.005,lyap1,3,0.5235,0.3075,0.800000,1.700000,1,0,3.245,0.009981,0.51445,0.30323,0.001873,0,309.58,16.49,30.87,111.55,0.016495,0.023967,0.4579,4.003
0.005,lyap1,4,0.3315,0.9345,0.800000,1.700000,1,0,3.899,0.009999,0.32804,0.92507,0.001873,0,218.32,33.81,40.96,42.85,0.033809,0.051002,1.1612,6.190
0.005,lyap1,5,0.3231,-0.0585,0.800000,1.700000,1,0,2.776,0.009992,0.31315,-0.05719,0.001872,0,340.67,3.75,6.25,161.27,0.003754,0.005123,0.1353,2.092
0.005,lyap1,6,-0.0850,0.5502,0.800000,1.700000,1,0,3.817,0.009976,-0.08478,0.54019,0.001873,0,557.09,13.91,83.40,184.71,0.013911,0.017291,0.4552,4.037
0.005,lyap1,7,-0.0720,-0.5823,0.800000,1.700000,1,0,3.834,0.009999,-0.07197,-0.57228,0.001873,0,533.64,14.82,79.52,176.19,0.014815,0.018732,0.4905,4.185
0.005,lyap1,8,0.3960,-0.5209,0.800000,1.700000,1,0,3.496,0.009991,0.38936,-0.51344,0.001873,0,366.93,24.27,45.26,120.00,0.024267,0.035969,0.5264,4.432
0.005,lyap1,9,0.3685,0.3828,0.800000,1.700000,1,0,3.313,0.009981,0.36086,0.37638,0.001873,0,403.95,19.46,43.06,144.31,0.019461,0.028286,0.3557,3.769
0.005,lyap1,10,0.1283,0.2512,0.800000,1.700000,1,0,3.104,0.009983,0.12229,0.24324,0.001872,0,545.81,12.78,54.75,208.57,0.012778,0.017703,0.1398,2.683
0.005,lyap1,11,0.2440,0.2446,0.800000,1.700000,1,0,3.052,0.009986,0.23597,0.23858,0.001872,0,462.51,13.72,38.73,182.24,0.013717,0.019220,0.1645,2.822
0.005,lyap1,12,0.6768,0.6211,0.800000,1.700000,1,0,3.579,0.009983,0.66912,0.61470,0.001873,0,187.75,29.22,35.59,36.38,0.029217,0.044223,1.0169,5.744
0.005,lyap1,13,0.7407,-0.0375,0.800000,1.700000,1,0,3.216,0.009973,0.73073,-0.03705,0.001872,0,133.58,2.05,3.31,61.95,0.002050,0.002987,0.6927,4.220
0.005,lyap1,14,0.1895,0.9012,0.800000,1.700000,1,0,3.931,0.009991,0.18723,0.89145,0.001873,0,279.61,29.59,46.94,70.67,0.029595,0.043334,1.0186,5.850
0.005,lyap1,15,0.3282,0.2784,0.800000,1.700000,1,0,3.137,0.009975,0.31984,0.27294,0.001872,0,421.03,15.29,37.41,161.64,0.015290,0.021755,0.2392,3.197
0.005,lyap1,16,0.4229,-0.6724,0.800000,1.700000,1,0,3.654,0.009994,0.41716,-0.66415,0.001873,0,304.86,28.98,43.52,87.18,0.028979,0.043608,0.7592,5.157
0.005,lyap1,17,-0.0535,-0.6259,0.800000,1.700000,1,0,3.858,0.009972,-0.05368,-0.61589,0.001873,0,502.28,16.20,74.55,164.44,0.016202,0.020921,0.5429,4.391
0.005,lyap1,18,0.5135,-0.1699,0.800000,1.700000,1,0,3.097,0.009974,0.50388,-0.16741,0.001872,0,291.58,9.67,18.74,119.80,0.009666,0.013804,0.3665,3.447
0.005,lyap1,19,-0.1027,-0.2139,0.800000,1.700000,1,0,3.406,0.009975,-0.10156,-0.20399,0.001873,0,778.92,8.15,131.34,252.01,0.008153,0.009822,0.1953,2.629
0.005,lyap1,20,0.5724,0.0126,0.800000,1.700000,1,0,3.075,0.009996,0.56245,0.01239,0.001872,0,217.12,0.72,1.33,106.69,0.000721,0.001030,0.4121,3.230
0.005,lyap1,21,-0.2534,-0.7892,0.800000,1.700000,1,0,4.099,0.009994,-0.25133,-0.77946,0.001872,0,423.06,20.91,76.64,119.21,0.020912,0.025962,0.9287,5.397
0.005,lyap1,22,0.1756,0.0811,0.800000,1.700000,1,0,2.525,0.009997,0.16623,0.07771,0.001872,0,376.04,5.77,0.97,182.72,0.005774,0.007568,0.0538,1.694
0.005,lyap1,23,-0.1826,-0.5070,0.800000,1.700000,1,0,3.868,0.009998,-0.18089,-0.49711,0.001873,0,608.93,14.84,97.68,195.65,0.014840,0.018187,0.4613,3.931
0.005,lyap1,24,0.5281,0.1638,0.800000,1.700000,1,0,3.103,0.009984,0.51840,0.16146,0.001872,0,282.05,9.30,17.80,116.25,0.009302,0.013301,0.3829,3.492
0.005,lyap1,25,0.2533,-0.1131,0.800000,1.700000,1,0,2.744,0.009992,0.24383,-0.10994,0.001872,0,386.32,7.34,12.19,175.47,0.007338,0.009935,0.1012,2.127
0.005,lyap1,26,-0.0698,0.1000,0.800000,1.700000,1,0,3.016,0.009986,-0.06834,0.09007,0.001872,0,787.19,5.86,135.90,253.30,0.005859,0.006648,0.1707,2.475
0.005,lyap1,27,0.3040,0.0277,0.800000,1.700000,1,0,2.721,0.009991,0.29404,0.02698,0.001872,0,335.42,1.81,2.58,163.77,0.001813,0.002456,0.1163,1.836
0.005,lyap1,28,0.2958,-0.8584,0.800000,1.700000,1,0,3.857,0.009987,0.29236,-0.84903,0.001873,0,270.86,31.29,44.14,67.82,0.031291,0.046872,0.9829,5.765
0.005,lyap1,29,0.3034,0.1431,0.800000,1.700000,1,0,2.866,0.009991,0.29402,0.13979,0.001872,0,385.05,8.84,18.31,167.58,0.008844,0.012184,0.1453,2.464
0.005,lyap1,30,-0.0517,-0.6699,0.800000,1.700000,1,0,3.892,0.009989,-0.05190,-0.65994,0.001873,0,474.44,17.28,71.44,152.82,0.017282,0.022462,0.6070,4.610
0.005,lyap1,31,0.5492,0.3284,0.800000,1.700000,1,0,3.277,0.009999,0.54019,0.32401,0.001873,0,295.51,17.42,31.32,103.37,0.017416,0.025419,0.5073,4.184
0.005,lyap1,32,-0.2470,-0.5392,0.800000,1.700000,1,0,3.950,0.009993,-0.24449,-0.52954,0.001872,0,598.05,19.16,99.40,185.25,0.019161,0.023719,0.5499,4.181
0.005,lyap1,33,0.0352,0.9500,0.800000,1.700000,1,0,4.032,0.009992,0.03454,0.94001,0.001872,0,283.95,26.24,51.93,70.36,0.026241,0.036294,1.1040,6.027
0.005,lyap1,34,0.0707,-0.1224,0.800000,1.700000,1,0,2.631,0.009989,0.06417,-0.11484,0.001872,0,462.42,7.82,14.91,210.44,0.007822,0.010243,0.0779,2.039
0.005,lyap1,35,0.4590,0.2294,0.800000,1.700000,1,0,3.121,0.009983,0.44966,0.22581,0.001872,0,335.57,12.89,26.38,131.74,0.012893,0.018428,0.3300,3.443
0.005,lyap1,36,-0.1107,0.4644,0.800000,1.700000,1,0,3.759,0.009978,-0.11007,0.45443,0.001873,0,619.16,12.06,94.70,205.83,0.012062,0.014496,0.3713,3.651
0.005,lyap1,37,0.1172,0.8775,0.800000,1.700000,1,0,3.948,0.009972,0.11555,0.86762,0.001872,0,311.85,27.05,50.88,84.76,0.027048,0.038652,0.9543,5.679
0.005,lyap1,38,-0.1887,-0.6828,0.800000,1.700000,1,0,3.998,0.009975,-0.18713,-0.67292,0.001872,0,489.06,17.42,80.75,150.72,0.017416,0.021278,0.6990,4.784
0.005,lyap1,39,0.8660,-0.0873,0.800000,1.700000,1,0,3.303,0.010000,0.85604,-0.08647,0.001873,0,71.56,4.64,6.64,25.66,0.004643,0.006850,0.9543,5.011
0.005,lyap1,40,0.3463,-0.5640,0.800000,1.700000,1,0,3.560,0.009977,0.34052,-0.55587,0.001873,0,380.54,24.97,47.82,123.72,0.024969,0.037059,0.5393,4.493
0.005,lyap1,41,0.1016,-0.3385,0.800000,1.700000,1,0,3.340,0.009981,0.09725,-0.32954,0.001873,0,572.31,14.39,68.11,207.25,0.014389,0.020048,0.2025,3.058
0.005,lyap1,42,-0.2362,-0.3342,0.800000,1.700000,1,0,3.784,0.009981,-0.23281,-0.32484,0.001873,0,752.59,21.53,129.23,230.92,0.021528,0.024367,0.3521,3.279
0.005,lyap1,43,0.8826,0.0070,0.800000,1.700000,1,0,3.305,0.009987,0.87258,0.00696,0.001873,0,44.80,0.37,0.53,21.59,0.000374,0.000551,0.9825,4.947
0.005,lyap1,44,0.1563,-0.4355,0.800000,1.700000,1,0,3.471,0.009985,0.15181,-0.42658,0.001873,0,517.66,18.17,62.14,183.07,0.018169,0.025973,0.2967,3.557
0.005,lyap1,45,0.0602,0.2535,0.800000,1.700000,1,0,3.184,0.009996,0.05592,0.24451,0.001873,0,605.90,11.06,71.29,223.36,0.011063,0.014973,0.1465,2.665
0.005,lyap1,46,0.3509,-0.8008,0.800000,1.700000,1,0,3.792,0.009971,0.34668,-0.79181,0.001873,0,280.03,31.10,43.64,73.05,0.031101,0.046859,0.9124,5.583
0.005,lyap1,47,-0.1504,-0.4231,0.800000,1.700000,1,0,3.761,0.009977,-0.14902,-0.41323,0.001873,0,659.28,12.47,104.78,215.50,0.012472,0.015133,0.3550,3.507
0.005,lyap1,48,0.3656,-0.0779,0.800000,1.700000,1,0,2.858,0.009987,0.35577,-0.07637,0.001872,0,332.97,4.84,9.13,153.73,0.004844,0.006689,0.1755,2.388
0.005,lyap1,49,-0.2992,-0.4212,0.800000,1.700000,1,0,3.922,0.009977,-0.29542,-0.41193,0.001872,0,695.08,26.96,119.03,208.29,0.026957,0.030830,0.4785,3.765
0.005,lyap1,50,0.7379,0.3254,0.800000,1.700000,1,0,3.348,0.009978,0.72849,0.32193,0.001873,0,180.84,16.96,25.19,52.51,0.016960,0.025082,0.8065,4.991
0.005,lyap1,51,0.2430,0.2287,0.800000,1.700000,1,0,3.014,0.009991,0.23480,0.22300,0.001872,0,456.89,13.07,36.11,182.53,0.013074,0.018241,0.1538,2.742
0.005,lyap1,52,-0.0147,-0.5282,0.800000,1.700000,1,0,3.734,0.009975,-0.01564,-0.51831,0.001873,0,550.55,15.05,77.74,186.25,0.015053,0.019637,0.4041,3.903
0.005,lyap1,53,0.0787,0.1072,0.800000,1.700000,1,0,2.528,0.009987,0.07157,0.10018,0.001872,0,418.68,7.38,0.42,203.39,0.007382,0.009572,0.0677,1.921
0.005,lyap1,54,-0.1562,0.9648,0.800000,1.700000,1,0,4.133,0.009980,-0.15514,0.95488,0.001872,0,297.13,22.52,60.57,71.10,0.022524,0.028532,1.2058,6.180
0.005,lyap1,55,-0.1446,-0.2073,0.800000,1.700000,1,0,3.488,0.009982,-0.14209,-0.19764,0.001873,0,818.92,13.25,144.91,254.62,0.013250,0.014770,0.2217,2.687
0.005,lyap1,56,0.7844,0.3256,0.800000,1.700000,1,0,3.366,0.009997,0.77495,0.32230,0.001873,0,151.95,16.89,23.98,39.33,0.016885,0.025047,0.8953,5.207
0.005,lyap1,57,0.2535,-0.6401,0.800000,1.700000,1,0,3.680,0.009986,0.24925,-0.63103,0.001873,0,394.07,25.29,51.69,126.37,0.025294,0.037349,0.5863,4.654
0.005,lyap1,58,0.3038,-0.4120,0.800000,1.700000,1,0,3.366,0.009980,0.29703,-0.40465,0.001873,0,439.42,19.99,48.57,156.15,0.019989,0.029063,0.3356,3.723
0.005,lyap1,59,0.7189,-0.3583,0.800000,1.700000,1,0,3.365,0.009998,0.70969,-0.35444,0.001873,0,193.34,18.53,27.46,55.31,0.018535,0.027450,0.7976,5.009
0.005,lyap1,60,0.1800,0.0264,0.800000,1.700000,1,0,2.411,0.009990,0.17008,0.02520,0.001872,0,360.63,1.97,3.24,175.59,0.001974,0.002552,0.0415,1.230
0.005,lyap1,61,-0.4251,0.6545,0.800000,1.700000,1,0,4.146,0.009978,-0.42110,0.64534,0.001872,0,529.75,36.33,97.11,140.52,0.036329,0.042576,0.9036,5.080
0.005,lyap1,62,0.5324,0.0722,0.800000,1.700000,1,0,3.050,0.009981,0.52250,0.07116,0.001872,0,254.94,4.18,7.92,116.41,0.004183,0.005945,0.3624,3.195
0.005,lyap1,63,-0.1463,-0.2830,0.800000,1.700000,1,0,3.596,0.009998,-0.14441,-0.27316,0.001873,0,759.36,11.95,127.58,243.14,0.011946,0.014180,0.2523,2.925
0.005,lyap1,64,0.5285,0.0914,0.800000,1.700000,1,0,3.055,0.009977,0.51857,0.09009,0.001872,0,262.53,5.29,10.05,117.25,0.005286,0.007516,0.3609,3.239
0.005,lyap1,65,0.2105,0.2530,0.800000,1.700000,1,0,3.073,0.009989,0.20307,0.24642,0.001872,0,486.74,13.86,43.22,189.76,0.013863,0.019405,0.1560,2.797
0.005,lyap1,66,-0.2321,0.7541,0.800000,1.700000,1,0,4.068,0.009983,-0.23020,0.74431,0.001872,0,445.32,19.72,77.96,129.91,0.019717,0.024343,0.8487,5.192
0.005,lyap1,67,0.1052,0.6538,0.800000,1.700000,1,0,3.774,0.009974,0.10294,0.64413,0.001873,0,442.81,21.75,60.50,144.59,0.021752,0.030785,0.5630,4.550
0.005,lyap1,68,0.5076,0.3617,0.800000,1.700000,1,0,3.303,0.009972,0.49904,0.35666,0.001873,0,321.66,18.90,34.99,111.67,0.018898,0.027622,0.4809,4.148
0.005,lyap1,69,-0.0513,0.1705,0.800000,1.700000,1,0,3.173,0.009995,-0.05188,0.16049,0.001873,0,736.26,5.09,114.71,249.60,0.005094,0.006005,0.1526,2.440
0.005,lyap1,70,-0.0982,0.3380,0.800000,1.700000,1,0,3.595,0.009992,-0.09768,0.32806,0.001873,0,695.55,9.41,108.72,232.00,0.009411,0.011169,0.2565,3.082
0.005,lyap1,71,-0.2987,-0.5024,0.800000,1.700000,1,0,3.972,0.009996,-0.29541,-0.49293,0.001872,0,633.88,25.36,107.64,190.29,0.025357,0.029584,0.5576,4.112
0.005,lyap1,72,-0.1503,0.3616,0.800000,1.700000,1,0,3.696,0.009997,-0.14875,0.35174,0.001873,0,702.73,11.96,113.96,228.43,0.011964,0.014594,0.3044,3.242
0.005,lyap1,73,-0.1360,0.7558,0.800000,1.700000,1,0,4.008,0.009989,-0.13515,0.74581,0.001872,0,433.23,18.19,71.70,131.27,0.018194,0.022636,0.7841,5.094
0.005,lyap1,74,0.2863,-0.1810,0.800000,1.700000,1,0,2.925,0.009998,0.27726,-0.17669,0.001872,0,411.19,10.88,25.21,172.22,0.010882,0.015079,0.1511,2.608
0.005,lyap1,75,0.2629,0.0381,0.800000,1.700000,1,0,2.644,0.009997,0.25295,0.03704,0.001872,0,348.44,2.58,2.52,169.77,0.002578,0.003451,0.0883,1.693
0.005,lyap1,76,-0.0879,0.1908,0.800000,1.700000,1,0,3.324,0.009988,-0.08714,0.18080,0.001873,0,778.13,6.96,130.60,253.25,0.006959,0.008377,0.1795,2.542
0.005,lyap1,77,0.1878,-0.1637,0.800000,1.700000,1,0,2.815,0.009994,0.17939,-0.15829,0.001872,0,447.63,10.17,24.29,191.90,0.010172,0.013814,0.0947,2.287
0.005,lyap1,78,0.3960,0.0616,0.800000,1.700000,1,0,2.888,0.009980,0.38609,0.06046,0.001872,0,315.01,3.79,7.22,147.45,0.003787,0.005254,0.2013,2.461
0.005,lyap1,79,0.1499,0.3328,0.800000,1.700000,1,0,3.288,0.009974,0.14448,0.32441,0.001873,0,540.38,15.44,60.22,198.39,0.015439,0.021798,0.2014,3.080
0.005,lyap1,80,0.4252,0.0139,0.800000,1.700000,1,0,2.910,0.009986,0.41518,0.01363,0.001872,0,286.82,0.85,1.61,141.17,0.000846,0.001178,0.2267,2.421
0.005,lyap1,81,-0.1576,0.2546,0.800000,1.700000,1,0,3.579,0.009996,-0.15524,0.24489,0.001873,0,788.24,13.86,135.90,247.83,0.013858,0.015734,0.2470,2.842
0.005,lyap1,82,-0.0686,-0.8309,0.800000,1.700000,1,0,4.014,0.009992,-0.06838,-0.82093,0.001872,0,375.08,20.61,62.93,109.15,0.020612,0.027001,0.8875,5.433
0.005,lyap1,83,0.4444,-0.8902,0.800000,1.700000,1,0,3.833,0.009973,0.43989,-0.88132,0.001873,0,200.04,34.94,38.77,35.04,0.034943,0.053295,1.1670,6.189
0.005,lyap1,84,0.2393,0.0573,0.800000,1.700000,1,0,2.615,0.009979,0.22943,0.05552,0.001872,0,359.14,3.92,3.01,173.62,0.003923,0.005226,0.0770,1.715
0.005,lyap1,85,-0.0699,0.1952,0.800000,1.700000,1,0,3.288,0.009990,-0.06982,0.18517,0.001873,0,754.45,6.05,121.91,250.78,0.006052,0.007155,0.1699,2.532
0.005,lyap1,86,0.7095,0.5152,0.800000,1.700000,1,0,3.492,0.009985,0.70106,0.50984,0.001873,0,189.10,25.28,33.30,42.29,0.025277,0.037952,0.9365,5.491
0.005,lyap1,87,-0.0494,-0.2016,0.800000,1.700000,1,0,3.253,0.009985,-0.05010,-0.19168,0.001873,0,726.81,5.85,111.62,247.40,0.005846,0.006937,0.1605,2.528
0.005,lyap1,88,0.0267,0.5306,0.800000,1.700000,1,0,3.701,0.009990,0.02502,0.52076,0.001873,0,535.33,16.48,73.21,182.10,0.016477,0.022160,0.3986,3.915
0.005,lyap1,89,0.5313,0.5599,0.800000,1.700000,1,0,3.525,0.009972,0.52405,0.55312,0.001873,0,283.71,26.48,39.85,82.15,0.026477,0.039649,0.7220,5.002
0.005,lyap1,90,-0.0457,0.0894,0.800000,1.700000,1,0,2.848,0.009989,-0.04533,0.07939,0.001872,0,704.35,3.25,105.13,244.61,0.003253,0.003985,0.1584,2.299
0.005,lyap1,91,-0.3348,-0.7215,0.800000,1.700000,1,0,4.117,0.009977,-0.33183,-0.71196,0.001872,0,476.62,25.58,86.59,132.53,0.025581,0.031939,0.8946,5.200
0.005,lyap1,92,-0.2539,0.6200,0.800000,1.700000,1,0,4.007,0.009979,-0.25155,0.61027,0.001872,0,540.98,19.57,91.11,164.70,0.019568,0.024448,0.6599,4.571
0.005,lyap1,93,0.1010,0.2482,0.800000,1.700000,1,0,3.120,0.009979,0.09560,0.23982,0.001872,0,567.75,12.11,59.98,214.81,0.012105,0.016659,0.1383,2.652
0.005,lyap1,94,0.8495,0.4720,0.800000,1.700000,1,0,3.486,0.009975,0.84053,0.46761,0.001873,0,108.70,23.43,28.31,8.47,0.023431,0.035271,1.1597,5.945
0.005,lyap1,95,0.1372,0.4237,0.800000,1.700000,1,0,3.466,0.009974,0.13291,0.41465,0.001873,0,531.60,17.40,64.29,188.46,0.017399,0.024717,0.2815,3.480
0.005,lyap1,96,0.4789,0.8183,0.800000,1.700000,1,0,3.769,0.009973,0.47370,0.80984,0.001873,0,219.12,33.65,39.32,45.01,0.033646,0.051268,1.0647,5.942
0.005,lyap1,97,-0.0656,0.3396,0.800000,1.700000,1,0,3.551,0.009980,-0.06588,0.32966,0.001873,0,677.39,9.16,101.97,229.85,0.009158,0.011053,0.2417,3.060
0.005,lyap1,98,0.6043,0.2287,0.800000,1.700000,1,0,3.209,0.009970,0.59472,0.22581,0.001872,0,252.00,12.51,22.14,94.49,0.012506,0.018144,0.5208,4.068
0.005,lyap1,99,-0.0616,-0.5886,0.800000,1.700000,1,0,3.832,0.009974,-0.06171,-0.57858,0.001873,0,527.30,15.14,78.00,174.29,0.015145,0.019335,0.4947,4.211
0.005,lyap1,100,0.6577,0.3184,0.800000,1.700000,1,0,3.310,0.009983,0.64844,0.31472,0.001873,0,229.53,16.78,27.08,75.10,0.016781,0.024662,0.6618,4.608
0.005,lyap1,101,0.7053,0.3527,0.800000,1.700000,1,0,3.356,0.009991,0.69612,0.34881,0.001873,0,201.64,18.30,27.57,59.52,0.018296,0.027061,0.7689,4.930
0.005,lyap1,102,-0.2611,-0.8069,0.800000,1.700000,1,0,4.113,0.009975,-0.25900,-0.79718,0.001872,0,411.52,21.41,75.74,113.96,0.021409,0.026627,0.9677,5.496
0.005,lyap1,103,-0.2565,-0.5607,0.800000,1.700000,1,0,3.972,0.009994,-0.25396,-0.55105,0.001872,0,583.90,19.85,97.64,179.43,0.019852,0.024614,0.5845,4.297
0.005,lyap1,104,-0.0062,-0.2025,0.800000,1.700000,1,0,3.153,0.009979,-0.00860,-0.19283,0.001872,0,671.21,7.20,90.57,239.64,0.007204,0.009019,0.1402,2.489
0.005,lyap1,105,0.1683,-0.1221,0.800000,1.700000,1,0,2.656,0.009998,0.15949,-0.11734,0.001872,0,413.92,8.17,10.36,190.48,0.008170,0.010872,0.0696,1.994
0.005,lyap1,106,0.1073,0.7657,0.800000,1.700000,1,0,3.870,0.009989,0.10546,0.75590,0.001873,0,379.72,24.31,55.77,115.86,0.024306,0.034518,0.7442,5.108
0.005,lyap1,107,0.2607,-0.0935,0.800000,1.700000,1,0,2.717,0.009979,0.25107,-0.09092,0.001872,0,373.38,6.14,9.08,173.00,0.006138,0.008288,0.0991,2.032
0.005,lyap1,108,0.2814,0.9272,0.800000,1.700000,1,0,3.912,0.009995,0.27839,0.91764,0.001873,0,238.32,32.50,42.76,52.03,0.032501,0.048623,1.1137,6.082
0.005,lyap1,109,0.5130,0.7951,0.800000,1.700000,1,0,3.742,0.009990,0.50737,0.78680,0.001873,0,213.89,33.47,38.84,43.00,0.033470,0.051021,1.0616,5.927
0.005,lyap1,110,0.4870,-0.3349,0.800000,1.700000,1,0,3.265,0.009974,0.47831,-0.33005,0.001873,0,333.20,17.75,34.23,119.06,0.017752,0.025817,0.4340,3.968
0.005,lyap1,111,0.2839,0.6459,0.800000,1.700000,1,0,3.673,0.009987,0.27934,0.63699,0.001873,0,378.61,26.06,49.97,119.79,0.026060,0.038665,0.6114,4.734
0.005,lyap1,112,0.3172,0.1950,0.800000,1.700000,1,0,2.976,0.009974,0.30813,0.19080,0.001872,0,402.11,11.51,26.68,165.74,0.011508,0.016070,0.1796,2.773
0.005,lyap1,113,0.3999,-0.0481,0.800000,1.700000,1,0,2.886,0.009978,0.38993,-0.04718,0.001872,0,308.78,2.96,5.60,146.58,0.002957,0.004102,0.2032,2.422
0.005,lyap1,114,0.0845,-0.3381,0.800000,1.700000,1,0,3.356,0.009984,0.08048,-0.32893,0.001873,0,583.94,13.87,71.12,210.44,0.013874,0.019181,0.2026,3.045
0.005,lyap1,115,0.2833,0.3617,0.800000,1.700000,1,0,3.287,0.009981,0.27626,0.35461,0.001873,0,455.43,18.18,47.74,166.34,0.018177,0.026183,0.2759,3.452
0.005,lyap1,116,-0.0960,-0.1708,0.800000,1.700000,1,0,3.302,0.009998,-0.09475,-0.16087,0.001873,0,800.34,7.88,138.45,255.81,0.007883,0.009225,0.1807,2.502
0.005,lyap1,117,0.1426,0.0149,0.800000,1.700000,1,0,2.254,0.009994,0.13269,0.01402,0.001872,0,359.93,1.21,5.63,173.43,0.001205,0.001520,0.0255,0.953
0.005,lyap1,118,0.2298,-0.1089,0.800000,1.700000,1,0,2.700,0.009986,0.22038,-0.10560,0.001872,0,389.58,7.19,10.35,179.04,0.007195,0.009674,0.0869,2.031
0.005,lyap1,119,0.3467,0.6367,0.800000,1.700000,1,0,3.640,0.009993,0.34146,0.62823,0.001873,0,354.25,26.94,47.12,109.80,0.026941,0.040218,0.6402,4.818
0.005,lyap1,120,0.1427,0.1849,0.800000,1.700000,1,0,2.882,0.009996,0.13531,0.17813,0.001872,0,493.89,10.86,35.22,203.58,0.010862,0.014782,0.0998,2.362
0.005,lyap1,121,0.9039,0.2691,0.800000,1.700000,1,0,3.385,0.009974,0.89418,0.26669,0.001873,0,74.16,13.91,18.22,8.43,0.013912,0.020729,1.1112,5.633
0.005,lyap1,122,0.6186,-0.7694,0.800000,1.700000,1,0,3.704,0.009983,0.61216,-0.76175,0.001873,0,173.41,33.78,36.50,24.87,0.033777,0.051618,1.1584,6.124
0.005,lyap1,123,0.1330,0.4410,0.800000,1.700000,1,0,3.496,0.009988,0.12897,0.43182,0.001873,0,528.32,17.70,64.68,186.20,0.017702,0.025141,0.2984,3.555
0.005,lyap1,124,0.3040,-0.5997,0.800000,1.700000,1,0,3.615,0.009988,0.29892,-0.59107,0.001873,0,388.38,25.28,49.71,125.52,0.025276,0.037482,0.5576,4.560
0.005,lyap1,125,0.8777,-0.3398,0.800000,1.700000,1,0,3.411,0.009977,0.86822,-0.33664,0.001873,0,94.40,17.38,22.47,11.69,0.017383,0.025965,1.1006,5.691
0.005,lyap1,126,0.4647,-0.7285,0.800000,1.700000,1,0,3.696,0.009997,0.45905,-0.72028,0.001873,0,263.30,31.05,41.30,67.06,0.031054,0.047023,0.8916,5.510
0.005,lyap1,127,-0.1434,-0.2996,0.800000,1.700000,1,0,3.613,0.009987,-0.14169,-0.28975,0.001873,0,745.14,11.42,123.74,240.26,0.011424,0.013829,0.2594,2.983
0.005,lyap1,128,0.7348,0.4244,0.800000,1.700000,1,0,3.422,0.010000,0.72589,0.41999,0.001873,0,182.31,21.48,29.89,45.16,0.021479,0.032025,0.8852,5.292
0.005,lyap1,129,-0.1202,-0.4211,0.800000,1.700000,1,0,3.724,0.009986,-0.11932,-0.41118,0.001873,0,650.64,11.41,101.08,215.68,0.011410,0.013647,0.3349,3.463
0.005,lyap1,130,0.0262,0.7331,0.800000,1.700000,1,0,3.891,0.009981,0.02519,0.72319,0.001873,0,419.19,21.11,62.18,131.58,0.021110,0.028756,0.6895,4.917
0.005,lyap1,131,0.1806,-0.8313,0.800000,1.700000,1,0,3.885,0.009974,0.17818,-0.82160,0.001873,0,321.98,27.82,49.61,90.52,0.027820,0.040599,0.8781,5.492
0.005,lyap1,132,0.0616,0.4904,0.800000,1.700000,1,0,3.623,0.009996,0.05917,0.48066,0.001873,0,542.16,16.69,71.46,187.09,0.016695,0.022952,0.3485,3.733
0.005,lyap1,133,0.3828,0.6743,0.800000,1.700000,1,0,3.667,0.009989,0.37748,0.66585,0.001873,0,322.82,28.48,45.02,95.03,0.028479,0.042748,0.7257,5.069
0.005,lyap1,134,0.6240,-0.1220,0.800000,1.700000,1,0,3.152,0.009986,0.61414,-0.12049,0.001872,0,219.17,6.82,12.08,92.40,0.006820,0.009836,0.5073,3.822
0.005,lyap1,135,0.7082,-0.4265,0.800000,1.700000,1,0,3.417,0.009997,0.69931,-0.42194,0.001873,0,198.53,21.59,30.77,52.30,0.021592,0.032156,0.8395,5.184
0.005,lyap1,136,0.3059,-0.0613,0.800000,1.700000,1,0,2.750,0.009975,0.29602,-0.05986,0.001872,0,347.10,3.98,6.26,164.31,0.003975,0.005403,0.1224,2.028
0.005,lyap1,137,0.3815,0.8201,0.800000,1.700000,1,0,3.797,0.009992,0.37706,0.81115,0.001873,0,258.70,32.14,42.20,63.04,0.032141,0.048614,0.9725,5.733
0.005,lyap1,138,-0.4068,-0.7436,0.800000,1.700000,1,0,4.171,0.009985,-0.40323,-0.73430,0.001872,0,465.53,32.81,88.30,119.85,0.032814,0.039375,1.0193,5.451
0.005,lyap1,139,0.2478,-0.2333,0.800000,1.700000,1,0,3.026,0.009984,0.23967,-0.22752,0.001872,0,455.91,13.27,36.55,181.45,0.013271,0.018548,0.1591,2.775
0.005,lyap1,140,0.6772,0.6933,0.800000,1.700000,1,0,3.638,0.009995,0.66998,0.68642,0.001873,0,168.00,31.72,35.63,24.58,0.031723,0.048295,1.1248,6.018
0.005,lyap1,141,0.0428,-0.2079,0.800000,1.700000,1,0,3.071,0.009985,0.03854,-0.19884,0.001872,0,610.64,9.34,69.62,228.70,0.009335,0.012420,0.1251,2.476
0.005,lyap1,142,0.6916,-0.1596,0.800000,1.700000,1,0,3.219,0.009973,0.68176,-0.15777,0.001872,0,188.71,8.72,14.46,73.36,0.008718,0.012691,0.6315,4.274
0.005,lyap1,143,0.3035,0.5051,0.800000,1.700000,1,0,3.500,0.009983,0.29768,0.49699,0.001873,0,420.21,22.74,50.27,142.78,0.022740,0.033444,0.4362,4.133
0.005,lyap1,144,0.1292,-0.1752,0.800000,1.700000,1,0,2.850,0.009993,0.12196,-0.16832,0.001872,0,494.66,10.39,33.71,205.83,0.010388,0.014062,0.0939,2.303
0.005,lyap1,145,0.4745,0.7177,0.800000,1.700000,1,0,3.685,0.009971,0.46872,0.70955,0.001873,0,263.08,30.86,41.12,67.27,0.030863,0.046730,0.8845,5.488
0.005,lyap1,146,0.3993,0.8983,0.800000,1.700000,1,0,3.852,0.009974,0.39521,0.88923,0.001873,0,213.35,34.34,39.81,41.10,0.034342,0.052187,1.1404,6.135
0.005,lyap1,147,-0.1444,0.3214,0.800000,1.700000,1,0,3.642,0.009977,-0.14282,0.31154,0.001873,0,729.54,11.45,119.86,236.32,0.011451,0.013935,0.2731,3.069
0.005,lyap1,148,0.0548,-0.4646,0.800000,1.700000,1,0,3.595,0.009989,0.05234,-0.45495,0.001873,0,557.15,15.88,73.38,193.29,0.015876,0.021702,0.3209,3.608
0.005,lyap1,149,0.3302,-0.5948,0.800000,1.700000,1,0,3.600,0.009994,0.32479,-0.58644,0.001873,0,377.78,25.58,48.42,121.28,0.025580,0.038012,0.5687,4.593
0.005,lyap1,150,0.1291,0.0400,0.800000,1.700000,1,0,2.251,0.009990,0.11944,0.03741,0.001872,0,389.22,3.25,16.23,175.95,0.003248,0.004085,0.0267,1.202
0.005,lyap1,151,0.1204,0.0183,0.800000,1.700000,1,0,2.152,0.009993,0.11046,0.01690,0.001872,0,366.90,1.56,11.38,170.90,0.001560,0.001931,0.0190,0.905
0.005,lyap1,152,0.3968,0.7576,0.800000,1.700000,1,0,3.740,0.009988,0.39185,0.74895,0.001873,0,281.38,30.85,43.03,74.52,0.030853,0.046594,0.8739,5.477
0.005,lyap1,153,0.0547,0.2267,0.800000,1.700000,1,0,3.113,0.009985,0.05029,0.21770,0.001872,0,604.92,10.22,69.06,225.74,0.010218,0.013739,0.1320,2.551
0.005,lyap1,154,0.0069,0.1062,0.800000,1.700000,1,0,2.681,0.009994,0.00353,0.09680,0.001872,0,541.87,5.23,40.18,226.84,0.005228,0.006620,0.1121,2.153
0.005,lyap1,155,0.3885,0.8374,0.800000,1.700000,1,0,3.809,0.009979,0.38413,0.82845,0.001873,0,247.62,32.68,41.56,57.73,0.032684,0.049506,1.0111,5.828
0.005,lyap1,156,0.0770,0.0732,0.800000,1.700000,1,0,2.276,0.009998,0.06922,0.06693,0.001872,0,452.61,5.87,33.76,188.14,0.005869,0.007358,0.0483,1.634
0.005,lyap1,157,0.0515,-0.0915,0.800000,1.700000,1,0,2.433,0.009979,0.04532,-0.08368,0.001872,0,444.62,6.48,13.79,203.66,0.006475,0.008264,0.0739,1.898
0.005,lyap1,158,0.1176,-0.1584,0.800000,1.700000,1,0,2.786,0.009978,0.11030,-0.15157,0.001872,0,484.38,9.67,28.40,206.54,0.009666,0.012974,0.0852,2.206
0.005,lyap1,159,-0.1864,-0.2631,0.800000,1.700000,1,0,3.640,0.009991,-0.18347,-0.25356,0.001873,0,794.97,17.16,138.63,245.99,0.017157,0.019233,0.2724,2.921
0.005,lyap1,160,0.2632,-0.1929,0.800000,1.700000,1,0,2.937,0.009980,0.25448,-0.18814,0.001872,0,428.92,11.50,28.27,177.57,0.011500,0.015931,0.1434,2.606
0.005,lyap1,161,-0.3555,-0.7662,0.800000,1.700000,1,0,4.150,0.009980,-0.35251,-0.75674,0.001872,0,446.08,27.07,83.95,118.78,0.027066,0.033864,0.9939,5.454
0.005,lyap1,162,-0.1215,-0.1778,0.800000,1.700000,1,0,3.385,0.009982,-0.11941,-0.16802,0.001873,0,824.01,11.00,146.54,257.22,0.010999,0.012264,0.1992,2.607
0.005,lyap1,163,-0.0238,-0.5614,0.800000,1.700000,1,0,3.775,0.009998,-0.02456,-0.55141,0.001873,0,533.94,15.55,76.41,178.89,0.015550,0.020245,0.4472,4.065
0.005,lyap1,164,0.4774,0.4709,0.800000,1.700000,1,0,3.429,0.009980,0.46977,0.46452,0.001873,0,331.53,23.12,40.66,107.77,0.023116,0.034201,0.5516,4.471
0.005,lyap1,165,0.0443,-0.5806,0.800000,1.700000,1,0,3.741,0.009998,0.04259,-0.57070,0.001873,0,502.26,18.21,68.78,168.69,0.018207,0.024861,0.4597,4.161
0.005,lyap1,166,-0.0210,-0.5374,0.800000,1.700000,1,0,3.749,0.009978,-0.02181,-0.52746,0.001873,0,547.20,15.07,77.77,184.53,0.015067,0.019595,0.4167,3.948
0.005,lyap1,167,0.8175,0.5027,0.800000,1.700000,1,0,3.500,0.009998,0.80872,0.49794,0.001873,0,125.31,24.77,29.98,14.10,0.024769,0.037317,1.1267,5.900
0.005,lyap1,168,0.8027,-0.3400,0.800000,1.700000,1,0,3.383,0.009982,0.79331,-0.33660,0.001873,0,141.20,17.53,24.27,33.18,0.017530,0.026064,0.9425,5.335
0.005,lyap1,169,0.1514,0.0679,0.800000,1.700000,1,0,2.423,0.009988,0.14196,0.06454,0.001872,0,388.80,5.07,8.42,182.18,0.005069,0.006544,0.0421,1.534
0.005,lyap1,170,0.5304,0.7692,0.800000,1.700000,1,0,3.718,0.009972,0.52452,0.76115,0.001873,0,216.41,32.94,38.75,44.75,0.032943,0.050181,1.0372,5.862
0.005,lyap1,171,0.2090,0.4792,0.800000,1.700000,1,0,3.505,0.009985,0.20407,0.47046,0.001873,0,476.79,20.43,57.08,165.99,0.020429,0.029633,0.3587,3.834
0.005,lyap1,172,0.5598,-0.3460,0.800000,1.700000,1,0,3.300,0.009981,0.55091,-0.34146,0.001873,0,289.99,18.19,32.02,99.34,0.018189,0.026626,0.5357,4.291
0.005,lyap1,173,0.5464,-0.7222,0.800000,1.700000,1,0,3.675,0.009991,0.54007,-0.71445,0.001873,0,226.47,31.74,38.93,50.50,0.031745,0.048227,0.9782,5.709
0.005,lyap1,174,-0.1182,-0.2340,0.800000,1.700000,1,0,3.474,0.009980,-0.11673,-0.22415,0.001873,0,777.92,9.49,131.63,250.21,0.009488,0.011374,0.2121,2.714
0.005,lyap1,175,-0.2591,-0.7992,0.800000,1.700000,1,0,4.108,0.009977,-0.25704,-0.78950,0.001872,0,416.65,21.24,76.19,116.20,0.021244,0.026414,0.9519,5.455
0.005,lyap1,176,0.5500,-0.2108,0.800000,1.700000,1,0,3.159,0.009997,0.54047,-0.20789,0.001872,0,280.04,11.72,21.93,109.30,0.011724,0.016884,0.4335,3.760
0.005,lyap1,177,0.2832,0.3475,0.800000,1.700000,1,0,3.262,0.009973,0.27603,0.34056,0.001873,0,455.63,17.70,46.84,167.70,0.017699,0.025432,0.2635,3.389
0.005,lyap1,178,0.3999,0.1449,0.800000,1.700000,1,0,2.970,0.009993,0.39025,0.14230,0.001872,0,342.64,8.63,17.79,147.06,0.008628,0.012090,0.2280,2.845
0.005,lyap1,179,-0.3922,0.5944,0.800000,1.700000,1,0,4.097,0.009974,-0.38831,0.58528,0.001872,0,572.50,33.89,101.76,159.07,0.033894,0.039510,0.7764,4.731
0.005,lyap1,180,0.1187,-0.5094,0.800000,1.700000,1,0,3.604,0.009974,0.11542,-0.49993,0.001873,0,508.92,18.89,64.78,175.51,0.018886,0.026770,0.3719,3.862
0.005,lyap1,181,0.2591,0.4505,0.800000,1.700000,1,0,3.439,0.009993,0.25330,0.44244,0.001873,0,457.75,20.58,52.86,160.58,0.020575,0.029956,0.3494,3.795
0.005,lyap1,182,-0.1886,-0.2921,0.800000,1.700000,1,0,3.675,0.009999,-0.18586,-0.28246,0.001873,0,772.20,16.82,132.51,240.98,0.016817,0.019056,0.2880,3.028
0.005,lyap1,183,0.1147,-0.5915,0.800000,1.700000,1,0,3.704,0.009981,0.11202,-0.58185,0.001873,0,471.95,20.64,62.30,158.19,0.020636,0.029280,0.4751,4.252
0.005,lyap1,184,0.3148,0.1334,0.800000,1.700000,1,0,2.862,0.009988,0.30525,0.13043,0.001872,0,375.88,8.27,16.72,165.02,0.008267,0.011390,0.1498,2.453
0.005,lyap1,185,0.2581,-0.2319,0.800000,1.700000,1,0,3.025,0.009984,0.24983,-0.22628,0.001872,0,449.24,13.23,35.58,179.11,0.013234,0.018509,0.1635,2.791
0.005,lyap1,186,-0.0058,-0.3736,0.800000,1.700000,1,0,3.524,0.009992,-0.00750,-0.36372,0.001873,0,628.04,11.60,87.24,218.07,0.011603,0.014937,0.2460,3.182
0.005,lyap1,187,0.6780,0.6485,0.800000,1.700000,1,0,3.602,0.009977,0.67053,0.64187,0.001873,0,180.18,30.19,35.63,31.82,0.030186,0.045796,1.0582,5.851
0.005,lyap1,188,0.1861,0.6801,0.800000,1.700000,1,0,3.753,0.009989,0.18296,0.67067,0.001873,0,401.31,24.61,54.40,127.80,0.024614,0.035873,0.6194,4.752
0.005,lyap1,189,0.5062,-0.1910,0.800000,1.700000,1,0,3.111,0.009974,0.49665,-0.18822,0.001872,0,300.67,10.81,21.10,121.13,0.010806,0.015455,0.3664,3.493
0.005,lyap1,190,0.3110,0.0827,0.800000,1.700000,1,0,2.782,0.009987,0.30122,0.08078,0.001872,0,354.25,5.29,9.09,164.07,0.005293,0.007224,0.1309,2.167
0.005,lyap1,191,0.2038,0.5088,0.800000,1.700000,1,0,3.549,0.009984,0.19924,0.49995,0.001873,0,469.44,21.05,57.30,161.63,0.021052,0.030579,0.3910,3.962
0.005,lyap1,192,0.1233,-0.0533,0.800000,1.700000,1,0,2.280,0.009988,0.11389,-0.04988,0.001872,0,403.27,4.27,19.39,179.04,0.004274,0.005395,0.0309,1.349
0.005,lyap1,193,-0.0796,-0.7824,0.800000,1.700000,1,0,3.990,0.009990,-0.07935,-0.77239,0.001872,0,407.89,19.29,66.35,123.13,0.019291,0.024965,0.8028,5.190
0.005,lyap1,194,0.2915,-0.1221,0.800000,1.700000,1,0,2.814,0.009984,0.28193,-0.11916,0.001872,0,379.28,7.71,14.70,169.15,0.007710,0.010549,0.1288,2.308
0.005,lyap1,195,-0.1019,0.1701,0.800000,1.700000,1,0,3.317,0.009992,-0.10036,0.16019,0.001873,0,808.23,8.65,141.17,256.46,0.008648,0.009911,0.1845,2.509
0.005,lyap1,196,0.4572,-0.2213,0.800000,1.700000,1,0,3.110,0.009983,0.44786,-0.21783,0.001872,0,334.78,12.49,25.59,132.43,0.012493,0.017833,0.3235,3.403
0.005,lyap1,197,0.1068,0.1660,0.800000,1.700000,1,0,2.824,0.009980,0.09993,0.15878,0.001872,0,502.85,9.81,33.93,210.13,0.009811,0.013195,0.0901,2.251
0.005,lyap1,198,0.6025,-0.0753,0.800000,1.700000,1,0,3.115,0.009996,0.59250,-0.07436,0.001872,0,219.16,4.27,7.70,98.68,0.004267,0.006123,0.4632,3.571
0.005,lyap1,199,0.0462,0.5396,0.800000,1.700000,1,0,3.695,0.009999,0.04422,0.52975,0.001873,0,523.57,17.33,70.75,178.05,0.017325,0.023633,0.4073,3.963
0.005,lyap1,200,0.1240,-0.0387,0.800000,1.700000,1,0,2.225,0.009998,0.11434,-0.03605,0.001872,0,391.12,3.19,17.96,175.22,0.003185,0.003988,0.0251,1.177
0.005,lyap1,201,0.4164,-0.5120,0.800000,1.700000,1,0,3.482,0.009989,0.40950,-0.50478,0.001873,0,357.98,24.16,44.19,116.68,0.024159,0.035812,0.5347,4.452
0.005,lyap1,202,-0.1230,0.4612,0.800000,1.700000,1,0,3.768,0.009998,-0.12219,0.45126,0.001873,0,624.92,12.19,96.61,206.70,0.012191,0.014620,0.3748,3.648
0.005,lyap1,203,0.4410,-0.4585,0.800000,1.700000,1,0,3.414,0.009994,0.43350,-0.45189,0.001873,0,354.18,22.51,42.01,118.19,0.022514,0.033199,0.4987,4.304
0.005,lyap1,204,0.2855,0.1293,0.800000,1.700000,1,0,2.820,0.009974,0.27604,0.12607,0.001872,0,385.23,8.14,15.88,170.63,0.008136,0.011137,0.1274,2.327
0.005,lyap1,205,0.3098,0.8479,0.800000,1.700000,1,0,3.844,0.009979,0.30619,0.83859,0.001873,0,271.55,31.36,43.91,68.34,0.031360,0.047067,0.9714,5.736
0.005,lyap1,206,0.7544,0.5438,0.800000,1.700000,1,0,3.521,0.009992,0.74597,0.53840,0.001873,0,158.01,26.45,32.56,26.61,0.026445,0.039874,1.0519,5.771
0.005,lyap1,207,0.2818,0.3011,0.800000,1.700000,1,0,3.174,0.009999,0.27404,0.29478,0.001872,0,452.76,16.05,42.99,171.35,0.016051,0.022854,0.2251,3.176
0.005,lyap1,208,0.4930,0.1739,0.800000,1.700000,1,0,3.084,0.009987,0.48337,0.17130,0.001872,0,303.61,9.94,19.58,124.77,0.009937,0.014161,0.3424,3.369
0.005,lyap1,209,0.3355,-0.5061,0.800000,1.700000,1,0,3.491,0.009999,0.32931,-0.49826,0.001873,0,402.99,23.19,48.37,135.73,0.023188,0.034188,0.4594,4.212
0.005,lyap1,210,0.2506,-0.7408,0.800000,1.700000,1,0,3.779,0.009976,0.24702,-0.73147,0.001873,0,347.45,27.58,49.23,103.82,0.027575,0.040855,0.7439,5.130
0.005,lyap1,211,0.5757,-0.1236,0.800000,1.700000,1,0,3.114,0.009989,0.56582,-0.12195,0.001872,0,246.15,7.00,12.89,104.94,0.006999,0.010036,0.4348,3.583
0.005,lyap1,212,0.1789,0.4176,0.800000,1.700000,1,0,3.427,0.009989,0.17390,0.40892,0.001873,0,509.90,18.25,59.60,181.66,0.018246,0.026173,0.2840,3.505
0.005,lyap1,213,0.3431,0.9019,0.800000,1.700000,1,0,3.872,0.009996,0.33944,0.89256,0.001873,0,231.72,33.32,41.43,49.44,0.033315,0.050302,1.1017,6.050
0.005,lyap1,214,0.4497,-0.0405,0.800000,1.700000,1,0,2.947,0.009997,0.43970,-0.03985,0.001872,0,284.70,2.44,4.69,135.83,0.002437,0.003413,0.2556,2.652
0.005,lyap1,215,-0.0738,-0.8147,0.800000,1.700000,1,0,4.007,0.009991,-0.07361,-0.80467,0.001872,0,386.29,20.13,64.14,113.91,0.020133,0.026247,0.8591,5.352
0.005,lyap1,216,-0.0007,-0.2767,0.800000,1.700000,1,0,3.336,0.009980,-0.00293,-0.26698,0.001873,0,659.82,9.36,90.46,232.42,0.009365,0.011954,0.1758,2.768
0.005,lyap1,217,0.1157,-0.0892,0.800000,1.700000,1,0,2.441,0.009997,0.10713,-0.08401,0.001872,0,412.22,6.58,10.56,190.61,0.006583,0.008486,0.0493,1.715
0.005,lyap1,218,0.2996,0.3432,0.800000,1.700000,1,0,3.252,0.009980,0.29220,0.33650,0.001873,0,445.53,17.67,45.26,164.25,0.017667,0.025396,0.2699,3.410
0.005,lyap1,219,0.1075,0.0912,0.800000,1.700000,1,0,2.441,0.009992,0.09918,0.08569,0.001872,0,416.98,6.72,11.12,192.33,0.006720,0.008653,0.0513,1.740
0.005,lyap1,220,-0.1180,0.5028,0.800000,1.700000,1,0,3.803,0.009993,-0.11731,0.49284,0.001873,0,596.11,12.91,91.45,196.93,0.012912,0.015572,0.4161,3.837
0.005,lyap1,221,-0.0384,-0.1602,0.800000,1.700000,1,0,3.102,0.009998,-0.03944,-0.15029,0.001872,0,714.56,4.81,106.37,247.30,0.004813,0.005760,0.1427,2.395
0.005,lyap1,222,0.6916,-0.2139,0.800000,1.700000,1,0,3.249,0.009992,0.68193,-0.21149,0.001872,0,197.88,11.56,18.88,71.40,0.011557,0.016882,0.6550,4.433
0.005,lyap1,223,-0.0588,0.1179,0.800000,1.700000,1,0,3.030,0.009988,-0.05843,0.10794,0.001872,0,755.68,4.43,123.14,251.37,0.004434,0.005373,0.1564,2.347
0.005,lyap1,224,-0.0745,-0.3129,0.800000,1.700000,1,0,3.523,0.009985,-0.07461,-0.30290,0.001873,0,697.64,8.55,107.17,235.24,0.008547,0.010161,0.2278,2.957
0.005,lyap1,225,-0.1780,-0.3364,0.800000,1.700000,1,0,3.707,0.009980,-0.17570,-0.32663,0.001873,0,732.83,14.70,122.24,233.15,0.014701,0.017332,0.3061,3.180
0.005,lyap1,226,0.6911,0.0578,0.800000,1.700000,1,0,3.182,0.009997,0.68114,0.05714,0.001872,0,166.20,3.20,5.38,75.32,0.003200,0.004638,0.6052,3.997
0.005,lyap1,227,0.2381,-0.1180,0.800000,1.700000,1,0,2.734,0.009981,0.22876,-0.11453,0.001872,0,393.70,7.68,12.63,178.46,0.007682,0.010377,0.0946,2.112
0.005,lyap1,228,0.1519,0.8000,0.800000,1.700000,1,0,3.874,0.009991,0.14969,0.79022,0.001873,0,347.82,26.35,52.10,102.05,0.026346,0.038080,0.8124,5.310
0.005,lyap1,229,0.1294,-0.0464,0.800000,1.700000,1,0,2.275,0.009983,0.11986,-0.04350,0.001872,0,394.22,3.73,16.83,177.48,0.003726,0.004703,0.0290,1.278
0.005,lyap1,230,0.0091,0.7864,0.800000,1.700000,1,0,3.941,0.009974,0.00839,0.77650,0.001872,0,390.37,21.79,60.57,118.27,0.021793,0.029510,0.7842,5.187
0.005,lyap1,231,0.7804,-0.0773,0.800000,1.700000,1,0,3.249,0.009983,0.77040,-0.07647,0.001872,0,120.04,4.18,6.48,50.40,0.004183,0.006123,0.7742,4.526
0.005,lyap1,232,0.1448,0.2357,0.800000,1.700000,1,0,3.048,0.009984,0.13813,0.22827,0.001872,0,526.55,12.59,48.80,205.03,0.012594,0.017424,0.1307,2.623
0.005,lyap1,233,0.0215,0.4271,0.800000,1.700000,1,0,3.574,0.009997,0.01947,0.41730,0.001873,0,589.71,13.87,79.66,204.79,0.013866,0.018424,0.2874,3.424
0.005,lyap1,234,-0.0409,-0.1955,0.800000,1.700000,1,0,3.216,0.009976,-0.04194,-0.18553,0.001873,0,717.31,5.74,107.82,246.53,0.005744,0.006897,0.1540,2.499
0.005,lyap1,235,0.4958,-0.7270,0.800000,1.700000,1,0,3.688,0.009996,0.48988,-0.71894,0.001873,0,249.26,31.38,40.36,60.74,0.031375,0.047580,0.9239,5.586
0.005,lyap1,236,0.8988,-0.2304,0.800000,1.700000,1,0,3.365,0.009993,0.88900,-0.22830,0.001873,0,73.58,11.99,16.03,11.76,0.011994,0.017830,1.0781,5.510
0.005,lyap1,237,0.0532,-0.4550,0.800000,1.700000,1,0,3.583,0.009993,0.05074,-0.44532,0.001873,0,562.22,15.60,73.99,195.42,0.015601,0.021292,0.3110,3.563
0.005,lyap1,238,0.1776,-0.1698,0.800000,1.700000,1,0,2.831,0.009992,0.16941,-0.16409,0.001872,0,458.28,10.43,26.73,194.59,0.010433,0.014179,0.0956,2.309
0.005,lyap1,239,0.4213,0.3347,0.800000,1.700000,1,0,3.248,0.009972,0.41287,0.32937,0.001873,0,372.35,17.73,37.24,135.63,0.017732,0.025667,0.3625,3.734
0.005,lyap1,240,0.3769,-0.3379,0.800000,1.700000,1,0,3.245,0.009975,0.36876,-0.33206,0.001873,0,398.93,17.79,39.83,146.29,0.017789,0.025684,0.3237,3.603
0.005,lyap1,241,0.2876,0.6481,0.800000,1.700000,1,0,3.674,0.009982,0.28302,0.63925,0.001873,0,376.07,26.19,49.73,118.67,0.026186,0.038877,0.6169,4.751
0.005,lyap1,242,-0.2242,-0.5692,0.800000,1.700000,1,0,3.951,0.009983,-0.22203,-0.55945,0.001872,0,572.77,17.52,94.21,179.03,0.017523,0.021760,0.5671,4.283
0.005,lyap1,243,0.2114,0.6827,0.800000,1.700000,1,0,3.743,0.009983,0.20788,0.67339,0.001873,0,390.77,25.31,52.89,123.52,0.025311,0.037128,0.6323,4.796
0.005,lyap1,244,0.3551,-0.4475,0.800000,1.700000,1,0,3.408,0.009988,0.34819,-0.44032,0.001873,0,404.83,21.59,46.30,139.92,0.021588,0.031645,0.4087,4.008
0.005,lyap1,245,-0.0902,0.2305,0.800000,1.700000,1,0,3.409,0.009997,-0.08963,0.22057,0.001873,0,756.86,7.44,123.94,248.91,0.007439,0.008887,0.1937,2.666
0.005,lyap1,246,0.3024,-0.0595,0.800000,1.700000,1,0,2.742,0.009978,0.29251,-0.05810,0.001872,0,347.36,3.87,5.96,164.81,0.003872,0.005256,0.1194,2.002
0.005,lyap1,247,0.0963,-0.5319,0.800000,1.700000,1,0,3.648,0.009990,0.09349,-0.52227,0.001873,0,508.15,18.73,66.19,173.84,0.018735,0.026308,0.3970,3.951
0.005,lyap1,248,0.6870,-0.3791,0.800000,1.700000,1,0,3.372,0.009977,0.67794,-0.37492,0.001873,0,213.14,19.52,29.44,62.49,0.019524,0.028915,0.7593,4.936
0.005,lyap1,249,0.6621,-0.5816,0.800000,1.700000,1,0,3.545,0.009979,0.65431,-0.57544,0.001873,0,205.09,27.74,35.73,46.01,0.027744,0.041830,0.9392,5.545
0.005,lyap1,250,-0.1159,-0.8802,0.800000,1.700000,1,0,4.069,0.009982,-0.11523,-0.87025,0.001872,0,349.03,20.97,62.92,95.87,0.020974,0.026862,1.0048,5.713
0.005,lyap1,251,0.1278,0.4828,0.800000,1.700000,1,0,3.561,0.009996,0.12418,0.47351,0.001873,0,515.64,18.54,64.58,179.33,0.018538,0.026339,0.3426,3.745
0.005,lyap1,252,-0.4713,-0.6876,0.800000,1.700000,1,0,4.188,0.009997,-0.46707,-0.67852,0.001872,0,505.54,40.67,95.91,126.36,0.040667,0.047667,1.0199,5.343
0.005,lyap1,253,0.0785,-0.2458,0.800000,1.700000,1,0,3.138,0.009993,0.07362,-0.23709,0.001872,0,587.19,11.44,65.17,219.84,0.011443,0.015619,0.1389,2.634
0.005,lyap1,254,0.1938,-0.0414,0.800000,1.700000,1,0,2.476,0.009983,0.18397,-0.03973,0.001872,0,361.58,3.01,2.16,176.37,0.003009,0.003927,0.0502,1.416
0.005,lyap1,255,0.2595,0.6392,0.800000,1.700000,1,0,3.676,0.009998,0.25515,0.63018,0.001873,0,391.88,25.40,51.40,125.48,0.025404,0.037543,0.5881,4.660
0.005,lyap1,256,-0.1225,-0.6050,0.800000,1.700000,1,0,3.894,0.009986,-0.12179,-0.59501,0.001873,0,530.20,15.03,82.19,171.64,0.015025,0.018383,0.5447,4.332
0.005,lyap1,257,-0.2557,-0.7313,0.800000,1.700000,1,0,4.071,0.009979,-0.25353,-0.72158,0.001872,0,463.19,20.38,81.20,135.11,0.020378,0.025386,0.8309,5.113
0.005,lyap1,258,0.9286,-0.2665,0.800000,1.700000,1,0,3.394,0.009988,0.91894,-0.26418,0.001873,0,58.34,13.74,17.61,1.25,0.013742,0.020505,1.1670,5.751
0.005,lyap1,259,-0.1529,0.2949,0.800000,1.700000,1,0,3.622,0.009993,-0.15094,0.28506,0.001873,0,753.73,12.52,126.37,241.11,0.012515,0.014836,0.2632,2.979
0.005,lyap1,260,-0.5134,-0.8404,0.800000,1.700000,1,0,4.266,0.009971,-0.50939,-0.83129,0.001872,0,397.10,42.37,85.04,81.73,0.042375,0.050452,1.3506,6.149
0.005,lyap1,261,0.1135,0.7021,0.800000,1.700000,1,0,3.813,0.009991,0.11129,0.69233,0.001873,0,413.84,23.08,58.00,131.61,0.023076,0.032812,0.6384,4.794
0.005,lyap1,262,0.1363,0.0233,0.800000,1.700000,1,0,2.238,0.009999,0.12638,0.02181,0.001872,0,369.49,1.90,9.68,173.64,0.001898,0.002386,0.0245,1.024
0.005,lyap1,263,0.6920,-0.4273,0.800000,1.700000,1,0,3.414,0.009987,0.68319,-0.42261,0.001873,0,208.42,21.63,31.30,56.68,0.021635,0.032195,0.8121,5.119
0.005,lyap1,264,0.2765,0.2692,0.800000,1.700000,1,0,3.110,0.009978,0.26852,0.26323,0.001872,0,449.99,14.80,39.75,174.14,0.014801,0.020923,0.1986,3.015
0.005,lyap1,265,0.2175,0.3285,0.800000,1.700000,1,0,3.242,0.009986,0.21085,0.32097,0.001873,0,496.00,16.44,51.47,184.20,0.016436,0.023406,0.2155,3.163
0.005,lyap1,266,0.5969,-0.4234,0.800000,1.700000,1,0,3.389,0.009996,0.58832,-0.41827,0.001873,0,266.13,21.50,34.36,82.57,0.021500,0.031820,0.6573,4.720
0.005,lyap1,267,0.0093,-0.2934,0.800000,1.700000,1,0,3.357,0.009975,0.00684,-0.28371,0.001873,0,647.78,10.17,87.42,228.84,0.010170,0.013171,0.1831,2.834
0.005,lyap1,268,-0.0703,-0.4002,0.800000,1.700000,1,0,3.641,0.009979,-0.07049,-0.39024,0.001873,0,644.66,10.56,96.10,218.31,0.010561,0.012878,0.2915,3.327
0.005,lyap1,269,-0.1298,0.8148,0.800000,1.700000,1,0,4.040,0.009979,-0.12897,0.80488,0.001872,0,393.57,19.46,67.48,114.71,0.019456,0.024499,0.8860,5.389
0.005,lyap1,270,0.3659,0.1527,0.800000,1.700000,1,0,2.947,0.009975,0.35639,0.14972,0.001872,0,361.71,9.16,19.31,154.68,0.009161,0.012782,0.1993,2.742
0.005,lyap1,271,0.1731,0.7224,0.800000,1.700000,1,0,3.799,0.009984,0.17024,0.71280,0.001873,0,383.95,25.21,53.73,119.34,0.025211,0.036641,0.6832,4.944
0.005,lyap1,272,-0.1537,-0.3882,0.800000,1.700000,1,0,3.729,0.009990,-0.15213,-0.37830,0.001873,0,684.95,12.32,110.26,222.97,0.012321,0.015028,0.3272,3.359
0.005,lyap1,273,0.3157,0.8481,0.800000,1.700000,1,0,3.842,0.009980,0.31201,0.83885,0.001873,0,269.36,31.49,43.70,67.36,0.031493,0.047308,0.9757,5.747
0.005,lyap1,274,-0.0314,-0.5603,0.800000,1.700000,1,0,3.781,0.009975,-0.03207,-0.55030,0.001873,0,536.79,15.28,77.21,179.73,0.015277,0.019802,0.4480,4.061
0.005,lyap1,275,0.8578,-0.3810,0.800000,1.700000,1,0,3.428,0.009998,0.84850,-0.37747,0.001873,0,107.21,19.35,24.82,14.27,0.019354,0.028953,1.0906,5.713
0.005,lyap1,276,0.1279,-0.9419,0.800000,1.700000,1,0,3.985,0.009984,0.12640,-0.93204,0.001872,0,270.78,28.77,48.10,65.71,0.028767,0.041315,1.0892,6.013
0.005,lyap1,277,0.3437,0.3660,0.800000,1.700000,1,0,3.287,0.010000,0.33612,0.35955,0.001873,0,418.99,18.74,43.67,151.77,0.018738,0.027117,0.3207,3.627
0.005,lyap1,278,0.4443,0.0492,0.800000,1.700000,1,0,2.944,0.009984,0.43438,0.04835,0.001872,0,290.00,2.96,5.71,137.07,0.002961,0.004143,0.2506,2.657
0.005,lyap1,279,0.5094,-0.5381,0.800000,1.700000,1,0,3.503,0.009984,0.50207,-0.53132,0.001873,0,300.81,25.62,40.48,90.71,0.025621,0.038246,0.6673,4.844
0.005,lyap1,280,0.6178,0.6921,0.800000,1.700000,1,0,3.641,0.009984,0.61084,0.68488,0.001873,0,200.17,31.35,37.18,39.39,0.031353,0.047642,1.0295,5.811
0.005,lyap1,281,-0.0121,0.1057,0.800000,1.700000,1,0,2.762,0.009989,-0.01426,0.09598,0.001872,0,602.65,4.17,63.70,234.50,0.004169,0.005095,0.1268,2.216
0.005,lyap1,282,0.5679,0.2579,0.800000,1.700000,1,0,3.214,0.009979,0.55853,0.25446,0.001872,0,277.65,14.05,25.55,102.74,0.014049,0.020372,0.4845,4.007
0.005,lyap1,283,0.2760,0.1287,0.800000,1.700000,1,0,2.807,0.009982,0.26657,0.12547,0.001872,0,388.27,8.14,15.66,172.37,0.008144,0.011124,0.1210,2.293
0.005,lyap1,284,0.4500,0.3983,0.800000,1.700000,1,0,3.338,0.009987,0.44190,0.39244,0.001873,0,355.07,20.32,39.45,122.84,0.020325,0.029748,0.4476,4.089
0.005,lyap1,285,0.4344,0.0610,0.800000,1.700000,1,0,2.937,0.009985,0.42442,0.05994,0.001872,0,298.32,3.68,7.13,139.27,0.003681,0.005145,0.2412,2.651
0.005,lyap1,286,0.2625,-0.1936,0.800000,1.700000,1,0,2.938,0.009984,0.25374,-0.18880,0.001872,0,429.60,11.53,28.42,177.73,0.011533,0.015978,0.1434,2.608
0.005,lyap1,287,0.4951,-0.4703,0.800000,1.700000,1,0,3.428,0.009992,0.48738,-0.46396,0.001873,0,321.34,23.16,39.87,103.43,0.023161,0.034290,0.5713,4.527
0.005,lyap1,288,-0.0609,0.1904,0.800000,1.700000,1,0,3.253,0.010000,-0.06114,0.18043,0.001873,0,744.82,5.70,118.21,249.92,0.005704,0.006712,0.1633,2.507
0.005,lyap1,289,0.4627,-0.5742,0.800000,1.700000,1,0,3.546,0.009987,0.45597,-0.56687,0.001873,0,317.24,26.50,42.55,96.19,0.026503,0.039630,0.6600,4.846
0.005,lyap1,290,-0.2671,0.5113,0.800000,1.700000,1,0,3.950,0.009975,-0.26419,0.50178,0.001872,0,622.50,21.69,104.26,190.73,0.021689,0.025902,0.5362,4.090
0.005,lyap1,291,-0.1914,0.4290,0.800000,1.700000,1,0,3.812,0.009989,-0.18933,0.41920,0.001873,0,666.97,15.00,108.77,213.46,0.015003,0.018448,0.3889,3.591
0.005,lyap1,292,0.3585,0.0772,0.800000,1.700000,1,0,2.847,0.009996,0.34865,0.07562,0.001872,0,335.35,4.82,8.98,155.08,0.004818,0.006642,0.1690,2.351
0.005,lyap1,293,0.0225,0.1187,0.800000,1.700000,1,0,2.708,0.009992,0.01819,0.10971,0.001872,0,533.75,6.30,37.54,224.61,0.006297,0.008120,0.1025,2.148
0.005,lyap1,294,0.4545,0.0289,0.800000,1.700000,1,0,2.950,0.009989,0.44451,0.02840,0.001872,0,278.83,1.73,3.33,134.78,0.001735,0.002430,0.2600,2.635
0.005,lyap1,295,-0.0097,-0.2389,0.800000,1.700000,1,0,3.262,0.009982,-0.01185,-0.22916,0.001873,0,675.11,8.03,93.67,237.87,0.008025,0.010060,0.1583,2.624
0.005,lyap1,296,-0.0414,-0.4969,0.800000,1.700000,1,0,3.724,0.009985,-0.04198,-0.48691,0.001873,0,577.11,13.43,83.14,195.35,0.013434,0.017174,0.3759,3.759
0.005,lyap1,297,-0.4635,-0.8276,0.800000,1.700000,1,0,4.235,0.009986,-0.45977,-0.81837,0.001872,0,406.76,37.38,84.10,91.24,0.037377,0.044892,1.2488,5.973
0.005,lyap1,298,-0.1078,-0.2116,0.800000,1.700000,1,0,3.413,0.009986,-0.10652,-0.20171,0.001873,0,785.18,8.64,133.53,252.59,0.008637,0.010345,0.1979,2.629
0.005,lyap1,299,0.1967,0.7699,0.800000,1.700000,1,0,3.828,0.009994,0.19388,0.76035,0.001873,0,350.79,26.90,50.93,104.29,0.026901,0.039395,0.7715,5.203
0.005,lyap2,0,-0.4828,-0.7608,0.500000,2.500000,1,0,7.028,0.009999,-0.47860,-0.75167,0.001273,0,866.89,28.27,43.08,369.16,0.028268,0.039557,0.7609,4.243
0.005,lyap2,1,0.3886,-0.1909,0.500000,2.500000,1,0,5.286,0.009990,0.37962,-0.18645,0.001278,0,726.90,3.11,0.95,360.16,0.003111,0.005935,0.1305,2.248
0.005,lyap2,2,0.1373,-0.1241,0.500000,2.500000,1,0,4.137,0.009988,0.12990,-0.11733,0.001276,0,690.47,2.63,7.83,335.43,0.002625,0.004411,0.0565,1.815
0.005,lyap2,3,0.5235,0.3075,0.500000,2.500000,1,0,5.809,0.009990,0.51489,0.30238,0.001270,0,715.85,4.41,2.01,352.60,0.004412,0.008811,0.2490,2.942
0.005,lyap2,4,0.3315,0.9345,0.500000,2.500000,1,0,6.828,0.009996,0.32788,0.92513,0.001278,0,678.15,10.64,7.40,323.70,0.010637,0.017876,0.6842,4.610
0.005,lyap2,5,0.3231,-0.0585,0.500000,2.500000,1,0,4.822,0.009998,0.31322,-0.05671,0.001271,0,706.38,1.10,0.74,351.62,0.001104,0.002012,0.0694,1.475
0.005,lyap2,6,-0.0850,0.5502,0.500000,2.500000,1,0,6.179,0.009997,-0.08421,0.54019,0.001270,0,861.96,9.96,24.00,399.50,0.009964,0.014291,0.3449,3.445
0.005,lyap2,7,-0.0720,-0.5823,0.500000,2.500000,1,0,6.246,0.009988,-0.07150,-0.57231,0.001271,0,853.11,10.07,22.70,396.30,0.010073,0.014396,0.3612,3.509
0.005,lyap2,8,0.3960,-0.5209,0.500000,2.500000,1,0,6.070,0.009994,0.38993,-0.51296,0.001268,0,732.30,6.40,0.40,360.95,0.006396,0.012615,0.3132,3.439
0.005,lyap2,9,0.3685,0.3828,0.500000,2.500000,1,0,5.712,0.009988,0.36159,0.37559,0.001272,0,742.53,5.19,0.14,367.24,0.005186,0.010188,0.2133,2.961
0.005,lyap2,10,0.1283,0.2512,0.500000,2.500000,1,0,4.908,0.009987,0.12364,0.24236,0.001272,0,765.20,3.93,6.50,373.15,0.003934,0.006593,0.1188,2.499
0.005,lyap2,11,0.2440,0.2446,0.500000,2.500000,1,0,5.068,0.009999,0.23690,0.23750,0.001275,0,744.26,3.87,1.41,367.82,0.003872,0.007178,0.1113,2.362
0.005,lyap2,12,0.6768,0.6211,0.500000,2.500000,1,0,6.500,0.009999,0.66943,0.61432,0.001278,0,648.48,7.36,1.55,317.17,0.007362,0.015496,0.5592,4.196
0.005,lyap2,13,0.7407,-0.0375,0.500000,2.500000,1,0,6.019,0.009990,0.73072,-0.03694,0.001268,0,660.64,0.55,0.36,329.55,0.000551,0.001111,0.3525,2.814
0.005,lyap2,14,0.1895,0.9012,0.500000,2.500000,1,0,6.778,0.009996,0.18707,0.89149,0.001279,0,721.53,11.02,11.27,341.23,0.011021,0.016751,0.6189,4.402
0.005,lyap2,15,0.3282,0.2784,0.500000,2.500000,1,0,5.360,0.009987,0.32058,0.27193,0.001278,0,741.23,4.20,0.10,367.36,0.004203,0.008052,0.1451,2.538
0.005,lyap2,16,0.4229,-0.6724,0.500000,2.500000,1,0,6.398,0.009987,0.41749,-0.66394,0.001275,0,708.66,7.74,1.73,346.80,0.007737,0.015017,0.4458,3.928
0.005,lyap2,17,-0.0535,-0.6259,0.500000,2.500000,1,0,6.332,0.009996,-0.05333,-0.61587,0.001273,0,840.39,10.28,21.17,391.31,0.010281,0.014599,0.3860,3.604
0.005,lyap2,18,0.5135,-0.1699,0.500000,2.500000,1,0,5.582,0.009996,0.50407,-0.16668,0.001275,0,712.84,2.66,1.41,353.01,0.002657,0.005194,0.1915,2.445
0.005,lyap2,19,-0.1027,-0.2139,0.500000,2.500000,1,0,5.026,0.009998,-0.09948,-0.20442,0.001274,0,887.67,7.21,41.87,396.56,0.007207,0.009764,0.2641,3.117
0.005,lyap2,20,0.5724,0.0126,0.500000,2.500000,1,0,5.634,0.009988,0.56246,0.01233,0.001274,0,696.24,0.20,0.12,347.85,0.000199,0.000389,0.2088,2.148
0.005,lyap2,21,-0.2534,-0.7892,0.500000,2.500000,1,0,6.827,0.009991,-0.25132,-0.77946,0.001278,0,836.37,17.37,31.58,373.58,0.017367,0.025925,0.6147,4.107
0.005,lyap2,22,0.1756,0.0811,0.500000,2.500000,1,0,4.099,0.009999,0.16660,0.07680,0.001276,0,674.28,1.83,6.33,329.43,0.001831,0.003092,0.0352,1.399
0.005,lyap2,23,-0.1826,-0.5070,0.500000,2.500000,1,0,6.199,0.009993,-0.18021,-0.49726,0.001270,0,896.13,12.68,32.14,406.41,0.012683,0.018319,0.3674,3.429
0.005,lyap2,24,0.5281,0.1638,0.500000,2.500000,1,0,5.611,0.009994,0.51858,0.16076,0.001274,0,710.38,2.55,1.40,351.87,0.002554,0.005001,0.1993,2.463
0.005,lyap2,25,0.2533,-0.1131,0.500000,2.500000,1,0,4.621,0.009995,0.24420,-0.10898,0.001269,0,706.73,2.19,2.11,349.62,0.002190,0.003916,0.0590,1.662
0.005,lyap2,26,-0.0698,0.1000,0.500000,2.500000,1,0,4.117,0.009995,-0.06513,0.09109,0.001276,0,768.66,4.84,27.55,353.15,0.004835,0.006245,0.3058,3.336
0.005,lyap2,27,0.3040,0.0277,0.500000,2.500000,1,0,4.708,0.009987,0.29406,0.02674,0.001270,0,699.18,0.54,0.49,348.70,0.000540,0.000972,0.0586,1.255
0.005,lyap2,28,0.2958,-0.8584,0.500000,2.500000,1,0,6.701,0.009994,0.29231,-0.84904,0.001280,0,706.62,9.99,7.39,338.43,0.009989,0.016561,0.5881,4.349
0.005,lyap2,29,0.3034,0.1431,0.500000,2.500000,1,0,4.906,0.009988,0.29444,0.13880,0.001272,0,719.33,2.56,0.98,356.77,0.002561,0.004715,0.0824,1.891
0.005,lyap2,30,-0.0517,-0.6699,0.500000,2.500000,1,0,6.429,0.009994,-0.05165,-0.65994,0.001276,0,831.09,10.78,20.92,386.54,0.010780,0.015363,0.4200,3.712
0.005,lyap2,31,0.5492,0.3284,0.500000,2.500000,1,0,5.889,0.009997,0.54063,0.32321,0.001269,0,710.37,4.63,2.15,349.56,0.004629,0.009305,0.2753,3.064
0.005,lyap2,32,-0.2470,-0.5392,0.500000,2.500000,1,0,6.368,0.009990,-0.24394,-0.52970,0.001274,0,904.81,16.03,35.71,404.67,0.016033,0.022548,0.4237,3.540
0.005,lyap2,33,0.0352,0.9500,0.500000,2.500000,1,0,6.899,0.009994,0.03428,0.94003,0.001276,0,739.85,12.93,17.50,342.73,0.012927,0.018644,0.6801,4.491
0.005,lyap2,34,0.0707,-0.1224,0.500000,2.500000,1,0,3.884,0.009989,0.06575,-0.11372,0.001276,0,676.47,2.66,9.72,326.52,0.002665,0.004152,0.0924,2.099
0.005,lyap2,35,0.4590,0.2294,0.500000,2.500000,1,0,5.539,0.009995,0.45005,0.22490,0.001276,0,723.75,3.53,1.47,357.76,0.003532,0.006891,0.1789,2.535
0.005,lyap2,36,-0.1107,0.4644,0.500000,2.500000,1,0,5.982,0.009987,-0.10922,0.45451,0.001268,0,882.81,9.67,27.90,406.25,0.009671,0.013908,0.3075,3.296
0.005,lyap2,37,0.1172,0.8775,0.500000,2.500000,1,0,6.752,0.009994,0.11540,0.86762,0.001279,0,744.19,11.29,13.70,349.93,0.011293,0.016504,0.5904,4.297
0.005,lyap2,38,-0.1887,-0.6828,0.500000,2.500000,1,0,6.579,0.009994,-0.18692,-0.67294,0.001279,0,856.60,14.24,29.17,388.45,0.014243,0.021100,0.4875,3.803
0.005,lyap2,39,0.8660,-0.0873,0.500000,2.500000,1,0,6.260,0.009988,0.85607,-0.08627,0.001271,0,624.77,1.23,0.72,310.74,0.001227,0.002523,0.4872,3.358
0.005,lyap2,40,0.3463,-0.5640,0.500000,2.500000,1,0,6.131,0.009994,0.34104,-0.55550,0.001269,0,742.06,6.81,1.95,363.97,0.006805,0.012905,0.3283,3.520
0.005,lyap2,41,0.1016,-0.3385,0.500000,2.500000,1,0,5.321,0.009993,0.09849,-0.32902,0.001278,0,804.83,5.04,11.53,387.11,0.005041,0.007600,0.1674,2.818
0.005,lyap2,42,-0.2362,-0.3342,0.500000,2.500000,1,0,5.872,0.009992,-0.23159,-0.32536,0.001269,0,946.40,15.30,44.81,416.92,0.015300,0.020180,0.3403,3.591
0.005,lyap2,43,0.8826,0.0070,0.500000,2.500000,1,0,6.277,0.009994,0.87257,0.00695,0.001272,0,617.09,0.10,0.06,308.41,0.000099,0.000203,0.5008,3.282
0.005,lyap2,44,0.1563,-0.4355,0.500000,2.500000,1,0,5.694,0.009996,0.15271,-0.42617,0.001272,0,797.69,5.94,8.08,386.31,0.005944,0.009477,0.2146,3.059
0.005,lyap2,45,0.0602,0.2535,0.500000,2.500000,1,0,4.901,0.009989,0.05751,0.24392,0.001272,0,790.65,4.19,13.18,379.00,0.004193,0.005977,0.1435,2.655
0.005,lyap2,46,0.3509,-0.8008,0.500000,2.500000,1,0,6.608,0.009992,0.34674,-0.79176,0.001279,0,705.24,9.19,5.12,340.61,0.009190,0.016186,0.5423,4.229
0.005,lyap2,47,-0.1504,-0.4231,0.500000,2.500000,1,0,5.928,0.009994,-0.14803,-0.41340,0.001268,0,901.69,10.74,32.77,410.02,0.010742,0.015367,0.3099,3.268
0.005,lyap2,48,0.3656,-0.0779,0.500000,2.500000,1,0,5.017,0.009999,0.35586,-0.07581,0.001274,0,712.91,1.40,0.67,354.74,0.001399,0.002597,0.0905,1.686
0.005,lyap2,49,-0.2992,-0.4212,0.500000,2.500000,1,0,6.216,0.009999,-0.29457,-0.41230,0.001270,0,944.07,18.79,43.65,414.29,0.018788,0.025136,0.4074,3.704
0.005,lyap2,50,0.7379,0.3254,0.500000,2.500000,1,0,6.198,0.009990,0.72874,0.32129,0.001270,0,661.96,4.45,2.35,325.29,0.004448,0.009149,0.4236,3.516
0.005,lyap2,51,0.2430,0.2287,0.500000,2.500000,1,0,5.005,0.009992,0.23571,0.22189,0.001274,0,739.38,3.71,0.99,365.92,0.003713,0.006857,0.1037,2.291
0.005,lyap2,52,-0.0147,-0.5282,0.500000,2.500000,1,0,6.053,0.009993,-0.01500,-0.51825,0.001268,0,845.60,8.50,19.20,397.22,0.008505,0.011727,0.3054,3.360
0.005,lyap2,53,0.0787,0.1072,0.500000,2.500000,1,0,3.747,0.009997,0.07290,0.09903,0.001275,0,659.23,2.51,10.86,316.87,0.002513,0.003942,0.0769,1.941
0.005,lyap2,54,-0.1562,0.9648,0.500000,2.500000,1,0,7.019,0.009991,-0.15541,0.95484,0.001273,0,765.60,16.09,25.67,345.06,0.016090,0.024164,0.7515,4.547
0.005,lyap2,55,-0.1446,-0.2073,0.500000,2.500000,1,0,5.164,0.009995,-0.14006,-0.19839,0.001277,0,920.42,9.87,49.21,403.60,0.009872,0.012723,0.3010,3.435
0.005,lyap2,56,0.7844,0.3256,0.500000,2.500000,1,0,6.269,0.009999,0.77517,0.32170,0.001272,0,647.64,4.41,2.30,318.21,0.004413,0.009123,0.4684,3.645
0.005,lyap2,57,0.2535,-0.6401,0.500000,2.500000,1,0,6.269,0.009987,0.24962,-0.63086,0.001272,0,758.83,7.83,5.68,367.86,0.007835,0.013178,0.3687,3.675
0.005,lyap2,58,0.3038,-0.4120,0.500000,2.500000,1,0,5.712,0.009997,0.29783,-0.40397,0.001272,0,757.61,5.43,1.62,373.12,0.005425,0.010356,0.2124,3.008
0.005,lyap2,59,0.7189,-0.3583,0.500000,2.500000,1,0,6.205,0.009988,0.71000,-0.35379,0.001270,0,665.97,4.84,2.44,326.91,0.004844,0.009978,0.4218,3.556
0.005,lyap2,60,0.1800,0.0264,0.500000,2.500000,1,0,3.958,0.009990,0.17012,0.02487,0.001276,0,647.23,0.64,2.70,320.43,0.000639,0.001062,0.0215,0.893
0.005,lyap2,61,-0.4251,0.6545,0.500000,2.500000,1,0,6.817,0.009999,-0.42085,0.64543,0.001278,0,898.36,25.36,42.92,387.24,0.025363,0.035085,0.6276,3.940
0.005,lyap2,62,0.5324,0.0722,0.500000,2.500000,1,0,5.545,0.009995,0.52253,0.07081,0.001276,0,704.84,1.16,0.67,350.88,0.001159,0.002253,0.1845,2.173
0.005,lyap2,63,-0.1463,-0.2830,0.500000,2.500000,1,0,5.465,0.009998,-0.14279,-0.27361,0.001277,0,917.78,9.99,41.90,409.50,0.009994,0.013444,0.2763,3.215
0.005,lyap2,64,0.5285,0.0914,0.500000,2.500000,1,0,5.546,0.009994,0.51862,0.08965,0.001276,0,706.42,1.46,0.84,351.27,0.001464,0.002847,0.1844,2.222
0.005,lyap2,65,0.2105,0.2530,0.500000,2.500000,1,0,5.035,0.009997,0.20412,0.24538,0.001274,0,750.91,3.95,2.61,369.88,0.003952,0.007209,0.1129,2.411
0.005,lyap2,66,-0.2321,0.7541,0.500000,2.500000,1,0,6.749,0.009998,-0.23013,0.74430,0.001279,0,843.93,16.33,30.84,378.87,0.016331,0.024333,0.5707,4.004
0.005,lyap2,67,0.1052,0.6538,0.500000,2.500000,1,0,6.309,0.009988,0.10324,0.64405,0.001273,0,795.78,8.79,12.10,379.19,0.008794,0.012724,0.3750,3.658
0.005,lyap2,68,0.5076,0.3617,0.500000,2.500000,1,0,5.877,0.009996,0.49954,0.35585,0.001269,0,718.54,5.00,1.93,353.59,0.005005,0.010049,0.2665,3.090
0.005,lyap2,69,-0.0513,0.1705,0.500000,2.500000,1,0,4.560,0.009999,-0.04946,0.16066,0.001270,0,812.17,4.43,28.22,374.53,0.004435,0.006001,0.2327,2.936
0.005,lyap2,70,-0.0982,0.3380,0.500000,2.500000,1,0,5.549,0.009999,-0.09629,0.32822,0.001275,0,890.68,7.95,32.63,406.74,0.007953,0.011243,0.2506,3.106
0.005,lyap2,71,-0.2987,-0.5024,0.500000,2.500000,1,0,6.377,0.009998,-0.29479,-0.49317,0.001275,0,924.50,18.73,40.26,407.94,0.018733,0.025593,0.4396,3.549
0.005,lyap2,72,-0.1503,0.3616,0.500000,2.500000,1,0,5.743,0.009996,-0.14751,0.35202,0.001271,0,910.60,10.40,36.15,411.35,0.010402,0.014573,0.2886,3.197
0.005,lyap2,73,-0.1360,0.7558,0.500000,2.500000,1,0,6.666,0.009996,-0.13510,0.74581,0.001280,0,827.35,13.44,25.51,378.09,0.013437,0.019868,0.5249,3.960
0.005,lyap2,74,0.2863,-0.1810,0.500000,2.500000,1,0,4.957,0.009987,0.27788,-0.17560,0.001273,0,726.22,3.12,0.53,360.23,0.003121,0.005772,0.0912,2.070
0.005,lyap2,75,0.2629,0.0381,0.500000,2.500000,1,0,4.508,0.009994,0.25301,0.03666,0.001270,0,690.12,0.78,1.18,343.30,0.000783,0.001382,0.0450,1.193
0.005,lyap2,76,-0.0879,0.1908,0.500000,2.500000,1,0,4.845,0.009991,-0.08488,0.18124,0.001271,0,867.38,6.24,39.71,389.31,0.006236,0.008502,0.2610,3.077
0.005,lyap2,77,0.1878,-0.1637,0.500000,2.500000,1,0,4.562,0.009987,0.18028,-0.15710,0.001270,0,715.07,3.04,2.13,353.12,0.003036,0.005362,0.0703,1.984
0.005,lyap2,78,0.3960,0.0616,0.500000,2.500000,1,0,5.113,0.009997,0.38613,0.06004,0.001276,0,712.45,1.09,0.52,354.89,0.001086,0.002033,0.1026,1.701
0.005,lyap2,79,0.1499,0.3328,0.500000,2.500000,1,0,5.308,0.009997,0.14564,0.32374,0.001278,0,788.00,4.80,7.84,382.56,0.004802,0.007960,0.1565,2.753
0.005,lyap2,80,0.4252,0.0139,0.500000,2.500000,1,0,5.194,0.009991,0.41517,0.01354,0.001277,0,709.48,0.24,0.12,354.44,0.000241,0.000454,0.1143,1.615
0.005,lyap2,81,-0.1576,0.2546,0.500000,2.500000,1,0,5.397,0.009991,-0.15350,0.24549,0.001278,0,926.37,10.66,45.78,409.41,0.010661,0.013996,0.2908,3.363
0.005,lyap2,82,-0.0686,-0.8309,0.500000,2.500000,1,0,6.752,0.009993,-0.06846,-0.82093,0.001279,0,794.26,12.92,21.79,365.65,0.012921,0.018802,0.5726,4.145
0.005,lyap2,83,0.4444,-0.8902,0.500000,2.500000,1,0,6.778,0.009990,0.43983,-0.88133,0.001279,0,659.51,9.82,4.27,318.12,0.009821,0.018157,0.6755,4.601
0.005,lyap2,84,0.2393,0.0573,0.500000,2.500000,1,0,4.407,0.009996,0.22954,0.05493,0.001272,0,687.26,1.20,2.28,340.44,0.001204,0.002103,0.0409,1.267
0.005,lyap2,85,-0.0699,0.1952,0.500000,2.500000,1,0,4.798,0.009987,-0.06759,0.18544,0.001270,0,850.70,5.41,35.16,386.13,0.005407,0.007437,0.2424,2.993
0.005,lyap2,86,0.7095,0.5152,0.500000,2.500000,1,0,6.388,0.009994,0.70141,0.50932,0.001275,0,654.68,6.46,2.26,320.24,0.006459,0.013509,0.5067,3.970
0.005,lyap2,87,-0.0494,-0.2016,0.500000,2.500000,1,0,4.764,0.009989,-0.04793,-0.19175,0.001270,0,833.69,4.79,30.10,383.15,0.004795,0.006471,0.2215,2.920
0.005,lyap2,88,0.0267,0.5306,0.500000,2.500000,1,0,6.029,0.009989,0.02566,0.52067,0.001268,0,833.35,8.02,16.30,394.36,0.008023,0.011048,0.2954,3.347
0.005,lyap2,89,0.5313,0.5599,0.500000,2.500000,1,0,6.269,0.009996,0.52448,0.55265,0.001272,0,696.97,6.77,1.07,342.33,0.006774,0.013923,0.4085,3.749
0.005,lyap2,90,-0.0457,0.0894,0.500000,2.500000,1,0,3.805,0.009994,-0.04194,0.08011,0.001276,0,703.85,3.23,17.24,332.26,0.003229,0.004341,0.2757,3.114
0.005,lyap2,91,-0.3348,-0.7215,0.500000,2.500000,1,0,6.805,0.009995,-0.33169,-0.71198,0.001278,0,868.53,20.85,36.86,381.76,0.020855,0.029788,0.6082,4.001
0.005,lyap2,92,-0.2539,0.6200,0.500000,2.500000,1,0,6.536,0.009991,-0.25120,0.61035,0.001278,0,885.64,16.59,34.20,396.19,0.016586,0.023846,0.4782,3.706
0.005,lyap2,93,0.1010,0.2482,0.500000,2.500000,1,0,4.872,0.009989,0.09706,0.23902,0.001271,0,771.41,3.97,8.43,374.30,0.003968,0.006280,0.1243,2.542
0.005,lyap2,94,0.8495,0.4720,0.500000,2.500000,1,0,6.502,0.009987,0.84079,0.46709,0.001278,0,614.78,5.99,2.40,300.50,0.005993,0.012636,0.6140,4.199
0.005,lyap2,95,0.1372,0.4237,0.500000,2.500000,1,0,5.652,0.009992,0.13385,0.41424,0.001273,0,803.03,5.89,9.19,387.91,0.005887,0.009147,0.2089,3.031
0.005,lyap2,96,0.4789,0.8183,0.500000,2.500000,1,0,6.676,0.009991,0.47377,0.80978,0.001280,0,666.28,9.04,2.69,323.67,0.009044,0.017466,0.6136,4.433
0.005,lyap2,97,-0.0656,0.3396,0.500000,2.500000,1,0,5.491,0.009992,-0.06450,0.32970,0.001276,0,875.85,6.99,29.01,403.68,0.006987,0.009722,0.2329,3.060
0.005,lyap2,98,0.6043,0.2287,0.500000,2.500000,1,0,5.855,0.009994,0.59494,0.22509,0.001269,0,698.24,3.37,1.94,344.66,0.003366,0.006732,0.2728,2.878
0.005,lyap2,99,-0.0616,-0.5886,0.500000,2.500000,1,0,6.251,0.009995,-0.06125,-0.57856,0.001271,0,849.28,9.96,21.94,395.23,0.009964,0.014162,0.3617,3.519
0.005,lyap2,100,0.6577,0.3184,0.500000,2.500000,1,0,6.061,0.009987,0.64875,0.31400,0.001268,0,684.72,4.43,2.35,336.68,0.004431,0.009023,0.3505,3.286
0.005,lyap2,101,0.7053,0.3527,0.500000,2.500000,1,0,6.178,0.009987,0.69643,0.34815,0.001270,0,670.21,4.79,2.44,329.08,0.004790,0.009846,0.4070,3.505
0.005,lyap2,102,-0.2611,-0.8069,0.500000,2.500000,1,0,6.862,0.009990,-0.25902,-0.79716,0.001277,0,831.82,17.78,31.77,370.81,0.017777,0.026568,0.6359,4.158
0.005,lyap2,103,-0.2565,-0.5607,0.500000,2.500000,1,0,6.425,0.009997,-0.25346,-0.55119,0.001276,0,901.45,16.57,35.75,402.55,0.016574,0.023362,0.4421,3.589
0.005,lyap2,104,-0.0062,-0.2025,0.500000,2.500000,1,0,4.648,0.009994,-0.00655,-0.19253,0.001269,0,794.38,4.04,19.45,374.71,0.004042,0.005136,0.1824,2.759
0.005,lyap2,105,0.1683,-0.1221,0.500000,2.500000,1,0,4.265,0.009996,0.16023,-0.11618,0.001274,0,695.04,2.53,5.94,339.68,0.002532,0.004341,0.0518,1.736
0.005,lyap2,106,0.1073,0.7657,0.500000,2.500000,1,0,6.548,0.009990,0.10552,0.75589,0.001278,0,773.88,10.09,13.04,366.33,0.010088,0.014631,0.4754,3.971
0.005,lyap2,107,0.2607,-0.0935,0.500000,2.500000,1,0,4.601,0.009990,0.25132,-0.09008,0.001270,0,702.75,1.84,2.00,348.00,0.001840,0.003282,0.0552,1.547
0.005,lyap2,108,0.2814,0.9272,0.500000,2.500000,1,0,6.815,0.009991,0.27822,0.91770,0.001278,0,692.71,10.78,8.67,329.60,0.010782,0.017459,0.6628,4.543
0.005,lyap2,109,0.5130,0.7951,0.500000,2.500000,1,0,6.653,0.009995,0.50749,0.78672,0.001279,0,661.29,8.76,1.84,322.23,0.008763,0.017402,0.6077,4.413
0.005,lyap2,110,0.4870,-0.3349,0.500000,2.500000,1,0,5.793,0.009987,0.47883,-0.32920,0.001270,0,722.94,4.73,1.80,356.11,0.004734,0.009442,0.2408,2.964
0.005,lyap2,111,0.2839,0.6459,0.500000,2.500000,1,0,6.288,0.009994,0.27970,0.63681,0.001272,0,749.88,7.80,4.76,364.33,0.007796,0.013513,0.3790,3.712
0.005,lyap2,112,0.3172,0.1950,0.500000,2.500000,1,0,5.092,0.009991,0.30870,0.18972,0.001275,0,729.32,3.26,0.47,361.74,0.003261,0.006111,0.1053,2.166
0.005,lyap2,113,0.3999,-0.0481,0.500000,2.500000,1,0,5.117,0.009999,0.38994,-0.04685,0.001276,0,711.37,0.85,0.41,354.64,0.000848,0.001588,0.1030,1.656
0.005,lyap2,114,0.0845,-0.3381,0.500000,2.500000,1,0,5.321,0.009997,0.08175,-0.32846,0.001278,0,810.88,5.12,13.01,388.59,0.005122,0.007470,0.1712,2.837
0.005,lyap2,115,0.2833,0.3617,0.500000,2.500000,1,0,5.540,0.009987,0.27714,0.35382,0.001276,0,759.43,4.97,1.87,374.11,0.004969,0.009430,0.1784,2.826
0.005,lyap2,116,-0.0960,-0.1708,0.500000,2.500000,1,0,4.768,0.009998,-0.09236,-0.16149,0.001270,0,868.26,6.71,42.14,386.96,0.006705,0.008845,0.2793,3.216
0.005,lyap2,117,0.1426,0.0149,0.500000,2.500000,1,0,3.612,0.009999,0.13271,0.01382,0.001273,0,607.28,0.41,1.99,301.35,0.000407,0.000651,0.0130,0.687
0.005,lyap2,118,0.2298,-0.1089,0.500000,2.500000,1,0,4.500,0.009994,0.22079,-0.10461,0.001270,0,701.39,2.17,2.98,346.09,0.002174,0.003839,0.0526,1.618
0.005,lyap2,119,0.3467,0.6367,0.500000,2.500000,1,0,6.290,0.009994,0.34184,0.62800,0.001272,0,734.22,7.54,2.89,358.57,0.007536,0.013921,0.3872,3.739
0.005,lyap2,120,0.1427,0.1849,0.500000,2.500000,1,0,4.549,0.009992,0.13654,0.17699,0.001270,0,719.44,3.28,0.50,356.76,0.003282,0.005665,0.0843,2.178
0.005,lyap2,121,0.9039,0.2691,0.500000,2.500000,1,0,6.403,0.009995,0.89429,0.26622,0.001275,0,610.46,3.62,1.87,300.64,0.003625,0.007555,0.5744,3.866
0.005,lyap2,122,0.6186,-0.7694,0.500000,2.500000,1,0,6.671,0.009987,0.61232,-0.76161,0.001280,0,635.12,8.51,0.25,310.93,0.008514,0.017706,0.6493,4.508
0.005,lyap2,123,0.1330,0.4410,0.500000,2.500000,1,0,5.711,0.009991,0.12987,0.43146,0.001272,0,804.88,6.11,9.48,388.39,0.006107,0.009372,0.2198,3.081
0.005,lyap2,124,0.3040,-0.5997,0.500000,2.500000,1,0,6.191,0.009997,0.29938,-0.59080,0.001270,0,749.94,7.26,3.53,365.99,0.007260,0.013053,0.3451,3.591
0.005,lyap2,125,0.8777,-0.3398,0.500000,2.500000,1,0,6.417,0.009991,0.86840,-0.33611,0.001276,0,616.19,4.51,2.19,302.52,0.004508,0.009419,0.5734,3.950
0.005,lyap2,126,0.4647,-0.7285,0.500000,2.500000,1,0,6.520,0.009996,0.45928,-0.72013,0.001278,0,687.76,8.21,1.74,335.98,0.008209,0.016118,0.5165,4.149
0.005,lyap2,127,-0.1434,-0.2996,0.500000,2.500000,1,0,5.517,0.009998,-0.14015,-0.29013,0.001276,0,914.81,9.85,40.15,409.87,0.009852,0.013420,0.2726,3.157
0.005,lyap2,128,0.7348,0.4244,0.500000,2.500000,1,0,6.305,0.009988,0.72623,0.41939,0.001273,0,656.59,5.56,2.48,321.65,0.005555,0.011541,0.4717,3.779
0.005,lyap2,129,-0.1202,-0.4211,0.500000,2.500000,1,0,5.870,0.009987,-0.11831,-0.41131,0.001269,0,891.78,9.54,30.30,408.43,0.009543,0.013685,0.2924,3.235
0.005,lyap2,130,0.0262,0.7331,0.500000,2.500000,1,0,6.514,0.009989,0.02530,0.72317,0.001278,0,799.83,10.50,16.69,375.36,0.010495,0.014821,0.4548,3.868
0.005,lyap2,131,0.1806,-0.8313,0.500000,2.500000,1,0,6.657,0.009994,0.17813,-0.82159,0.001279,0,741.46,10.30,10.79,352.21,0.010299,0.015628,0.5417,4.189
0.005,lyap2,132,0.0616,0.4904,0.500000,2.500000,1,0,5.890,0.009989,0.05994,0.48051,0.001269,0,826.09,7.18,14.09,393.58,0.007177,0.010017,0.2615,3.236
0.005,lyap2,133,0.3828,0.6743,0.500000,2.500000,1,0,6.382,0.009993,0.37779,0.66565,0.001275,0,719.29,7.83,2.57,351.20,0.007833,0.014733,0.4318,3.888
0.005,lyap2,134,0.6240,-0.1220,0.500000,2.500000,1,0,5.801,0.009997,0.61421,-0.12004,0.001270,0,691.24,1.85,1.16,343.06,0.001854,0.003682,0.2599,2.617
0.005,lyap2,135,0.7082,-0.4265,0.500000,2.500000,1,0,6.271,0.009999,0.69966,-0.42132,0.001272,0,664.26,5.59,2.47,325.47,0.005591,0.011587,0.4491,3.719
0.005,lyap2,136,0.3059,-0.0613,0.500000,2.500000,1,0,4.750,0.009989,0.29610,-0.05934,0.001270,0,704.27,1.18,0.93,350.32,0.001177,0.002130,0.0632,1.444
0.005,lyap2,137,0.3815,0.8201,0.500000,2.500000,1,0,6.648,0.009996,0.37710,0.81113,0.001279,0,692.86,9.30,4.66,334.80,0.009295,0.016699,0.5728,4.318
0.005,lyap2,138,-0.4068,-0.7436,0.500000,2.500000,1,0,6.919,0.009998,-0.40313,-0.73433,0.001276,0,868.48,24.46,40.03,375.86,0.024465,0.034491,0.6811,4.121
0.005,lyap2,139,0.2478,-0.2333,0.500000,2.500000,1,0,5.034,0.009991,0.24056,-0.22641,0.001274,0,740.53,3.76,1.03,366.42,0.003758,0.006960,0.1064,2.311
0.005,lyap2,140,0.6772,0.6933,0.500000,2.500000,1,0,6.602,0.009998,0.67023,0.68616,0.001279,0,634.63,7.93,0.97,310.40,0.007932,0.016762,0.6218,4.401
0.005,lyap2,141,0.0428,-0.2079,0.500000,2.500000,1,0,4.615,0.009999,0.04035,-0.19818,0.001270,0,764.74,3.70,10.64,368.96,0.003696,0.005126,0.1434,2.584
0.005,lyap2,142,0.6916,-0.1596,0.500000,2.500000,1,0,5.969,0.009998,0.68184,-0.15727,0.001268,0,676.51,2.34,1.46,335.04,0.002341,0.004714,0.3247,2.934
0.005,lyap2,143,0.3035,0.5051,0.500000,2.500000,1,0,5.963,0.009992,0.29833,0.49654,0.001268,0,757.12,6.29,2.43,371.41,0.006290,0.011732,0.2737,3.305
0.005,lyap2,144,0.1292,-0.1752,0.500000,2.500000,1,0,4.456,0.009997,0.12324,-0.16718,0.001271,0,715.01,3.19,1.64,353.47,0.003185,0.005422,0.0836,2.160
0.005,lyap2,145,0.4745,0.7177,0.500000,2.500000,1,0,6.506,0.009998,0.46894,0.70937,0.001278,0,686.85,8.10,1.44,335.91,0.008101,0.016036,0.5111,4.130
0.005,lyap2,146,0.3993,0.8983,0.500000,2.500000,1,0,6.780,0.009996,0.39512,0.88924,0.001279,0,669.75,10.03,5.31,322.04,0.010028,0.017898,0.6655,4.571
0.005,lyap2,147,-0.1444,0.3214,0.500000,2.500000,1,0,5.597,0.009990,-0.14139,0.31188,0.001275,0,913.16,9.96,38.47,410.64,0.009960,0.013729,0.2750,3.159
0.005,lyap2,148,0.0548,-0.4646,0.500000,2.500000,1,0,5.812,0.009992,0.05320,-0.45477,0.001270,0,829.36,6.92,14.71,394.78,0.006916,0.009588,0.2471,3.177
0.005,lyap2,149,0.3302,-0.5948,0.500000,2.500000,1,0,6.192,0.009992,0.32526,-0.58616,0.001270,0,743.51,7.15,2.75,363.64,0.007148,0.013207,0.3479,3.598
0.005,lyap2,150,0.1291,0.0400,0.500000,2.500000,1,0,3.553,0.009997,0.11958,0.03690,0.001272,0,609.25,1.10,5.18,298.62,0.001104,0.001755,0.0170,0.990
0.005,lyap2,151,0.1204,0.0183,0.500000,2.500000,1,0,3.383,0.009989,0.11049,0.01669,0.001271,0,579.43,0.54,1.94,287.37,0.000541,0.000845,0.0102,0.688
0.005,lyap2,152,0.3968,0.7576,0.500000,2.500000,1,0,6.543,0.009998,0.39201,0.74885,0.001278,0,701.36,8.63,3.44,340.77,0.008631,0.015983,0.5150,4.150
0.005,lyap2,153,0.0547,0.2267,0.500000,2.500000,1,0,4.737,0.009992,0.05198,0.21704,0.001270,0,775.04,3.88,11.45,373.16,0.003878,0.005514,0.1396,2.596
0.005,lyap2,154,0.0069,0.1062,0.500000,2.500000,1,0,3.688,0.009996,0.00608,0.09624,0.001274,0,645.06,2.54,0.71,319.91,0.002544,0.003204,0.1677,2.545
0.005,lyap2,155,0.3885,0.8374,0.500000,2.500000,1,0,6.679,0.009995,0.38414,0.82843,0.001280,0,687.15,9.45,4.74,331.75,0.009449,0.016990,0.5938,4.378
0.005,lyap2,156,0.0770,0.0732,0.500000,2.500000,1,0,3.354,0.009994,0.07000,0.06608,0.001271,0,592.04,2.08,4.79,289.68,0.002077,0.003182,0.0532,1.625
0.005,lyap2,157,0.0515,-0.0915,0.500000,2.500000,1,0,3.467,0.009996,0.04681,-0.08269,0.001271,0,615.49,2.37,5.58,300.39,0.002367,0.003514,0.0937,2.030
0.005,lyap2,158,0.1176,-0.1584,0.500000,2.500000,1,0,4.312,0.009993,0.11159,-0.15039,0.001273,0,707.07,3.02,4.16,347.11,0.003020,0.005064,0.0805,2.102
0.005,lyap2,159,-0.1864,-0.2631,0.500000,2.500000,1,0,5.522,0.009993,-0.18184,-0.25422,0.001276,0,939.86,12.42,47.52,413.10,0.012423,0.016165,0.3080,3.512
0.005,lyap2,160,0.2632,-0.1929,0.500000,2.500000,1,0,4.926,0.009989,0.25519,-0.18701,0.001272,0,727.99,3.30,0.23,361.29,0.003301,0.006079,0.0909,2.119
0.005,lyap2,161,-0.3555,-0.7662,0.500000,2.500000,1,0,6.895,0.009989,-0.35245,-0.75675,0.001277,0,856.53,21.96,37.12,374.67,0.021963,0.031490,0.6612,4.127
0.005,lyap2,162,-0.1215,-0.1778,0.500000,2.500000,1,0,4.929,0.009996,-0.11713,-0.16879,0.001272,0,898.30,8.40,48.00,394.85,0.008401,0.010797,0.2991,3.387
0.005,lyap2,163,-0.0238,-0.5614,0.500000,2.500000,1,0,6.150,0.009991,-0.02402,-0.55139,0.001269,0,843.77,9.05,19.57,395.53,0.009045,0.012574,0.3302,3.440
0.005,lyap2,164,0.4774,0.4709,0.500000,2.500000,1,0,6.046,0.009999,0.47032,0.46389,0.001268,0,719.24,6.00,1.23,353.89,0.006003,0.012163,0.3152,3.391
0.005,lyap2,165,0.0443,-0.5806,0.500000,2.500000,1,0,6.153,0.009999,0.04308,-0.57063,0.001269,0,822.38,8.46,15.09,389.76,0.008455,0.011775,0.3263,3.466
0.005,lyap2,166,-0.0210,-0.5374,0.500000,2.500000,1,0,6.084,0.009987,-0.02119,-0.52741,0.001268,0,846.33,8.71,19.56,397.07,0.008707,0.012048,0.3133,3.383
0.005,lyap2,167,0.8175,0.5027,0.500000,2.500000,1,0,6.497,0.009989,0.80901,0.49744,0.001277,0,622.01,6.32,2.37,303.89,0.006317,0.013321,0.6003,4.196
0.005,lyap2,168,0.8027,-0.3400,0.500000,2.500000,1,0,6.310,0.009994,0.79353,-0.33601,0.001273,0,641.14,4.57,2.32,314.83,0.004568,0.009475,0.4933,3.734
0.005,lyap2,169,0.1514,0.0679,0.500000,2.500000,1,0,3.875,0.009990,0.14230,0.06370,0.001276,0,653.62,1.65,7.55,318.01,0.001654,0.002724,0.0285,1.291
0.005,lyap2,170,0.5304,0.7692,0.500000,2.500000,1,0,6.621,0.009989,0.52467,0.76102,0.001279,0,661.48,8.52,1.27,323.08,0.008520,0.017159,0.5915,4.363
0.005,lyap2,171,0.2090,0.4792,0.500000,2.500000,1,0,5.844,0.009998,0.20482,0.47006,0.001269,0,783.05,6.25,5.66,381.18,0.006248,0.010557,0.2426,3.185
0.005,lyap2,172,0.5598,-0.3460,0.500000,2.500000,1,0,5.936,0.009989,0.55135,-0.34067,0.001268,0,707.81,4.81,2.21,348.09,0.004815,0.009717,0.2910,3.143
0.005,lyap2,173,0.5464,-0.7222,0.500000,2.500000,1,0,6.555,0.009989,0.54031,-0.71427,0.001279,0,665.52,8.12,0.50,326.17,0.008118,0.016577,0.5555,4.251
0.005,lyap2,174,-0.1182,-0.2340,0.500000,2.500000,1,0,5.178,0.009990,-0.11481,-0.22463,0.001277,0,902.19,8.21,42.93,402.01,0.008212,0.011035,0.2688,3.166
0.005,lyap2,175,-0.2591,-0.7992,0.500000,2.500000,1,0,6.848,0.009993,-0.25705,-0.78948,0.001278,0,833.97,17.65,31.76,371.99,0.017652,0.026363,0.6275,4.136
0.005,lyap2,176,0.5500,-0.2108,0.500000,2.500000,1,0,5.719,0.009990,0.54074,-0.20713,0.001272,0,708.79,3.18,1.75,350.26,0.003184,0.006298,0.2279,2.679
0.005,lyap2,177,0.2832,0.3475,0.500000,2.500000,1,0,5.495,0.009990,0.27692,0.33973,0.001276,0,758.00,4.84,1.77,373.60,0.004841,0.009195,0.1704,2.776
0.005,lyap2,178,0.3999,0.1449,0.500000,2.500000,1,0,5.232,0.009999,0.39050,0.14147,0.001277,0,721.07,2.44,0.94,357.77,0.002435,0.004619,0.1213,2.072
0.005,lyap2,179,-0.3922,0.5944,0.500000,2.500000,1,0,6.683,0.009998,-0.38794,0.58542,0.001280,0,913.40,23.68,42.82,396.12,0.023681,0.032519,0.5610,3.803
0.005,lyap2,180,0.1187,-0.5094,0.500000,2.500000,1,0,5.928,0.009989,0.11612,-0.49970,0.001268,0,807.96,6.99,10.48,388.26,0.006990,0.010349,0.2651,3.270
0.005,lyap2,181,0.2591,0.4505,0.500000,2.500000,1,0,5.785,0.009999,0.25409,0.44191,0.001270,0,769.55,5.82,3.39,377.02,0.005816,0.010597,0.2286,3.111
0.005,lyap2,182,-0.1886,-0.2921,0.500000,2.500000,1,0,5.621,0.009994,-0.18437,-0.28303,0.001274,0,936.52,12.53,44.88,413.98,0.012530,0.016494,0.3033,3.442
0.005,lyap2,183,0.1147,-0.5915,0.500000,2.500000,1,0,6.154,0.009994,0.11249,-0.58171,0.001269,0,801.88,7.99,11.13,383.82,0.007988,0.011672,0.3245,3.490
0.005,lyap2,184,0.3148,0.1334,0.500000,2.500000,1,0,4.923,0.009993,0.30559,0.12949,0.001272,0,718.14,2.39,0.98,356.30,0.002394,0.004413,0.0831,1.856
0.005,lyap2,185,0.2581,-0.2319,0.500000,2.500000,1,0,5.053,0.009992,0.25069,-0.22517,0.001275,0,739.33,3.74,0.80,366.06,0.003742,0.006952,0.1072,2.305
0.005,lyap2,186,-0.0058,-0.3736,0.500000,2.500000,1,0,5.536,0.009995,-0.00628,-0.36359,0.001276,0,850.98,6.40,21.38,399.31,0.006400,0.008546,0.2181,3.031
0.005,lyap2,187,0.6780,0.6485,0.500000,2.500000,1,0,6.540,0.009995,0.67082,0.64153,0.001278,0,643.24,7.58,1.35,314.59,0.007579,0.015989,0.5831,4.276
0.005,lyap2,188,0.1861,0.6801,0.500000,2.500000,1,0,6.354,0.009994,0.18322,0.67058,0.001274,0,770.61,8.57,8.72,370.15,0.008572,0.013296,0.3963,3.755
0.005,lyap2,189,0.5062,-0.1910,0.500000,2.500000,1,0,5.592,0.009987,0.49690,-0.18743,0.001275,0,715.16,2.96,1.52,353.84,0.002963,0.005800,0.1931,2.501
0.005,lyap2,190,0.3110,0.0827,0.500000,2.500000,1,0,4.805,0.009987,0.30137,0.08011,0.001270,0,708.64,1.56,1.03,352.12,0.001557,0.002834,0.0689,1.575
0.005,lyap2,191,0.2038,0.5088,0.500000,2.500000,1,0,5.928,0.009999,0.19993,0.49961,0.001268,0,783.66,6.59,6.12,380.77,0.006589,0.010926,0.2626,3.271
0.005,lyap2,192,0.1233,-0.0533,0.500000,2.500000,1,0,3.569,0.009988,0.11417,-0.04920,0.001272,0,616.54,1.45,6.84,300.34,0.001451,0.002309,0.0222,1.166
0.005,lyap2,193,-0.0796,-0.7824,0.500000,2.500000,1,0,6.672,0.010000,-0.07934,-0.77238,0.001280,0,809.63,12.55,22.36,373.04,0.012546,0.018270,0.5283,4.013
0.005,lyap2,194,0.2915,-0.1221,0.500000,2.500000,1,0,4.806,0.009998,0.28226,-0.11823,0.001270,0,713.87,2.26,1.26,353.99,0.002259,0.004116,0.0722,1.761
0.005,lyap2,195,-0.1019,0.1701,0.500000,2.500000,1,0,4.793,0.009995,-0.09797,0.16086,0.001270,0,874.92,7.09,43.74,388.40,0.007094,0.009264,0.2855,3.266
0.005,lyap2,196,0.4572,-0.2213,0.500000,2.500000,1,0,5.521,0.009989,0.44825,-0.21693,0.001276,0,723.53,3.43,1.43,357.76,0.003430,0.006680,0.1749,2.501
0.005,lyap2,197,0.1068,0.1660,0.500000,2.500000,1,0,4.343,0.009990,0.10133,0.15765,0.001273,0,709.88,3.09,2.83,349.79,0.003089,0.005124,0.0890,2.181
0.005,lyap2,198,0.6025,-0.0753,0.500000,2.500000,1,0,5.726,0.009987,0.59255,-0.07405,0.001272,0,693.83,1.17,0.74,345.30,0.001167,0.002303,0.2359,2.416
0.005,lyap2,199,0.0462,0.5396,0.500000,2.500000,1,0,6.042,0.009995,0.04484,0.52965,0.001268,0,826.71,7.93,14.98,392.43,0.007931,0.011006,0.2970,3.363
0.005,lyap2,200,0.1240,-0.0387,0.500000,2.500000,1,0,3.497,0.009994,0.11449,-0.03557,0.001272,0,601.64,1.09,4.81,295.19,0.001090,0.001723,0.0163,0.975
0.005,lyap2,201,0.4164,-0.5120,0.500000,2.500000,1,0,6.069,0.009987,0.41008,-0.50428,0.001268,0,727.90,6.32,0.05,359.16,0.006323,0.012592,0.3149,3.436
0.005,lyap2,202,-0.1230,0.4612,0.500000,2.500000,1,0,5.991,0.009991,-0.12133,0.45138,0.001268,0,887.09,10.03,29.01,407.01,0.010030,0.014457,0.3121,3.301
0.005,lyap2,203,0.4410,-0.4585,0.500000,2.500000,1,0,5.979,0.009991,0.43411,-0.45126,0.001268,0,727.69,5.88,0.87,358.57,0.005877,0.011810,0.2892,3.299
0.005,lyap2,204,0.2855,0.1293,0.500000,2.500000,1,0,4.801,0.009997,0.27640,0.12509,0.001270,0,714.84,2.38,1.28,354.35,0.002383,0.004340,0.0726,1.793
0.005,lyap2,205,0.3098,0.8479,0.500000,2.500000,1,0,6.684,0.009994,0.30616,0.83858,0.001280,0,705.53,9.82,6.85,338.55,0.009821,0.016512,0.5802,4.330
0.005,lyap2,206,0.7544,0.5438,0.500000,2.500000,1,0,6.475,0.009987,0.74629,0.53793,0.001277,0,637.18,6.72,2.22,311.33,0.006720,0.014151,0.5672,4.152
0.005,lyap2,207,0.2818,0.3011,0.500000,2.500000,1,0,5.343,0.009988,0.27495,0.29384,0.001278,0,752.03,4.42,1.38,371.33,0.004417,0.008378,0.1452,2.602
0.005,lyap2,208,0.4930,0.1739,0.500000,2.500000,1,0,5.536,0.009991,0.48361,0.17053,0.001276,0,715.94,2.74,1.38,354.54,0.002739,0.005334,0.1799,2.407
0.005,lyap2,209,0.3355,-0.5061,0.500000,2.500000,1,0,5.988,0.009988,0.32995,-0.49781,0.001268,0,748.84,6.27,1.57,368.14,0.006271,0.011990,0.2825,3.333
0.005,lyap2,210,0.2506,-0.7408,0.500000,2.500000,1,0,6.481,0.009997,0.24717,-0.73140,0.001277,0,743.37,8.93,7.16,357.83,0.008929,0.014578,0.4587,3.967
0.005,lyap2,211,0.5757,-0.1236,0.500000,2.500000,1,0,5.690,0.009988,0.56592,-0.12144,0.001272,0,700.76,1.92,1.16,347.79,0.001916,0.003773,0.2232,2.470
0.005,lyap2,212,0.1789,0.4176,0.500000,2.500000,1,0,5.640,0.009987,0.17484,0.40844,0.001274,0,790.42,5.66,6.74,384.22,0.005663,0.009423,0.2028,3.001
0.005,lyap2,213,0.3431,0.9019,0.500000,2.500000,1,0,6.777,0.009998,0.33934,0.89260,0.001279,0,683.67,10.25,6.69,327.46,0.010254,0.017507,0.6498,4.523
0.005,lyap2,214,0.4497,-0.0405,0.500000,2.500000,1,0,5.284,0.009996,0.43972,-0.03961,0.001278,0,710.38,0.69,0.35,354.32,0.000689,0.001310,0.1294,1.793
0.005,lyap2,215,-0.0738,-0.8147,0.500000,2.500000,1,0,6.727,0.009990,-0.07366,-0.80467,0.001279,0,799.84,12.82,22.05,368.25,0.012816,0.018668,0.5578,4.100
0.005,lyap2,216,-0.0007,-0.2767,0.500000,2.500000,1,0,5.090,0.009995,-0.00129,-0.26673,0.001275,0,833.24,5.02,22.55,390.30,0.005024,0.006542,0.1820,2.852
0.005,lyap2,217,0.1157,-0.0892,0.500000,2.500000,1,0,3.767,0.009989,0.10789,-0.08295,0.001275,0,653.17,2.18,10.41,314.54,0.002184,0.003530,0.0440,1.589
0.005,lyap2,218,0.2996,0.3432,0.500000,2.500000,1,0,5.504,0.009995,0.29305,0.33564,0.001276,0,754.07,4.81,1.25,372.18,0.004808,0.009203,0.1713,2.767
0.005,lyap2,219,0.1075,0.0912,0.500000,2.500000,1,0,3.734,0.009987,0.10002,0.08460,0.001275,0,651.06,2.24,10.68,313.17,0.002243,0.003603,0.0485,1.642
0.005,lyap2,220,-0.1180,0.5028,0.500000,2.500000,1,0,6.097,0.009989,-0.11660,0.49293,0.001268,0,879.09,10.29,27.40,404.43,0.010293,0.014883,0.3313,3.371
0.005,lyap2,221,-0.0384,-0.1602,0.500000,2.500000,1,0,4.429,0.009989,-0.03694,-0.15035,0.001271,0,785.12,3.96,22.35,367.24,0.003959,0.005189,0.2217,2.881
0.005,lyap2,222,0.6916,-0.2139,0.500000,2.500000,1,0,6.011,0.009997,0.68209,-0.21090,0.001268,0,677.04,3.09,1.86,334.35,0.003085,0.006242,0.3394,3.081
0.005,lyap2,223,-0.0588,0.1179,0.500000,2.500000,1,0,4.186,0.009989,-0.05543,0.10853,0.001275,0,766.58,4.15,24.02,356.16,0.004152,0.005619,0.2713,3.106
0.005,lyap2,224,-0.0745,-0.3129,0.500000,2.500000,1,0,5.400,0.009991,-0.07310,-0.30300,0.001277,0,879.67,6.91,31.49,403.17,0.006905,0.009645,0.2302,3.044
0.005,lyap2,225,-0.1780,-0.3364,0.500000,2.500000,1,0,5.729,0.009996,-0.17437,-0.32702,0.001272,0,925.29,11.92,40.30,413.41,0.011917,0.016094,0.3002,3.273
0.005,lyap2,226,0.6911,0.0578,0.500000,2.500000,1,0,5.920,0.009999,0.68115,0.05694,0.001268,0,673.87,0.86,0.56,335.72,0.000864,0.001732,0.3080,2.679
0.005,lyap2,227,0.2381,-0.1180,0.500000,2.500000,1,0,4.569,0.009995,0.22918,-0.11351,0.001270,0,705.75,2.30,2.52,348.63,0.002303,0.004095,0.0573,1.682
0.005,lyap2,228,0.1519,0.8000,0.500000,2.500000,1,0,6.603,0.010000,0.14970,0.79021,0.001279,0,755.53,10.14,11.53,358.63,0.010141,0.015107,0.5083,4.084
0.005,lyap2,229,0.1294,-0.0464,0.500000,2.500000,1,0,3.587,0.009991,0.12005,-0.04290,0.001273,0,615.93,1.26,6.05,300.97,0.001262,0.002013,0.0194,1.071
0.005,lyap2,230,0.0091,0.7864,0.500000,2.500000,1,0,6.627,0.009997,0.00839,0.77647,0.001279,0,790.91,11.33,17.82,369.14,0.011330,0.016097,0.5084,4.015
0.005,lyap2,231,0.7804,-0.0773,0.500000,2.500000,1,0,6.104,0.009995,0.77041,-0.07626,0.001268,0,650.78,1.12,0.70,323.85,0.001116,0.002269,0.3948,3.036
0.005,lyap2,232,0.1448,0.2357,0.500000,2.500000,1,0,4.844,0.009988,0.13942,0.22730,0.001271,0,753.01,3.77,4.41,369.27,0.003770,0.006509,0.1084,2.410
0.005,lyap2,233,0.0215,0.4271,0.500000,2.500000,1,0,5.708,0.009990,0.02047,0.41715,0.001272,0,841.39,6.77,17.73,397.88,0.006768,0.009161,0.2348,3.113
0.005,lyap2,234,-0.0409,-0.1955,0.500000,2.500000,1,0,4.695,0.009996,-0.03974,-0.18552,0.001270,0,820.98,4.52,27.48,379.62,0.004519,0.005982,0.2150,2.888
0.005,lyap2,235,0.4958,-0.7270,0.500000,2.500000,1,0,6.534,0.009987,0.49011,-0.71878,0.001278,0,679.32,8.17,1.23,332.30,0.008170,0.016318,0.5310,4.188
0.005,lyap2,236,0.8988,-0.2304,0.500000,2.500000,1,0,6.372,0.009995,0.88910,-0.22786,0.001274,0,613.40,3.14,1.67,302.67,0.003135,0.006515,0.5555,3.763
0.005,lyap2,237,0.0532,-0.4550,0.500000,2.500000,1,0,5.781,0.009996,0.05163,-0.44513,0.001270,0,830.11,6.81,14.90,395.05,0.006810,0.009423,0.2418,3.155
0.005,lyap2,238,0.1776,-0.1698,0.500000,2.500000,1,0,4.560,0.009989,0.17039,-0.16290,0.001270,0,716.37,3.12,1.86,353.99,0.003116,0.005486,0.0733,2.032
0.005,lyap2,239,0.4213,0.3347,0.500000,2.500000,1,0,5.678,0.009993,0.41349,0.32848,0.001273,0,733.94,4.75,1.16,362.25,0.004754,0.009378,0.2078,2.857
0.005,lyap2,240,0.3769,-0.3379,0.500000,2.500000,1,0,5.610,0.009994,0.36946,-0.33116,0.001274,0,740.25,4.78,0.50,366.04,0.004784,0.009363,0.1913,2.812
0.005,lyap2,241,0.2876,0.6481,0.500000,2.500000,1,0,6.294,0.009992,0.28337,0.63907,0.001272,0,748.62,7.81,4.68,363.77,0.007808,0.013575,0.3817,3.722
0.005,lyap2,242,-0.2242,-0.5692,0.500000,2.500000,1,0,6.397,0.009989,-0.22155,-0.55957,0.001275,0,892.45,14.94,33.40,401.62,0.014936,0.021501,0.4271,3.579
0.005,lyap2,243,0.2114,0.6827,0.500000,2.500000,1,0,6.359,0.009995,0.20814,0.67328,0.001274,0,763.63,8.47,7.77,367.69,0.008474,0.013477,0.4004,3.774
0.005,lyap2,244,0.3551,-0.4475,0.500000,2.500000,1,0,5.860,0.009987,0.34890,-0.43970,0.001269,0,745.66,5.75,0.57,367.95,0.005749,0.011223,0.2486,3.165
0.005,lyap2,245,-0.0902,0.2305,0.500000,2.500000,1,0,5.065,0.009991,-0.08764,0.22089,0.001275,0,880.81,6.63,38.63,396.80,0.006628,0.009175,0.2483,3.040
0.005,lyap2,246,0.3024,-0.0595,0.500000,2.500000,1,0,4.731,0.009998,0.29258,-0.05758,0.001270,0,703.26,1.15,0.95,349.81,0.001149,0.002075,0.0616,1.425
0.005,lyap2,247,0.0963,-0.5319,0.500000,2.500000,1,0,5.999,0.009988,0.09413,-0.52211,0.001268,0,813.00,7.41,11.86,389.09,0.007409,0.010671,0.2831,3.332
0.005,lyap2,248,0.6870,-0.3791,0.500000,2.500000,1,0,6.182,0.009992,0.67827,-0.37425,0.001270,0,673.90,5.10,2.47,330.66,0.005098,0.010488,0.4046,3.534
0.005,lyap2,249,0.6621,-0.5816,0.500000,2.500000,1,0,6.430,0.009996,0.65465,-0.57500,0.001276,0,659.26,7.03,1.76,322.59,0.007031,0.014730,0.5161,4.055
0.005,lyap2,250,-0.1159,-0.8802,0.500000,2.500000,1,0,6.864,0.009999,-0.11539,-0.87023,0.001277,0,787.49,14.33,24.06,358.94,0.014328,0.021229,0.6402,4.293
0.005,lyap2,251,0.1278,0.4828,0.500000,2.500000,1,0,5.846,0.009995,0.12496,0.47324,0.001269,0,806.27,6.62,9.87,388.30,0.006625,0.009976,0.2467,3.197
0.005,lyap2,252,-0.4713,-0.6876,0.500000,2.500000,1,0,6.922,0.009995,-0.46688,-0.67861,0.001276,0,890.75,27.71,44.26,380.33,0.027713,0.038384,0.6919,4.064
0.005,lyap2,253,0.0785,-0.2458,0.500000,2.500000,1,0,4.852,0.009993,0.07517,-0.23639,0.001271,0,778.06,4.01,10.45,375.56,0.004014,0.006018,0.1323,2.587
0.005,lyap2,254,0.1938,-0.0414,0.500000,2.500000,1,0,4.089,0.009996,0.18405,-0.03924,0.001276,0,662.39,0.96,3.41,327.06,0.000958,0.001617,0.0269,1.058
0.005,lyap2,255,0.2595,0.6392,0.500000,2.500000,1,0,6.268,0.009989,0.25553,0.63002,0.001272,0,757.32,7.80,5.46,367.34,0.007805,0.013215,0.3689,3.676
0.005,lyap2,256,-0.1225,-0.6050,0.500000,2.500000,1,0,6.350,0.009989,-0.12139,-0.59505,0.001274,0,861.12,11.50,25.89,396.05,0.011496,0.016776,0.3977,3.586
0.005,lyap2,257,-0.2557,-0.7313,0.500000,2.500000,1,0,6.735,0.009991,-0.25341,-0.72160,0.001279,0,854.41,17.10,32.43,381.95,0.017100,0.025294,0.5646,3.963
0.005,lyap2,258,0.9286,-0.2665,0.500000,2.500000,1,0,6.437,0.009998,0.91905,-0.26373,0.001276,0,601.74,3.57,1.81,296.38,0.003574,0.007467,0.6027,3.938
0.005,lyap2,259,-0.1529,0.2949,0.500000,2.500000,1,0,5.527,0.009993,-0.14939,0.28551,0.001276,0,919.97,10.40,41.49,410.70,0.010402,0.014008,0.2792,3.225
0.005,lyap2,260,-0.5134,-0.8404,0.500000,2.500000,1,0,7.156,0.009997,-0.50941,-0.83126,0.001269,0,839.61,29.79,42.67,354.79,0.029794,0.042062,0.8620,4.472
0.005,lyap2,261,0.1135,0.7021,0.500000,2.500000,1,0,6.414,0.009996,0.11149,0.69228,0.001276,0,785.24,9.30,12.15,373.50,0.009297,0.013525,0.4160,3.793
0.005,lyap2,262,0.1363,0.0233,0.500000,2.500000,1,0,3.566,0.009990,0.12644,0.02151,0.001272,0,604.72,0.64,3.07,298.81,0.000644,0.001026,0.0133,0.778
0.005,lyap2,263,0.6920,-0.4273,0.500000,2.500000,1,0,6.251,0.009988,0.68355,-0.42199,0.001271,0,669.07,5.61,2.46,327.87,0.005605,0.011599,0.4356,3.683
0.005,lyap2,264,0.2765,0.2692,0.500000,2.500000,1,0,5.226,0.009987,0.26939,0.26220,0.001277,0,746.85,4.11,1.11,369.23,0.004113,0.007753,0.1282,2.471
0.005,lyap2,265,0.2175,0.3285,0.500000,2.500000,1,0,5.347,0.010000,0.21189,0.32016,0.001278,0,769.54,4.66,4.05,377.23,0.004656,0.008480,0.1521,2.702
0.005,lyap2,266,0.5969,-0.4234,0.500000,2.500000,1,0,6.115,0.009994,0.58877,-0.41760,0.001269,0,695.18,5.60,2.27,341.12,0.005598,0.011461,0.3590,3.459
0.005,lyap2,267,0.0093,-0.2934,0.500000,2.500000,1,0,5.162,0.009997,0.00838,-0.28342,0.001276,0,832.90,5.14,21.19,391.41,0.005136,0.006736,0.1798,2.859
0.005,lyap2,268,-0.0703,-0.4002,0.500000,2.500000,1,0,5.722,0.009990,-0.06937,-0.39028,0.001272,0,875.80,7.85,26.71,405.30,0.007846,0.011018,0.2583,3.152
0.005,lyap2,269,-0.1298,0.8148,0.500000,2.500000,1,0,6.766,0.009987,-0.12902,0.80486,0.001279,0,809.67,13.92,24.92,369.48,0.013916,0.020617,0.5782,4.115
0.005,lyap2,270,0.3659,0.1527,0.500000,2.500000,1,0,5.140,0.009992,0.35671,0.14881,0.001276,0,722.74,2.60,0.86,358.56,0.002602,0.004895,0.1083,2.038
0.005,lyap2,271,0.1731,0.7224,0.500000,2.500000,1,0,6.446,0.009990,0.17041,0.71275,0.001276,0,766.64,9.12,9.77,366.71,0.009122,0.013894,0.4338,3.870
0.005,lyap2,272,-0.1537,-0.3882,0.500000,2.500000,1,0,5.832,0.009994,-0.15100,-0.37854,0.001269,0,908.13,10.68,34.83,411.22,0.010683,0.015104,0.2989,3.228
0.005,lyap2,273,0.3157,0.8481,0.500000,2.500000,1,0,6.685,0.009994,0.31197,0.83885,0.001280,0,703.96,9.80,6.69,337.93,0.009801,0.016558,0.5820,4.336
0.005,lyap2,274,-0.0314,-0.5603,0.500000,2.500000,1,0,6.153,0.009997,-0.03153,-0.55025,0.001269,0,845.94,9.14,20.11,396.01,0.009143,0.012746,0.3319,3.440
0.005,lyap2,275,0.8578,-0.3810,0.500000,2.500000,1,0,6.425,0.009990,0.84873,-0.37693,0.001276,0,620.25,5.00,2.33,304.04,0.005002,0.010468,0.5714,3.993
0.005,lyap2,276,0.1279,-0.9419,0.500000,2.500000,1,0,6.857,0.009995,0.12615,-0.93207,0.001277,0,723.70,11.94,13.86,339.04,0.011935,0.017551,0.6637,4.494
0.005,lyap2,277,0.3437,0.3660,0.500000,2.500000,1,0,5.633,0.009993,0.33691,0.35874,0.001274,0,746.62,5.03,0.29,369.25,0.005028,0.009793,0.1957,2.880
0.005,lyap2,278,0.4443,0.0492,0.500000,2.500000,1,0,5.271,0.009992,0.43440,0.04805,0.001278,0,711.19,0.84,0.42,354.55,0.000838,0.001591,0.1271,1.806
0.005,lyap2,279,0.5094,-0.5381,0.500000,2.500000,1,0,6.209,0.009991,0.50254,-0.53083,0.001270,0,705.14,6.58,1.05,346.59,0.006582,0.013461,0.3795,3.647
0.005,lyap2,280,0.6178,0.6921,0.500000,2.500000,1,0,6.556,0.009991,0.61111,0.68462,0.001279,0,651.61,7.89,0.55,319.34,0.007888,0.016491,0.5753,4.285
0.005,lyap2,281,-0.0121,0.1057,0.500000,2.500000,1,0,3.762,0.009991,-0.01139,0.09577,0.001275,0,665.79,2.69,4.34,326.54,0.002687,0.003244,0.2010,2.726
0.005,lyap2,282,0.5679,0.2579,0.500000,2.500000,1,0,5.818,0.010000,0.55883,0.25366,0.001270,0,706.30,3.78,2.02,348.29,0.003778,0.007542,0.2571,2.878
0.005,lyap2,283,0.2760,0.1287,0.500000,2.500000,1,0,4.762,0.009997,0.26696,0.12448,0.001270,0,713.73,2.39,1.42,353.65,0.002393,0.004342,0.0698,1.779
0.005,lyap2,284,0.4500,0.3983,0.500000,2.500000,1,0,5.862,0.009995,0.44251,0.39168,0.001269,0,728.88,5.36,1.31,359.11,0.005359,0.010722,0.2562,3.116
0.005,lyap2,285,0.4344,0.0610,0.500000,2.500000,1,0,5.245,0.009995,0.42446,0.05956,0.001277,0,712.29,1.04,0.51,354.85,0.001044,0.001977,0.1227,1.817
0.005,lyap2,286,0.2625,-0.1936,0.500000,2.500000,1,0,4.926,0.009991,0.25446,-0.18766,0.001272,0,728.09,3.31,0.21,361.35,0.003310,0.006095,0.0911,2.122
0.005,lyap2,287,0.4951,-0.4703,0.500000,2.500000,1,0,6.066,0.009990,0.48792,-0.46335,0.001268,0,715.62,6.01,1.41,351.89,0.006007,0.012206,0.3242,3.416
0.005,lyap2,288,-0.0609,0.1904,0.500000,2.500000,1,0,4.734,0.009987,-0.05887,0.18064,0.001270,0,838.53,5.01,32.63,382.88,0.005007,0.006852,0.2355,2.963
0.005,lyap2,289,0.4627,-0.5742,0.500000,2.500000,1,0,6.236,0.009987,0.45643,-0.56647,0.001271,0,710.63,6.86,0.13,350.04,0.006864,0.013830,0.3823,3.687
0.005,lyap2,290,-0.2671,0.5113,0.500000,2.500000,1,0,6.342,0.009996,-0.26357,0.50197,0.001274,0,915.85,17.04,37.91,407.23,0.017045,0.023562,0.4220,3.510
0.005,lyap2,291,-0.1914,0.4290,0.500000,2.500000,1,0,6.020,0.009988,-0.18839,0.41945,0.001268,0,914.08,12.83,35.77,411.65,0.012835,0.017905,0.3366,3.316
0.005,lyap2,292,0.3585,0.0772,0.500000,2.500000,1,0,4.989,0.009999,0.34876,0.07506,0.001273,0,712.39,1.39,0.69,354.46,0.001395,0.002583,0.0872,1.664
0.005,lyap2,293,0.0225,0.1187,0.500000,2.500000,1,0,3.814,0.009995,0.02047,0.10895,0.001276,0,666.23,2.64,4.46,326.68,0.002639,0.003553,0.1457,2.438
0.005,lyap2,294,0.4545,0.0289,0.500000,2.500000,1,0,5.296,0.009988,0.44452,0.02823,0.001278,0,709.59,0.49,0.25,354.17,0.000490,0.000933,0.1314,1.769
0.005,lyap2,295,-0.0097,-0.2389,0.500000,2.500000,1,0,4.893,0.009988,-0.00999,-0.22892,0.001272,0,822.81,4.61,23.21,384.74,0.004611,0.005937,0.1850,2.819
0.005,lyap2,296,-0.0414,-0.4969,0.500000,2.500000,1,0,5.989,0.009994,-0.04123,-0.48689,0.001268,0,857.20,8.51,21.59,400.62,0.008509,0.011821,0.2953,3.306
0.005,lyap2,297,-0.4635,-0.8276,0.500000,2.500000,1,0,7.090,0.009991,-0.45979,-0.81835,0.001271,0,843.02,27.34,40.91,360.10,0.027337,0.038756,0.8042,4.385
0.005,lyap2,298,-0.1078,-0.2116,0.500000,2.500000,1,0,5.035,0.009993,-0.10444,-0.20221,0.001274,0,891.73,7.53,42.97,397.25,0.007526,0.010088,0.2693,3.161
0.005,lyap2,299,0.1967,0.7699,0.500000,2.500000,1,0,6.539,0.009999,0.19396,0.76032,0.001278,0,751.22,9.52,9.45,359.03,0.009517,0.014713,0.4805,4.019
0.02,ours_bptt,0,-0.4828,-0.7608,0.942736,2.990940,1,0,3.266,0.009949,-0.47417,-0.75573,0.004176,0,235.01,60.44,60.93,11.25,0.060442,0.081245,1.5659,6.549
0.02,ours_bptt,1,0.3886,-0.1909,0.764456,2.966431,1,0,2.676,0.009971,0.38017,-0.18553,0.009469,0,291.95,7.82,24.55,115.56,0.007817,0.010379,0.2217,3.072
0.02,ours_bptt,2,0.1373,-0.1241,0.753711,2.948435,1,0,2.203,0.009989,0.12868,-0.11896,0.007861,0,486.55,7.11,83.65,154.30,0.007106,0.008684,0.0917,2.308
0.02,ours_bptt,3,0.5235,0.3075,0.774782,2.974229,1,0,2.892,0.009969,0.51597,0.30094,0.007591,0,172.57,11.37,1.20,76.56,0.011369,0.015376,0.4352,4.100
0.02,ours_bptt,4,0.3315,0.9345,0.861521,2.993594,1,0,3.184,0.009993,0.33219,0.92450,0.004179,0,213.73,32.24,54.06,28.62,0.032239,0.040985,1.3205,6.924
0.02,ours_bptt,5,0.3231,-0.0585,0.758382,2.959751,1,0,2.435,0.009972,0.31325,-0.05672,0.004357,0,298.33,2.74,19.23,127.89,0.002736,0.003543,0.1192,2.040
0.02,ours_bptt,6,-0.0850,0.5502,0.874156,2.978816,1,0,3.095,0.009955,-0.07926,0.54201,0.006148,0,314.60,22.64,26.16,114.16,0.022644,0.031248,0.6226,4.771
0.02,ours_bptt,7,-0.0720,-0.5823,0.875241,2.989513,1,0,3.105,0.009994,-0.06653,-0.57391,0.007009,0,307.50,23.52,31.35,104.76,0.023516,0.032133,0.6584,4.916
0.02,ours_bptt,8,0.3960,-0.5209,0.798478,2.982715,1,0,3.031,0.009987,0.39257,-0.51153,0.006564,0,215.38,18.40,19.94,73.95,0.018399,0.024054,0.5509,4.800
0.02,ours_bptt,9,0.3685,0.3828,0.779154,2.971864,1,0,2.912,0.009970,0.36363,0.37411,0.007293,0,232.00,14.15,0.55,104.84,0.014152,0.018639,0.3648,4.038
0.02,ours_bptt,10,0.1283,0.2512,0.770993,2.956847,1,0,2.647,0.009997,0.12536,0.24164,0.004331,0,475.21,10.88,64.98,164.47,0.010881,0.013425,0.1930,3.184
0.02,ours_bptt,11,0.2440,0.2446,0.763622,2.958522,1,0,2.658,0.009985,0.23807,0.23651,0.009307,0,392.59,10.28,44.70,143.89,0.010281,0.013262,0.1830,3.102
0.02,ours_bptt,12,0.6768,0.6211,0.810180,2.988567,1,0,3.091,0.009946,0.67161,0.61260,0.004197,0,113.11,21.40,28.10,12.40,0.021396,0.028816,1.0374,6.096
0.02,ours_bptt,13,0.7407,-0.0375,0.783046,2.981599,1,0,2.867,0.009999,0.73072,-0.03674,0.004258,0,56.91,1.39,0.29,27.12,0.001393,0.001912,0.6556,4.117
0.02,ours_bptt,14,0.1895,0.9012,0.870512,2.992625,1,0,3.186,0.009968,0.19173,0.89147,0.004179,0,164.47,31.69,54.75,3.71,0.031693,0.040243,1.1921,6.595
0.02,ours_bptt,15,0.3282,0.2784,0.766475,2.963933,1,0,2.766,0.009953,0.32196,0.27065,0.008581,0,312.76,10.99,22.82,125.31,0.010994,0.014465,0.2429,3.405
0.02,ours_bptt,16,0.4229,-0.6724,0.820854,2.989136,1,0,3.106,0.009951,0.42064,-0.66266,0.004194,0,169.26,23.25,34.60,32.59,0.023251,0.030156,0.8129,5.643
0.02,ours_bptt,17,-0.0535,-0.6259,0.875539,2.990744,1,0,3.122,0.009987,-0.04837,-0.61728,0.006832,0,294.04,24.65,36.44,92.09,0.024654,0.033271,0.7103,5.113
0.02,ours_bptt,18,0.5135,-0.1699,0.771153,2.973060,1,0,2.760,0.009952,0.50447,-0.16578,0.004287,0,204.23,6.65,10.67,86.47,0.006645,0.008962,0.3388,3.436
0.02,ours_bptt,19,-0.1027,-0.2139,0.843626,2.968687,1,0,2.787,0.009969,-0.09583,-0.20665,0.004305,0,572.98,12.27,84.09,193.20,0.012268,0.017387,0.3937,3.690
0.02,ours_bptt,20,0.5724,0.0126,0.772358,2.974524,1,0,2.749,0.009968,0.56248,0.01227,0.004289,0,151.06,0.49,0.80,74.36,0.000492,0.000667,0.3789,3.102
0.02,ours_bptt,21,-0.2534,-0.7892,0.916535,2.993729,1,0,3.221,0.009949,-0.24630,-0.78226,0.004172,0,234.30,37.73,56.88,31.97,0.037731,0.055984,1.2151,6.200
0.02,ours_bptt,22,0.1756,0.0811,0.753186,2.947710,1,0,2.125,0.009983,0.16602,0.07841,0.004363,0,396.28,4.76,50.78,143.79,0.004762,0.005861,0.0557,1.827
0.02,ours_bptt,23,-0.1826,-0.5070,0.895091,2.987113,1,0,3.100,0.009956,-0.17525,-0.50026,0.007172,0,329.98,25.45,25.09,120.81,0.025445,0.037261,0.6676,4.725
0.02,ours_bptt,24,0.5281,0.1638,0.769945,2.972183,1,0,2.774,0.009979,0.51892,0.15989,0.004280,0,194.92,6.36,9.01,83.68,0.006360,0.008601,0.3527,3.465
0.02,ours_bptt,25,0.2533,-0.1131,0.755527,2.955307,1,0,2.377,0.009981,0.24408,-0.10928,0.009742,0,381.88,5.55,47.09,139.69,0.005553,0.007070,0.0960,2.214
0.02,ours_bptt,26,-0.0698,0.1000,0.808039,2.949930,1,0,2.429,0.009989,-0.06571,0.09082,0.004358,0,805.03,7.84,199.03,197.60,0.007837,0.010100,0.4341,3.865
0.02,ours_bptt,27,0.3040,0.0277,0.756651,2.957303,1,0,2.379,0.009994,0.29405,0.02681,0.004363,0,283.68,1.34,10.52,130.31,0.001340,0.001720,0.1010,1.749
0.02,ours_bptt,28,0.2958,-0.8584,0.856666,2.994087,1,0,3.164,0.009998,0.29657,-0.84843,0.004182,0,147.35,29.81,49.94,1.38,0.029812,0.037767,1.1194,6.456
0.02,ours_bptt,29,0.3034,0.1431,0.757799,2.957491,1,0,2.513,0.009996,0.29459,0.13848,0.009743,0,355.09,6.43,39.64,133.08,0.006431,0.008368,0.1361,2.541
0.02,ours_bptt,30,-0.0517,-0.6699,0.879432,2.991847,1,0,3.140,0.009995,-0.04667,-0.66132,0.006508,0,278.99,26.15,41.22,78.66,0.026146,0.035370,0.7820,5.336
0.02,ours_bptt,31,0.5492,0.3284,0.777753,2.976079,1,0,2.917,0.009974,0.54177,0.32172,0.007887,0,157.02,12.01,1.86,67.64,0.012015,0.016276,0.4845,4.290
0.02,ours_bptt,32,-0.2470,-0.5392,0.910102,2.988058,1,0,3.137,0.009960,-0.23904,-0.53326,0.006806,0,326.53,32.04,33.52,105.72,0.032038,0.045350,0.7873,4.981
0.02,ours_bptt,33,0.0352,0.9500,0.887551,2.992608,1,0,3.224,0.009934,0.03913,0.94085,0.004175,0,193.94,34.47,60.80,10.32,0.034470,0.045607,1.3321,6.818
0.02,ours_bptt,34,0.0707,-0.1224,0.758236,2.946998,1,0,2.141,0.010000,0.06316,-0.11583,0.007172,0,553.54,7.71,107.83,163.16,0.007711,0.009142,0.1470,2.598
0.02,ours_bptt,35,0.4590,0.2294,0.766979,2.968760,1,0,2.785,0.009989,0.45077,0.22371,0.007834,0,235.91,8.89,12.69,98.59,0.008893,0.011954,0.3079,3.498
0.02,ours_bptt,36,-0.1107,0.4644,0.873670,2.973227,1,0,3.050,0.009975,-0.10429,0.45673,0.006453,0,327.10,20.42,11.19,137.04,0.020424,0.028961,0.5432,4.426
0.02,ours_bptt,37,0.1172,0.8775,0.875029,2.991866,1,0,3.189,0.009945,0.12018,0.86798,0.004178,0,174.54,31.31,54.72,9.06,0.031313,0.040118,1.1352,6.424
0.02,ours_bptt,38,-0.1887,-0.6828,0.903146,2.992199,1,0,3.176,0.009958,-0.18188,-0.67549,0.004180,0,278.62,30.73,46.70,69.56,0.030729,0.045406,0.9291,5.553
0.02,ours_bptt,39,0.8660,-0.0873,0.790823,2.985454,1,0,2.931,0.009980,0.85613,-0.08584,0.004241,0,29.97,3.17,1.07,11.54,0.003167,0.004371,0.9209,4.951
0.02,ours_bptt,40,0.3463,-0.5640,0.808433,2.984912,1,0,3.053,0.009984,0.34410,-0.55425,0.006536,0,225.95,19.87,24.54,73.53,0.019869,0.025606,0.5819,4.932
0.02,ours_bptt,41,0.1016,-0.3385,0.791323,2.970716,1,0,2.845,0.009982,0.10179,-0.32853,0.004294,0,391.39,13.40,26.22,159.43,0.013399,0.016303,0.2790,3.642
0.02,ours_bptt,42,-0.2362,-0.3342,0.900510,2.979475,1,0,3.042,0.009972,-0.22731,-0.32968,0.007579,0,365.00,28.12,1.83,159.58,0.028122,0.037324,0.5863,4.320
0.02,ours_bptt,43,0.8826,0.0070,0.791420,2.985747,1,0,2.932,0.009955,0.87261,0.00691,0.004241,0,31.97,0.25,0.09,15.71,0.000255,0.000352,0.9492,4.865
0.02,ours_bptt,44,0.1563,-0.4355,0.803676,2.978439,1,0,2.958,0.009982,0.15627,-0.42553,0.007482,0,296.40,16.24,2.96,133.06,0.016239,0.020098,0.3672,4.091
0.02,ours_bptt,45,0.0602,0.2535,0.783820,2.957374,1,0,2.680,0.009998,0.05989,0.24355,0.004322,0,511.72,11.09,72.57,174.97,0.011090,0.013208,0.2279,3.328
0.02,ours_bptt,46,0.3509,-0.8008,0.845128,2.992823,1,0,3.145,0.009966,0.35066,-0.79087,0.004186,0,148.64,27.72,45.05,8.48,0.027720,0.035310,1.0188,6.213
0.02,ours_bptt,47,-0.1504,-0.4231,0.882429,2.983405,1,0,3.038,0.009981,-0.14316,-0.41625,0.007727,0,336.13,21.03,6.70,145.59,0.021030,0.030627,0.5453,4.334
0.02,ours_bptt,48,0.3656,-0.0779,0.761192,2.963221,1,0,2.522,0.009951,0.35595,-0.07562,0.004344,0,284.87,3.45,19.08,120.76,0.003453,0.004532,0.1567,2.341
0.02,ours_bptt,49,-0.2992,-0.4212,0.916870,2.983455,1,0,3.118,0.009973,-0.29021,-0.41679,0.006795,0,359.15,36.28,22.12,130.24,0.036280,0.047998,0.7352,4.616
0.02,ours_bptt,50,0.7379,0.3254,0.787691,2.983123,1,0,2.972,0.009966,0.72955,0.31987,0.004226,0,62.05,11.63,7.35,14.95,0.011627,0.015959,0.7772,5.058
0.02,ours_bptt,51,0.2430,0.2287,0.761678,2.957279,1,0,2.624,0.009989,0.23665,0.22102,0.009471,0,400.82,9.79,48.49,144.58,0.009787,0.012623,0.1698,3.005
0.02,ours_bptt,52,-0.0147,-0.5282,0.856270,2.987050,1,0,3.062,0.009988,-0.01025,-0.51928,0.007259,0,315.78,20.66,21.74,120.66,0.020665,0.026712,0.5439,4.606
0.02,ours_bptt,53,0.0787,0.1072,0.755914,2.943116,1,0,2.051,0.009964,0.07025,0.10189,0.005575,0,502.36,7.15,88.57,157.25,0.007149,0.008528,0.1249,2.414
0.02,ours_bptt,54,-0.1562,0.9648,0.906433,2.991495,1,0,3.259,0.009954,-0.15056,0.95659,0.004177,0,218.24,38.16,64.32,16.18,0.038161,0.055794,1.5054,7.001
0.02,ours_bptt,55,-0.1446,-0.2073,0.861317,2.969775,1,0,2.849,0.009962,-0.13634,-0.20169,0.004292,0,553.48,16.06,70.74,193.95,0.016058,0.021907,0.4458,4.033
0.02,ours_bptt,56,0.7844,0.3256,0.790337,2.984554,1,0,2.983,0.009999,0.77590,0.32030,0.004224,0,35.70,11.59,8.10,1.05,0.011586,0.015937,0.8671,5.274
0.02,ours_bptt,57,0.2535,-0.6401,0.830157,2.988830,1,0,3.090,0.009975,0.25342,-0.63010,0.006028,0,235.59,22.60,32.90,67.94,0.022600,0.028474,0.6663,5.212
0.02,ours_bptt,58,0.3038,-0.4120,0.784945,2.975288,1,0,2.933,0.009984,0.30037,-0.40262,0.007339,0,254.16,15.17,2.05,113.65,0.015172,0.019636,0.3627,4.077
0.02,ours_bptt,59,0.7189,-0.3583,0.789477,2.983970,1,0,2.978,0.009998,0.71094,-0.35226,0.004225,0,69.84,12.79,8.67,16.66,0.012785,0.017503,0.7728,5.110
0.02,ours_bptt,60,0.1800,0.0264,0.752089,2.947505,1,0,2.022,0.009989,0.17004,0.02564,0.004337,0,309.05,1.64,15.65,137.65,0.001635,0.002006,0.0346,1.207
0.02,ours_bptt,61,-0.4251,0.6545,0.935423,2.976970,1,0,3.234,0.009996,-0.41635,0.64965,0.004206,0,282.01,52.82,51.18,50.21,0.052818,0.070640,1.2436,5.888
0.02,ours_bptt,62,0.5324,0.0722,0.769636,2.972199,1,0,2.726,0.009967,0.52262,0.07043,0.004295,0,184.41,2.86,5.72,84.34,0.002862,0.003864,0.3312,3.099
0.02,ours_bptt,63,-0.1463,-0.2830,0.870062,2.975189,1,0,2.926,0.009989,-0.13845,-0.27678,0.004280,0,456.58,17.27,36.18,179.15,0.017269,0.024623,0.4499,3.896
0.02,ours_bptt,64,0.5285,0.0914,0.769346,2.971929,1,0,2.731,0.009952,0.51876,0.08916,0.004293,0,189.86,3.62,7.03,85.19,0.003616,0.004883,0.3300,3.157
0.02,ours_bptt,65,0.2105,0.2530,0.765543,2.958062,1,0,2.662,0.009965,0.20552,0.24444,0.009283,0,413.68,10.68,48.99,149.85,0.010675,0.013627,0.1852,3.140
0.02,ours_bptt,66,-0.2321,0.7541,0.910398,2.985098,1,0,3.213,0.009957,-0.22515,0.74698,0.004183,0,248.79,35.23,52.86,45.11,0.035230,0.052270,1.1108,5.972
0.02,ours_bptt,67,0.1052,0.6538,0.852349,2.985804,1,0,3.106,0.009991,0.10778,0.64418,0.006310,0,263.80,23.80,35.40,78.65,0.023795,0.029839,0.6851,5.201
0.02,ours_bptt,68,0.5076,0.3617,0.778970,2.975654,1,0,2.929,0.009985,0.50096,0.35429,0.006606,0,175.50,13.19,3.26,74.60,0.013191,0.017767,0.4657,4.304
0.02,ours_bptt,69,-0.0513,0.1705,0.807639,2.952766,1,0,2.594,0.009970,-0.04766,0.16121,0.004336,0,674.15,9.38,135.47,194.57,0.009378,0.011466,0.3406,3.486
0.02,ours_bptt,70,-0.0982,0.3380,0.854279,2.965423,1,0,2.947,0.009954,-0.09177,0.33041,0.004265,0,409.85,15.86,23.19,169.84,0.015864,0.022134,0.4211,3.937
0.02,ours_bptt,71,-0.2987,-0.5024,0.918781,2.986400,1,0,3.144,0.009982,-0.29013,-0.49731,0.006627,0,339.32,37.15,32.40,109.40,0.037153,0.050273,0.8163,4.931
0.02,ours_bptt,72,-0.1503,0.3616,0.877012,2.967134,1,0,2.997,0.009993,-0.14282,0.35502,0.004254,0,373.88,19.33,11.23,161.22,0.019329,0.027980,0.4942,4.109
0.02,ours_bptt,73,-0.1360,0.7558,0.895278,2.986784,1,0,3.197,0.009997,-0.13014,0.74770,0.004181,0,249.17,30.70,50.68,50.89,0.030696,0.044446,1.0039,5.845
0.02,ours_bptt,74,0.2863,-0.1810,0.759469,2.960034,1,0,2.559,0.009974,0.27829,-0.17502,0.009735,0,374.25,7.95,44.66,136.50,0.007954,0.010341,0.1500,2.756
0.02,ours_bptt,75,0.2629,0.0381,0.754614,2.953835,1,0,2.291,0.009968,0.25300,0.03694,0.004368,0,309.25,1.96,17.86,135.29,0.001962,0.002482,0.0762,1.639
0.02,ours_bptt,76,-0.0879,0.1908,0.830895,2.956252,1,0,2.722,0.010000,-0.08177,0.18288,0.004311,0,623.07,10.93,107.23,196.11,0.010932,0.015010,0.3832,3.623
0.02,ours_bptt,77,0.1878,-0.1637,0.755637,2.953155,1,0,2.410,0.009960,0.18014,-0.15731,0.009527,0,463.92,8.03,73.33,152.61,0.008029,0.010093,0.1127,2.560
0.02,ours_bptt,78,0.3960,0.0616,0.761630,2.963898,1,0,2.560,0.009976,0.38619,0.05983,0.004335,0,260.02,2.67,12.79,115.22,0.002667,0.003524,0.1795,2.382
0.02,ours_bptt,79,0.1499,0.3328,0.782863,2.964617,1,0,2.823,0.009994,0.14850,0.32289,0.008209,0,380.60,13.13,27.12,153.34,0.013126,0.016274,0.2605,3.580
0.02,ours_bptt,80,0.4252,0.0139,0.763691,2.966277,1,0,2.584,0.009990,0.41518,0.01348,0.004330,0,224.12,0.59,2.54,109.08,0.000592,0.000785,0.2026,2.299
0.02,ours_bptt,81,-0.1576,0.2546,0.869500,2.961818,1,0,2.917,0.009972,-0.14942,0.24891,0.004271,0,488.36,18.06,45.89,184.75,0.018059,0.024874,0.4524,3.951
0.02,ours_bptt,82,-0.0686,-0.8309,0.894281,2.994634,1,0,3.198,0.009965,-0.06339,-0.82241,0.004175,0,214.89,31.99,55.47,27.98,0.031989,0.044227,1.1108,6.207
0.02,ours_bptt,83,0.4444,-0.8902,0.849407,2.994157,1,0,3.167,0.009950,0.44371,-0.88028,0.004182,0,207.71,30.51,49.44,31.53,0.030511,0.039223,1.2933,6.863
0.02,ours_bptt,84,0.2393,0.0573,0.754246,2.952229,1,0,2.250,0.009959,0.22945,0.05550,0.004369,0,339.35,3.04,29.38,138.01,0.003043,0.003821,0.0673,1.713
0.02,ours_bptt,85,-0.0699,0.1952,0.821898,2.955520,1,0,2.697,0.009976,-0.06468,0.18666,0.004316,0,623.26,10.52,109.11,194.63,0.010522,0.013697,0.3575,3.570
0.02,ours_bptt,86,0.7095,0.5152,0.801116,2.986543,1,0,3.048,0.009994,0.70306,0.50756,0.004207,0,70.69,17.97,19.78,2.09,0.017973,0.024423,0.9348,5.736
0.02,ours_bptt,87,-0.0494,-0.2016,0.813981,2.964490,1,0,2.672,0.009969,-0.04519,-0.19258,0.004325,0,615.26,10.31,107.77,192.13,0.010310,0.012748,0.3307,3.517
0.02,ours_bptt,88,0.0267,0.5306,0.846480,2.979204,1,0,3.057,0.009992,0.03023,0.52128,0.006457,0,309.72,20.20,20.53,119.18,0.020202,0.025457,0.5228,4.584
0.02,ours_bptt,89,0.5313,0.5599,0.802510,2.984609,1,0,3.058,0.009975,0.52680,0.55103,0.004204,0,148.02,19.52,23.75,35.62,0.019522,0.025989,0.7361,5.338
0.02,ours_bptt,90,-0.0457,0.0894,0.791456,2.947093,1,0,2.270,0.009994,-0.04509,0.07940,0.004365,0,787.44,6.94,198.96,189.55,0.006941,0.007972,0.4000,3.614
0.02,ours_bptt,91,-0.3348,-0.7215,0.926757,2.991979,1,0,3.220,0.009948,-0.32682,-0.71553,0.004173,0,262.33,44.04,54.55,43.59,0.044041,0.061901,1.2049,6.011
0.02,ours_bptt,92,-0.2539,0.6200,0.910624,2.979216,1,0,3.175,0.009970,-0.24627,0.61360,0.004183,0,299.62,33.90,41.56,82.83,0.033902,0.048942,0.9053,5.348
0.02,ours_bptt,93,0.1010,0.2482,0.774130,2.956487,1,0,2.646,0.009983,0.09892,0.23843,0.004330,0,495.93,10.86,70.66,169.17,0.010856,0.013206,0.2009,3.215
0.02,ours_bptt,94,0.8495,0.4720,0.803380,2.988508,1,0,3.044,0.009945,0.84205,0.46540,0.004210,0,130.25,16.48,17.05,35.72,0.016482,0.022618,1.1572,6.144
0.02,ours_bptt,95,0.1372,0.4237,0.804957,2.972355,1,0,2.946,0.009990,0.13748,0.41369,0.007155,0,302.12,15.96,1.24,137.85,0.015958,0.019645,0.3565,4.032
0.02,ours_bptt,96,0.4789,0.8183,0.837627,2.991766,1,0,3.152,0.009990,0.47722,0.80850,0.004185,0,163.88,27.99,44.28,16.66,0.027995,0.036284,1.1567,6.536
0.02,ours_bptt,97,-0.0656,0.3396,0.841833,2.965529,1,0,2.928,0.009968,-0.06008,0.33132,0.004269,0,412.94,15.08,25.09,170.06,0.015079,0.019916,0.3900,3.884
0.02,ours_bptt,98,0.6043,0.2287,0.776148,2.976722,1,0,2.867,0.009968,0.59551,0.22393,0.004254,0,138.75,8.52,2.49,60.49,0.008523,0.011611,0.4884,4.076
0.02,ours_bptt,99,-0.0616,-0.5886,0.873606,2.989668,1,0,3.106,0.009984,-0.05631,-0.58007,0.006985,0,305.43,23.52,31.96,103.11,0.023523,0.031858,0.6595,4.936
0.02,ours_bptt,100,0.6577,0.3184,0.782761,2.980212,1,0,2.946,0.009967,0.64964,0.31257,0.004232,0,104.94,11.50,5.02,38.82,0.011496,0.015710,0.6324,4.677
0.02,ours_bptt,101,0.7053,0.3527,0.787492,2.982521,1,0,2.977,0.009952,0.69741,0.34666,0.004224,0,79.13,12.58,8.44,21.69,0.012585,0.017232,0.7422,5.023
0.02,ours_bptt,102,-0.2611,-0.8069,0.917975,2.993934,1,0,3.227,0.009953,-0.25401,-0.79996,0.004171,0,226.20,38.73,58.20,25.85,0.038731,0.057473,1.2635,6.306
0.02,ours_bptt,103,-0.2565,-0.5607,0.912369,2.988700,1,0,3.148,0.009990,-0.24854,-0.55472,0.006688,0,320.40,33.38,36.50,98.67,0.033380,0.047213,0.8282,5.094
0.02,ours_bptt,104,-0.0062,-0.2025,0.792489,2.961389,1,0,2.605,0.009976,-0.00462,-0.19266,0.004336,0,609.81,9.85,110.17,187.35,0.009854,0.011456,0.2749,3.359
0.02,ours_bptt,105,0.1683,-0.1221,0.753162,2.949779,1,0,2.246,0.009967,0.15948,-0.11743,0.008280,0,457.82,6.69,73.22,150.67,0.006692,0.008274,0.0829,2.235
0.02,ours_bptt,106,0.1073,0.7657,0.865482,2.989401,1,0,3.153,0.009944,0.11021,0.75620,0.004185,0,223.62,27.58,46.48,44.65,0.027581,0.035014,0.8927,5.803
0.02,ours_bptt,107,0.2607,-0.0935,0.755300,2.955238,1,0,2.356,0.009960,0.25123,-0.09043,0.009467,0,362.33,4.64,39.90,137.78,0.004639,0.005902,0.0904,2.076
0.02,ours_bptt,108,0.2814,0.9272,0.864950,2.993357,1,0,3.185,0.009975,0.28267,0.91728,0.004179,0,198.72,32.17,54.61,20.62,0.032167,0.040799,1.2790,6.823
0.02,ours_bptt,109,0.5130,0.7951,0.833284,2.991425,1,0,3.145,0.009969,0.51077,0.78535,0.004186,0,158.62,27.19,42.25,16.67,0.027187,0.035450,1.1423,6.490
0.02,ours_bptt,110,0.4870,-0.3349,0.777309,2.975959,1,0,2.894,0.009980,0.48016,-0.32767,0.007897,0,185.70,12.40,1.21,82.34,0.012397,0.016662,0.4194,4.115
0.02,ours_bptt,111,0.2839,0.6459,0.826269,2.986017,1,0,3.098,0.009955,0.28333,0.63595,0.006275,0,226.63,22.64,33.55,62.79,0.022635,0.028684,0.6836,5.270
0.02,ours_bptt,112,0.3172,0.1950,0.759873,2.959451,1,0,2.620,0.009998,0.30925,0.18891,0.009539,0,347.29,8.27,36.51,130.93,0.008268,0.010847,0.1744,2.901
0.02,ours_bptt,113,0.3999,-0.0481,0.762919,2.965270,1,0,2.555,0.009978,0.38999,-0.04669,0.004337,0,251.38,2.09,10.09,114.04,0.002085,0.002754,0.1813,2.333
0.02,ours_bptt,114,0.0845,-0.3381,0.794456,2.971364,1,0,2.851,0.009958,0.08519,-0.32814,0.004293,0,396.60,13.44,26.52,161.70,0.013436,0.016264,0.2854,3.656
0.02,ours_bptt,115,0.2833,0.3617,0.778201,2.968350,1,0,2.870,0.009961,0.27945,0.35250,0.007648,0,291.25,13.70,9.82,125.53,0.013701,0.017727,0.3013,3.788
0.02,ours_bptt,116,-0.0960,-0.1708,0.834356,2.964373,1,0,2.697,0.009997,-0.08946,-0.16326,0.004320,0,652.36,10.75,119.66,198.45,0.010750,0.015117,0.4089,3.741
0.02,ours_bptt,117,0.1426,0.0149,0.751182,2.944619,1,0,1.845,0.009965,0.13269,0.01451,0.004345,0,280.76,1.05,6.09,133.50,0.001047,0.001272,0.0205,0.926
0.02,ours_bptt,118,0.2298,-0.1089,0.754372,2.953401,1,0,2.324,0.009989,0.22054,-0.10520,0.009252,0,396.79,5.56,51.81,142.42,0.005557,0.007010,0.0848,2.139
0.02,ours_bptt,119,0.3467,0.6367,0.820041,2.985888,1,0,3.091,0.009968,0.34517,0.62688,0.006495,0,207.77,22.22,31.93,55.29,0.022217,0.028491,0.6979,5.313
0.02,ours_bptt,120,0.1427,0.1849,0.759547,2.950293,1,0,2.443,0.009987,0.13653,0.17701,0.009710,0,509.54,9.02,86.85,161.15,0.009024,0.011174,0.1343,2.768
0.02,ours_bptt,121,0.9039,0.2691,0.795985,2.987295,1,0,2.987,0.009974,0.89475,0.26504,0.004226,0,90.61,9.57,6.76,31.36,0.009569,0.013221,1.0874,5.676
0.02,ours_bptt,122,0.6186,-0.7694,0.824620,2.991804,1,0,3.147,0.009941,0.61511,-0.76007,0.004186,0,180.20,26.12,39.69,30.82,0.026120,0.034632,1.2187,6.621
0.02,ours_bptt,123,0.1330,0.4410,0.809351,2.973644,1,0,2.964,0.009998,0.13361,0.43097,0.007026,0,298.78,16.52,2.62,134.38,0.016524,0.020332,0.3769,4.118
0.02,ours_bptt,124,0.3040,-0.5997,0.818492,2.986800,1,0,3.069,0.009984,0.30280,-0.58975,0.005300,0,231.14,21.14,28.25,71.47,0.021140,0.026924,0.6172,5.058
0.02,ours_bptt,125,0.8777,-0.3398,0.796602,2.987492,1,0,3.006,0.009993,0.86909,-0.33470,0.004220,0,95.36,12.00,9.88,28.80,0.011998,0.016554,1.0799,5.777
0.02,ours_bptt,126,0.4647,-0.7285,0.826602,2.990761,1,0,3.126,0.009975,0.46247,-0.71880,0.004190,0,134.70,25.03,38.42,10.16,0.025035,0.032561,0.9553,6.027
0.02,ours_bptt,127,-0.1434,-0.2996,0.870582,2.976225,1,0,2.939,0.009954,-0.13572,-0.29324,0.004278,0,437.95,17.35,30.16,175.81,0.017350,0.024920,0.4534,3.929
0.02,ours_bptt,128,0.7348,0.4244,0.794306,2.984950,1,0,3.014,0.009961,0.72745,0.41776,0.004215,0,58.31,14.96,13.55,4.39,0.014958,0.020457,0.8682,5.447
0.02,ours_bptt,129,-0.1202,-0.4211,0.872777,2.983018,1,0,3.024,0.009960,-0.11346,-0.41375,0.007794,0,333.67,19.36,4.28,148.03,0.019365,0.027808,0.5113,4.275
0.02,ours_bptt,130,0.0262,0.7331,0.870396,2.987900,1,0,3.159,0.009993,0.03006,0.72390,0.004184,0,249.66,27.11,45.43,59.08,0.027107,0.035228,0.8490,5.616
0.02,ours_bptt,131,0.1806,-0.8313,0.863349,2.994066,1,0,3.169,0.009982,0.18264,-0.82150,0.004181,0,183.35,29.31,50.53,19.17,0.029311,0.037081,1.0270,6.193
0.02,ours_bptt,132,0.0616,0.4904,0.832388,2.976838,1,0,3.022,0.009966,0.06426,0.48075,0.006661,0,311.05,18.52,13.13,128.51,0.018521,0.022890,0.4559,4.373
0.02,ours_bptt,133,0.3828,0.6743,0.823639,2.987505,1,0,3.106,0.009959,0.38112,0.66448,0.004194,0,183.36,23.39,34.94,39.20,0.023391,0.030121,0.7865,5.576
0.02,ours_bptt,134,0.6240,-0.1220,0.776895,2.977626,1,0,2.814,0.009952,0.61441,-0.11938,0.004273,0,132.11,4.65,3.78,58.79,0.004647,0.006327,0.4733,3.757
0.02,ours_bptt,135,0.7082,-0.4265,0.793435,2.985214,1,0,3.010,0.009963,0.70096,-0.41968,0.004217,0,72.73,15.05,13.43,11.65,0.015054,0.020550,0.8228,5.346
0.02,ours_bptt,136,0.3059,-0.0613,0.757399,2.958409,1,0,2.405,0.009957,0.29611,-0.05943,0.004361,0,309.73,2.93,22.11,130.56,0.002926,0.003768,0.1077,1.988
0.02,ours_bptt,137,0.3815,0.8201,0.843309,2.991592,1,0,3.157,0.009956,0.38088,0.81018,0.004184,0,136.47,28.19,46.22,0.87,0.028190,0.036065,1.0770,6.356
0.02,ours_bptt,138,-0.4068,-0.7436,0.935492,2.991605,1,0,3.243,0.009940,-0.39845,-0.73819,0.004173,0,249.55,51.99,58.15,27.63,0.051994,0.071181,1.3759,6.280
0.02,ours_bptt,139,0.2478,-0.2333,0.762926,2.961058,1,0,2.635,0.009961,0.24159,-0.22551,0.009537,0,394.76,9.91,46.56,143.38,0.009912,0.012796,0.1749,3.039
0.02,ours_bptt,140,0.6772,0.6933,0.817765,2.990252,1,0,3.115,0.009984,0.67266,0.68443,0.004192,0,157.24,23.74,33.11,27.71,0.023741,0.031811,1.1647,6.440
0.02,ours_bptt,141,0.0428,-0.2079,0.776140,2.958280,1,0,2.562,0.009970,0.04165,-0.19797,0.004343,0,578.66,9.86,102.00,179.94,0.009856,0.011568,0.2200,3.190
0.02,ours_bptt,142,0.6916,-0.1596,0.781418,2.980467,1,0,2.870,0.009948,0.68212,-0.15645,0.004257,0,88.44,5.93,1.20,38.57,0.005935,0.008122,0.5965,4.231
0.02,ours_bptt,143,0.3035,0.5051,0.801196,2.978993,1,0,3.014,0.009991,0.30134,0.49532,0.006532,0,250.28,18.08,16.71,94.87,0.018078,0.023189,0.4772,4.559
0.02,ours_bptt,144,0.1292,-0.1752,0.759267,2.952379,1,0,2.402,0.009986,0.12293,-0.16744,0.009500,0,525.04,8.83,93.34,162.55,0.008830,0.010841,0.1329,2.733
0.02,ours_bptt,145,0.4745,0.7177,0.825188,2.989398,1,0,3.121,0.009946,0.47210,0.70802,0.004191,0,133.66,24.69,37.34,10.98,0.024692,0.032183,0.9445,5.995
0.02,ours_bptt,146,0.3993,0.8983,0.851294,2.993119,1,0,3.177,0.009984,0.39905,0.88832,0.004180,0,200.60,30.76,50.86,26.37,0.030763,0.039368,1.2716,6.816
0.02,ours_bptt,147,-0.1444,0.3214,0.871102,2.964835,1,0,2.962,0.009981,-0.13688,0.31488,0.004261,0,417.59,17.88,24.21,171.17,0.017877,0.025765,0.4625,3.977
0.02,ours_bptt,148,0.0548,-0.4646,0.828045,2.982712,1,0,3.006,0.009956,0.05745,-0.45504,0.007421,0,318.03,17.68,9.75,136.00,0.017680,0.021804,0.4277,4.256
0.02,ours_bptt,149,0.3302,-0.5948,0.815375,2.986459,1,0,3.067,0.009993,0.32853,-0.58499,0.005676,0,223.62,20.92,27.64,68.47,0.020922,0.026800,0.6216,5.070
0.02,ours_bptt,150,0.1291,0.0400,0.751556,2.943712,1,0,1.830,0.009987,0.11917,0.03882,0.000856,0,304.64,2.87,15.29,134.87,0.002874,0.003482,0.0274,1.292
0.02,ours_bptt,151,0.1204,0.0183,0.751173,2.943088,1,0,1.727,0.010000,0.11037,0.01769,0.001344,0,263.95,1.40,1.56,129.36,0.001401,0.001694,0.0153,0.915
0.02,ours_bptt,152,0.3968,0.7576,0.834393,2.990088,1,0,3.136,0.009991,0.39555,0.74773,0.004188,0,150.36,26.10,41.34,14.26,0.026104,0.033540,0.9559,6.045
0.02,ours_bptt,153,0.0547,0.2267,0.778994,2.954447,1,0,2.608,0.009998,0.05370,0.21671,0.004336,0,549.75,10.36,89.80,177.30,0.010364,0.012274,0.2166,3.228
0.02,ours_bptt,154,0.0069,0.1062,0.767163,2.943095,1,0,2.138,0.009989,0.00196,0.09752,0.007597,0,643.99,7.41,141.70,174.74,0.007405,0.008347,0.2565,3.054
0.02,ours_bptt,155,0.3885,0.8374,0.844957,2.991972,1,0,3.161,0.009997,0.38793,0.82744,0.004183,0,151.36,28.76,47.11,7.00,0.028757,0.036803,1.1206,6.463
0.02,ours_bptt,156,0.0770,0.0732,0.754002,2.941620,1,0,1.809,0.010000,0.06764,0.06976,0.004295,0,344.43,5.75,25.17,142.73,0.005748,0.006885,0.0953,2.039
0.02,ours_bptt,157,0.0515,-0.0915,0.758566,2.945437,1,0,1.936,0.009965,0.04311,-0.08615,0.004307,0,464.04,6.91,71.26,155.57,0.006908,0.008160,0.1587,2.504
0.02,ours_bptt,158,0.1176,-0.1584,0.758094,2.950602,1,0,2.330,0.009991,0.11073,-0.15112,0.009102,0,536.03,8.43,99.19,162.50,0.008429,0.010261,0.1280,2.647
0.02,ours_bptt,159,-0.1864,-0.2631,0.882168,2.974699,1,0,2.954,0.009980,-0.17776,-0.25818,0.004272,0,458.45,21.58,32.50,180.54,0.021581,0.028855,0.4941,4.167
0.02,ours_bptt,160,0.2632,-0.1929,0.759204,2.959185,1,0,2.561,0.009976,0.25569,-0.18640,0.009728,0,393.33,8.50,49.36,140.93,0.008503,0.011004,0.1488,2.799
0.02,ours_bptt,161,-0.3555,-0.7662,0.929670,2.992579,1,0,3.235,0.009999,-0.34757,-0.76022,0.004172,0,241.70,46.89,57.84,27.84,0.046888,0.065874,1.3277,6.278
0.02,ours_bptt,162,-0.1215,-0.1778,0.847670,2.966402,1,0,2.768,0.009966,-0.11383,-0.17145,0.004307,0,617.40,13.03,100.17,198.75,0.013035,0.018206,0.4383,3.957
0.02,ours_bptt,163,-0.0238,-0.5614,0.862583,2.988480,1,0,3.084,0.009953,-0.01920,-0.55256,0.007112,0,310.13,21.94,27.34,111.28,0.021938,0.028704,0.5945,4.772
0.02,ours_bptt,164,0.4774,0.4709,0.790877,2.979708,1,0,3.003,0.009984,0.47242,0.46230,0.006022,0,185.20,16.74,14.55,65.50,0.016738,0.022285,0.5554,4.747
0.02,ours_bptt,165,0.0443,-0.5806,0.851161,2.988534,1,0,3.081,0.009989,0.04768,-0.57114,0.006996,0,297.49,21.76,28.49,103.94,0.021756,0.027459,0.5861,4.827
0.02,ours_bptt,166,-0.0210,-0.5374,0.858881,2.987506,1,0,3.069,0.009994,-0.01642,-0.52850,0.007216,0,314.55,21.07,23.36,118.11,0.021072,0.027409,0.5599,4.655
0.02,ours_bptt,167,0.8175,0.5027,0.804012,2.988357,1,0,3.052,0.009990,0.81041,0.49568,0.004207,0,125.50,17.51,18.93,30.69,0.017510,0.023964,1.1271,6.126
0.02,ours_bptt,168,0.8027,-0.3400,0.792725,2.985771,1,0,2.990,0.009990,0.79430,-0.33457,0.004223,0,48.29,12.07,8.99,6.11,0.012073,0.016606,0.9176,5.418
0.02,ours_bptt,169,0.1514,0.0679,0.752480,2.945709,1,0,2.011,0.009988,0.14160,0.06577,0.004464,0,375.79,4.33,42.58,142.07,0.004328,0.005278,0.0451,1.677
0.02,ours_bptt,170,0.5304,0.7692,0.829435,2.990942,1,0,3.137,0.009988,0.52779,0.75956,0.004188,0,146.46,26.32,40.17,13.32,0.026321,0.034460,1.1076,6.396
0.02,ours_bptt,171,0.2090,0.4792,0.803908,2.976369,1,0,2.999,0.009978,0.20823,0.46921,0.006582,0,283.61,17.43,12.32,116.41,0.017428,0.021863,0.4184,4.324
0.02,ours_bptt,172,0.5598,-0.3460,0.781275,2.978889,1,0,2.926,0.009999,0.55255,-0.33912,0.008078,0,149.68,12.62,3.19,62.19,0.012619,0.017080,0.5154,4.417
0.02,ours_bptt,173,0.5464,-0.7222,0.821202,2.990566,1,0,3.130,0.009983,0.54314,-0.71276,0.004189,0,119.44,24.67,37.26,3.96,0.024665,0.032506,1.0289,6.184
0.02,ours_bptt,174,-0.1182,-0.2340,0.853254,2.970918,1,0,2.839,0.009996,-0.11085,-0.22724,0.004296,0,533.87,13.81,66.77,189.81,0.013809,0.019746,0.4052,3.750
0.02,ours_bptt,175,-0.2591,-0.7992,0.917555,2.993838,1,0,3.224,0.009995,-0.25201,-0.79225,0.004172,0,229.18,38.40,57.47,28.32,0.038402,0.056965,1.2443,6.262
0.02,ours_bptt,176,0.5500,-0.2108,0.773937,2.975180,1,0,2.817,0.010000,0.54125,-0.20601,0.004269,0,176.80,8.03,6.98,75.39,0.008034,0.010881,0.4046,3.773
0.02,ours_bptt,177,0.2832,0.3475,0.776107,2.967263,1,0,2.850,0.009988,0.27909,0.33838,0.007823,0,301.18,13.28,13.23,127.41,0.013275,0.017197,0.2870,3.713
0.02,ours_bptt,178,0.3999,0.1449,0.761797,2.963847,1,0,2.639,0.009994,0.39078,0.14081,0.009575,0,282.08,6.03,21.99,114.53,0.006032,0.008018,0.2074,2.851
0.02,ours_bptt,179,-0.3922,0.5944,0.931397,2.974970,1,0,3.211,0.009952,-0.38347,0.58976,0.004205,0,307.14,48.51,45.47,71.71,0.048512,0.064717,1.0871,5.533
0.02,ours_bptt,180,0.1187,-0.5094,0.823726,2.984266,1,0,3.030,0.009948,0.12016,-0.49951,0.007096,0,302.44,18.75,17.78,119.38,0.018748,0.023149,0.4629,4.453
0.02,ours_bptt,181,0.2591,0.4505,0.793916,2.974645,1,0,2.971,0.009979,0.25708,0.44078,0.006763,0,269.67,16.43,7.83,114.68,0.016433,0.020944,0.3922,4.220
0.02,ours_bptt,182,-0.1886,-0.2921,0.885065,2.976606,1,0,2.976,0.009986,-0.18009,-0.28689,0.004269,0,427.08,22.16,22.81,174.12,0.022155,0.029982,0.5057,4.088
0.02,ours_bptt,183,0.1147,-0.5915,0.838626,2.988284,1,0,3.082,0.009987,0.11673,-0.58166,0.006773,0,285.42,21.51,29.55,97.03,0.021507,0.026782,0.5798,4.868
0.02,ours_bptt,184,0.3148,0.1334,0.757834,2.958044,1,0,2.514,0.009997,0.30572,0.12919,0.009741,0,343.29,5.98,36.18,130.98,0.005981,0.007798,0.1380,2.506
0.02,ours_bptt,185,0.2581,-0.2319,0.762870,2.961443,1,0,2.638,0.009970,0.25168,-0.22424,0.009530,0,387.00,9.82,44.72,141.41,0.009821,0.012712,0.1766,3.039
0.02,ours_bptt,186,-0.0058,-0.3736,0.827012,2.977980,1,0,2.935,0.009974,-0.00199,-0.36438,0.004259,0,372.70,15.24,13.61,161.31,0.015242,0.018923,0.3690,3.919
0.02,ours_bptt,187,0.6780,0.6485,0.812976,2.989232,1,0,3.101,0.009948,0.67309,0.63982,0.004195,0,130.11,22.28,30.08,18.27,0.022278,0.029952,1.0855,6.229
0.02,ours_bptt,188,0.1861,0.6801,0.845238,2.987183,1,0,3.109,0.009962,0.18750,0.67027,0.006182,0,238.52,24.24,37.07,64.01,0.024237,0.030336,0.7262,5.374
0.02,ours_bptt,189,0.5062,-0.1910,0.771038,2.972897,1,0,2.772,0.009959,0.49739,-0.18642,0.004267,0,208.25,7.44,10.94,87.60,0.007435,0.010025,0.3398,3.502
0.02,ours_bptt,190,0.3110,0.0827,0.756708,2.957308,1,0,2.440,0.009963,0.30140,0.08012,0.004356,0,321.81,3.86,27.40,130.61,0.003865,0.005003,0.1162,2.152
0.02,ours_bptt,191,0.2038,0.5088,0.811388,2.978490,1,0,3.019,0.009991,0.20350,0.49884,0.006542,0,280.01,18.42,16.57,109.61,0.018424,0.023051,0.4574,4.476
0.02,ours_bptt,192,0.1233,-0.0533,0.751264,2.944533,1,0,1.854,0.009979,0.11343,-0.05166,0.001255,0,327.82,3.81,23.54,137.52,0.003809,0.004611,0.0382,1.504
0.02,ours_bptt,193,-0.0796,-0.7824,0.892337,2.993993,1,0,3.186,0.009962,-0.07428,-0.77397,0.004178,0,236.78,30.51,52.18,43.33,0.030514,0.042412,1.0148,5.950
0.02,ours_bptt,194,0.2915,-0.1221,0.757566,2.958386,1,0,2.458,0.009973,0.28232,-0.11816,0.009735,0,357.18,5.67,39.96,134.38,0.005670,0.007326,0.1192,2.369
0.02,ours_bptt,195,-0.1019,0.1701,0.835383,2.955914,1,0,2.713,0.009971,-0.09504,0.16281,0.004313,0,650.09,11.07,117.53,199.21,0.011074,0.015654,0.4153,3.795
0.02,ours_bptt,196,0.4572,-0.2213,0.769125,2.970969,1,0,2.766,0.009967,0.44894,-0.21578,0.008420,0,238.65,8.66,14.34,98.49,0.008659,0.011615,0.3026,3.461
0.02,ours_bptt,197,0.1068,0.1660,0.759453,2.947855,1,0,2.360,0.009983,0.10061,0.15818,0.009435,0,549.52,8.71,102.85,165.38,0.008711,0.010560,0.1402,2.734
0.02,ours_bptt,198,0.6025,-0.0753,0.775104,2.976444,1,0,2.782,0.009975,0.59262,-0.07364,0.004281,0,142.51,2.91,3.47,65.61,0.002909,0.003952,0.4294,3.477
0.02,ours_bptt,199,0.0462,0.5396,0.843957,2.979855,1,0,3.059,0.009962,0.04935,0.53012,0.006456,0,305.84,20.31,21.84,115.84,0.020315,0.025436,0.5261,4.618
0.02,ours_bptt,200,0.1240,-0.0387,0.750948,2.944054,1,0,1.802,0.009984,0.11407,-0.03751,0.000333,0,296.41,2.84,12.14,133.93,0.002839,0.003436,0.0266,1.271
0.02,ours_bptt,201,0.4164,-0.5120,0.796524,2.982389,1,0,3.027,0.009969,0.41260,-0.50280,0.004562,0,208.53,18.09,19.10,71.59,0.018088,0.023760,0.5540,4.799
0.02,ours_bptt,202,-0.1230,0.4612,0.876444,2.972854,1,0,3.054,0.009948,-0.11642,0.45380,0.006393,0,328.90,20.71,11.47,137.45,0.020714,0.029772,0.5516,4.431
0.02,ours_bptt,203,0.4410,-0.4585,0.790377,2.980530,1,0,2.986,0.009948,0.43632,-0.44971,0.007037,0,200.81,16.43,12.29,75.80,0.016425,0.021753,0.5070,4.594
0.02,ours_bptt,204,0.2855,0.1293,0.756941,2.956102,1,0,2.462,0.009993,0.27645,0.12500,0.009661,0,364.99,6.00,42.32,135.67,0.005996,0.007744,0.1193,2.403
0.02,ours_bptt,205,0.3098,0.8479,0.853557,2.992071,1,0,3.163,0.009977,0.31032,0.83792,0.004183,0,142.76,29.38,49.00,0.35,0.029377,0.037259,1.1001,6.411
0.02,ours_bptt,206,0.7544,0.5438,0.805044,2.988024,1,0,3.063,0.009964,0.74799,0.53616,0.004204,0,110.43,18.88,21.88,19.18,0.018881,0.025697,1.0570,6.038
0.02,ours_bptt,207,0.2818,0.3011,0.769704,2.963742,1,0,2.780,0.009974,0.27670,0.29255,0.008439,0,332.30,11.87,24.38,132.87,0.011872,0.015434,0.2426,3.461
0.02,ours_bptt,208,0.4930,0.1739,0.767833,2.970177,1,0,2.755,0.009984,0.48400,0.16960,0.004272,0,218.31,6.82,11.78,92.26,0.006820,0.009191,0.3149,3.361
0.02,ours_bptt,209,0.3355,-0.5061,0.799624,2.981910,1,0,3.015,0.009981,0.33282,-0.49649,0.006783,0,239.27,18.06,17.35,88.74,0.018055,0.023328,0.4939,4.614
0.02,ours_bptt,210,0.2506,-0.7408,0.845718,2.991930,1,0,3.131,0.009963,0.25129,-0.73084,0.004189,0,202.09,25.98,42.19,39.37,0.025978,0.032736,0.8504,5.754
0.02,ours_bptt,211,0.5757,-0.1236,0.774135,2.975593,1,0,2.779,0.009972,0.56611,-0.12077,0.004282,0,162.68,4.78,6.05,71.70,0.004784,0.006485,0.4029,3.524
0.02,ours_bptt,212,0.1789,0.4176,0.795659,2.971706,1,0,2.940,0.009982,0.17813,0.40761,0.007053,0,293.25,15.59,0.74,134.19,0.015592,0.019444,0.3445,4.000
0.02,ours_bptt,213,0.3431,0.9019,0.856522,2.993103,1,0,3.178,0.009955,0.34350,0.89191,0.004180,0,190.60,31.06,52.08,19.92,0.031064,0.039527,1.2444,6.753
0.02,ours_bptt,214,0.4497,-0.0405,0.765806,2.968369,1,0,2.620,0.009975,0.43976,-0.03943,0.004323,0,222.20,1.70,6.23,103.60,0.001695,0.002260,0.2302,2.547
0.02,ours_bptt,215,-0.0738,-0.8147,0.893809,2.994431,1,0,3.194,0.009992,-0.06859,-0.80616,0.004176,0,222.09,31.52,54.31,33.09,0.031524,0.043700,1.0789,6.122
0.02,ours_bptt,216,-0.0007,-0.2767,0.805438,2.969129,1,0,2.786,0.009988,0.00223,-0.26716,0.004306,0,491.35,12.03,56.87,179.78,0.012034,0.014421,0.2911,3.559
0.02,ours_bptt,217,0.1157,-0.0892,0.752267,2.945499,1,0,2.002,0.009961,0.10632,-0.08580,0.004303,0,427.05,5.90,61.12,147.98,0.005898,0.007132,0.0739,2.015
0.02,ours_bptt,218,0.2996,0.3432,0.774950,2.967293,1,0,2.848,0.009977,0.29512,0.33427,0.007841,0,294.66,13.10,12.80,124.70,0.013101,0.017052,0.2888,3.711
0.02,ours_bptt,219,0.1075,0.0912,0.753600,2.943452,1,0,1.993,0.009972,0.09821,0.08760,0.004370,0,433.37,6.12,63.26,148.84,0.006119,0.007381,0.0817,2.075
0.02,ours_bptt,220,-0.1180,0.5028,0.878257,2.975345,1,0,3.077,0.009997,-0.11162,0.49514,0.006202,0,323.38,21.89,19.02,126.26,0.021890,0.031292,0.5927,4.599
0.02,ours_bptt,221,-0.0384,-0.1602,0.800989,2.959607,1,0,2.526,0.009963,-0.03595,-0.15057,0.004345,0,692.53,8.93,147.07,192.50,0.008926,0.010490,0.3259,3.432
0.02,ours_bptt,222,0.6916,-0.2139,0.782136,2.980787,1,0,2.896,0.009948,0.68255,-0.20983,0.004249,0,84.71,7.87,0.25,36.20,0.007873,0.010780,0.6209,4.426
0.02,ours_bptt,223,-0.0588,0.1179,0.804203,2.950170,1,0,2.443,0.009976,-0.05576,0.10843,0.004357,0,771.75,8.03,184.23,195.62,0.008029,0.009820,0.3890,3.598
0.02,ours_bptt,224,-0.0745,-0.3129,0.843373,2.975546,1,0,2.898,0.009979,-0.06873,-0.30478,0.004287,0,440.92,14.45,34.23,175.39,0.014450,0.019331,0.3836,3.828
0.02,ours_bptt,225,-0.1780,-0.3364,0.885006,2.979044,1,0,2.997,0.009959,-0.16984,-0.33059,0.004268,0,386.04,21.52,11.89,164.99,0.021523,0.030146,0.5134,4.093
0.02,ours_bptt,226,0.6911,0.0578,0.779739,2.979645,1,0,2.843,0.009954,0.68123,0.05663,0.004264,0,88.34,2.17,1.00,41.54,0.002172,0.002972,0.5682,3.896
0.02,ours_bptt,227,0.2381,-0.1180,0.754997,2.954330,1,0,2.360,0.009976,0.22901,-0.11392,0.009135,0,397.11,5.88,52.13,142.02,0.005877,0.007449,0.0926,2.226
0.02,ours_bptt,228,0.1519,0.8000,0.864493,2.990504,1,0,3.158,0.009943,0.15434,0.79030,0.004184,0,200.95,28.48,48.32,30.80,0.028478,0.036009,0.9605,6.009
0.02,ours_bptt,229,0.1294,-0.0464,0.751044,2.944561,1,0,1.854,0.009990,0.11951,-0.04503,0.001261,0,318.27,3.29,20.24,136.43,0.003292,0.003989,0.0318,1.392
0.02,ours_bptt,230,0.0091,0.7864,0.876962,2.989224,1,0,3.183,0.009964,0.01317,0.77735,0.004180,0,230.51,29.11,50.43,43.00,0.029109,0.038377,0.9617,5.906
0.02,ours_bptt,231,0.7804,-0.0773,0.785721,2.983006,1,0,2.893,0.009949,0.77050,-0.07586,0.004251,0,34.13,2.85,0.09,14.84,0.002845,0.003912,0.7378,4.446
0.02,ours_bptt,232,0.1448,0.2357,0.766906,2.955232,1,0,2.604,0.009958,0.14072,0.22664,0.004340,0,477.60,10.42,68.86,162.13,0.010415,0.012960,0.1754,3.077
0.02,ours_bptt,233,0.0215,0.4271,0.829301,2.972440,1,0,2.981,0.009955,0.02480,0.41771,0.006941,0,319.89,16.73,0.05,147.35,0.016728,0.020688,0.4022,4.107
0.02,ours_bptt,234,-0.0409,-0.1955,0.808198,2.963368,1,0,2.641,0.009975,-0.03733,-0.18613,0.004330,0,627.22,9.98,114.32,191.81,0.009983,0.012077,0.3206,3.478
0.02,ours_bptt,235,0.4958,-0.7270,0.824216,2.990674,1,0,3.129,0.009958,0.49316,-0.71740,0.004189,0,123.54,24.90,38.18,4.91,0.024904,0.032562,0.9821,6.086
0.02,ours_bptt,236,0.8988,-0.2304,0.794399,2.986898,1,0,2.976,0.009961,0.88947,-0.22683,0.004229,0,77.14,8.22,5.27,27.13,0.008222,0.011364,1.0508,5.527
0.02,ours_bptt,237,0.0532,-0.4550,0.826590,2.982116,1,0,2.998,0.009962,0.05586,-0.44540,0.007479,0,318.52,17.37,7.66,138.57,0.017373,0.021393,0.4173,4.212
0.02,ours_bptt,238,0.1776,-0.1698,0.756557,2.953267,1,0,2.418,0.009958,0.17028,-0.16306,0.009559,0,474.98,8.32,76.70,154.55,0.008316,0.010423,0.1174,2.613
0.02,ours_bptt,239,0.4213,0.3347,0.773737,2.970960,1,0,2.877,0.009963,0.41502,0.32699,0.007690,0,226.12,12.51,4.63,99.05,0.012510,0.016686,0.3559,3.915
0.02,ours_bptt,240,0.3769,-0.3379,0.775121,2.972350,1,0,2.859,0.009955,0.37119,-0.32970,0.008090,0,251.90,12.76,8.06,108.32,0.012762,0.016875,0.3263,3.829
0.02,ours_bptt,241,0.2876,0.6481,0.826174,2.986116,1,0,3.099,0.009971,0.28698,0.63818,0.006366,0,224.75,22.70,33.71,61.65,0.022697,0.028779,0.6887,5.286
0.02,ours_bptt,242,-0.2242,-0.5692,0.906207,2.989163,1,0,3.141,0.009998,-0.21656,-0.56275,0.006771,0,316.18,30.22,35.77,99.65,0.030223,0.044018,0.7966,5.071
0.02,ours_bptt,243,0.2114,0.6827,0.842408,2.987346,1,0,3.109,0.009946,0.21231,0.67285,0.006421,0,231.90,24.21,37.12,60.68,0.024209,0.030352,0.7333,5.406
0.02,ours_bptt,244,0.3551,-0.4475,0.788583,2.978192,1,0,2.973,0.009961,0.35139,-0.43828,0.006999,0,237.72,16.17,9.70,97.04,0.016167,0.021107,0.4294,4.344
0.02,ours_bptt,245,-0.0902,0.2305,0.837373,2.958621,1,0,2.799,0.009972,-0.08392,0.22282,0.004296,0,554.93,12.21,77.43,190.88,0.012206,0.016813,0.3714,3.668
0.02,ours_bptt,246,0.3024,-0.0595,0.757184,2.958107,1,0,2.396,0.009980,0.29258,-0.05769,0.004362,0,310.18,2.86,21.97,130.98,0.002858,0.003674,0.1049,1.961
0.02,ours_bptt,247,0.0963,-0.5319,0.831469,2.985826,1,0,3.050,0.009948,0.09833,-0.52214,0.007006,0,303.51,19.61,21.74,115.31,0.019614,0.024292,0.4978,4.566
0.02,ours_bptt,248,0.6870,-0.3791,0.789353,2.983623,1,0,2.981,0.009977,0.67938,-0.37267,0.004224,0,86.26,13.52,9.52,23.47,0.013520,0.018461,0.7370,5.060
0.02,ours_bptt,249,0.6621,-0.5816,0.805715,2.988156,1,0,3.076,0.009950,0.65670,-0.57329,0.004201,0,82.61,20.11,25.36,0.86,0.020115,0.027129,0.9502,5.860
0.02,ours_bptt,250,-0.1159,-0.8802,0.902570,2.995202,1,0,3.220,0.009973,-0.11030,-0.87197,0.004172,0,193.69,34.58,59.64,11.27,0.034582,0.049369,1.2621,6.515
0.02,ours_bptt,251,0.1278,0.4828,0.818914,2.976625,1,0,3.002,0.009990,0.12891,0.47290,0.006786,0,298.55,17.90,11.11,124.74,0.017901,0.022055,0.4282,4.325
0.02,ours_bptt,252,-0.4713,-0.6876,0.941623,2.989608,1,0,3.250,0.009997,-0.46251,-0.68283,0.004176,0,266.87,58.40,56.41,33.23,0.058404,0.077788,1.3989,6.169
0.02,ours_bptt,253,0.0785,-0.2458,0.776270,2.961125,1,0,2.653,0.009977,0.07722,-0.23592,0.004330,0,509.58,10.80,73.47,173.22,0.010801,0.012984,0.2108,3.251
0.02,ours_bptt,254,0.1938,-0.0414,0.751889,2.948748,1,0,2.094,0.009984,0.18391,-0.04016,0.004353,0,331.56,2.45,24.82,139.13,0.002447,0.003018,0.0428,1.420
0.02,ours_bptt,255,0.2595,0.6392,0.828604,2.985698,1,0,3.092,0.009976,0.25928,0.62923,0.005806,0,234.42,22.53,32.67,67.65,0.022527,0.028419,0.6654,5.210
0.02,ours_bptt,256,-0.1225,-0.6050,0.887173,2.990368,1,0,3.129,0.009975,-0.11636,-0.59714,0.006838,0,303.49,25.45,36.10,96.56,0.025446,0.036518,0.7349,5.082
0.02,ours_bptt,257,-0.2557,-0.7313,0.915672,2.992788,1,0,3.205,0.009952,-0.24840,-0.72457,0.004174,0,258.94,36.47,52.82,49.30,0.036472,0.053792,1.1030,5.908
0.02,ours_bptt,258,0.9286,-0.2665,0.796973,2.987863,1,0,2.994,0.009944,0.91952,-0.26259,0.004224,0,105.72,9.45,7.04,38.73,0.009453,0.013075,1.1445,5.795
0.02,ours_bptt,259,-0.1529,0.2949,0.871622,2.963470,1,0,2.947,0.009979,-0.14503,0.28872,0.004264,0,444.02,18.07,31.88,176.58,0.018073,0.025690,0.4597,3.925
0.02,ours_bptt,260,-0.5134,-0.8404,0.945134,2.991910,1,0,3.286,0.009965,-0.50497,-0.83513,0.004177,0,259.61,64.69,65.20,16.09,0.064686,0.087419,1.8138,7.021
0.02,ours_bptt,261,0.1135,0.7021,0.857980,2.987616,1,0,3.125,0.009972,0.11610,0.69246,0.006511,0,245.63,25.40,40.27,63.50,0.025399,0.031978,0.7698,5.462
0.02,ours_bptt,262,0.1363,0.0233,0.751276,2.944181,1,0,1.824,0.009986,0.12631,0.02263,0.002222,0,285.93,1.66,8.50,133.22,0.001664,0.002018,0.0199,1.035
0.02,ours_bptt,263,0.6920,-0.4273,0.792821,2.984864,1,0,3.007,0.010000,0.68484,-0.42032,0.004217,0,81.15,15.10,13.21,16.04,0.015098,0.020586,0.7956,5.283
0.02,ours_bptt,264,0.2765,0.2692,0.765922,2.961396,1,0,2.723,0.009975,0.27080,0.26102,0.008896,0,354.59,10.91,32.74,136.38,0.010907,0.014185,0.2128,3.276
0.02,ours_bptt,265,0.2175,0.3285,0.776452,2.964708,1,0,2.811,0.009995,0.21425,0.31900,0.008193,0,351.70,12.87,23.94,142.25,0.012871,0.016374,0.2541,3.558
0.02,ours_bptt,266,0.5969,-0.4234,0.788743,2.982441,1,0,2.989,0.009975,0.59028,-0.41595,0.004214,0,131.32,15.07,11.62,42.74,0.015075,0.020407,0.6432,4.902
0.02,ours_bptt,267,0.0093,-0.2934,0.805691,2.970325,1,0,2.810,0.009976,0.01201,-0.28379,0.004301,0,467.30,12.48,47.89,176.40,0.012476,0.014961,0.2945,3.594
0.02,ours_bptt,268,-0.0703,-0.4002,0.853200,2.981206,1,0,2.988,0.009978,-0.06470,-0.39198,0.007938,0,343.67,17.26,3.59,155.31,0.017257,0.023160,0.4443,4.116
0.02,ours_bptt,269,-0.1298,0.8148,0.896668,2.988568,1,0,3.217,0.009936,-0.12414,0.80665,0.004179,0,225.01,32.46,55.25,32.91,0.032463,0.046802,1.1183,6.149
0.02,ours_bptt,270,0.3659,0.1527,0.760064,2.961541,1,0,2.610,0.009982,0.35701,0.14817,0.009448,0,308.04,6.47,27.54,121.62,0.006468,0.008550,0.1827,2.778
0.02,ours_bptt,271,0.1731,0.7224,0.853037,2.988571,1,0,3.126,0.009986,0.17485,0.71256,0.004170,0,225.94,25.74,41.10,52.56,0.025745,0.032301,0.8043,5.596
0.02,ours_bptt,272,-0.1537,-0.3882,0.881170,2.981682,1,0,3.016,0.009977,-0.14622,-0.38155,0.007930,0,341.78,20.31,1.42,154.24,0.020310,0.029498,0.5198,4.213
0.02,ours_bptt,273,0.3157,0.8481,0.852917,2.992085,1,0,3.164,0.009939,0.31612,0.83820,0.004182,0,142.90,29.35,49.09,0.34,0.029353,0.037252,1.1032,6.419
0.02,ours_bptt,274,-0.0314,-0.5603,0.863963,2.988509,1,0,3.085,0.009976,-0.02669,-0.55148,0.007109,0,310.84,22.02,27.27,111.64,0.022016,0.028974,0.5977,4.772
0.02,ours_bptt,275,0.8578,-0.3810,0.797353,2.987581,1,0,3.018,0.009958,0.84961,-0.37543,0.004216,0,97.61,13.40,12.03,26.72,0.013401,0.018463,1.0728,5.829
0.02,ours_bptt,276,0.1279,-0.9419,0.880302,2.995627,1,0,3.202,0.009993,0.13100,-0.93239,0.004175,0,192.44,33.49,58.61,12.49,0.033493,0.043055,1.2941,6.798
0.02,ours_bptt,277,0.3437,0.3660,0.777215,2.970083,1,0,2.888,0.009953,0.33896,0.35731,0.007499,0,255.40,13.69,4.86,112.57,0.013690,0.017965,0.3327,3.903
0.02,ours_bptt,278,0.4443,0.0492,0.764411,2.967135,1,0,2.620,0.009980,0.43444,0.04783,0.004322,0,228.61,2.06,7.62,105.14,0.002058,0.002743,0.2251,2.556
0.02,ours_bptt,279,0.5094,-0.5381,0.799780,2.984800,1,0,3.046,0.009945,0.50486,-0.52925,0.004184,0,162.59,18.84,21.94,45.23,0.018837,0.025048,0.6793,5.168
0.02,ours_bptt,280,0.6178,0.6921,0.817721,2.989683,1,0,3.115,0.009973,0.61368,0.68298,0.004192,0,129.54,23.71,33.80,13.19,0.023715,0.031582,1.0698,6.244
0.02,ours_bptt,281,-0.0121,0.1057,0.773934,2.944352,1,0,2.203,0.009988,-0.01513,0.09621,0.008274,0,699.91,7.31,163.44,181.03,0.007309,0.008083,0.3011,3.236
0.02,ours_bptt,282,0.5679,0.2579,0.774380,2.975205,1,0,2.872,0.009983,0.55957,0.25238,0.004244,0,157.22,9.60,2.62,68.79,0.009596,0.013041,0.4548,4.044
0.02,ours_bptt,283,0.2760,0.1287,0.756681,2.955476,1,0,2.446,0.009982,0.26699,0.12446,0.009618,0,372.44,6.04,44.55,137.14,0.006040,0.007776,0.1142,2.378
0.02,ours_bptt,284,0.4500,0.3983,0.781344,2.975205,1,0,2.945,0.009971,0.44433,0.39011,0.007087,0,200.34,14.47,5.35,83.97,0.014472,0.019305,0.4444,4.311
0.02,ours_bptt,285,0.4344,0.0610,0.763735,2.966408,1,0,2.613,0.009957,0.42454,0.05930,0.004323,0,238.30,2.56,9.86,107.37,0.002562,0.003412,0.2164,2.562
0.02,ours_bptt,286,0.2625,-0.1936,0.759215,2.959174,1,0,2.562,0.009967,0.25498,-0.18706,0.009727,0,393.89,8.53,49.45,141.09,0.008529,0.011037,0.1490,2.802
0.02,ours_bptt,287,0.4951,-0.4703,0.792225,2.982093,1,0,3.000,0.009958,0.48999,-0.46173,0.006595,0,175.74,16.73,14.40,60.92,0.016732,0.022315,0.5742,4.799
0.02,ours_bptt,288,-0.0609,0.1904,0.816202,2.954710,1,0,2.668,0.009999,-0.05624,0.18157,0.004322,0,634.92,10.16,115.51,194.32,0.010165,0.012877,0.3470,3.536
0.02,ours_bptt,289,0.4627,-0.5742,0.804030,2.985483,1,0,3.067,0.009959,0.45902,-0.56499,0.004179,0,178.86,19.99,25.89,48.55,0.019989,0.026327,0.6835,5.221
0.02,ours_bptt,290,-0.2671,0.5113,0.911646,2.973489,1,0,3.138,0.009974,-0.25878,0.50581,0.005321,0,331.95,33.68,29.29,111.43,0.033684,0.046517,0.7777,4.891
0.02,ours_bptt,291,-0.1914,0.4290,0.892857,2.970604,1,0,3.065,0.009958,-0.18357,0.42283,0.006224,0,338.16,24.33,9.69,141.14,0.024333,0.034943,0.5952,4.418
0.02,ours_bptt,292,0.3585,0.0772,0.759424,2.961081,1,0,2.514,0.009993,0.34881,0.07488,0.004345,0,289.13,3.44,19.57,122.42,0.003437,0.004508,0.1502,2.303
0.02,ours_bptt,293,0.0225,0.1187,0.764283,2.943397,1,0,2.177,0.009983,0.01712,0.11030,0.008059,0,632.20,7.75,136.66,173.63,0.007751,0.008856,0.2241,2.949
0.02,ours_bptt,294,0.4545,0.0289,0.765259,2.967972,1,0,2.626,0.009982,0.44454,0.02810,0.004320,0,216.10,1.20,4.30,102.84,0.001204,0.001607,0.2339,2.519
0.02,ours_bptt,295,-0.0097,-0.2389,0.800521,2.965579,1,0,2.713,0.009970,-0.00700,-0.22931,0.004318,0,548.98,10.94,80.84,185.44,0.010936,0.012981,0.2838,3.466
0.02,ours_bptt,296,-0.0414,-0.4969,0.858223,2.985922,1,0,3.050,0.009972,-0.03645,-0.48822,0.007395,0,323.79,20.00,17.14,129.75,0.019997,0.026308,0.5224,4.485
0.02,ours_bptt,297,-0.4635,-0.8276,0.941075,2.992352,1,0,3.272,0.009984,-0.45518,-0.82211,0.004174,0,225.79,59.16,63.72,4.80,0.059163,0.080787,1.6708,6.833
0.02,ours_bptt,298,-0.1078,-0.2116,0.845741,2.968721,1,0,2.792,0.009973,-0.10077,-0.20455,0.004304,0,573.53,12.52,83.77,193.60,0.012522,0.017822,0.4008,3.701
0.02,ours_bptt,299,0.1967,0.7699,0.856545,2.990021,1,0,3.141,0.009978,0.19843,0.76009,0.004187,0,202.42,27.25,44.82,35.95,0.027249,0.034279,0.9005,5.873
0.02,lyap1,0,-0.4828,-0.7608,0.800000,1.700000,1,0,3.796,0.009960,-0.47884,-0.75160,0.007490,0,447.19,38.89,130.27,64.16,0.038888,0.045494,1.1439,5.691
0.02,lyap1,1,0.3886,-0.1909,0.800000,1.700000,1,0,2.574,0.009990,0.37872,-0.18922,0.007489,0,250.95,14.15,9.38,105.48,0.014152,0.018559,0.2277,2.979
0.02,lyap1,2,0.1373,-0.1241,0.800000,1.700000,1,0,2.152,0.009992,0.12843,-0.11940,0.007490,0,434.05,12.23,58.54,149.31,0.012231,0.014984,0.0690,1.988
0.02,lyap1,3,0.5235,0.3075,0.800000,1.700000,1,0,2.813,0.009965,0.51375,0.30530,0.007489,0,226.64,20.31,29.38,68.70,0.020314,0.027538,0.4440,3.975
0.02,lyap1,4,0.3315,0.9345,0.800000,1.700000,1,0,3.478,0.010000,0.32668,0.92568,0.007490,0,210.67,40.59,74.12,0.77,0.040587,0.057989,1.1406,6.155
0.02,lyap1,5,0.3231,-0.0585,0.800000,1.700000,1,0,2.315,0.009973,0.31311,-0.05777,0.007490,0,252.67,4.91,6.58,116.07,0.004914,0.006238,0.1288,2.063
0.02,lyap1,6,-0.0850,0.5502,0.800000,1.700000,1,0,3.374,0.009983,-0.08699,0.54038,0.007490,0,548.59,17.42,119.63,141.60,0.017418,0.021451,0.4434,4.021
0.02,lyap1,7,-0.0720,-0.5823,0.800000,1.700000,1,0,3.393,0.009999,-0.07407,-0.57250,0.007490,0,526.62,18.78,116.07,133.15,0.018784,0.023329,0.4782,4.168
0.02,lyap1,8,0.3960,-0.5209,0.800000,1.700000,1,0,3.065,0.009968,0.38761,-0.51551,0.007489,0,320.93,30.00,60.64,77.33,0.029997,0.041567,0.5105,4.404
0.02,lyap1,9,0.3685,0.3828,0.800000,1.700000,1,0,2.876,0.009968,0.35936,0.37882,0.007489,0,330.48,24.47,45.61,101.28,0.024467,0.033151,0.3421,3.744
0.02,lyap1,10,0.1283,0.2512,0.800000,1.700000,1,0,2.651,0.009976,0.11996,0.24576,0.007489,0,418.23,17.93,30.81,164.86,0.017929,0.023191,0.1381,2.676
0.02,lyap1,11,0.2440,0.2446,0.800000,1.700000,1,0,2.600,0.009970,0.23462,0.24108,0.007489,0,337.76,18.16,17.06,138.20,0.018156,0.023653,0.1590,2.806
0.02,lyap1,12,0.6768,0.6211,0.800000,1.700000,1,0,3.162,0.009950,0.66796,0.61650,0.007489,0,168.13,34.89,52.59,5.30,0.034892,0.049505,0.9968,5.710
0.02,lyap1,13,0.7407,-0.0375,0.800000,1.700000,1,0,2.793,0.009956,0.73074,-0.03729,0.007489,0,49.13,2.47,2.98,19.72,0.002474,0.003370,0.6788,4.183
0.02,lyap1,14,0.1895,0.9012,0.800000,1.700000,1,0,3.507,0.009942,0.18590,0.89192,0.007490,0,275.00,35.90,82.20,28.38,0.035896,0.050155,0.9999,5.819
0.02,lyap1,15,0.3282,0.2784,0.800000,1.700000,1,0,2.692,0.009965,0.31868,0.27540,0.007489,0,317.67,19.60,26.11,118.02,0.019604,0.025958,0.2293,3.176
0.02,lyap1,16,0.4229,-0.6724,0.800000,1.700000,1,0,3.228,0.009968,0.41545,-0.66570,0.007489,0,277.52,35.27,67.53,44.77,0.035272,0.049796,0.7413,5.125
0.02,lyap1,17,-0.0535,-0.6259,0.800000,1.700000,1,0,3.419,0.009948,-0.05563,-0.61615,0.007490,0,496.96,20.64,111.55,121.45,0.020641,0.025983,0.5300,4.371
0.02,lyap1,18,0.5135,-0.1699,0.800000,1.700000,1,0,2.659,0.009963,0.50363,-0.16880,0.007489,0,194.65,12.00,11.89,76.43,0.011998,0.015976,0.3551,3.417
0.02,lyap1,19,-0.1027,-0.2139,0.800000,1.700000,1,0,2.957,0.009982,-0.10550,-0.20433,0.007489,0,699.19,7.49,134.47,209.51,0.007487,0.009002,0.1967,2.636
0.02,lyap1,20,0.5724,0.0126,0.800000,1.700000,1,0,2.640,0.009959,0.56249,0.01249,0.007489,0,129.93,0.89,0.79,63.51,0.000889,0.001184,0.4012,3.193
0.02,lyap1,21,-0.2534,-0.7892,0.800000,1.700000,1,0,3.670,0.009944,-0.25210,-0.77938,0.007490,0,420.21,21.81,117.02,76.73,0.021810,0.026367,0.9145,5.377
0.02,lyap1,22,0.1756,0.0811,0.800000,1.700000,1,0,2.041,0.009962,0.16617,0.07801,0.007490,0,380.57,8.27,48.53,135.55,0.008272,0.010033,0.0526,1.684
0.02,lyap1,23,-0.1826,-0.5070,0.800000,1.700000,1,0,3.424,0.009980,-0.18293,-0.49698,0.007490,0,601.23,15.08,136.70,152.60,0.015079,0.018022,0.4508,3.920
0.02,lyap1,24,0.5281,0.1638,0.800000,1.700000,1,0,2.666,0.009982,0.51818,0.16277,0.007489,0,186.37,11.52,11.60,72.95,0.011521,0.015362,0.3715,3.461
0.02,lyap1,25,0.2533,-0.1131,0.800000,1.700000,1,0,2.276,0.009974,0.24354,-0.11108,0.007490,0,314.27,9.87,19.96,129.77,0.009873,0.012418,0.0967,2.109
0.02,lyap1,26,-0.0698,0.1000,0.800000,1.700000,1,0,2.576,0.009973,-0.07203,0.09025,0.007489,0,567.01,4.55,68.40,211.69,0.004554,0.005544,0.1891,2.523
0.02,lyap1,27,0.3040,0.0277,0.800000,1.700000,1,0,2.257,0.009964,0.29405,0.02724,0.007490,0,249.66,2.39,4.73,118.30,0.002394,0.003016,0.1104,1.803
0.02,lyap1,28,0.2958,-0.8584,0.800000,1.700000,1,0,3.433,0.009951,0.29085,-0.84977,0.007490,0,261.70,37.88,76.92,25.52,0.037883,0.053722,0.9638,5.732
0.02,lyap1,29,0.3034,0.1431,0.800000,1.700000,1,0,2.407,0.009982,0.29363,0.14130,0.007490,0,275.78,11.60,6.54,122.65,0.011596,0.014854,0.1388,2.442
0.02,lyap1,30,-0.0517,-0.6699,0.800000,1.700000,1,0,3.455,0.009981,-0.05368,-0.66014,0.007490,0,470.67,21.82,109.09,109.88,0.021823,0.027614,0.5935,4.589
0.02,lyap1,31,0.5492,0.3284,0.800000,1.700000,1,0,2.848,0.009955,0.53949,0.32609,0.007489,0,217.02,21.34,31.73,60.77,0.021345,0.029081,0.4928,4.155
0.02,lyap1,32,-0.2470,-0.5392,0.800000,1.700000,1,0,3.508,0.009978,-0.24611,-0.52927,0.007490,0,592.95,17.96,140.76,142.25,0.017965,0.021905,0.5395,4.169
0.02,lyap1,33,0.0352,0.9500,0.800000,1.700000,1,0,3.608,0.009991,0.03355,0.94012,0.007490,0,282.60,31.80,89.38,28.07,0.031796,0.042554,1.0856,5.997
0.02,lyap1,34,0.0707,-0.1224,0.800000,1.700000,1,0,2.143,0.009995,0.06352,-0.11544,0.007490,0,509.24,12.79,81.68,163.35,0.012786,0.015490,0.0837,2.058
0.02,lyap1,35,0.4590,0.2294,0.800000,1.700000,1,0,2.681,0.009996,0.44911,0.22770,0.007489,0,236.74,16.12,18.00,88.28,0.016118,0.021466,0.3185,3.416
0.02,lyap1,36,-0.1107,0.4644,0.800000,1.700000,1,0,3.313,0.009953,-0.11261,0.45462,0.007489,0,604.75,14.13,129.02,162.75,0.014129,0.017211,0.3605,3.640
0.02,lyap1,37,0.1172,0.8775,0.800000,1.700000,1,0,3.521,0.009973,0.11421,0.86794,0.007490,0,308.38,33.01,87.19,42.24,0.033008,0.045274,0.9365,5.649
0.02,lyap1,38,-0.1887,-0.6828,0.800000,1.700000,1,0,3.562,0.009962,-0.18845,-0.67282,0.007490,0,486.44,18.82,121.25,107.85,0.018824,0.022738,0.6863,4.766
0.02,lyap1,39,0.8660,-0.0873,0.800000,1.700000,1,0,2.889,0.009951,0.85606,-0.08693,0.007489,0,53.75,5.53,6.99,15.74,0.005534,0.007648,0.9379,4.974
0.02,lyap1,40,0.3463,-0.5640,0.800000,1.700000,1,0,3.128,0.009954,0.33860,-0.55770,0.007489,0,343.66,30.95,67.63,80.98,0.030955,0.043023,0.5234,4.464
0.02,lyap1,41,0.1016,-0.3385,0.800000,1.700000,1,0,2.893,0.009979,0.09438,-0.33165,0.007489,0,498.17,19.80,70.13,164.10,0.019804,0.026052,0.1930,3.046
0.02,lyap1,42,-0.2362,-0.3342,0.800000,1.700000,1,0,3.333,0.009963,-0.23535,-0.32430,0.007490,0,736.05,17.87,166.82,187.80,0.017873,0.020758,0.3451,3.279
0.02,lyap1,43,0.8826,0.0070,0.800000,1.700000,1,0,2.891,0.009972,0.87260,0.00700,0.007489,0,41.40,0.44,0.56,19.81,0.000445,0.000615,0.9660,4.909
0.02,lyap1,44,0.1563,-0.4355,0.800000,1.700000,1,0,3.029,0.009958,0.14923,-0.42848,0.007489,0,469.44,23.82,76.82,140.03,0.023823,0.032059,0.2831,3.538
0.02,lyap1,45,0.0602,0.2535,0.800000,1.700000,1,0,2.734,0.009963,0.05291,0.24674,0.007489,0,490.70,16.32,52.91,180.20,0.016317,0.020960,0.1468,2.662
0.02,lyap1,46,0.3509,-0.8008,0.800000,1.700000,1,0,3.367,0.009946,0.34505,-0.79280,0.007490,0,265.98,37.70,74.04,30.67,0.037701,0.053564,0.8936,5.550
0.02,lyap1,47,-0.1504,-0.4231,0.800000,1.700000,1,0,3.313,0.009967,-0.15162,-0.41321,0.007489,0,643.37,12.82,139.67,172.39,0.012824,0.015296,0.3453,3.500
0.02,lyap1,48,0.3656,-0.0779,0.800000,1.700000,1,0,2.403,0.009959,0.35571,-0.07716,0.007490,0,233.53,6.24,3.07,109.02,0.006242,0.008022,0.1681,2.359
0.02,lyap1,49,-0.2992,-0.4212,0.800000,1.700000,1,0,3.475,0.009963,-0.29720,-0.41141,0.007490,0,689.10,23.93,161.45,165.16,0.023926,0.027435,0.4703,3.761
0.02,lyap1,50,0.7379,0.3254,0.800000,1.700000,1,0,2.928,0.009996,0.72802,0.32357,0.007489,0,108.47,20.37,28.40,10.56,0.020369,0.028183,0.7896,4.958
0.02,lyap1,51,0.2430,0.2287,0.800000,1.700000,1,0,2.560,0.009979,0.23357,0.22542,0.007489,0,325.12,17.36,11.23,138.31,0.017358,0.022513,0.1490,2.726
0.02,lyap1,52,-0.0147,-0.5282,0.800000,1.700000,1,0,3.291,0.009965,-0.01811,-0.51888,0.007489,0,535.93,19.80,109.96,143.16,0.019799,0.025237,0.3916,3.885
0.02,lyap1,53,0.0787,0.1072,0.800000,1.700000,1,0,2.032,0.009993,0.07157,0.10017,0.007490,0,530.71,12.08,100.90,155.39,0.012081,0.014419,0.0713,1.941
0.02,lyap1,54,-0.1562,0.9648,0.800000,1.700000,1,0,3.710,0.009982,-0.15570,0.95483,0.007490,0,294.58,25.70,99.10,28.92,0.025699,0.032399,1.1883,6.154
0.02,lyap1,55,-0.1446,-0.2073,0.800000,1.700000,1,0,3.038,0.009972,-0.14590,-0.19743,0.007489,0,753.97,9.13,158.07,212.07,0.009126,0.011189,0.2209,2.718
0.02,lyap1,56,0.7844,0.3256,0.800000,1.700000,1,0,2.950,0.009944,0.77459,0.32387,0.007489,0,90.31,20.19,27.77,2.25,0.020187,0.028039,0.8778,5.174
0.02,lyap1,57,0.2535,-0.6401,0.800000,1.700000,1,0,3.247,0.009979,0.24719,-0.63232,0.007489,0,371.99,31.47,78.84,83.55,0.031470,0.043779,0.5705,4.626
0.02,lyap1,58,0.3038,-0.4120,0.800000,1.700000,1,0,2.927,0.009994,0.29512,-0.40701,0.007489,0,374.21,25.39,55.01,113.05,0.025387,0.034437,0.3220,3.699
0.02,lyap1,59,0.7189,-0.3583,0.800000,1.700000,1,0,2.946,0.009952,0.70917,-0.35622,0.007489,0,123.97,22.27,31.82,13.46,0.022268,0.030859,0.7805,4.976
0.02,lyap1,60,0.1800,0.0264,0.800000,1.700000,1,0,1.926,0.009987,0.17009,0.02513,0.007490,0,303.20,2.85,21.25,128.22,0.002847,0.003397,0.0383,1.205
0.02,lyap1,61,-0.4251,0.6545,0.800000,1.700000,1,0,3.713,0.009981,-0.42164,0.64512,0.007490,0,525.57,34.29,139.23,97.84,0.034286,0.039877,0.8921,5.068
0.02,lyap1,62,0.5324,0.0722,0.800000,1.700000,1,0,2.611,0.009989,0.52245,0.07177,0.007489,0,161.78,5.19,4.08,72.91,0.005189,0.006878,0.3520,3.161
0.02,lyap1,63,-0.1463,-0.2830,0.800000,1.700000,1,0,3.146,0.009951,-0.14780,-0.27315,0.007489,0,719.00,9.99,151.65,200.36,0.009991,0.012034,0.2458,2.927
0.02,lyap1,64,0.5285,0.0914,0.800000,1.700000,1,0,2.616,0.009980,0.51850,0.09085,0.007489,0,167.98,6.56,5.31,73.76,0.006560,0.008698,0.3504,3.206
0.02,lyap1,65,0.2105,0.2530,0.800000,1.700000,1,0,2.621,0.009969,0.20143,0.24900,0.007489,0,362.39,18.58,21.42,145.84,0.018580,0.024190,0.1518,2.784
0.02,lyap1,66,-0.2321,0.7541,0.800000,1.700000,1,0,3.636,0.009978,-0.23114,0.74417,0.007490,0,442.76,20.76,118.59,87.22,0.020758,0.025044,0.8350,5.173
0.02,lyap1,67,0.1052,0.6538,0.800000,1.700000,1,0,3.338,0.009951,0.10086,0.64489,0.007490,0,430.81,27.47,93.15,101.66,0.027465,0.037202,0.5484,4.525
0.02,lyap1,68,0.5076,0.3617,0.800000,1.700000,1,0,2.872,0.009950,0.49810,0.35888,0.007489,0,246.55,23.26,36.91,68.93,0.023258,0.031721,0.4662,4.120
0.02,lyap1,69,-0.0513,0.1705,0.800000,1.700000,1,0,2.727,0.009973,-0.05577,0.16154,0.007489,0,594.07,8.28,83.49,207.34,0.008283,0.009815,0.1617,2.452
0.02,lyap1,70,-0.0982,0.3380,0.800000,1.700000,1,0,3.146,0.009962,-0.10094,0.32847,0.007489,0,659.72,11.00,132.52,189.10,0.010996,0.013273,0.2476,3.078
0.02,lyap1,71,-0.2987,-0.5024,0.800000,1.700000,1,0,3.529,0.009988,-0.29691,-0.49253,0.007490,0,628.16,22.27,150.12,147.26,0.022271,0.026681,0.5481,4.104
0.02,lyap1,72,-0.1503,0.3616,0.800000,1.700000,1,0,3.247,0.009957,-0.15167,0.35175,0.007489,0,678.99,11.53,145.39,185.46,0.011527,0.013750,0.2958,3.238
0.02,lyap1,73,-0.1360,0.7558,0.800000,1.700000,1,0,3.575,0.009997,-0.13639,0.74577,0.007490,0,431.31,21.02,111.39,88.50,0.021020,0.026177,0.7699,5.073
0.02,lyap1,74,0.2863,-0.1810,0.800000,1.700000,1,0,2.468,0.009997,0.27658,-0.17862,0.007490,0,278.75,14.30,1.09,127.56,0.014301,0.018422,0.1451,2.589
0.02,lyap1,75,0.2629,0.0381,0.800000,1.700000,1,0,2.174,0.009978,0.25295,0.03735,0.007490,0,274.48,3.47,10.85,123.79,0.003474,0.004321,0.0832,1.664
0.02,lyap1,76,-0.0879,0.1908,0.800000,1.700000,1,0,2.877,0.009984,-0.09118,0.18133,0.007489,0,677.17,6.95,122.41,210.97,0.006947,0.008390,0.1845,2.552
0.02,lyap1,77,0.1878,-0.1637,0.800000,1.700000,1,0,2.347,0.009961,0.17850,-0.16012,0.007490,0,357.38,14.10,21.67,146.45,0.014098,0.017775,0.0954,2.279
0.02,lyap1,78,0.3960,0.0616,0.800000,1.700000,1,0,2.436,0.009949,0.38607,0.06107,0.007490,0,215.20,4.84,1.01,102.97,0.004839,0.006252,0.1935,2.429
0.02,lyap1,79,0.1499,0.3328,0.800000,1.700000,1,0,2.841,0.009982,0.14193,0.32678,0.007489,0,457.44,20.84,58.00,155.09,0.020844,0.027557,0.1914,3.066
0.02,lyap1,80,0.4252,0.0139,0.800000,1.700000,1,0,2.460,0.009994,0.41517,0.01376,0.007490,0,195.28,1.07,0.02,96.81,0.001074,0.001393,0.2185,2.385
0.02,lyap1,81,-0.1576,0.2546,0.800000,1.700000,1,0,3.128,0.009983,-0.15872,0.24468,0.007489,0,742.55,10.31,158.49,205.05,0.010306,0.012575,0.2417,2.847
0.02,lyap1,82,-0.0686,-0.8309,0.800000,1.700000,1,0,3.585,0.009964,-0.06953,-0.82100,0.007490,0,374.31,25.18,101.68,66.59,0.025175,0.032108,0.8718,5.408
0.02,lyap1,83,0.4444,-0.8902,0.800000,1.700000,1,0,3.413,0.009966,0.43846,-0.88222,0.007490,0,215.04,41.81,69.22,6.94,0.041811,0.060127,1.1459,6.154
0.02,lyap1,84,0.2393,0.0573,0.800000,1.700000,1,0,2.141,0.009971,0.22937,0.05594,0.007490,0,302.43,5.36,19.90,127.30,0.005357,0.006624,0.0724,1.691
0.02,lyap1,85,-0.0699,0.1952,0.800000,1.700000,1,0,2.841,0.009984,-0.07381,0.18597,0.007489,0,646.85,7.94,109.03,208.45,0.007935,0.009370,0.1752,2.541
0.02,lyap1,86,0.7095,0.5152,0.800000,1.700000,1,0,3.074,0.009999,0.70010,0.51173,0.007489,0,136.25,30.24,44.93,0.51,0.030242,0.042522,0.9173,5.458
0.02,lyap1,87,-0.0494,-0.2016,0.800000,1.700000,1,0,2.805,0.009995,-0.05398,-0.19277,0.007489,0,612.76,9.37,94.45,204.90,0.009366,0.011174,0.1660,2.536
0.02,lyap1,88,0.0267,0.5306,0.800000,1.700000,1,0,3.259,0.009976,0.02251,0.52154,0.007489,0,517.43,21.59,103.48,139.05,0.021594,0.028173,0.3858,3.896
0.02,lyap1,89,0.5313,0.5599,0.800000,1.700000,1,0,3.100,0.009966,0.52263,0.55508,0.007489,0,238.98,32.13,55.58,39.81,0.032126,0.045011,0.7043,4.971
0.02,lyap1,90,-0.0457,0.0894,0.800000,1.700000,1,0,2.399,0.009978,-0.04783,0.07963,0.007490,0,413.59,6.02,0.32,201.95,0.006019,0.007092,0.1755,2.346
0.02,lyap1,91,-0.3348,-0.7215,0.800000,1.700000,1,0,3.685,0.009978,-0.33252,-0.71177,0.007490,0,472.23,24.40,127.94,89.87,0.024400,0.030169,0.8818,5.184
0.02,lyap1,92,-0.2539,0.6200,0.800000,1.700000,1,0,3.569,0.009953,-0.25285,0.61007,0.007490,0,537.68,19.18,132.65,121.81,0.019177,0.023289,0.6484,4.557
0.02,lyap1,93,0.1010,0.2482,0.800000,1.700000,1,0,2.667,0.009982,0.09302,0.24225,0.007489,0,440.27,17.34,35.92,171.21,0.017341,0.022363,0.1379,2.647
0.02,lyap1,94,0.8495,0.4720,0.800000,1.700000,1,0,3.074,0.009969,0.83989,0.46930,0.007489,0,182.65,27.78,37.77,32.72,0.027778,0.039208,1.1393,5.911
0.02,lyap1,95,0.1372,0.4237,0.800000,1.700000,1,0,3.022,0.009996,0.13022,0.41647,0.007489,0,481.90,23.01,78.39,145.30,0.023010,0.030828,0.2680,3.462
0.02,lyap1,96,0.4789,0.8183,0.800000,1.700000,1,0,3.348,0.009966,0.47219,0.81099,0.007490,0,201.22,40.36,67.41,2.94,0.040358,0.057850,1.0443,5.907
0.02,lyap1,97,-0.0656,0.3396,0.800000,1.700000,1,0,3.102,0.009968,-0.06921,0.33035,0.007489,0,636.69,12.52,122.05,186.91,0.012515,0.015083,0.2322,3.055
0.02,lyap1,98,0.6043,0.2287,0.800000,1.700000,1,0,2.779,0.009977,0.59438,0.22737,0.007489,0,165.57,15.29,19.60,51.72,0.015285,0.020703,0.5072,4.037
0.02,lyap1,99,-0.0616,-0.5886,0.800000,1.700000,1,0,3.391,0.009968,-0.06381,-0.57883,0.007490,0,520.32,19.37,114.41,131.22,0.019365,0.024181,0.4823,4.193
0.02,lyap1,100,0.6577,0.3184,0.800000,1.700000,1,0,2.886,0.009973,0.64792,0.31651,0.007489,0,154.01,20.32,28.94,32.83,0.020316,0.027906,0.6461,4.576
0.02,lyap1,101,0.7053,0.3527,0.800000,1.700000,1,0,2.936,0.009949,0.69560,0.35061,0.007489,0,131.33,22.01,31.56,17.59,0.022014,0.030460,0.7521,4.898
0.02,lyap1,102,-0.2611,-0.8069,0.800000,1.700000,1,0,3.684,0.009962,-0.25970,-0.79707,0.007490,0,408.41,22.30,116.05,71.44,0.022295,0.026981,0.9533,5.476
0.02,lyap1,103,-0.2565,-0.5607,0.800000,1.700000,1,0,3.531,0.009990,-0.25545,-0.55077,0.007490,0,579.37,18.68,139.25,136.43,0.018676,0.022810,0.5738,4.285
0.02,lyap1,104,-0.0062,-0.2025,0.800000,1.700000,1,0,2.703,0.009973,-0.01211,-0.19450,0.007489,0,533.67,12.04,61.02,196.79,0.012039,0.014950,0.1463,2.496
0.02,lyap1,105,0.1683,-0.1221,0.800000,1.700000,1,0,2.176,0.009994,0.15903,-0.11833,0.007490,0,397.94,11.64,46.41,143.83,0.011644,0.014361,0.0702,1.989
0.02,lyap1,106,0.1073,0.7657,0.800000,1.700000,1,0,3.439,0.009958,0.10377,0.75642,0.007490,0,373.57,30.12,91.05,73.15,0.030117,0.041023,0.7282,5.080
0.02,lyap1,107,0.2607,-0.0935,0.800000,1.700000,1,0,2.248,0.009979,0.25087,-0.09181,0.007490,0,304.51,8.25,18.90,127.17,0.008247,0.010345,0.0941,2.011
0.02,lyap1,108,0.2814,0.9272,0.800000,1.700000,1,0,3.490,0.009978,0.27704,0.91819,0.007490,0,231.87,39.14,76.70,9.87,0.039144,0.055583,1.0938,6.048
0.02,lyap1,109,0.5130,0.7951,0.800000,1.700000,1,0,3.322,0.009972,0.50588,0.78807,0.007489,0,193.25,40.10,65.52,1.03,0.040104,0.057464,1.0411,5.892
0.02,lyap1,110,0.4870,-0.3349,0.800000,1.700000,1,0,2.832,0.009951,0.47743,-0.33228,0.007489,0,252.83,21.95,33.77,76.18,0.021947,0.029771,0.4201,3.940
0.02,lyap1,111,0.2839,0.6459,0.800000,1.700000,1,0,3.241,0.009986,0.27734,0.63834,0.007489,0,355.36,32.28,76.45,77.02,0.032283,0.045063,0.5952,4.705
0.02,lyap1,112,0.3172,0.1950,0.800000,1.700000,1,0,2.523,0.009961,0.30746,0.19281,0.007489,0,275.83,14.94,5.33,121.38,0.014937,0.019397,0.1721,2.752
0.02,lyap1,113,0.3999,-0.0481,0.800000,1.700000,1,0,2.434,0.009954,0.38992,-0.04765,0.007490,0,211.47,3.78,0.82,102.08,0.003776,0.004878,0.1954,2.390
0.02,lyap1,114,0.0845,-0.3381,0.800000,1.700000,1,0,2.909,0.009975,0.07752,-0.33094,0.007489,0,512.41,19.25,74.43,167.35,0.019248,0.025235,0.1934,3.033
0.02,lyap1,115,0.2833,0.3617,0.800000,1.700000,1,0,2.845,0.009996,0.27442,0.35711,0.007489,0,376.41,23.35,47.63,123.07,0.023347,0.031339,0.2638,3.431
0.02,lyap1,116,-0.0960,-0.1708,0.800000,1.700000,1,0,2.857,0.009965,-0.09888,-0.16123,0.007489,0,690.19,6.34,126.57,213.77,0.006343,0.007684,0.1875,2.514
0.02,lyap1,117,0.1426,0.0149,0.800000,1.700000,1,0,1.762,0.009989,0.13272,0.01375,0.007490,0,292.71,1.84,19.64,125.34,0.001836,0.002118,0.0230,0.928
0.02,lyap1,118,0.2298,-0.1089,0.800000,1.700000,1,0,2.228,0.009965,0.22010,-0.10663,0.007490,0,334.15,9.82,26.72,133.00,0.009818,0.012256,0.0835,2.015
0.02,lyap1,119,0.3467,0.6367,0.800000,1.700000,1,0,3.210,0.009986,0.33956,0.62976,0.007489,0,326.63,33.16,71.30,67.15,0.033161,0.046459,0.6234,4.788
0.02,lyap1,120,0.1427,0.1849,0.800000,1.700000,1,0,2.417,0.009969,0.13385,0.18027,0.007490,0,366.88,15.47,13.23,158.61,0.015468,0.019560,0.1018,2.359
0.02,lyap1,121,0.9039,0.2691,0.800000,1.700000,1,0,2.973,0.009991,0.89394,0.26787,0.007489,0,133.15,16.50,21.44,32.76,0.016504,0.023051,1.0927,5.598
0.02,lyap1,122,0.6186,-0.7694,0.800000,1.700000,1,0,3.287,0.009967,0.61079,-0.76319,0.007489,0,214.69,40.24,60.34,16.83,0.040239,0.057751,1.1370,6.088
0.02,lyap1,123,0.1330,0.4410,0.800000,1.700000,1,0,3.053,0.009992,0.12630,0.43354,0.007489,0,483.64,23.33,81.21,143.11,0.023327,0.031298,0.2847,3.536
0.02,lyap1,124,0.3040,-0.5997,0.800000,1.700000,1,0,3.183,0.009946,0.29692,-0.59268,0.007489,0,358.86,31.39,73.09,82.80,0.031391,0.043694,0.5417,4.531
0.02,lyap1,125,0.8777,-0.3398,0.800000,1.700000,1,0,2.999,0.009962,0.86788,-0.33808,0.007489,0,144.77,20.63,27.41,29.50,0.020630,0.028885,1.0816,5.657
0.02,lyap1,126,0.4647,-0.7285,0.800000,1.700000,1,0,3.273,0.009968,0.45744,-0.72170,0.007489,0,239.41,37.50,66.72,24.85,0.037502,0.053325,0.8725,5.476
0.02,lyap1,127,-0.1434,-0.2996,0.800000,1.700000,1,0,3.162,0.009988,-0.14500,-0.28973,0.007489,0,708.08,10.16,149.09,197.33,0.010161,0.012176,0.2522,2.984
0.02,lyap1,128,0.7348,0.4244,0.800000,1.700000,1,0,3.005,0.009953,0.72523,0.42185,0.007489,0,120.05,25.71,37.25,3.49,0.025715,0.035897,0.8670,5.259
0.02,lyap1,129,-0.1202,-0.4211,0.800000,1.700000,1,0,3.276,0.009989,-0.12205,-0.41132,0.007489,0,631.82,12.80,133.73,172.58,0.012800,0.015445,0.3248,3.455
0.02,lyap1,130,0.0262,0.7331,0.800000,1.700000,1,0,3.457,0.009983,0.02349,0.72351,0.007490,0,414.70,26.39,98.84,88.71,0.026395,0.034836,0.6746,4.892
0.02,lyap1,131,0.1806,-0.8313,0.800000,1.700000,1,0,3.457,0.009972,0.17662,-0.82213,0.007490,0,315.54,34.03,84.32,47.93,0.034032,0.047339,0.8605,5.461
0.02,lyap1,132,0.0616,0.4904,0.800000,1.700000,1,0,3.181,0.009948,0.05652,0.48181,0.007489,0,515.61,22.04,97.16,144.11,0.022039,0.029131,0.3354,3.714
0.02,lyap1,133,0.3828,0.6743,0.800000,1.700000,1,0,3.239,0.009994,0.37567,0.66730,0.007489,0,297.33,34.80,70.10,52.47,0.034802,0.049039,0.7082,5.037
0.02,lyap1,134,0.6240,-0.1220,0.800000,1.700000,1,0,2.722,0.009950,0.61408,-0.12138,0.007489,0,130.45,8.34,9.35,49.62,0.008335,0.011224,0.4949,3.788
0.02,lyap1,135,0.7082,-0.4265,0.800000,1.700000,1,0,2.998,0.009990,0.69858,-0.42383,0.007489,0,135.94,25.91,38.09,10.45,0.025914,0.036117,0.8216,5.152
0.02,lyap1,136,0.3059,-0.0613,0.800000,1.700000,1,0,2.286,0.009981,0.29594,-0.06046,0.007490,0,263.14,5.24,8.80,118.84,0.005240,0.006623,0.1162,2.000
0.02,lyap1,137,0.3815,0.8201,0.800000,1.700000,1,0,3.374,0.009953,0.37549,0.81216,0.007490,0,244.60,38.81,72.37,20.82,0.038806,0.055330,0.9532,5.699
0.02,lyap1,138,-0.4068,-0.7436,0.800000,1.700000,1,0,3.742,0.009978,-0.40364,-0.73416,0.007490,0,459.04,30.52,129.25,77.38,0.030520,0.037097,1.0063,5.436
0.02,lyap1,139,0.2478,-0.2333,0.800000,1.700000,1,0,2.573,0.009958,0.23844,-0.22996,0.007489,0,327.04,17.57,13.03,137.31,0.017570,0.022831,0.1538,2.759
0.02,lyap1,140,0.6772,0.6933,0.800000,1.700000,1,0,3.222,0.009982,0.66872,0.68806,0.007489,0,201.99,37.77,55.65,17.01,0.037771,0.053950,1.1037,5.983
0.02,lyap1,141,0.0428,-0.2079,0.800000,1.700000,1,0,2.617,0.009976,0.03560,-0.20094,0.007489,0,457.55,14.56,32.60,185.25,0.014563,0.018436,0.1299,2.480
0.02,lyap1,142,0.6916,-0.1596,0.800000,1.700000,1,0,2.794,0.009946,0.68166,-0.15880,0.007489,0,104.08,10.56,13.14,30.98,0.010560,0.014368,0.6176,4.240
0.02,lyap1,143,0.3035,0.5051,0.800000,1.700000,1,0,3.065,0.009951,0.29565,0.49900,0.007489,0,375.98,28.55,66.65,99.92,0.028554,0.039294,0.4212,4.107
0.02,lyap1,144,0.1292,-0.1752,0.800000,1.700000,1,0,2.382,0.009979,0.12051,-0.17032,0.007490,0,385.19,15.03,20.72,160.61,0.015035,0.018908,0.0970,2.302
0.02,lyap1,145,0.4745,0.7177,0.800000,1.700000,1,0,3.261,0.009980,0.46709,0.71099,0.007489,0,237.69,37.28,65.92,24.97,0.037280,0.052977,0.8654,5.455
0.02,lyap1,146,0.3993,0.8983,0.800000,1.700000,1,0,3.431,0.009971,0.39378,0.89003,0.007490,0,206.27,41.18,71.27,0.97,0.041182,0.059080,1.1197,6.100
0.02,lyap1,147,-0.1444,0.3214,0.800000,1.700000,1,0,3.191,0.009983,-0.14600,0.31153,0.007489,0,697.49,10.60,147.49,193.31,0.010595,0.012662,0.2653,3.068
0.02,lyap1,148,0.0548,-0.4646,0.800000,1.700000,1,0,3.151,0.009991,0.04957,-0.45612,0.007489,0,526.54,21.17,97.19,150.21,0.021167,0.027851,0.3079,3.591
0.02,lyap1,149,0.3302,-0.5948,0.800000,1.700000,1,0,3.169,0.009946,0.32285,-0.58814,0.007489,0,346.19,31.67,70.72,78.62,0.031673,0.044139,0.5526,4.564
0.02,lyap1,150,0.1291,0.0400,0.800000,1.700000,1,0,1.756,0.009958,0.11971,0.03665,0.007490,0,375.81,5.04,56.53,127.60,0.005037,0.005791,0.0258,1.194
0.02,lyap1,151,0.1204,0.0183,0.800000,1.700000,1,0,1.656,0.009976,0.11057,0.01631,0.007490,0,311.88,2.47,31.71,122.38,0.002467,0.002790,0.0172,0.886
0.02,lyap1,152,0.3968,0.7576,0.800000,1.700000,1,0,3.315,0.009981,0.39017,0.75015,0.007489,0,262.49,37.40,71.05,32.15,0.037396,0.053124,0.8552,5.444
0.02,lyap1,153,0.0547,0.2267,0.800000,1.700000,1,0,2.660,0.009986,0.04735,0.21989,0.007489,0,467.56,15.46,39.85,182.33,0.015461,0.019712,0.1349,2.551
0.02,lyap1,154,0.0069,0.1062,0.800000,1.700000,1,0,2.204,0.009995,0.00263,0.09717,0.007490,0,539.30,10.87,80.37,181.13,0.010869,0.013090,0.1225,2.186
0.02,lyap1,155,0.3885,0.8374,0.800000,1.700000,1,0,3.386,0.009971,0.38258,0.82940,0.007490,0,234.11,39.40,72.01,15.50,0.039397,0.056263,0.9914,5.794
0.02,lyap1,156,0.0770,0.0732,0.800000,1.700000,1,0,1.772,0.009973,0.07067,0.06549,0.007490,0,556.72,10.05,131.71,139.11,0.010055,0.011450,0.0499,1.662
0.02,lyap1,157,0.0515,-0.0915,0.800000,1.700000,1,0,1.931,0.009998,0.04634,-0.08295,0.007490,0,599.38,11.71,135.82,155.09,0.011709,0.013635,0.0775,1.933
0.02,lyap1,158,0.1176,-0.1584,0.800000,1.700000,1,0,2.312,0.009981,0.10903,-0.15325,0.007490,0,414.21,14.28,35.65,160.75,0.014280,0.017792,0.0892,2.209
0.02,lyap1,159,-0.1864,-0.2631,0.800000,1.700000,1,0,3.188,0.009983,-0.18671,-0.25312,0.007489,0,759.16,12.94,166.80,203.08,0.012943,0.015512,0.2668,2.926
0.02,lyap1,160,0.2632,-0.1929,0.800000,1.700000,1,0,2.479,0.009987,0.25362,-0.19023,0.007490,0,288.73,15.23,0.06,132.88,0.015229,0.019608,0.1385,2.590
0.02,lyap1,161,-0.3555,-0.7662,0.800000,1.700000,1,0,3.721,0.009961,-0.35303,-0.75661,0.007490,0,440.97,25.93,124.74,76.30,0.025926,0.032138,0.9804,5.437
0.02,lyap1,162,-0.1215,-0.1778,0.800000,1.700000,1,0,2.937,0.009998,-0.12347,-0.16797,0.007489,0,733.64,7.33,146.39,214.93,0.007334,0.008998,0.2033,2.641
0.02,lyap1,163,-0.0238,-0.5614,0.800000,1.700000,1,0,3.334,0.009966,-0.02686,-0.55189,0.007490,0,523.05,20.24,110.45,135.89,0.020239,0.025731,0.4346,4.047
0.02,lyap1,164,0.4774,0.4709,0.800000,1.700000,1,0,3.000,0.009955,0.46839,0.46672,0.007489,0,274.90,28.37,50.97,65.20,0.028373,0.039212,0.5355,4.442
0.02,lyap1,165,0.0443,-0.5806,0.800000,1.700000,1,0,3.302,0.009947,0.04029,-0.57146,0.007489,0,488.29,23.49,100.78,125.75,0.023489,0.030996,0.4463,4.140
0.02,lyap1,166,-0.0210,-0.5374,0.800000,1.700000,1,0,3.306,0.009986,-0.02423,-0.52796,0.007489,0,533.88,19.76,110.70,141.41,0.019762,0.025112,0.4043,3.930
0.02,lyap1,167,0.8175,0.5027,0.800000,1.700000,1,0,3.088,0.009948,0.80801,0.49971,0.007489,0,179.73,29.40,40.73,27.09,0.029396,0.041526,1.1064,5.866
0.02,lyap1,168,0.8027,-0.3400,0.800000,1.700000,1,0,2.967,0.009983,0.79289,-0.33816,0.007489,0,105.51,20.93,28.66,8.41,0.020926,0.029137,0.9246,5.302
0.02,lyap1,169,0.1514,0.0679,0.800000,1.700000,1,0,1.932,0.009987,0.14204,0.06432,0.007490,0,399.90,7.51,60.00,134.32,0.007509,0.008933,0.0412,1.527
0.02,lyap1,170,0.5304,0.7692,0.800000,1.700000,1,0,3.297,0.009994,0.52300,0.76248,0.007489,0,193.10,39.50,64.25,2.68,0.039495,0.056505,1.0168,5.827
0.02,lyap1,171,0.2090,0.4792,0.800000,1.700000,1,0,3.066,0.009953,0.20171,0.47234,0.007489,0,433.93,26.22,74.29,123.01,0.026216,0.035698,0.3445,3.811
0.02,lyap1,172,0.5598,-0.3460,0.800000,1.700000,1,0,2.871,0.009985,0.55013,-0.34353,0.007489,0,214.04,22.25,33.63,56.70,0.022251,0.030407,0.5207,4.261
0.02,lyap1,173,0.5464,-0.7222,0.800000,1.700000,1,0,3.255,0.009944,0.53861,-0.71599,0.007489,0,199.08,38.10,62.42,8.54,0.038100,0.054321,0.9582,5.675
0.02,lyap1,174,-0.1182,-0.2340,0.800000,1.700000,1,0,3.024,0.009981,-0.12053,-0.22433,0.007489,0,713.65,8.17,143.12,207.58,0.008173,0.009812,0.2103,2.719
0.02,lyap1,175,-0.2591,-0.7992,0.800000,1.700000,1,0,3.679,0.009943,-0.25777,-0.78940,0.007490,0,413.64,22.11,116.54,73.69,0.022114,0.026754,0.9376,5.435
0.02,lyap1,176,0.5500,-0.2108,0.800000,1.700000,1,0,2.726,0.009959,0.54017,-0.20947,0.007489,0,188.74,14.44,17.20,66.34,0.014441,0.019404,0.4210,3.730
0.02,lyap1,177,0.2832,0.3475,0.800000,1.700000,1,0,2.819,0.009994,0.27425,0.34309,0.007489,0,372.03,22.78,44.58,124.36,0.022779,0.030490,0.2519,3.367
0.02,lyap1,178,0.3999,0.1449,0.800000,1.700000,1,0,2.521,0.010000,0.38996,0.14370,0.007489,0,229.92,10.98,3.86,102.87,0.010979,0.014321,0.2189,2.818
0.02,lyap1,179,-0.3922,0.5944,0.800000,1.700000,1,0,3.660,0.009986,-0.38911,0.58496,0.007490,0,569.17,31.62,144.67,116.21,0.031617,0.036649,0.7658,4.721
0.02,lyap1,180,0.1187,-0.5094,0.800000,1.700000,1,0,3.163,0.009956,0.11288,-0.50127,0.007489,0,479.71,24.54,88.98,132.47,0.024542,0.033057,0.3582,3.840
0.02,lyap1,181,0.2591,0.4505,0.800000,1.700000,1,0,3.001,0.009955,0.25115,0.44461,0.007489,0,404.83,26.24,65.10,117.64,0.026240,0.035725,0.3353,3.772
0.02,lyap1,182,-0.1886,-0.2921,0.800000,1.700000,1,0,3.224,0.009963,-0.18894,-0.28211,0.007489,0,741.86,12.88,163.21,198.06,0.012876,0.015650,0.2815,3.031
0.02,lyap1,183,0.1147,-0.5915,0.800000,1.700000,1,0,3.266,0.009955,0.10973,-0.58285,0.007489,0,453.92,26.35,91.98,115.22,0.026346,0.035659,0.4611,4.228
0.02,lyap1,184,0.3148,0.1334,0.800000,1.700000,1,0,2.404,0.009951,0.30495,0.13183,0.007490,0,268.77,10.80,6.13,120.16,0.010800,0.013840,0.1429,2.430
0.02,lyap1,185,0.2581,-0.2319,0.800000,1.700000,1,0,2.572,0.009973,0.24865,-0.22868,0.007489,0,321.33,17.46,12.64,134.94,0.017456,0.022698,0.1578,2.775
0.02,lyap1,186,-0.0058,-0.3736,0.800000,1.700000,1,0,3.077,0.009969,-0.01067,-0.36486,0.007489,0,585.60,16.33,105.45,175.11,0.016326,0.020649,0.2345,3.172
0.02,lyap1,187,0.6780,0.6485,0.800000,1.700000,1,0,3.185,0.009966,0.66932,0.64360,0.007489,0,181.39,36.01,53.82,9.87,0.036009,0.051223,1.0377,5.817
0.02,lyap1,188,0.1861,0.6801,0.800000,1.700000,1,0,3.320,0.009961,0.18096,0.67163,0.007489,0,386.77,30.69,85.37,84.99,0.030688,0.042421,0.6038,4.724
0.02,lyap1,189,0.5062,-0.1910,0.800000,1.700000,1,0,2.673,0.009974,0.49632,-0.18977,0.007489,0,203.81,13.42,14.07,77.77,0.013420,0.017893,0.3549,3.463
0.02,lyap1,190,0.3110,0.0827,0.800000,1.700000,1,0,2.320,0.009974,0.30110,0.08161,0.007490,0,266.55,6.95,9.26,118.80,0.006954,0.008825,0.1245,2.141
0.02,lyap1,191,0.2038,0.5088,0.800000,1.700000,1,0,3.110,0.009994,0.19687,0.50164,0.007489,0,432.48,26.91,77.46,118.59,0.026910,0.036754,0.3767,3.939
0.02,lyap1,192,0.1233,-0.0533,0.800000,1.700000,1,0,1.783,0.009969,0.11429,-0.04900,0.007490,0,418.23,6.67,73.57,130.54,0.006672,0.007695,0.0306,1.348
0.02,lyap1,193,-0.0796,-0.7824,0.800000,1.700000,1,0,3.559,0.009943,-0.08063,-0.77248,0.007490,0,406.85,23.57,105.27,80.48,0.023566,0.029811,0.7879,5.167
0.02,lyap1,194,0.2915,-0.1221,0.800000,1.700000,1,0,2.352,0.009957,0.28165,-0.12044,0.007490,0,285.34,10.18,11.09,123.95,0.010177,0.012946,0.1227,2.287
0.02,lyap1,195,-0.1019,0.1701,0.800000,1.700000,1,0,2.871,0.009991,-0.10449,0.16042,0.007489,0,700.88,6.42,131.29,214.34,0.006415,0.007787,0.1910,2.520
0.02,lyap1,196,0.4572,-0.2213,0.800000,1.700000,1,0,2.670,0.009969,0.44738,-0.21969,0.007489,0,235.05,15.63,16.83,88.97,0.015629,0.020786,0.3122,3.376
0.02,lyap1,197,0.1068,0.1660,0.800000,1.700000,1,0,2.353,0.009982,0.09841,0.16061,0.007490,0,408.15,14.61,28.42,164.70,0.014611,0.018261,0.0948,2.255
0.02,lyap1,198,0.6025,-0.0753,0.800000,1.700000,1,0,2.683,0.009953,0.59251,-0.07494,0.007489,0,130.00,5.23,5.33,55.74,0.005233,0.007011,0.4515,3.536
0.02,lyap1,199,0.0462,0.5396,0.800000,1.700000,1,0,3.254,0.009977,0.04174,0.53061,0.007489,0,505.08,22.60,100.56,135.03,0.022595,0.029767,0.3942,3.943
0.02,lyap1,200,0.1240,-0.0387,0.800000,1.700000,1,0,1.729,0.009976,0.11464,-0.03519,0.007490,0,378.37,4.99,58.69,126.76,0.004988,0.005704,0.0244,1.170
0.02,lyap1,201,0.4164,-0.5120,0.800000,1.700000,1,0,3.051,0.009998,0.40782,-0.50687,0.007489,0,309.52,29.81,58.42,73.98,0.029808,0.041293,0.5187,4.423
0.02,lyap1,202,-0.1230,0.4612,0.800000,1.700000,1,0,3.322,0.009983,-0.12470,0.45139,0.007490,0,610.86,13.80,131.44,163.64,0.013799,0.016707,0.3643,3.638
0.02,lyap1,203,0.4410,-0.4585,0.800000,1.700000,1,0,2.983,0.009984,0.43202,-0.45413,0.007489,0,295.85,27.79,51.58,75.50,0.027795,0.038268,0.4831,4.275
0.02,lyap1,204,0.2855,0.1293,0.800000,1.700000,1,0,2.357,0.009982,0.27568,0.12742,0.007490,0,289.67,10.76,11.41,125.35,0.010762,0.013693,0.1216,2.306
0.02,lyap1,205,0.3098,0.8479,0.800000,1.700000,1,0,3.419,0.009991,0.30463,0.83934,0.007490,0,261.29,37.98,76.22,25.94,0.037977,0.053903,0.9524,5.703
0.02,lyap1,206,0.7544,0.5438,0.800000,1.700000,1,0,3.106,0.009979,0.74505,0.54023,0.007489,0,167.61,31.49,45.30,14.88,0.031493,0.044504,1.0318,5.737
0.02,lyap1,207,0.2818,0.3011,0.800000,1.700000,1,0,2.729,0.009988,0.27252,0.29736,0.007489,0,353.54,20.79,33.32,127.86,0.020790,0.027552,0.2154,3.156
0.02,lyap1,208,0.4930,0.1739,0.800000,1.700000,1,0,2.645,0.009960,0.48312,0.17276,0.007489,0,204.76,12.38,11.75,81.34,0.012376,0.016440,0.3314,3.340
0.02,lyap1,209,0.3355,-0.5061,0.800000,1.700000,1,0,3.057,0.009994,0.32737,-0.50031,0.007489,0,356.99,28.96,63.87,92.91,0.028963,0.039930,0.4441,4.185
0.02,lyap1,210,0.2506,-0.7408,0.800000,1.700000,1,0,3.349,0.009976,0.24520,-0.73240,0.007490,0,333.85,33.91,80.38,61.12,0.033909,0.047506,0.7269,5.099
0.02,lyap1,211,0.5757,-0.1236,0.800000,1.700000,1,0,2.680,0.009976,0.56572,-0.12291,0.007489,0,154.26,8.61,8.83,61.84,0.008613,0.011524,0.4232,3.550
0.02,lyap1,212,0.1789,0.4176,0.800000,1.700000,1,0,2.985,0.009967,0.17141,0.41100,0.007489,0,454.56,23.87,70.77,138.61,0.023872,0.032128,0.2706,3.486
0.02,lyap1,213,0.3431,0.9019,0.800000,1.700000,1,0,3.451,0.009943,0.33804,0.89330,0.007490,0,222.79,40.06,73.97,7.38,0.040062,0.057221,1.0816,6.016
0.02,lyap1,214,0.4497,-0.0405,0.800000,1.700000,1,0,2.501,0.009949,0.43973,-0.04024,0.007490,0,189.75,3.07,0.75,91.82,0.003074,0.004010,0.2469,2.618
0.02,lyap1,215,-0.0738,-0.8147,0.800000,1.700000,1,0,3.577,0.009975,-0.07480,-0.80472,0.007490,0,385.40,24.58,102.98,71.28,0.024582,0.031249,0.8437,5.328
0.02,lyap1,216,-0.0007,-0.2767,0.800000,1.700000,1,0,2.887,0.009982,-0.00642,-0.26854,0.007489,0,577.30,14.16,88.50,189.53,0.014161,0.017810,0.1736,2.766
0.02,lyap1,217,0.1157,-0.0892,0.800000,1.700000,1,0,1.945,0.009970,0.10736,-0.08370,0.007490,0,477.89,10.19,88.90,142.40,0.010188,0.012074,0.0503,1.723
0.02,lyap1,218,0.2996,0.3432,0.800000,1.700000,1,0,2.810,0.009975,0.29054,0.33904,0.007489,0,360.81,22.65,42.46,120.96,0.022650,0.030326,0.2583,3.388
0.02,lyap1,219,0.1075,0.0912,0.800000,1.700000,1,0,1.943,0.009996,0.09945,0.08530,0.007490,0,493.57,10.54,94.93,143.95,0.010541,0.012468,0.0526,1.752
0.02,lyap1,220,-0.1180,0.5028,0.800000,1.700000,1,0,3.359,0.009956,-0.11963,0.49298,0.007490,0,585.50,14.97,127.62,153.90,0.014973,0.018265,0.4050,3.824
0.02,lyap1,221,-0.0384,-0.1602,0.800000,1.700000,1,0,2.655,0.009976,-0.04313,-0.15147,0.007489,0,549.26,8.86,63.10,204.89,0.008855,0.010626,0.1540,2.409
0.02,lyap1,222,0.6916,-0.2139,0.800000,1.700000,1,0,2.825,0.009979,0.68171,-0.21281,0.007489,0,115.56,13.98,18.18,29.11,0.013982,0.019092,0.6404,4.401
0.02,lyap1,223,-0.0588,0.1179,0.800000,1.700000,1,0,2.586,0.009994,-0.06209,0.10846,0.007489,0,548.53,5.99,60.44,209.33,0.005989,0.007021,0.1736,2.367
0.02,lyap1,224,-0.0745,-0.3129,0.800000,1.700000,1,0,3.074,0.009958,-0.07807,-0.30357,0.007489,0,650.91,11.31,124.57,192.40,0.011310,0.013532,0.2198,2.954
0.02,lyap1,225,-0.1780,-0.3364,0.800000,1.700000,1,0,3.256,0.009981,-0.17860,-0.32640,0.007489,0,707.88,12.24,154.69,190.07,0.012238,0.014845,0.2984,3.179
0.02,lyap1,226,0.6911,0.0578,0.800000,1.700000,1,0,2.756,0.009984,0.68114,0.05752,0.007489,0,80.54,3.88,4.51,32.85,0.003881,0.005258,0.5921,3.961
0.02,lyap1,227,0.2381,-0.1180,0.800000,1.700000,1,0,2.264,0.009968,0.22842,-0.11570,0.007490,0,327.52,10.42,23.35,132.60,0.010416,0.013068,0.0910,2.096
0.02,lyap1,228,0.1519,0.8000,0.800000,1.700000,1,0,3.445,0.009964,0.14808,0.79077,0.007490,0,341.32,32.40,86.92,59.44,0.032403,0.044731,0.7956,5.281
0.02,lyap1,229,0.1294,-0.0464,0.800000,1.700000,1,0,1.779,0.009981,0.12013,-0.04272,0.007490,0,392.24,5.77,62.73,129.06,0.005767,0.006655,0.0283,1.272
0.02,lyap1,230,0.0091,0.7864,0.800000,1.700000,1,0,3.509,0.009986,0.00691,0.77670,0.007490,0,387.73,27.01,98.13,75.48,0.027008,0.035482,0.7687,5.161
0.02,lyap1,231,0.7804,-0.0773,0.800000,1.700000,1,0,2.829,0.009962,0.77040,-0.07693,0.007489,0,36.90,5.03,6.24,8.44,0.005026,0.006883,0.7594,4.490
0.02,lyap1,232,0.1448,0.2357,0.800000,1.700000,1,0,2.593,0.009962,0.13610,0.23081,0.007489,0,387.52,17.58,19.51,161.06,0.017577,0.022653,0.1296,2.616
0.02,lyap1,233,0.0215,0.4271,0.800000,1.700000,1,0,3.129,0.009966,0.01654,0.41843,0.007489,0,556.03,18.88,102.06,161.80,0.018881,0.024391,0.2748,3.411
0.02,lyap1,234,-0.0409,-0.1955,0.800000,1.700000,1,0,2.768,0.009974,-0.04576,-0.18675,0.007489,0,593.09,9.71,85.25,204.01,0.009713,0.011679,0.1604,2.508
0.02,lyap1,235,0.4958,-0.7270,0.800000,1.700000,1,0,3.266,0.009970,0.48832,-0.72040,0.007489,0,224.01,37.80,65.05,18.61,0.037799,0.053809,0.9044,5.552
0.02,lyap1,236,0.8988,-0.2304,0.800000,1.700000,1,0,2.953,0.009989,0.88883,-0.22935,0.007489,0,117.01,14.24,18.39,29.43,0.014241,0.019841,1.0600,5.476
0.02,lyap1,237,0.0532,-0.4550,0.800000,1.700000,1,0,3.139,0.009980,0.04794,-0.44653,0.007489,0,530.05,20.88,97.00,152.37,0.020875,0.027430,0.2980,3.546
0.02,lyap1,238,0.1776,-0.1698,0.800000,1.700000,1,0,2.363,0.009986,0.16838,-0.16599,0.007490,0,360.64,14.54,20.24,149.18,0.014541,0.018348,0.0967,2.302
0.02,lyap1,239,0.4213,0.3347,0.800000,1.700000,1,0,2.811,0.009970,0.41177,0.33173,0.007489,0,288.89,22.17,35.31,92.51,0.022166,0.029902,0.3494,3.708
0.02,lyap1,240,0.3769,-0.3379,0.800000,1.700000,1,0,2.806,0.009971,0.36749,-0.33450,0.007489,0,314.47,22.42,37.34,103.08,0.022422,0.030158,0.3111,3.579
0.02,lyap1,241,0.2876,0.6481,0.800000,1.700000,1,0,3.242,0.009986,0.28102,0.64059,0.007489,0,352.83,32.42,76.22,75.88,0.032419,0.045276,0.6007,4.722
0.02,lyap1,242,-0.2242,-0.5692,0.800000,1.700000,1,0,3.510,0.009967,-0.22364,-0.55925,0.007490,0,568.39,17.32,135.17,136.04,0.017318,0.020875,0.5561,4.270
0.02,lyap1,243,0.2114,0.6827,0.800000,1.700000,1,0,3.310,0.009990,0.20588,0.67438,0.007489,0,374.91,31.47,83.18,80.68,0.031470,0.043685,0.6164,4.767
0.02,lyap1,244,0.3551,-0.4475,0.800000,1.700000,1,0,2.973,0.009972,0.34643,-0.44260,0.007489,0,346.47,27.04,55.92,97.04,0.027038,0.036996,0.3940,3.982
0.02,lyap1,245,-0.0902,0.2305,0.800000,1.700000,1,0,2.961,0.009965,-0.09350,0.22113,0.007489,0,681.02,8.09,128.01,206.44,0.008087,0.009736,0.1938,2.672
0.02,lyap1,246,0.3024,-0.0595,0.800000,1.700000,1,0,2.278,0.009958,0.29247,-0.05868,0.007490,0,264.50,5.11,9.06,119.36,0.005111,0.006452,0.1133,1.974
0.02,lyap1,247,0.0963,-0.5319,0.800000,1.700000,1,0,3.207,0.009998,0.09098,-0.52338,0.007489,0,484.16,24.31,93.08,130.77,0.024311,0.032603,0.3835,3.930
0.02,lyap1,248,0.6870,-0.3791,0.800000,1.700000,1,0,2.951,0.009955,0.67730,-0.37680,0.007489,0,145.06,23.52,34.43,20.47,0.023516,0.032576,0.7423,4.904
0.02,lyap1,249,0.6621,-0.5816,0.800000,1.700000,1,0,3.126,0.009984,0.65314,-0.57730,0.007489,0,160.14,33.23,51.00,4.14,0.033233,0.046935,0.9197,5.511
0.02,lyap1,250,-0.1159,-0.8802,0.800000,1.700000,1,0,3.642,0.009973,-0.11611,-0.87024,0.007490,0,347.76,24.71,101.93,53.41,0.024707,0.031265,0.9885,5.688
0.02,lyap1,251,0.1278,0.4828,0.800000,1.700000,1,0,3.120,0.009964,0.12159,0.47503,0.007489,0,480.88,24.20,85.95,136.34,0.024197,0.032580,0.3289,3.725
0.02,lyap1,252,-0.4713,-0.6876,0.800000,1.700000,1,0,3.759,0.009954,-0.46740,-0.67842,0.007490,0,500.88,38.99,137.26,83.94,0.038987,0.045035,1.0079,5.331
0.02,lyap1,253,0.0785,-0.2458,0.800000,1.700000,1,0,2.686,0.009986,0.07082,-0.23942,0.007489,0,461.46,16.71,41.78,176.42,0.016709,0.021484,0.1395,2.631
0.02,lyap1,254,0.1938,-0.0414,0.800000,1.700000,1,0,1.994,0.009954,0.18399,-0.03980,0.007490,0,318.34,4.27,26.66,129.31,0.004267,0.005153,0.0468,1.394
0.02,lyap1,255,0.2595,0.6392,0.800000,1.700000,1,0,3.244,0.009955,0.25313,0.63153,0.007489,0,369.55,31.58,78.33,82.76,0.031579,0.043957,0.5722,4.632
0.02,lyap1,256,-0.1225,-0.6050,0.800000,1.700000,1,0,3.454,0.009972,-0.12364,-0.59506,0.007490,0,525.24,17.52,120.84,128.64,0.017521,0.021585,0.5326,4.315
0.02,lyap1,257,-0.2557,-0.7313,0.800000,1.700000,1,0,3.638,0.009984,-0.25446,-0.72142,0.007490,0,460.38,20.87,122.16,92.38,0.020874,0.025236,0.8176,5.095
0.02,lyap1,258,0.9286,-0.2665,0.800000,1.700000,1,0,2.984,0.009973,0.91875,-0.26533,0.007489,0,145.80,16.27,20.97,39.73,0.016270,0.022767,1.1481,5.716
0.02,lyap1,259,-0.1529,0.2949,0.800000,1.700000,1,0,3.171,0.009989,-0.15422,0.28496,0.007489,0,717.17,10.46,152.55,198.19,0.010455,0.012611,0.2563,2.980
0.02,lyap1,260,-0.5134,-0.8404,0.800000,1.700000,1,0,3.844,0.009956,-0.50933,-0.83133,0.007490,0,388.34,40.88,123.82,39.69,0.040880,0.048219,1.3362,6.133
0.02,lyap1,261,0.1135,0.7021,0.800000,1.700000,1,0,3.379,0.009989,0.10937,0.69298,0.007490,0,404.36,28.87,91.78,88.75,0.028872,0.039290,0.6232,4.767
0.02,lyap1,262,0.1363,0.0233,0.800000,1.700000,1,0,1.745,0.009978,0.12649,0.02134,0.007490,0,320.25,2.92,32.49,125.45,0.002918,0.003353,0.0225,1.005
0.02,lyap1,263,0.6920,-0.4273,0.800000,1.700000,1,0,2.994,0.009983,0.68242,-0.42453,0.007489,0,145.71,26.00,38.61,14.74,0.026004,0.036207,0.7944,5.087
0.02,lyap1,264,0.2765,0.2692,0.800000,1.700000,1,0,2.662,0.009954,0.26718,0.26577,0.007489,0,338.88,19.29,24.59,130.38,0.019288,0.025364,0.1905,2.997
0.02,lyap1,265,0.2175,0.3285,0.800000,1.700000,1,0,2.797,0.009958,0.20880,0.32355,0.007489,0,407.09,21.64,46.43,140.88,0.021637,0.028724,0.2056,3.146
0.02,lyap1,266,0.5969,-0.4234,0.800000,1.700000,1,0,2.965,0.009955,0.58741,-0.42037,0.007489,0,202.16,26.08,41.17,40.34,0.026084,0.036083,0.6407,4.689
0.02,lyap1,267,0.0093,-0.2934,0.800000,1.700000,1,0,2.908,0.009981,0.00342,-0.28529,0.007489,0,571.25,15.07,88.44,185.88,0.015070,0.019106,0.1791,2.830
0.02,lyap1,268,-0.0703,-0.4002,0.800000,1.700000,1,0,3.193,0.009973,-0.07348,-0.39076,0.007489,0,618.14,13.99,123.33,175.25,0.013990,0.016975,0.2808,3.318
0.02,lyap1,269,-0.1298,0.8148,0.800000,1.700000,1,0,3.610,0.009965,-0.13001,0.80486,0.007490,0,392.04,22.64,106.95,72.09,0.022635,0.028420,0.8708,5.365
0.02,lyap1,270,0.3659,0.1527,0.800000,1.700000,1,0,2.495,0.009971,0.35604,0.15125,0.007490,0,242.36,11.76,2.08,110.28,0.011758,0.015266,0.1908,2.717
0.02,lyap1,271,0.1731,0.7224,0.800000,1.700000,1,0,3.367,0.009969,0.16837,0.71359,0.007490,0,372.89,31.29,86.42,76.56,0.031287,0.043242,0.6672,4.916
0.02,lyap1,272,-0.1537,-0.3882,0.800000,1.700000,1,0,3.280,0.009981,-0.15489,-0.37826,0.007489,0,665.17,12.13,143.58,179.90,0.012134,0.014465,0.3181,3.353
0.02,lyap1,273,0.3157,0.8481,0.800000,1.700000,1,0,3.418,0.009943,0.31047,0.83966,0.007490,0,259.09,38.11,75.91,25.05,0.038113,0.054136,0.9566,5.714
0.02,lyap1,274,-0.0314,-0.5603,0.800000,1.700000,1,0,3.339,0.009970,-0.03436,-0.55072,0.007490,0,526.26,19.89,111.57,136.64,0.019891,0.025174,0.4355,4.043
0.02,lyap1,275,0.8578,-0.3810,0.800000,1.700000,1,0,3.016,0.009973,0.84807,-0.37904,0.007489,0,150.25,22.98,30.97,26.92,0.022979,0.032222,1.0714,5.679
0.02,lyap1,276,0.1279,-0.9419,0.800000,1.700000,1,0,3.561,0.009986,0.12523,-0.93229,0.007490,0,268.05,34.84,84.50,23.40,0.034835,0.048020,1.0703,5.982
0.02,lyap1,277,0.3437,0.3660,0.800000,1.700000,1,0,2.849,0.009960,0.33461,0.36205,0.007489,0,341.43,23.71,44.21,108.72,0.023709,0.031977,0.3078,3.603
0.02,lyap1,278,0.4443,0.0492,0.800000,1.700000,1,0,2.497,0.009955,0.43438,0.04882,0.007490,0,193.18,3.74,0.82,92.96,0.003738,0.004874,0.2419,2.623
0.02,lyap1,279,0.5094,-0.5381,0.800000,1.700000,1,0,3.077,0.009965,0.50063,-0.53335,0.007489,0,253.77,31.20,55.16,48.32,0.031196,0.043552,0.6500,4.813
0.02,lyap1,280,0.6178,0.6921,0.800000,1.700000,1,0,3.222,0.009999,0.60946,0.68650,0.007489,0,177.43,37.50,58.10,2.49,0.037498,0.053441,1.0091,5.776
0.02,lyap1,281,-0.0121,0.1057,0.800000,1.700000,1,0,2.296,0.009994,-0.01591,0.09649,0.007490,0,492.77,9.51,49.24,190.01,0.009514,0.011493,0.1400,2.246
0.02,lyap1,282,0.5679,0.2579,0.800000,1.700000,1,0,2.783,0.009964,0.55808,0.25623,0.007489,0,191.45,17.23,22.87,59.93,0.017234,0.023322,0.4709,3.977
0.02,lyap1,283,0.2760,0.1287,0.800000,1.700000,1,0,2.343,0.009984,0.26621,0.12682,0.007490,0,296.77,10.82,13.25,127.02,0.010817,0.013732,0.1156,2.273
0.02,lyap1,284,0.4500,0.3983,0.800000,1.700000,1,0,2.905,0.009999,0.44063,0.39475,0.007489,0,285.18,25.17,43.71,80.00,0.025171,0.034368,0.4329,4.061
0.02,lyap1,285,0.4344,0.0610,0.800000,1.700000,1,0,2.489,0.009966,0.42440,0.06052,0.007490,0,198.74,4.66,0.78,95.10,0.004658,0.006065,0.2327,2.618
0.02,lyap1,286,0.2625,-0.1936,0.800000,1.700000,1,0,2.480,0.009995,0.25287,-0.19088,0.007490,0,289.11,15.28,0.05,133.05,0.015276,0.019670,0.1384,2.591
0.02,lyap1,287,0.4951,-0.4703,0.800000,1.700000,1,0,3.000,0.009965,0.48606,-0.46615,0.007489,0,264.36,28.36,49.98,60.92,0.028364,0.039231,0.5550,4.497
0.02,lyap1,288,-0.0609,0.1904,0.800000,1.700000,1,0,2.807,0.009964,-0.06509,0.18139,0.007489,0,628.62,8.31,100.41,207.66,0.008312,0.009813,0.1697,2.516
0.02,lyap1,289,0.4627,-0.5742,0.800000,1.700000,1,0,3.119,0.009963,0.45436,-0.56880,0.007489,0,276.66,32.36,60.33,53.74,0.032359,0.045278,0.6428,4.815
0.02,lyap1,290,-0.2671,0.5113,0.800000,1.700000,1,0,3.506,0.009995,-0.26582,0.50142,0.007490,0,616.02,19.12,146.06,147.61,0.019124,0.023442,0.5264,4.080
0.02,lyap1,291,-0.1914,0.4290,0.800000,1.700000,1,0,3.365,0.009947,-0.19169,0.41902,0.007490,0,654.61,14.01,146.38,170.41,0.014013,0.016874,0.3796,3.584
0.02,lyap1,292,0.3585,0.0772,0.800000,1.700000,1,0,2.391,0.009983,0.34858,0.07640,0.007490,0,237.36,6.22,3.72,110.29,0.006224,0.007985,0.1617,2.322
0.02,lyap1,293,0.0225,0.1187,0.800000,1.700000,1,0,2.231,0.009974,0.01698,0.11040,0.007490,0,515.72,11.82,70.14,178.86,0.011815,0.014336,0.1126,2.174
0.02,lyap1,294,0.4545,0.0289,0.800000,1.700000,1,0,2.504,0.009955,0.44453,0.02867,0.007490,0,185.95,2.19,0.58,90.76,0.002186,0.002854,0.2513,2.600
0.02,lyap1,295,-0.0097,-0.2389,0.800000,1.700000,1,0,2.813,0.009975,-0.01544,-0.23074,0.007489,0,571.46,12.74,81.09,195.08,0.012737,0.015851,0.1603,2.626
0.02,lyap1,296,-0.0414,-0.4969,0.800000,1.700000,1,0,3.280,0.009956,-0.04454,-0.48744,0.007489,0,561.62,17.85,115.13,152.29,0.017853,0.022312,0.3640,3.744
0.02,lyap1,297,-0.4635,-0.8276,0.800000,1.700000,1,0,3.811,0.009992,-0.45986,-0.81832,0.007490,0,398.40,35.48,123.53,49.06,0.035481,0.042724,1.2345,5.956
0.02,lyap1,298,-0.1078,-0.2116,0.800000,1.700000,1,0,2.964,0.009998,-0.11046,-0.20197,0.007489,0,706.36,7.48,137.47,210.10,0.007478,0.008994,0.1991,2.637
0.02,lyap1,299,0.1967,0.7699,0.800000,1.700000,1,0,3.399,0.009949,0.19216,0.76110,0.007490,0,341.38,33.11,84.17,61.69,0.033105,0.046074,0.7546,5.174
0.02,lyap2,0,-0.4828,-0.7608,0.500000,2.500000,1,0,5.692,0.009992,-0.47844,-0.75175,0.005094,0,629.10,29.60,43.81,248.53,0.029605,0.040515,0.7392,4.243
0.02,lyap2,1,0.3886,-0.1909,0.500000,2.500000,1,0,3.984,0.009970,0.37968,-0.18638,0.005082,0,512.28,4.87,10.51,241.98,0.004866,0.008090,0.1212,2.239
0.02,lyap2,2,0.1373,-0.1241,0.500000,2.500000,1,0,2.926,0.009971,0.13025,-0.11699,0.005091,0,489.54,5.25,16.86,223.98,0.005249,0.007539,0.0582,1.831
0.02,lyap2,3,0.5235,0.3075,0.500000,2.500000,1,0,4.486,0.009982,0.51484,0.30249,0.005101,0,481.50,6.48,4.07,231.82,0.006477,0.011402,0.2344,2.929
0.02,lyap2,4,0.3315,0.9345,0.500000,2.500000,1,0,5.486,0.009976,0.32797,0.92512,0.005081,0,437.27,13.50,9.63,198.89,0.013496,0.021972,0.6571,4.597
0.02,lyap2,5,0.3231,-0.0585,0.500000,2.500000,1,0,3.542,0.009980,0.31327,-0.05655,0.005098,0,481.31,1.81,4.47,234.83,0.001812,0.002867,0.0630,1.459
0.02,lyap2,6,-0.0850,0.5502,0.500000,2.500000,1,0,4.865,0.009991,-0.08445,0.54019,0.005101,0,641.55,11.54,28.46,283.66,0.011538,0.015209,0.3338,3.447
0.02,lyap2,7,-0.0720,-0.5823,0.500000,2.500000,1,0,4.928,0.009993,-0.07169,-0.57229,0.005098,0,633.19,11.79,27.97,279.79,0.011791,0.015532,0.3489,3.510
0.02,lyap2,8,0.3960,-0.5209,0.500000,2.500000,1,0,4.744,0.009993,0.38979,-0.51307,0.005105,0,499.29,9.35,2.06,240.57,0.009355,0.016461,0.2973,3.431
0.02,lyap2,9,0.3685,0.3828,0.500000,2.500000,1,0,4.397,0.009983,0.36148,0.37571,0.005096,0,520.11,7.95,5.68,248.42,0.007946,0.013665,0.2012,2.955
0.02,lyap2,10,0.1283,0.2512,0.500000,2.500000,1,0,3.646,0.009985,0.12438,0.24201,0.005093,0,563.90,6.96,16.94,259.78,0.006961,0.010508,0.1168,2.511
0.02,lyap2,11,0.2440,0.2446,0.500000,2.500000,1,0,3.785,0.009994,0.23720,0.23722,0.005087,0,548.10,6.55,17.09,252.04,0.006551,0.010478,0.1053,2.364
0.02,lyap2,12,0.6768,0.6211,0.500000,2.500000,1,0,5.160,0.009979,0.66943,0.61435,0.005084,0,402.71,10.22,1.61,192.08,0.010217,0.019154,0.5346,4.181
0.02,lyap2,13,0.7407,-0.0375,0.500000,2.500000,1,0,4.686,0.009979,0.73073,-0.03695,0.005106,0,413.79,0.77,0.28,206.03,0.000771,0.001388,0.3338,2.787
0.02,lyap2,14,0.1895,0.9012,0.500000,2.500000,1,0,5.439,0.009972,0.18716,0.89149,0.005079,0,485.02,13.69,14.22,218.03,0.013687,0.020289,0.5943,4.392
0.02,lyap2,15,0.3282,0.2784,0.500000,2.500000,1,0,4.058,0.010000,0.32062,0.27187,0.005083,0,535.47,6.70,12.93,249.77,0.006701,0.011147,0.1359,2.534
0.02,lyap2,16,0.4229,-0.6724,0.500000,2.500000,1,0,5.063,0.009986,0.41743,-0.66398,0.005089,0,476.83,10.74,5.95,224.42,0.010739,0.019107,0.4254,3.918
0.02,lyap2,17,-0.0535,-0.6259,0.500000,2.500000,1,0,5.011,0.009978,-0.05347,-0.61588,0.005093,0,620.37,12.14,27.02,274.06,0.012136,0.016017,0.3722,3.603
0.02,lyap2,18,0.5135,-0.1699,0.500000,2.500000,1,0,4.265,0.009997,0.50405,-0.16672,0.005089,0,481.71,3.95,5.06,232.83,0.003947,0.006793,0.1789,2.430
0.02,lyap2,19,-0.1027,-0.2139,0.500000,2.500000,1,0,3.794,0.009981,-0.09863,-0.20477,0.005087,0,593.97,7.16,3.64,287.98,0.007164,0.009265,0.2697,3.148
0.02,lyap2,20,0.5724,0.0126,0.500000,2.500000,1,0,4.313,0.009995,0.56245,0.01234,0.005092,0,454.86,0.29,0.33,226.88,0.000291,0.000503,0.1953,2.120
0.02,lyap2,21,-0.2534,-0.7892,0.500000,2.500000,1,0,5.493,0.009985,-0.25121,-0.77949,0.005081,0,604.22,18.36,34.81,253.53,0.018358,0.026532,0.5945,4.104
0.02,lyap2,22,0.1756,0.0811,0.500000,2.500000,1,0,2.880,0.009986,0.16672,0.07659,0.005090,0,460.32,3.51,10.74,216.80,0.003507,0.005057,0.0331,1.403
0.02,lyap2,23,-0.1826,-0.5070,0.500000,2.500000,1,0,4.888,0.009986,-0.18045,-0.49721,0.005100,0,677.14,12.94,37.36,291.50,0.012943,0.018260,0.3574,3.433
0.02,lyap2,24,0.5281,0.1638,0.500000,2.500000,1,0,4.293,0.009983,0.51858,0.16081,0.005091,0,477.73,3.77,4.53,231.50,0.003774,0.006517,0.1863,2.447
0.02,lyap2,25,0.2533,-0.1131,0.500000,2.500000,1,0,3.358,0.009979,0.24442,-0.10855,0.005102,0,486.91,3.78,6.34,234.27,0.003784,0.005838,0.0544,1.659
0.02,lyap2,26,-0.0698,0.1000,0.500000,2.500000,1,0,3.005,0.009973,-0.06407,0.09176,0.005095,0,671.28,5.45,79.28,252.27,0.005455,0.006251,0.3205,3.388
0.02,lyap2,27,0.3040,0.0277,0.500000,2.500000,1,0,3.434,0.009977,0.29408,0.02664,0.005101,0,469.64,0.90,1.90,232.24,0.000899,0.001404,0.0528,1.235
0.02,lyap2,28,0.2958,-0.8584,0.500000,2.500000,1,0,5.362,0.009975,0.29236,-0.84904,0.005078,0,470.83,12.76,10.83,215.01,0.012761,0.020568,0.5639,4.339
0.02,lyap2,29,0.3034,0.1431,0.500000,2.500000,1,0,3.624,0.009978,0.29460,0.13849,0.005095,0,508.89,4.24,11.08,240.19,0.004238,0.006749,0.0762,1.885
0.02,lyap2,30,-0.0517,-0.6699,0.500000,2.500000,1,0,5.104,0.009986,-0.05174,-0.65994,0.005087,0,609.92,12.71,26.95,268.48,0.012712,0.016857,0.4046,3.711
0.02,lyap2,31,0.5492,0.3284,0.500000,2.500000,1,0,4.564,0.009977,0.54058,0.32333,0.005104,0,472.88,6.73,3.04,228.35,0.006733,0.011955,0.2596,3.051
0.02,lyap2,32,-0.2470,-0.5392,0.500000,2.500000,1,0,5.051,0.009996,-0.24408,-0.52965,0.005090,0,687.04,15.70,42.70,289.04,0.015704,0.022437,0.4120,3.543
0.02,lyap2,33,0.0352,0.9500,0.500000,2.500000,1,0,5.559,0.009975,0.03441,0.94003,0.005084,0,500.91,15.42,19.34,219.55,0.015419,0.021131,0.6548,4.482
0.02,lyap2,34,0.0707,-0.1224,0.500000,2.500000,1,0,2.719,0.009986,0.06564,-0.11379,0.005086,0,531.78,6.09,42.49,218.83,0.006092,0.008227,0.0988,2.134
0.02,lyap2,35,0.4590,0.2294,0.500000,2.500000,1,0,4.226,0.009974,0.45005,0.22495,0.005088,0,499.56,5.33,7.44,238.34,0.005335,0.009128,0.1671,2.524
0.02,lyap2,36,-0.1107,0.4644,0.500000,2.500000,1,0,4.678,0.009987,-0.10954,0.45447,0.005106,0,655.70,10.77,27.81,291.96,0.010773,0.014292,0.2993,3.301
0.02,lyap2,37,0.1172,0.8775,0.500000,2.500000,1,0,5.414,0.009990,0.11548,0.86761,0.005078,0,509.87,13.83,17.05,227.51,0.013831,0.019598,0.5672,4.289
0.02,lyap2,38,-0.1887,-0.6828,0.500000,2.500000,1,0,5.252,0.009991,-0.18692,-0.67294,0.005080,0,633.80,15.26,35.08,270.38,0.015257,0.021580,0.4713,3.802
0.02,lyap2,39,0.8660,-0.0873,0.500000,2.500000,1,0,4.920,0.009995,0.85606,-0.08628,0.005099,0,373.47,1.68,0.27,185.20,0.001680,0.003096,0.4644,3.332
0.02,lyap2,40,0.3463,-0.5640,0.500000,2.500000,1,0,4.805,0.009981,0.34090,-0.55561,0.005104,0,511.44,9.74,4.57,243.85,0.009739,0.016887,0.3124,3.513
0.02,lyap2,41,0.1016,-0.3385,0.500000,2.500000,1,0,4.038,0.009988,0.09867,-0.32897,0.005083,0,580.84,7.61,11.72,273.00,0.007611,0.011385,0.1626,2.826
0.02,lyap2,42,-0.2362,-0.3342,0.500000,2.500000,1,0,4.583,0.009999,-0.23193,-0.32518,0.005104,0,713.02,14.13,40.88,305.03,0.014131,0.019417,0.3356,3.612
0.02,lyap2,43,0.8826,0.0070,0.500000,2.500000,1,0,4.937,0.009992,0.87258,0.00695,0.005098,0,365.68,0.13,0.02,182.72,0.000135,0.000249,0.4776,3.252
0.02,lyap2,44,0.1563,-0.4355,0.500000,2.500000,1,0,4.390,0.009985,0.15253,-0.42626,0.005096,0,554.70,8.49,0.81,270.18,0.008486,0.013302,0.2054,3.060
0.02,lyap2,45,0.0602,0.2535,0.500000,2.500000,1,0,3.650,0.009975,0.05846,0.24372,0.005093,0,572.96,6.92,14.14,267.15,0.006917,0.009806,0.1455,2.670
0.02,lyap2,46,0.3509,-0.8008,0.500000,2.500000,1,0,5.270,0.009979,0.34676,-0.79176,0.005079,0,471.04,11.98,9.08,217.45,0.011983,0.020322,0.5192,4.218
0.02,lyap2,47,-0.1504,-0.4231,0.500000,2.500000,1,0,4.630,0.009980,-0.14837,-0.41334,0.005105,0,671.65,11.03,30.91,296.64,0.011034,0.015196,0.3029,3.275
0.02,lyap2,48,0.3656,-0.0779,0.500000,2.500000,1,0,3.726,0.009980,0.35591,-0.07569,0.005090,0,489.32,2.23,5.83,237.15,0.002232,0.003608,0.0829,1.671
0.02,lyap2,49,-0.2992,-0.4212,0.500000,2.500000,1,0,4.910,0.009989,-0.29481,-0.41219,0.005099,0,728.63,18.33,49.97,300.60,0.018328,0.024768,0.3989,3.721
0.02,lyap2,50,0.7379,0.3254,0.500000,2.500000,1,0,4.862,0.009973,0.72873,0.32136,0.005102,0,413.13,6.20,0.74,201.17,0.006198,0.011369,0.4027,3.498
0.02,lyap2,51,0.2430,0.2287,0.500000,2.500000,1,0,3.725,0.009978,0.23605,0.22157,0.005090,0,543.60,6.32,16.79,250.27,0.006319,0.010056,0.0981,2.292
0.02,lyap2,52,-0.0147,-0.5282,0.500000,2.500000,1,0,4.742,0.009971,-0.01527,-0.51828,0.005105,0,620.36,10.36,20.97,281.44,0.010360,0.013600,0.2949,3.361
0.02,lyap2,53,0.0787,0.1072,0.500000,2.500000,1,0,2.593,0.009981,0.07238,0.09945,0.005086,0,511.13,5.85,41.57,209.61,0.005851,0.007779,0.0829,1.976
0.02,lyap2,54,-0.1562,0.9648,0.500000,2.500000,1,0,5.678,0.009986,-0.15526,0.95486,0.005093,0,523.67,18.18,26.24,221.97,0.018178,0.025482,0.7257,4.540
0.02,lyap2,55,-0.1446,-0.2073,0.500000,2.500000,1,0,3.926,0.009968,-0.13956,-0.19869,0.005083,0,624.44,8.26,10.93,295.10,0.008258,0.011602,0.3060,3.464
0.02,lyap2,56,0.7844,0.3256,0.500000,2.500000,1,0,4.931,0.009993,0.77516,0.32175,0.005098,0,397.06,6.10,0.57,193.39,0.006100,0.011265,0.4462,3.627
0.02,lyap2,57,0.2535,-0.6401,0.500000,2.500000,1,0,4.941,0.009981,0.24949,-0.63092,0.005097,0,531.42,10.45,10.00,247.88,0.010452,0.017130,0.3520,3.668
0.02,lyap2,58,0.3038,-0.4120,0.500000,2.500000,1,0,4.400,0.009994,0.29769,-0.40408,0.005097,0,532.23,8.33,4.78,255.08,0.008333,0.014112,0.2011,3.005
0.02,lyap2,59,0.7189,-0.3583,0.500000,2.500000,1,0,4.869,0.009974,0.70998,-0.35387,0.005101,0,417.24,6.77,0.64,202.91,0.006767,0.012418,0.4011,3.539
0.02,lyap2,60,0.1800,0.0264,0.500000,2.500000,1,0,2.746,0.009988,0.17013,0.02486,0.005086,0,427.70,1.23,5.07,207.85,0.001235,0.001744,0.0187,0.882
0.02,lyap2,61,-0.4251,0.6545,0.500000,2.500000,1,0,5.488,0.009967,-0.42075,0.64552,0.005081,0,670.53,26.17,46.76,268.88,0.026171,0.035640,0.6099,3.941
0.02,lyap2,62,0.5324,0.0722,0.500000,2.500000,1,0,4.229,0.009967,0.52256,0.07083,0.005088,0,468.61,1.72,2.40,230.62,0.001715,0.002941,0.1721,2.151
0.02,lyap2,63,-0.1463,-0.2830,0.500000,2.500000,1,0,4.199,0.009972,-0.14284,-0.27362,0.005087,0,645.80,9.12,17.08,298.99,0.009117,0.012684,0.2764,3.240
0.02,lyap2,64,0.5285,0.0914,0.500000,2.500000,1,0,4.230,0.009969,0.51864,0.08967,0.005088,0,471.39,2.17,3.02,231.04,0.002168,0.003717,0.1720,2.201
0.02,lyap2,65,0.2105,0.2530,0.500000,2.500000,1,0,3.757,0.009984,0.20452,0.24508,0.005088,0,555.32,6.80,17.81,254.75,0.006796,0.010742,0.1079,2.415
0.02,lyap2,66,-0.2321,0.7541,0.500000,2.500000,1,0,5.418,0.009972,-0.23005,0.74435,0.005079,0,615.20,17.30,35.05,259.57,0.017302,0.024880,0.5518,4.002
0.02,lyap2,67,0.1052,0.6538,0.500000,2.500000,1,0,4.984,0.009968,0.10311,0.64409,0.005095,0,572.05,11.13,17.21,260.47,0.011129,0.015891,0.3596,3.654
0.02,lyap2,68,0.5076,0.3617,0.500000,2.500000,1,0,4.553,0.009991,0.49946,0.35597,0.005104,0,482.95,7.35,3.18,232.79,0.007348,0.013003,0.2514,3.079
0.02,lyap2,69,-0.0513,0.1705,0.500000,2.500000,1,0,3.370,0.009984,-0.04780,0.16114,0.005101,0,578.76,6.06,16.86,267.98,0.006061,0.007207,0.2424,2.963
0.02,lyap2,70,-0.0982,0.3380,0.500000,2.500000,1,0,4.271,0.009989,-0.09643,0.32820,0.005090,0,629.47,8.77,13.28,294.88,0.008772,0.011389,0.2472,3.116
0.02,lyap2,71,-0.2987,-0.5024,0.500000,2.500000,1,0,5.063,0.009967,-0.29493,-0.49314,0.005089,0,708.59,18.33,47.65,292.90,0.018330,0.025418,0.4286,3.566
0.02,lyap2,72,-0.1503,0.3616,0.500000,2.500000,1,0,4.456,0.010000,-0.14781,0.35193,0.005100,0,666.01,10.23,26.23,299.10,0.010226,0.014146,0.2839,3.206
0.02,lyap2,73,-0.1360,0.7558,0.500000,2.500000,1,0,5.335,0.009990,-0.13505,0.74582,0.005078,0,600.95,15.15,30.40,258.72,0.015147,0.020818,0.5064,3.957
0.02,lyap2,74,0.2863,-0.1810,0.500000,2.500000,1,0,3.674,0.009995,0.27810,-0.17525,0.005092,0,523.10,5.20,13.80,243.84,0.005202,0.008306,0.0850,2.067
0.02,lyap2,75,0.2629,0.0381,0.500000,2.500000,1,0,3.249,0.009969,0.25306,0.03649,0.005101,0,460.39,1.35,1.33,227.85,0.001349,0.002060,0.0403,1.177
0.02,lyap2,76,-0.0879,0.1908,0.500000,2.500000,1,0,3.630,0.009975,-0.08363,0.18176,0.005094,0,584.51,6.61,5.64,281.66,0.006608,0.008264,0.2682,3.112
0.02,lyap2,77,0.1878,-0.1637,0.500000,2.500000,1,0,3.312,0.009979,0.18085,-0.15652,0.005102,0,499.63,5.55,6.38,239.28,0.005547,0.008413,0.0680,1.991
0.02,lyap2,78,0.3960,0.0616,0.500000,2.500000,1,0,3.816,0.009993,0.38615,0.05997,0.005086,0,484.61,1.70,4.28,236.75,0.001704,0.002785,0.0942,1.682
0.02,lyap2,79,0.1499,0.3328,0.500000,2.500000,1,0,4.022,0.009984,0.14582,0.32367,0.005082,0,574.58,7.63,13.81,267.76,0.007627,0.011859,0.1508,2.759
0.02,lyap2,80,0.4252,0.0139,0.500000,2.500000,1,0,3.892,0.009994,0.41517,0.01353,0.005084,0,473.91,0.37,0.88,235.79,0.000373,0.000616,0.1051,1.589
0.02,lyap2,81,-0.1576,0.2546,0.500000,2.500000,1,0,4.138,0.009968,-0.15345,0.24554,0.005085,0,646.89,9.24,16.99,299.53,0.009236,0.013019,0.2924,3.389
0.02,lyap2,82,-0.0686,-0.8309,0.500000,2.500000,1,0,5.417,0.009988,-0.06838,-0.82093,0.005078,0,563.35,15.08,25.55,244.81,0.015079,0.020375,0.5515,4.140
0.02,lyap2,83,0.4444,-0.8902,0.500000,2.500000,1,0,5.435,0.009983,0.43990,-0.88130,0.005079,0,418.29,12.75,6.77,192.81,0.012748,0.022444,0.6483,4.588
0.02,lyap2,84,0.2393,0.0573,0.500000,2.500000,1,0,3.157,0.009967,0.22964,0.05467,0.005099,0,455.14,2.12,0.33,225.64,0.002121,0.003199,0.0368,1.258
0.02,lyap2,85,-0.0699,0.1952,0.500000,2.500000,1,0,3.583,0.009992,-0.06623,0.18586,0.005096,0,574.76,6.44,4.34,278.21,0.006439,0.007844,0.2496,3.015
0.02,lyap2,86,0.7095,0.5152,0.500000,2.500000,1,0,5.049,0.009985,0.70139,0.50936,0.005090,0,405.60,8.97,0.60,195.47,0.008972,0.016723,0.4835,3.954
0.02,lyap2,87,-0.0494,-0.2016,0.500000,2.500000,1,0,3.548,0.009980,-0.04652,-0.19207,0.005098,0,563.85,6.37,2.26,274.89,0.006373,0.007733,0.2285,2.943
0.02,lyap2,88,0.0267,0.5306,0.500000,2.500000,1,0,4.717,0.009971,0.02539,0.52072,0.005106,0,606.37,10.04,17.43,278.22,0.010042,0.013521,0.2846,3.349
0.02,lyap2,89,0.5313,0.5599,0.500000,2.500000,1,0,4.936,0.009970,0.52443,0.55274,0.005098,0,458.50,9.68,2.20,219.79,0.009684,0.017637,0.3888,3.737
0.02,lyap2,90,-0.0457,0.0894,0.500000,2.500000,1,0,2.731,0.009986,-0.04229,0.07998,0.005087,0,682.03,5.44,103.36,233.58,0.005437,0.006088,0.2918,3.179
0.02,lyap2,91,-0.3348,-0.7215,0.500000,2.500000,1,0,5.474,0.009972,-0.33159,-0.71204,0.005080,0,638.24,21.06,40.61,262.71,0.021064,0.030226,0.5895,4.000
0.02,lyap2,92,-0.2539,0.6200,0.500000,2.500000,1,0,5.212,0.009998,-0.25123,0.61034,0.005081,0,664.75,16.70,40.74,279.11,0.016695,0.023976,0.4637,3.707
0.02,lyap2,93,0.1010,0.2482,0.500000,2.500000,1,0,3.617,0.009967,0.09793,0.23872,0.005095,0,565.10,6.94,15.67,261.68,0.006937,0.010248,0.1245,2.556
0.02,lyap2,94,0.8495,0.4720,0.500000,2.500000,1,0,5.159,0.009973,0.84079,0.46711,0.005084,0,360.50,8.17,0.14,173.98,0.008169,0.015415,0.5877,4.181
0.02,lyap2,95,0.1372,0.4237,0.500000,2.500000,1,0,4.351,0.009971,0.13369,0.41432,0.005094,0,559.93,8.37,1.49,272.20,0.008368,0.012919,0.2004,3.034
0.02,lyap2,96,0.4789,0.8183,0.500000,2.500000,1,0,5.335,0.009969,0.47382,0.80978,0.005078,0,427.75,12.06,5.88,198.95,0.012061,0.021716,0.5880,4.420
0.02,lyap2,97,-0.0656,0.3396,0.500000,2.500000,1,0,4.213,0.009998,-0.06456,0.32969,0.005087,0,610.18,8.30,7.34,291.53,0.008296,0.010547,0.2296,3.070
0.02,lyap2,98,0.6043,0.2287,0.500000,2.500000,1,0,4.529,0.009977,0.59493,0.22518,0.005103,0,458.88,4.85,2.84,222.96,0.004849,0.008591,0.2570,2.861
0.02,lyap2,99,-0.0616,-0.5886,0.500000,2.500000,1,0,4.933,0.009989,-0.06145,-0.57856,0.005098,0,629.27,11.73,27.22,278.62,0.011733,0.015434,0.3492,3.519
0.02,lyap2,100,0.6577,0.3184,0.500000,2.500000,1,0,4.729,0.009972,0.64872,0.31410,0.005106,0,439.85,6.28,1.42,213.79,0.006278,0.011358,0.3320,3.270
0.02,lyap2,101,0.7053,0.3527,0.500000,2.500000,1,0,4.842,0.009997,0.69639,0.34822,0.005102,0,422.05,6.71,0.75,205.24,0.006711,0.012282,0.3867,3.488
0.02,lyap2,102,-0.2611,-0.8069,0.500000,2.500000,1,0,5.527,0.009983,-0.25890,-0.79719,0.005082,0,598.11,18.80,34.54,250.42,0.018797,0.027212,0.6150,4.155
0.02,lyap2,103,-0.2565,-0.5607,0.500000,2.500000,1,0,5.107,0.009971,-0.25357,-0.55118,0.005087,0,683.33,16.30,42.81,286.63,0.016300,0.023310,0.4296,3.591
0.02,lyap2,104,-0.0062,-0.2025,0.500000,2.500000,1,0,3.433,0.009998,-0.00505,-0.19258,0.005101,0,545.02,6.37,1.88,265.85,0.006374,0.008135,0.1893,2.783
0.02,lyap2,105,0.1683,-0.1221,0.500000,2.500000,1,0,3.037,0.009993,0.16060,-0.11571,0.005095,0,476.16,4.82,7.55,226.91,0.004821,0.007080,0.0505,1.745
0.02,lyap2,106,0.1073,0.7657,0.500000,2.500000,1,0,5.215,0.009997,0.10551,0.75589,0.005081,0,546.44,12.51,18.09,245.75,0.012509,0.017710,0.4561,3.964
0.02,lyap2,107,0.2607,-0.0935,0.500000,2.500000,1,0,3.337,0.009994,0.25146,-0.08971,0.005102,0,479.53,3.17,4.96,232.43,0.003165,0.004877,0.0504,1.540
0.02,lyap2,108,0.2814,0.9272,0.500000,2.500000,1,0,5.473,0.009992,0.27830,0.91767,0.005080,0,453.03,13.59,11.11,205.22,0.013586,0.021401,0.6364,4.532
0.02,lyap2,109,0.5130,0.7951,0.500000,2.500000,1,0,5.312,0.009980,0.50753,0.78671,0.005078,0,422.77,11.86,5.09,197.41,0.011861,0.021625,0.5821,4.399
0.02,lyap2,110,0.4870,-0.3349,0.500000,2.500000,1,0,4.471,0.009993,0.47875,-0.32931,0.005100,0,490.83,7.01,4.45,235.71,0.007014,0.012305,0.2267,2.953
0.02,lyap2,111,0.2839,0.6459,0.500000,2.500000,1,0,4.959,0.009990,0.27959,0.63686,0.005096,0,521.83,10.48,9.11,243.95,0.010479,0.017523,0.3617,3.705
0.02,lyap2,112,0.3172,0.1950,0.500000,2.500000,1,0,3.801,0.009998,0.30884,0.18949,0.005087,0,524.79,5.31,13.70,244.72,0.005311,0.008616,0.0980,2.161
0.02,lyap2,113,0.3999,-0.0481,0.500000,2.500000,1,0,3.820,0.009984,0.38997,-0.04679,0.005086,0,481.59,1.33,3.32,236.48,0.001328,0.002172,0.0946,1.636
0.02,lyap2,114,0.0845,-0.3381,0.500000,2.500000,1,0,4.040,0.009982,0.08193,-0.32843,0.005083,0,582.72,7.58,10.88,274.79,0.007584,0.011151,0.1668,2.846
0.02,lyap2,115,0.2833,0.3617,0.500000,2.500000,1,0,4.235,0.009969,0.27709,0.35389,0.005088,0,544.26,7.84,9.43,256.82,0.007845,0.013094,0.1687,2.824
0.02,lyap2,116,-0.0960,-0.1708,0.500000,2.500000,1,0,3.565,0.009998,-0.09097,-0.16217,0.005097,0,592.92,6.52,11.35,280.22,0.006518,0.008260,0.2876,3.252
0.02,lyap2,117,0.1426,0.0149,0.500000,2.500000,1,0,2.439,0.009980,0.13271,0.01399,0.005089,0,392.80,0.87,4.44,191.32,0.000866,0.001146,0.0109,0.675
0.02,lyap2,118,0.2298,-0.1089,0.500000,2.500000,1,0,3.246,0.009997,0.22102,-0.10415,0.005101,0,474.91,3.85,3.24,231.33,0.003848,0.005851,0.0487,1.617
0.02,lyap2,119,0.3467,0.6367,0.500000,2.500000,1,0,4.960,0.009975,0.34175,0.62808,0.005096,0,504.86,10.39,7.02,237.62,0.010391,0.017979,0.3691,3.730
0.02,lyap2,120,0.1427,0.1849,0.500000,2.500000,1,0,3.308,0.009998,0.13737,0.17640,0.005102,0,507.70,6.22,5.15,244.04,0.006222,0.009288,0.0850,2.192
0.02,lyap2,121,0.9039,0.2691,0.500000,2.500000,1,0,5.061,0.009986,0.89429,0.26624,0.005090,0,356.81,4.93,0.48,174.23,0.004927,0.009209,0.5492,3.844
0.02,lyap2,122,0.6186,-0.7694,0.500000,2.500000,1,0,5.328,0.009973,0.61236,-0.76160,0.005078,0,393.91,11.66,3.10,185.11,0.011662,0.021823,0.6224,4.493
0.02,lyap2,123,0.1330,0.4410,0.500000,2.500000,1,0,4.407,0.009991,0.12967,0.43153,0.005097,0,559.45,8.53,0.89,272.44,0.008531,0.013096,0.2108,3.083
0.02,lyap2,124,0.3040,-0.5997,0.500000,2.500000,1,0,4.865,0.009972,0.29925,-0.59090,0.005101,0,521.11,10.04,6.99,246.03,0.010041,0.017070,0.3289,3.584
0.02,lyap2,125,0.8777,-0.3398,0.500000,2.500000,1,0,5.075,0.009980,0.86840,-0.33614,0.005089,0,362.56,6.14,0.44,176.23,0.006141,0.011498,0.5482,3.930
0.02,lyap2,126,0.4647,-0.7285,0.500000,2.500000,1,0,5.182,0.009994,0.45926,-0.72015,0.005082,0,453.24,11.25,5.71,212.47,0.011255,0.020267,0.4938,4.137
0.02,lyap2,127,-0.1434,-0.2996,0.500000,2.500000,1,0,4.246,0.009989,-0.14026,-0.29010,0.005089,0,648.21,9.25,18.23,298.94,0.009246,0.012768,0.2717,3.181
0.02,lyap2,128,0.7348,0.4244,0.500000,2.500000,1,0,4.967,0.009971,0.72621,0.41945,0.005096,0,405.99,7.72,0.13,197.07,0.007718,0.014296,0.4495,3.762
0.02,lyap2,129,-0.1202,-0.4211,0.500000,2.500000,1,0,4.573,0.009978,-0.11864,-0.41127,0.005104,0,657.91,10.35,26.20,294.99,0.010351,0.013811,0.2856,3.242
0.02,lyap2,130,0.0262,0.7331,0.500000,2.500000,1,0,5.184,0.009985,0.02527,0.72318,0.005082,0,575.09,12.71,22.18,255.83,0.012708,0.017176,0.4370,3.864
0.02,lyap2,131,0.1806,-0.8313,0.500000,2.500000,1,0,5.321,0.009967,0.17817,-0.82160,0.005078,0,509.44,12.90,14.87,230.17,0.012898,0.019156,0.5196,4.181
0.02,lyap2,132,0.0616,0.4904,0.500000,2.500000,1,0,4.582,0.009983,0.05967,0.48057,0.005104,0,591.93,9.31,11.25,277.73,0.009313,0.013019,0.2517,3.238
0.02,lyap2,133,0.3828,0.6743,0.500000,2.500000,1,0,5.049,0.009972,0.37774,0.66571,0.005090,0,488.67,10.74,6.92,229.36,0.010741,0.018829,0.4120,3.878
0.02,lyap2,134,0.6240,-0.1220,0.500000,2.500000,1,0,4.476,0.009971,0.61423,-0.12009,0.005100,0,450.55,2.66,1.94,221.34,0.002664,0.004695,0.2444,2.596
0.02,lyap2,135,0.7082,-0.4265,0.500000,2.500000,1,0,4.935,0.009967,0.69965,-0.42139,0.005098,0,414.69,7.80,0.13,201.36,0.007801,0.014402,0.4276,3.703
0.02,lyap2,136,0.3059,-0.0613,0.500000,2.500000,1,0,3.474,0.009983,0.29615,-0.05914,0.005100,0,479.42,1.96,4.44,233.80,0.001955,0.003068,0.0573,1.430
0.02,lyap2,137,0.3815,0.8201,0.500000,2.500000,1,0,5.309,0.009979,0.37714,0.81113,0.005078,0,456.96,12.12,8.28,211.10,0.012125,0.020884,0.5487,4.307
0.02,lyap2,138,-0.4068,-0.7436,0.500000,2.500000,1,0,5.585,0.009997,-0.40298,-0.73438,0.005086,0,634.29,25.17,42.26,256.01,0.025168,0.035145,0.6609,4.120
0.02,lyap2,139,0.2478,-0.2333,0.500000,2.500000,1,0,3.752,0.009981,0.24088,-0.22611,0.005089,0,544.45,6.37,16.82,250.63,0.006365,0.010163,0.1006,2.312
0.02,lyap2,140,0.6772,0.6933,0.500000,2.500000,1,0,5.260,0.009984,0.67025,0.68616,0.005079,0,389.70,10.95,1.99,184.65,0.010949,0.020633,0.5955,4.385
0.02,lyap2,141,0.0428,-0.2079,0.500000,2.500000,1,0,3.392,0.009970,0.04171,-0.19797,0.005101,0,532.36,6.57,2.37,258.89,0.006566,0.009059,0.1489,2.605
0.02,lyap2,142,0.6916,-0.1596,0.500000,2.500000,1,0,4.639,0.009967,0.68186,-0.15733,0.005106,0,432.13,3.31,1.37,212.22,0.003307,0.005928,0.3069,2.913
0.02,lyap2,143,0.3035,0.5051,0.500000,2.500000,1,0,4.643,0.009982,0.29815,0.49667,0.005105,0,523.13,9.19,2.19,252.48,0.009193,0.015667,0.2601,3.300
0.02,lyap2,144,0.1292,-0.1752,0.500000,2.500000,1,0,3.225,0.009983,0.12411,-0.16661,0.005101,0,492.94,6.17,0.39,241.45,0.006175,0.009106,0.0858,2.176
0.02,lyap2,145,0.4745,0.7177,0.500000,2.500000,1,0,5.169,0.009971,0.46894,0.70940,0.005083,0,452.53,11.16,5.41,212.49,0.011160,0.020165,0.4885,4.118
0.02,lyap2,146,0.3993,0.8983,0.500000,2.500000,1,0,5.438,0.009980,0.39519,0.88923,0.005079,0,429.35,12.92,7.87,197.11,0.012920,0.022133,0.6387,4.559
0.02,lyap2,147,-0.1444,0.3214,0.500000,2.500000,1,0,4.320,0.009973,-0.14160,0.31183,0.005093,0,654.67,9.55,20.94,299.23,0.009552,0.013170,0.2720,3.169
0.02,lyap2,148,0.0548,-0.4646,0.500000,2.500000,1,0,4.508,0.009984,0.05293,-0.45482,0.005102,0,590.63,9.02,9.13,279.42,0.009023,0.012566,0.2383,3.180
0.02,lyap2,149,0.3302,-0.5948,0.500000,2.500000,1,0,4.865,0.009968,0.32514,-0.58626,0.005101,0,514.07,10.01,6.13,243.39,0.010007,0.017228,0.3314,3.591
0.02,lyap2,150,0.1291,0.0400,0.500000,2.500000,1,0,2.391,0.009988,0.11943,0.03743,0.005090,0,406.80,2.42,12.10,189.48,0.002420,0.003168,0.0157,0.994
0.02,lyap2,151,0.1204,0.0183,0.500000,2.500000,1,0,2.240,0.009975,0.11045,0.01707,0.005095,0,368.52,1.23,3.91,179.43,0.001227,0.001566,0.0086,0.683
0.02,lyap2,152,0.3968,0.7576,0.500000,2.500000,1,0,5.206,0.009986,0.39201,0.74887,0.005081,0,467.84,11.51,7.57,217.72,0.011507,0.020152,0.4925,4.139
0.02,lyap2,153,0.0547,0.2267,0.500000,2.500000,1,0,3.500,0.009981,0.05318,0.21679,0.005099,0,552.97,6.72,9.32,262.13,0.006720,0.009433,0.1434,2.614
0.02,lyap2,154,0.0069,0.1062,0.500000,2.500000,1,0,2.589,0.009974,0.00502,0.09641,0.005086,0,591.68,6.22,73.08,218.09,0.006224,0.007758,0.1809,2.600
0.02,lyap2,155,0.3885,0.8374,0.500000,2.500000,1,0,5.339,0.009984,0.38418,0.82842,0.005078,0,450.16,12.29,8.13,207.73,0.012293,0.021191,0.5690,4.366
0.02,lyap2,156,0.0770,0.0732,0.500000,2.500000,1,0,2.246,0.009997,0.06885,0.06744,0.005095,0,417.53,5.17,19.64,185.25,0.005171,0.006535,0.0595,1.666
0.02,lyap2,157,0.0515,-0.0915,0.500000,2.500000,1,0,2.366,0.009982,0.04526,-0.08373,0.005091,0,485.53,6.12,40.95,197.23,0.006120,0.007770,0.1032,2.081
0.02,lyap2,158,0.1176,-0.1584,0.500000,2.500000,1,0,3.094,0.009981,0.11237,-0.14988,0.005097,0,500.74,6.04,10.01,235.83,0.006036,0.008759,0.0837,2.121
0.02,lyap2,159,-0.1864,-0.2631,0.500000,2.500000,1,0,4.256,0.009974,-0.18198,-0.25417,0.005089,0,672.29,10.76,25.15,302.93,0.010763,0.015134,0.3081,3.536
0.02,lyap2,160,0.2632,-0.1929,0.500000,2.500000,1,0,3.647,0.009988,0.25549,-0.18663,0.005093,0,528.58,5.58,14.74,245.36,0.005585,0.008864,0.0852,2.118
0.02,lyap2,161,-0.3555,-0.7662,0.500000,2.500000,1,0,5.561,0.009970,-0.35232,-0.75682,0.005084,0,622.13,22.33,39.60,254.71,0.022332,0.032067,0.6408,4.126
0.02,lyap2,162,-0.1215,-0.1778,0.500000,2.500000,1,0,3.713,0.009976,-0.11611,-0.16940,0.005090,0,604.78,7.19,9.42,287.58,0.007191,0.009750,0.3061,3.420
0.02,lyap2,163,-0.0238,-0.5614,0.500000,2.500000,1,0,4.835,0.009973,-0.02426,-0.55142,0.005103,0,621.50,10.91,23.35,279.22,0.010906,0.014317,0.3186,3.441
0.02,lyap2,164,0.4774,0.4709,0.500000,2.500000,1,0,4.719,0.009989,0.47021,0.46402,0.005106,0,478.90,8.79,0.02,232.84,0.008787,0.015690,0.2988,3.381
0.02,lyap2,165,0.0443,-0.5806,0.500000,2.500000,1,0,4.836,0.009974,0.04287,-0.57068,0.005103,0,598.79,10.57,18.73,272.73,0.010571,0.014414,0.3137,3.465
0.02,lyap2,166,-0.0210,-0.5374,0.500000,2.500000,1,0,4.771,0.009987,-0.02146,-0.52742,0.005105,0,622.08,10.55,22.03,281.09,0.010550,0.013828,0.3025,3.385
0.02,lyap2,167,0.8175,0.5027,0.500000,2.500000,1,0,5.154,0.009994,0.80900,0.49746,0.005084,0,368.30,8.64,0.07,177.60,0.008640,0.016291,0.5745,4.178
0.02,lyap2,168,0.8027,-0.3400,0.500000,2.500000,1,0,4.971,0.009982,0.79352,-0.33606,0.005095,0,389.73,6.29,0.48,189.67,0.006293,0.011667,0.4704,3.715
0.02,lyap2,169,0.1514,0.0679,0.500000,2.500000,1,0,2.678,0.009985,0.14225,0.06381,0.005086,0,451.79,3.36,16.66,206.71,0.003357,0.004653,0.0272,1.298
0.02,lyap2,170,0.5304,0.7692,0.500000,2.500000,1,0,5.280,0.009978,0.52469,0.76102,0.005079,0,423.36,11.64,4.63,198.32,0.011637,0.021339,0.5664,4.350
0.02,lyap2,171,0.2090,0.4792,0.500000,2.500000,1,0,4.532,0.009980,0.20462,0.47017,0.005103,0,545.29,8.91,2.12,263.85,0.008909,0.014465,0.2313,3.183
0.02,lyap2,172,0.5598,-0.3460,0.500000,2.500000,1,0,4.609,0.009979,0.55129,-0.34079,0.005105,0,468.59,6.98,2.50,226.56,0.006975,0.012442,0.2748,3.129
0.02,lyap2,173,0.5464,-0.7222,0.500000,2.500000,1,0,5.215,0.009981,0.54031,-0.71428,0.005081,0,428.46,11.22,4.08,201.74,0.011223,0.020665,0.5314,4.237
0.02,lyap2,174,-0.1182,-0.2340,0.500000,2.500000,1,0,3.933,0.009973,-0.11430,-0.22484,0.005083,0,609.65,7.76,6.28,292.72,0.007765,0.010355,0.2731,3.195
0.02,lyap2,175,-0.2591,-0.7992,0.500000,2.500000,1,0,5.514,0.009971,-0.25693,-0.78953,0.005082,0,600.98,18.65,34.71,251.79,0.018651,0.026987,0.6068,4.134
0.02,lyap2,176,0.5500,-0.2108,0.500000,2.500000,1,0,4.397,0.009991,0.54071,-0.20720,0.005096,0,474.15,4.66,4.20,229.38,0.004663,0.008144,0.2138,2.664
0.02,lyap2,177,0.2832,0.3475,0.500000,2.500000,1,0,4.191,0.009999,0.27688,0.33975,0.005086,0,545.54,7.70,10.64,256.35,0.007697,0.012812,0.1610,2.774
0.02,lyap2,178,0.3999,0.1449,0.500000,2.500000,1,0,3.931,0.009994,0.39054,0.14139,0.005083,0,502.09,3.80,8.70,239.49,0.003802,0.006290,0.1122,2.060
0.02,lyap2,179,-0.3922,0.5944,0.500000,2.500000,1,0,5.358,0.009980,-0.38789,0.58546,0.005078,0,691.19,24.18,48.52,278.94,0.024179,0.032842,0.5457,3.818
0.02,lyap2,180,0.1187,-0.5094,0.500000,2.500000,1,0,4.616,0.009980,0.11587,-0.49978,0.005105,0,575.06,9.32,8.98,271.56,0.009318,0.013856,0.2542,3.269
0.02,lyap2,181,0.2591,0.4505,0.500000,2.500000,1,0,4.473,0.009983,0.25392,0.44204,0.005100,0,534.64,8.69,1.48,259.33,0.008688,0.014500,0.2172,3.109
0.02,lyap2,182,-0.1886,-0.2921,0.500000,2.500000,1,0,4.347,0.009977,-0.18461,-0.28294,0.005094,0,679.29,11.04,28.20,303.17,0.011037,0.015572,0.3015,3.465
0.02,lyap2,183,0.1147,-0.5915,0.500000,2.500000,1,0,4.834,0.009981,0.11229,-0.58178,0.005103,0,576.63,10.32,14.60,265.98,0.010318,0.015006,0.3110,3.487
0.02,lyap2,184,0.3148,0.1334,0.500000,2.500000,1,0,3.639,0.009998,0.30571,0.12920,0.005094,0,505.52,3.93,10.32,239.50,0.003933,0.006280,0.0766,1.849
0.02,lyap2,185,0.2581,-0.2319,0.500000,2.500000,1,0,3.769,0.009990,0.25096,-0.22488,0.005088,0,542.63,6.29,16.54,250.05,0.006294,0.010085,0.1011,2.305
0.02,lyap2,186,-0.0058,-0.3736,0.500000,2.500000,1,0,4.250,0.009997,-0.00638,-0.36360,0.005089,0,590.75,8.19,3.20,286.02,0.008193,0.010739,0.2130,3.039
0.02,lyap2,187,0.6780,0.6485,0.500000,2.500000,1,0,5.199,0.009978,0.67083,0.64155,0.005082,0,397.73,10.50,1.77,189.22,0.010500,0.019730,0.5578,4.261
0.02,lyap2,188,0.1861,0.6801,0.500000,2.500000,1,0,5.026,0.009970,0.18313,0.67063,0.005092,0,544.84,11.09,13.74,250.36,0.011093,0.016976,0.3792,3.749
0.02,lyap2,189,0.5062,-0.1910,0.500000,2.500000,1,0,4.275,0.009976,0.49689,-0.18748,0.005090,0,485.09,4.41,5.51,233.73,0.004409,0.007594,0.1805,2.487
0.02,lyap2,190,0.3110,0.0827,0.500000,2.500000,1,0,3.526,0.009986,0.30144,0.07987,0.005099,0,487.28,2.57,6.25,235.46,0.002574,0.004062,0.0628,1.564
0.02,lyap2,191,0.2038,0.5088,0.500000,2.500000,1,0,4.613,0.009989,0.19971,0.49972,0.005105,0,549.72,9.18,4.86,263.12,0.009179,0.014815,0.2506,3.269
0.02,lyap2,192,0.1233,-0.0533,0.500000,2.500000,1,0,2.408,0.009991,0.11390,-0.04985,0.005089,0,421.18,3.21,16.78,191.40,0.003208,0.004204,0.0224,1.177
0.02,lyap2,193,-0.0796,-0.7824,0.500000,2.500000,1,0,5.340,0.009989,-0.07929,-0.77239,0.005078,0,582.19,14.59,27.02,253.13,0.014595,0.019678,0.5090,4.009
0.02,lyap2,194,0.2915,-0.1221,0.500000,2.500000,1,0,3.530,0.009982,0.28243,-0.11789,0.005098,0,499.60,3.78,9.21,237.75,0.003778,0.005953,0.0664,1.754
0.02,lyap2,195,-0.1019,0.1701,0.500000,2.500000,1,0,3.589,0.009974,-0.09665,0.16157,0.005096,0,595.63,6.62,11.16,281.69,0.006622,0.008528,0.2936,3.302
0.02,lyap2,196,0.4572,-0.2213,0.500000,2.500000,1,0,4.208,0.009979,0.44824,-0.21697,0.005087,0,499.53,5.19,7.54,238.34,0.005187,0.008858,0.1633,2.490
0.02,lyap2,197,0.1068,0.1660,0.500000,2.500000,1,0,3.125,0.009993,0.10221,0.15714,0.005098,0,505.09,6.20,9.18,238.71,0.006201,0.008970,0.0928,2.201
0.02,lyap2,198,0.6025,-0.0753,0.500000,2.500000,1,0,4.402,0.009990,0.59254,-0.07408,0.005097,0,453.30,1.69,1.54,223.84,0.001689,0.002953,0.2213,2.393
0.02,lyap2,199,0.0462,0.5396,0.500000,2.500000,1,0,4.729,0.009974,0.04458,0.52971,0.005105,0,599.92,10.03,16.42,276.02,0.010027,0.013724,0.2857,3.363
0.02,lyap2,200,0.1240,-0.0387,0.500000,2.500000,1,0,2.342,0.009996,0.11431,-0.03617,0.005092,0,399.00,2.43,11.15,186.53,0.002427,0.003148,0.0152,0.981
0.02,lyap2,201,0.4164,-0.5120,0.500000,2.500000,1,0,4.742,0.009993,0.40994,-0.50438,0.005105,0,494.07,9.26,1.56,238.53,0.009264,0.016381,0.2989,3.427
0.02,lyap2,202,-0.1230,0.4612,0.500000,2.500000,1,0,4.688,0.009971,-0.12166,0.45135,0.005106,0,660.70,10.96,29.24,292.89,0.010961,0.014689,0.3040,3.306
0.02,lyap2,203,0.4410,-0.4585,0.500000,2.500000,1,0,4.654,0.009991,0.43398,-0.45138,0.005106,0,490.54,8.69,0.66,238.09,0.008693,0.015379,0.2738,3.290
0.02,lyap2,204,0.2855,0.1293,0.500000,2.500000,1,0,3.526,0.009976,0.27660,0.12473,0.005099,0,501.91,4.00,9.71,238.25,0.004001,0.006298,0.0670,1.787
0.02,lyap2,205,0.3098,0.8479,0.500000,2.500000,1,0,5.345,0.009981,0.30621,0.83858,0.005078,0,469.97,12.60,10.40,215.14,0.012603,0.020561,0.5561,4.319
0.02,lyap2,206,0.7544,0.5438,0.500000,2.500000,1,0,5.133,0.009995,0.74627,0.53794,0.005085,0,386.28,9.26,0.56,185.64,0.009259,0.017400,0.5423,4.135
0.02,lyap2,207,0.2818,0.3011,0.500000,2.500000,1,0,4.045,0.009988,0.27502,0.29377,0.005082,0,547.63,7.17,13.99,254.44,0.007168,0.011804,0.1368,2.600
0.02,lyap2,208,0.4930,0.1739,0.500000,2.500000,1,0,4.221,0.009985,0.48360,0.17056,0.005087,0,487.10,4.10,5.81,234.67,0.004098,0.007016,0.1678,2.392
0.02,lyap2,209,0.3355,-0.5061,0.500000,2.500000,1,0,4.666,0.009979,0.32979,-0.49793,0.005106,0,515.04,9.21,1.86,248.75,0.009213,0.015893,0.2683,3.327
0.02,lyap2,210,0.2506,-0.7408,0.500000,2.500000,1,0,5.148,0.009982,0.24714,-0.73142,0.005084,0,514.38,11.58,11.98,236.53,0.011580,0.018482,0.4389,3.958
0.02,lyap2,211,0.5757,-0.1236,0.500000,2.500000,1,0,4.368,0.009980,0.56592,-0.12149,0.005095,0,463.18,2.79,2.78,226.71,0.002793,0.004863,0.2092,2.451
0.02,lyap2,212,0.1789,0.4176,0.500000,2.500000,1,0,4.336,0.009997,0.17469,0.40850,0.005093,0,555.79,8.35,3.73,267.90,0.008347,0.013312,0.1938,3.002
0.02,lyap2,213,0.3431,0.9019,0.500000,2.500000,1,0,5.436,0.009978,0.33942,0.89259,0.005079,0,444.43,13.10,9.37,203.02,0.013102,0.021634,0.6236,4.511
0.02,lyap2,214,0.4497,-0.0405,0.500000,2.500000,1,0,3.979,0.009967,0.43975,-0.03959,0.005082,0,476.87,1.05,2.26,235.38,0.001054,0.001757,0.1195,1.770
0.02,lyap2,215,-0.0738,-0.8147,0.500000,2.500000,1,0,5.393,0.009975,-0.07359,-0.80468,0.005078,0,570.10,14.94,26.11,247.74,0.014937,0.020175,0.5374,4.096
0.02,lyap2,216,-0.0007,-0.2767,0.500000,2.500000,1,0,3.834,0.009981,-0.00061,-0.26673,0.005085,0,588.28,7.01,9.93,278.96,0.007007,0.009205,0.1840,2.867
0.02,lyap2,217,0.1157,-0.0892,0.500000,2.500000,1,0,2.593,0.009969,0.10762,-0.08333,0.005086,0,474.49,4.76,28.46,205.22,0.004759,0.006423,0.0466,1.610
0.02,lyap2,218,0.2996,0.3432,0.500000,2.500000,1,0,4.200,0.009970,0.29303,0.33569,0.005087,0,541.95,7.62,10.45,254.81,0.007619,0.012745,0.1616,2.765
0.02,lyap2,219,0.1075,0.0912,0.500000,2.500000,1,0,2.566,0.009989,0.09964,0.08506,0.005086,0,477.92,4.98,30.89,204.34,0.004984,0.006676,0.0518,1.667
0.02,lyap2,220,-0.1180,0.5028,0.500000,2.500000,1,0,4.788,0.009978,-0.11688,0.49290,0.005104,0,657.03,11.44,30.43,289.51,0.011438,0.015302,0.3217,3.375
0.02,lyap2,221,-0.0384,-0.1602,0.500000,2.500000,1,0,3.250,0.009999,-0.03529,-0.15072,0.005101,0,584.49,5.96,26.64,261.14,0.005956,0.007110,0.2322,2.911
0.02,lyap2,222,0.6916,-0.2139,0.500000,2.500000,1,0,4.680,0.009970,0.68210,-0.21097,0.005106,0,432.26,4.35,1.48,211.38,0.004354,0.007839,0.3212,3.062
0.02,lyap2,223,-0.0588,0.1179,0.500000,2.500000,1,0,3.053,0.009999,-0.05414,0.10910,0.005096,0,643.09,5.58,63.84,253.52,0.005577,0.006380,0.2849,3.157
0.02,lyap2,224,-0.0745,-0.3129,0.500000,2.500000,1,0,4.130,0.009973,-0.07302,-0.30303,0.005084,0,605.87,8.04,5.20,291.70,0.008038,0.010206,0.2292,3.056
0.02,lyap2,225,-0.1780,-0.3364,0.500000,2.500000,1,0,4.446,0.009977,-0.17469,-0.32693,0.005099,0,678.90,10.88,29.56,301.72,0.010881,0.015384,0.2962,3.295
0.02,lyap2,226,0.6911,0.0578,0.500000,2.500000,1,0,4.591,0.009968,0.68118,0.05696,0.005105,0,429.18,1.22,0.62,213.05,0.001223,0.002181,0.2908,2.654
0.02,lyap2,227,0.2381,-0.1180,0.500000,2.500000,1,0,3.311,0.009973,0.22946,-0.11305,0.005102,0,484.27,4.03,5.42,233.69,0.004035,0.006182,0.0530,1.681
0.02,lyap2,228,0.1519,0.8000,0.500000,2.500000,1,0,5.269,0.009978,0.14972,0.79022,0.005079,0,525.79,12.67,16.09,237.30,0.012669,0.018482,0.4875,4.077
0.02,lyap2,229,0.1294,-0.0464,0.500000,2.500000,1,0,2.422,0.009974,0.11988,-0.04345,0.005089,0,416.30,2.75,14.40,191.68,0.002753,0.003622,0.0184,1.078
0.02,lyap2,230,0.0091,0.7864,0.500000,2.500000,1,0,5.295,0.009971,0.00842,0.77650,0.005078,0,563.38,13.57,22.63,248.89,0.013568,0.018295,0.4888,4.010
0.02,lyap2,231,0.7804,-0.0773,0.500000,2.500000,1,0,4.769,0.009980,0.77042,-0.07628,0.005105,0,402.60,1.55,0.42,199.72,0.001551,0.002816,0.3747,3.011
0.02,lyap2,232,0.1448,0.2357,0.500000,2.500000,1,0,3.584,0.009976,0.14017,0.22688,0.005096,0,553.93,6.79,16.10,255.77,0.006795,0.010330,0.1062,2.421
0.02,lyap2,233,0.0215,0.4271,0.500000,2.500000,1,0,4.411,0.009976,0.02023,0.41719,0.005097,0,595.43,8.72,7.73,283.45,0.008720,0.011742,0.2275,3.118
0.02,lyap2,234,-0.0409,-0.1955,0.500000,2.500000,1,0,3.485,0.009981,-0.03823,-0.18583,0.005099,0,561.85,6.29,4.59,271.62,0.006285,0.007632,0.2226,2.913
0.02,lyap2,235,0.4958,-0.7270,0.500000,2.500000,1,0,5.195,0.009982,0.49010,-0.71879,0.005082,0,443.81,11.25,5.05,208.41,0.011251,0.020451,0.5077,4.175
0.02,lyap2,236,0.8988,-0.2304,0.500000,2.500000,1,0,5.031,0.009972,0.88912,-0.22789,0.005092,0,360.32,4.27,0.47,176.49,0.004267,0.007951,0.5308,3.741
0.02,lyap2,237,0.0532,-0.4550,0.500000,2.500000,1,0,4.479,0.009976,0.05137,-0.44520,0.005101,0,589.47,8.91,8.16,279.89,0.008909,0.012404,0.2333,3.158
0.02,lyap2,238,0.1776,-0.1698,0.500000,2.500000,1,0,3.312,0.009982,0.17102,-0.16231,0.005102,0,501.99,5.74,6.29,240.40,0.005743,0.008686,0.0714,2.041
0.02,lyap2,239,0.4213,0.3347,0.500000,2.500000,1,0,4.362,0.009991,0.41342,0.32858,0.005095,0,509.71,7.20,6.54,242.92,0.007204,0.012449,0.1953,2.849
0.02,lyap2,240,0.3769,-0.3379,0.500000,2.500000,1,0,4.298,0.009989,0.36940,-0.33124,0.005091,0,521.87,7.37,8.00,247.41,0.007372,0.012603,0.1799,2.805
0.02,lyap2,241,0.2876,0.6481,0.500000,2.500000,1,0,4.965,0.009978,0.28326,0.63913,0.005096,0,520.54,10.50,9.05,243.35,0.010498,0.017591,0.3643,3.715
0.02,lyap2,242,-0.2242,-0.5692,0.500000,2.500000,1,0,5.078,0.009989,-0.22167,-0.55954,0.005088,0,674.18,15.05,40.28,285.52,0.015050,0.021516,0.4147,3.581
0.02,lyap2,243,0.2114,0.6827,0.500000,2.500000,1,0,5.030,0.009982,0.20805,0.67333,0.005092,0,537.16,11.04,12.70,247.60,0.011040,0.017271,0.3829,3.768
0.02,lyap2,244,0.3551,-0.4475,0.500000,2.500000,1,0,4.541,0.009982,0.34875,-0.43983,0.005103,0,514.13,8.65,1.76,248.81,0.008655,0.014959,0.2354,3.159
0.02,lyap2,245,-0.0902,0.2305,0.500000,2.500000,1,0,3.826,0.009977,-0.08687,0.22115,0.005086,0,588.45,7.15,1.26,287.60,0.007147,0.009063,0.2532,3.057
0.02,lyap2,246,0.3024,-0.0595,0.500000,2.500000,1,0,3.457,0.009977,0.29265,-0.05738,0.005101,0,478.21,1.91,4.22,233.45,0.001913,0.002996,0.0558,1.411
0.02,lyap2,247,0.0963,-0.5319,0.500000,2.500000,1,0,4.685,0.009982,0.09387,-0.52218,0.005106,0,583.52,9.67,12.23,272.28,0.009671,0.013950,0.2717,3.332
0.02,lyap2,248,0.6870,-0.3791,0.500000,2.500000,1,0,4.847,0.009985,0.67823,-0.37432,0.005102,0,426.07,7.16,0.63,207.03,0.007159,0.013105,0.3844,3.518
0.02,lyap2,249,0.6621,-0.5816,0.500000,2.500000,1,0,5.091,0.009986,0.65463,-0.57504,0.005088,0,413.58,9.81,1.44,197.99,0.009806,0.018282,0.4927,4.040
0.02,lyap2,250,-0.1159,-0.8802,0.500000,2.500000,1,0,5.527,0.009989,-0.11526,-0.87024,0.005082,0,552.41,16.43,26.54,237.35,0.016425,0.022571,0.6174,4.287
0.02,lyap2,251,0.1278,0.4828,0.500000,2.500000,1,0,4.537,0.009989,0.12472,0.47332,0.005103,0,569.06,8.98,5.91,271.88,0.008983,0.013594,0.2365,3.197
0.02,lyap2,252,-0.4713,-0.6876,0.500000,2.500000,1,0,5.589,0.009996,-0.46674,-0.67868,0.005086,0,658.51,28.94,46.59,260.96,0.028935,0.039190,0.6726,4.064
0.02,lyap2,253,0.0785,-0.2458,0.500000,2.500000,1,0,3.602,0.009974,0.07614,-0.23612,0.005096,0,565.97,6.90,14.29,263.52,0.006897,0.009969,0.1340,2.602
0.02,lyap2,254,0.1938,-0.0414,0.500000,2.500000,1,0,2.866,0.009971,0.18410,-0.03913,0.005089,0,441.11,1.80,5.32,213.88,0.001798,0.002598,0.0239,1.050
0.02,lyap2,255,0.2595,0.6392,0.500000,2.500000,1,0,4.940,0.009983,0.25541,0.63008,0.005097,0,529.78,10.43,9.75,247.31,0.010434,0.017181,0.3522,3.670
0.02,lyap2,256,-0.1225,-0.6050,0.500000,2.500000,1,0,5.030,0.009978,-0.12153,-0.59504,0.005092,0,642.29,12.91,32.13,279.33,0.012909,0.017443,0.3846,3.587
0.02,lyap2,257,-0.2557,-0.7313,0.500000,2.500000,1,0,5.404,0.009987,-0.25333,-0.72162,0.005078,0,626.40,17.84,36.90,262.92,0.017836,0.025740,0.5463,3.962
0.02,lyap2,258,0.9286,-0.2665,0.500000,2.500000,1,0,5.095,0.009967,0.91908,-0.26376,0.005088,0,347.60,4.84,0.48,169.69,0.004842,0.009077,0.5767,3.916
0.02,lyap2,259,-0.1529,0.2949,0.500000,2.500000,1,0,4.256,0.009988,-0.14952,0.28546,0.005089,0,653.77,9.47,19.94,299.84,0.009470,0.013253,0.2783,3.250
0.02,lyap2,260,-0.5134,-0.8404,0.500000,2.500000,1,0,5.817,0.009972,-0.50925,-0.83136,0.005103,0,595.89,31.40,41.72,232.67,0.031404,0.043260,0.8376,4.470
0.02,lyap2,261,0.1135,0.7021,0.500000,2.500000,1,0,5.086,0.009973,0.11141,0.69232,0.005088,0,560.58,11.68,17.53,254.00,0.011681,0.016707,0.3989,3.788
0.02,lyap2,262,0.1363,0.0233,0.500000,2.500000,1,0,2.399,0.009981,0.12640,0.02181,0.005090,0,394.31,1.39,6.91,189.21,0.001393,0.001828,0.0114,0.773
0.02,lyap2,263,0.6920,-0.4273,0.500000,2.500000,1,0,4.914,0.009995,0.68350,-0.42205,0.005099,0,419.78,7.85,0.15,203.85,0.007847,0.014453,0.4145,3.667
0.02,lyap2,264,0.2765,0.2692,0.500000,2.500000,1,0,3.933,0.009985,0.26954,0.26205,0.005083,0,546.71,6.77,15.64,252.64,0.006765,0.011032,0.1207,2.470
0.02,lyap2,265,0.2175,0.3285,0.500000,2.500000,1,0,4.054,0.009990,0.21198,0.32011,0.005083,0,561.98,7.59,13.98,261.32,0.007589,0.012253,0.1448,2.704
0.02,lyap2,266,0.5969,-0.4234,0.500000,2.500000,1,0,4.783,0.009995,0.58870,-0.41769,0.005104,0,450.29,7.99,0.57,218.58,0.007994,0.014502,0.3405,3.446
0.02,lyap2,267,0.0093,-0.2934,0.500000,2.500000,1,0,3.899,0.009993,0.00890,-0.28339,0.005084,0,589.50,7.15,9.86,279.52,0.007154,0.009557,0.1803,2.873
0.02,lyap2,268,-0.0703,-0.4002,0.500000,2.500000,1,0,4.430,0.009989,-0.06965,-0.39026,0.005098,0,630.61,9.22,16.37,292.02,0.009219,0.011851,0.2524,3.159
0.02,lyap2,269,-0.1298,0.8148,0.500000,2.500000,1,0,5.431,0.009996,-0.12892,0.80486,0.005079,0,578.99,15.81,28.67,248.97,0.015807,0.021742,0.5577,4.111
0.02,lyap2,270,0.3659,0.1527,0.500000,2.500000,1,0,3.844,0.009987,0.35678,0.14866,0.005085,0,508.38,4.13,10.29,240.80,0.004134,0.006765,0.1001,2.028
0.02,lyap2,271,0.1731,0.7224,0.500000,2.500000,1,0,5.115,0.009984,0.17035,0.71277,0.005086,0,539.99,11.64,14.92,246.34,0.011640,0.017465,0.4154,3.864
0.02,lyap2,272,-0.1537,-0.3882,0.500000,2.500000,1,0,4.540,0.009979,-0.15134,-0.37847,0.005103,0,671.18,10.66,29.09,298.51,0.010655,0.014764,0.2932,3.236
0.02,lyap2,273,0.3157,0.8481,0.500000,2.500000,1,0,5.346,0.009978,0.31202,0.83885,0.005078,0,468.27,12.59,10.22,214.48,0.012588,0.020622,0.5578,4.325
0.02,lyap2,274,-0.0314,-0.5603,0.500000,2.500000,1,0,4.838,0.009994,-0.03177,-0.55026,0.005103,0,623.85,10.98,23.95,279.74,0.010975,0.014384,0.3203,3.441
0.02,lyap2,275,0.8578,-0.3810,0.500000,2.500000,1,0,5.083,0.009983,0.84873,-0.37696,0.005088,0,366.69,6.83,0.37,177.86,0.006827,0.012793,0.5463,3.974
0.02,lyap2,276,0.1279,-0.9419,0.500000,2.500000,1,0,5.517,0.009971,0.12627,-0.93207,0.005082,0,485.10,14.55,16.07,215.57,0.014551,0.020698,0.6382,4.484
0.02,lyap2,277,0.3437,0.3660,0.500000,2.500000,1,0,4.322,0.009978,0.33683,0.35884,0.005092,0,528.49,7.80,7.42,250.97,0.007797,0.013278,0.1845,2.875
0.02,lyap2,278,0.4443,0.0492,0.500000,2.500000,1,0,3.966,0.009980,0.43442,0.04803,0.005082,0,478.78,1.29,2.80,235.62,0.001285,0.002138,0.1173,1.784
0.02,lyap2,279,0.5094,-0.5381,0.500000,2.500000,1,0,4.877,0.009984,0.50246,-0.53092,0.005101,0,466.91,9.48,1.88,224.47,0.009475,0.017150,0.3608,3.636
0.02,lyap2,280,0.6178,0.6921,0.500000,2.500000,1,0,5.215,0.009984,0.61111,0.68463,0.005081,0,410.57,10.95,2.76,194.31,0.010950,0.020437,0.5503,4.271
0.02,lyap2,281,-0.0121,0.1057,0.500000,2.500000,1,0,2.665,0.009997,-0.01207,0.09574,0.005086,0,624.71,5.98,82.55,225.32,0.005980,0.007235,0.2150,2.779
0.02,lyap2,282,0.5679,0.2579,0.500000,2.500000,1,0,4.494,0.009987,0.55880,0.25376,0.005101,0,469.47,5.49,3.55,227.07,0.005491,0.009688,0.2419,2.863
0.02,lyap2,283,0.2760,0.1287,0.500000,2.500000,1,0,3.490,0.009971,0.26718,0.12409,0.005100,0,500.33,4.05,9.36,237.77,0.004049,0.006344,0.0644,1.774
0.02,lyap2,284,0.4500,0.3983,0.500000,2.500000,1,0,4.540,0.009994,0.44241,0.39180,0.005103,0,496.06,7.98,3.09,238.96,0.007977,0.014024,0.2419,3.107
0.02,lyap2,285,0.4344,0.0610,0.500000,2.500000,1,0,3.942,0.009967,0.42449,0.05953,0.005083,0,481.92,1.61,3.61,236.14,0.001607,0.002666,0.1132,1.797
0.02,lyap2,286,0.2625,-0.1936,0.500000,2.500000,1,0,3.647,0.009996,0.25475,-0.18727,0.005093,0,528.82,5.60,14.78,245.43,0.005603,0.008891,0.0854,2.122
0.02,lyap2,287,0.4951,-0.4703,0.500000,2.500000,1,0,4.738,0.009969,0.48783,-0.46347,0.005105,0,474.34,8.75,0.03,230.58,0.008755,0.015689,0.3074,3.406
0.02,lyap2,288,-0.0609,0.1904,0.500000,2.500000,1,0,3.524,0.009997,-0.05740,0.18106,0.005098,0,571.87,6.32,6.05,275.15,0.006315,0.007617,0.2433,2.987
0.02,lyap2,289,0.4627,-0.5742,0.500000,2.500000,1,0,4.904,0.009986,0.45634,-0.56655,0.005099,0,477.56,9.85,3.19,228.20,0.009853,0.017700,0.3637,3.677
0.02,lyap2,290,-0.2671,0.5113,0.500000,2.500000,1,0,5.028,0.009977,-0.26373,0.50193,0.005092,0,698.92,16.48,44.98,292.13,0.016477,0.023364,0.4111,3.513
0.02,lyap2,291,-0.1914,0.4290,0.500000,2.500000,1,0,4.719,0.009971,-0.18872,0.41936,0.005105,0,689.02,12.36,37.08,298.15,0.012360,0.017519,0.3292,3.322
0.02,lyap2,292,0.3585,0.0772,0.500000,2.500000,1,0,3.699,0.010000,0.34879,0.07492,0.005091,0,488.97,2.24,5.86,236.95,0.002235,0.003602,0.0798,1.648
0.02,lyap2,293,0.0225,0.1187,0.500000,2.500000,1,0,2.684,0.009996,0.02006,0.10904,0.005086,0,579.33,6.28,62.63,222.33,0.006279,0.008070,0.1562,2.485
0.02,lyap2,294,0.4545,0.0289,0.500000,2.500000,1,0,3.989,0.009994,0.44452,0.02822,0.005082,0,474.35,0.75,1.58,235.03,0.000749,0.001249,0.1214,1.745
0.02,lyap2,295,-0.0097,-0.2389,0.500000,2.500000,1,0,3.655,0.009973,-0.00889,-0.22897,0.005093,0,574.97,6.67,7.90,274.58,0.006671,0.008558,0.1895,2.837
0.02,lyap2,296,-0.0414,-0.4969,0.500000,2.500000,1,0,4.682,0.009977,-0.04153,-0.48691,0.005106,0,629.74,10.21,21.69,285.53,0.010213,0.013271,0.2859,3.309
0.02,lyap2,297,-0.4635,-0.8276,0.500000,2.500000,1,0,5.751,0.009996,-0.45962,-0.81842,0.005098,0,601.21,28.55,40.77,238.42,0.028546,0.039750,0.7808,4.383
0.02,lyap2,298,-0.1078,-0.2116,0.500000,2.500000,1,0,3.803,0.009972,-0.10361,-0.20257,0.005086,0,597.24,7.24,4.46,288.73,0.007244,0.009469,0.2749,3.193
0.02,lyap2,299,0.1967,0.7699,0.500000,2.500000,1,0,5.206,0.009972,0.19396,0.76035,0.005081,0,522.29,12.10,14.24,237.82,0.012101,0.018371,0.4603,4.011
0.05,ours_bptt,0,-0.4828,-0.7608,0.942736,2.990940,1,0,4.090,0.009954,-0.49081,-0.75492,0.010777,0,1523.61,46.63,633.46,93.38,0.046632,0.068946,2.1246,6.536
0.05,ours_bptt,1,0.3886,-0.1909,0.764456,2.966431,1,0,2.171,0.009951,0.37878,-0.18906,0.004066,0,283.09,11.45,67.47,65.48,0.011453,0.014123,0.2015,3.043
0.05,ours_bptt,2,0.1373,-0.1241,0.753711,2.948435,1,0,1.742,0.009968,0.12799,-0.12773,0.010766,0,273.35,11.97,18.69,109.00,0.011973,0.014207,0.1259,2.341
0.05,ours_bptt,3,0.5235,0.3075,0.774782,2.974229,1,0,2.405,0.009968,0.51518,0.30197,0.016888,0,211.58,15.45,66.20,28.00,0.015450,0.019671,0.4111,4.062
0.05,ours_bptt,4,0.3315,0.9345,0.861521,2.993594,1,0,3.955,0.009944,0.32281,0.93939,0.010771,0,1424.04,30.87,640.43,48.43,0.030871,0.040508,1.8990,6.880
0.05,ours_bptt,5,0.3231,-0.0585,0.758382,2.959751,1,0,1.922,0.009972,0.31309,-0.05898,0.006487,0,200.35,4.18,19.90,77.14,0.004179,0.005063,0.1064,1.997
0.05,ours_bptt,6,-0.0850,0.5502,0.874156,2.978816,1,0,3.818,0.009996,-0.09480,0.55202,0.010803,0,1892.63,22.30,744.78,184.81,0.022299,0.028973,1.2052,4.775
0.05,ours_bptt,7,-0.0720,-0.5823,0.875241,2.989513,1,0,3.831,0.009965,-0.08181,-0.58401,0.010735,0,1851.80,23.10,732.68,175.90,0.023095,0.029968,1.2415,4.904
0.05,ours_bptt,8,0.3960,-0.5209,0.798478,2.982715,1,0,2.582,0.009991,0.39428,-0.51107,0.018803,0,240.71,24.11,73.10,29.17,0.024109,0.030296,0.5252,4.769
0.05,ours_bptt,9,0.3685,0.3828,0.779154,2.971864,1,0,2.421,0.009966,0.36232,0.37498,0.016096,0,328.83,19.59,93.65,56.07,0.019589,0.024524,0.3404,4.014
0.05,ours_bptt,10,0.1283,0.2512,0.770993,2.956847,1,0,2.149,0.009983,0.11930,0.24693,0.006108,0,538.51,17.46,140.51,115.66,0.017455,0.020654,0.1879,3.202
0.05,ours_bptt,11,0.2440,0.2446,0.763622,2.958522,1,0,2.149,0.009940,0.23444,0.24170,0.005995,0,425.87,15.81,107.36,93.72,0.015810,0.019152,0.1672,3.098
0.05,ours_bptt,12,0.6768,0.6211,0.810180,2.988567,1,0,2.680,0.009949,0.67459,0.61140,0.020819,0,225.09,26.67,39.08,53.45,0.026673,0.034407,1.0033,6.048
0.05,ours_bptt,13,0.7407,-0.0375,0.783046,2.981599,1,0,2.408,0.009943,0.73077,-0.03687,0.010703,0,53.67,1.83,6.69,18.77,0.001827,0.002356,0.6284,4.048
0.05,ours_bptt,14,0.1895,0.9012,0.870512,2.992625,1,0,3.954,0.009971,0.18016,0.90469,0.010776,0,1493.79,30.36,651.17,72.96,0.030364,0.039355,1.7659,6.556
0.05,ours_bptt,15,0.3282,0.2784,0.766475,2.963933,1,0,2.256,0.009951,0.31931,0.27390,0.010799,0,368.50,16.12,97.33,74.83,0.016118,0.019864,0.2224,3.387
0.05,ours_bptt,16,0.4229,-0.6724,0.820854,2.989136,1,0,2.711,0.009979,0.42551,-0.66274,0.020708,0,145.07,29.14,43.78,6.90,0.029140,0.036480,0.7882,5.605
0.05,ours_bptt,17,-0.0535,-0.6259,0.875539,2.990744,1,0,3.854,0.009964,-0.06331,-0.62755,0.010739,0,1801.66,24.13,718.68,164.05,0.024127,0.031250,1.2918,5.097
0.05,ours_bptt,18,0.5135,-0.1699,0.771153,2.973060,1,0,2.269,0.009989,0.50380,-0.16764,0.010677,0,184.11,9.29,47.52,37.57,0.009290,0.011658,0.3188,3.392
0.05,ours_bptt,19,-0.1027,-0.2139,0.843626,2.968687,1,0,2.330,0.009998,-0.10180,-0.20394,0.011368,0,790.37,16.84,233.71,148.84,0.016844,0.019393,0.3960,3.723
0.05,ours_bptt,20,0.5724,0.0126,0.772358,2.974524,1,0,2.265,0.009981,0.56247,0.01241,0.010657,0,59.91,0.68,3.35,26.09,0.000681,0.000857,0.3583,3.032
0.05,ours_bptt,21,-0.2534,-0.7892,0.916535,2.993729,1,0,4.009,0.009982,-0.26299,-0.78650,0.010778,0,1593.19,31.98,662.28,110.33,0.031981,0.048524,1.7775,6.180
0.05,ours_bptt,22,0.1756,0.0811,0.753186,2.947710,1,0,1.620,0.009943,0.16584,0.08273,0.010808,0,231.76,7.84,15.99,94.01,0.007838,0.009342,0.0606,1.832
0.05,ours_bptt,23,-0.1826,-0.5070,0.895091,2.987113,1,0,3.826,0.009975,-0.19259,-0.50676,0.010752,0,1935.64,22.80,759.12,191.61,0.022795,0.032310,1.2430,4.722
0.05,ours_bptt,24,0.5281,0.1638,0.769945,2.972183,1,0,2.283,0.009952,0.51841,0.16156,0.010697,0,171.47,8.86,44.33,34.76,0.008857,0.011147,0.3326,3.419
0.05,ours_bptt,25,0.2533,-0.1131,0.755527,2.955307,1,0,1.869,0.009989,0.24342,-0.11447,0.008572,0,266.27,8.73,37.02,89.57,0.008729,0.010504,0.0884,2.199
0.05,ours_bptt,26,-0.0698,0.1000,0.808039,2.949930,1,0,2.098,0.009994,-0.07816,0.09455,0.010740,0,852.94,13.30,250.90,165.60,0.013296,0.014607,0.5247,3.978
0.05,ours_bptt,27,0.3040,0.0277,0.756651,2.957303,1,0,1.863,0.009928,0.29408,0.02798,0.005852,0,178.08,2.06,8.20,79.29,0.002062,0.002491,0.0903,1.696
0.05,ours_bptt,28,0.2958,-0.8584,0.856666,2.994087,1,0,3.922,0.009956,0.28722,-0.86346,0.010751,0,1498.53,28.90,653.30,74.28,0.028903,0.037708,1.7045,6.415
0.05,ours_bptt,29,0.3034,0.1431,0.757799,2.957491,1,0,2.004,0.009937,0.29351,0.14336,0.001797,0,292.99,9.87,56.30,82.78,0.009873,0.011980,0.1191,2.520
0.05,ours_bptt,30,-0.0517,-0.6699,0.879432,2.991847,1,0,3.880,0.009991,-0.06163,-0.67130,0.010746,0,1754.76,25.36,706.71,151.65,0.025357,0.033070,1.3601,5.317
0.05,ours_bptt,31,0.5492,0.3284,0.777753,2.976079,1,0,2.436,0.009992,0.54119,0.32239,0.015773,0,191.27,16.14,63.89,19.64,0.016139,0.020631,0.4592,4.251
0.05,ours_bptt,32,-0.2470,-0.5392,0.910102,2.988058,1,0,3.879,0.009957,-0.25678,-0.53719,0.010769,0,1877.59,25.52,741.27,178.39,0.025516,0.038562,1.3575,4.977
0.05,ours_bptt,33,0.0352,0.9500,0.887551,2.992608,1,0,4.009,0.009960,0.02531,0.95105,0.010790,0,1462.02,32.39,638.64,68.07,0.032392,0.042759,1.8965,6.782
0.05,ours_bptt,34,0.0707,-0.1224,0.758236,2.946998,1,0,2.763,0.009970,0.07680,-0.11452,0.010791,0,1816.12,12.32,675.80,223.02,0.012320,0.014462,0.7965,4.619
0.05,ours_bptt,35,0.4590,0.2294,0.766979,2.968760,1,0,2.285,0.009918,0.44964,0.22604,0.010733,0,249.06,12.58,66.22,48.87,0.012576,0.015756,0.2870,3.463
0.05,ours_bptt,36,-0.1107,0.4644,0.873670,2.973227,1,0,3.765,0.009983,-0.12042,0.46664,0.010817,0,1995.08,20.23,775.96,206.40,0.020235,0.026397,1.1313,4.789
0.05,ours_bptt,37,0.1172,0.8775,0.875029,2.991866,1,0,3.956,0.009955,0.10758,0.88011,0.010780,0,1527.58,29.98,655.75,85.55,0.029981,0.038803,1.7076,6.388
0.05,ours_bptt,38,-0.1887,-0.6828,0.903146,2.992199,1,0,3.935,0.009984,-0.19854,-0.68138,0.010767,0,1725.89,27.69,697.62,144.55,0.027693,0.039800,1.4984,5.538
0.05,ours_bptt,39,0.8660,-0.0873,0.790823,2.985454,1,0,2.489,0.009974,0.85613,-0.08588,0.010733,0,140.24,4.04,11.41,55.68,0.004040,0.005267,0.8886,4.883
0.05,ours_bptt,40,0.3463,-0.5640,0.808433,2.984912,1,0,2.623,0.009947,0.34699,-0.55406,0.019185,0,239.55,25.75,69.82,30.65,0.025746,0.032024,0.5585,4.902
0.05,ours_bptt,41,0.1016,-0.3385,0.791323,2.970716,1,0,2.349,0.009999,0.09757,-0.32937,0.012981,0,555.46,19.92,152.05,110.74,0.019916,0.023369,0.2651,3.649
0.05,ours_bptt,42,-0.2362,-0.3342,0.900510,2.979475,1,0,3.751,0.009970,-0.24611,-0.33326,0.010768,0,2126.79,20.65,820.11,227.79,0.020652,0.030820,1.1660,4.714
0.05,ours_bptt,43,0.8826,0.0070,0.791420,2.985747,1,0,2.492,0.009908,0.87266,0.00691,0.010732,0,121.56,0.32,0.90,59.64,0.000324,0.000423,0.9163,4.791
0.05,ours_bptt,44,0.1563,-0.4355,0.803676,2.978439,1,0,2.492,0.009965,0.15590,-0.42555,0.016084,0,449.25,22.39,120.80,87.03,0.022389,0.026812,0.3480,4.082
0.05,ours_bptt,45,0.0602,0.2535,0.783820,2.957374,1,0,2.192,0.009914,0.05254,0.24723,0.007865,0,615.26,17.92,166.89,127.30,0.017916,0.020712,0.2296,3.354
0.05,ours_bptt,46,0.3509,-0.8008,0.845128,2.992823,1,0,2.817,0.009981,0.35860,-0.79447,0.010741,0,124.15,33.57,12.58,24.31,0.033572,0.041378,1.0031,6.173
0.05,ours_bptt,47,-0.1504,-0.4231,0.882429,2.983405,1,0,3.749,0.009970,-0.16028,-0.42460,0.010733,0,2041.68,19.82,791.62,214.36,0.019823,0.026870,1.1328,4.778
0.05,ours_bptt,48,0.3656,-0.0779,0.761192,2.963221,1,0,2.014,0.009918,0.35572,-0.07806,0.002664,0,205.63,5.18,28.49,70.44,0.005179,0.006315,0.1421,2.298
0.05,ours_bptt,49,-0.2992,-0.4212,0.916870,2.983455,1,0,3.849,0.009979,-0.30862,-0.41797,0.010784,0,1990.51,27.00,773.70,201.30,0.027004,0.039910,1.3073,4.651
0.05,ours_bptt,50,0.7379,0.3254,0.787691,2.983123,1,0,2.518,0.009959,0.72966,0.31971,0.017006,0,167.94,14.99,42.30,30.43,0.014987,0.019469,0.7470,5.007
0.05,ours_bptt,51,0.2430,0.2287,0.761678,2.957279,1,0,2.116,0.009934,0.23326,0.22667,0.004568,0,415.95,15.16,102.09,94.52,0.015158,0.018341,0.1557,3.001
0.05,ours_bptt,52,-0.0147,-0.5282,0.856270,2.987050,1,0,3.772,0.009995,-0.02399,-0.53185,0.010715,0,1903.31,21.04,745.96,189.91,0.021045,0.026380,1.1422,4.848
0.05,ours_bptt,53,0.0787,0.1072,0.755914,2.943116,1,0,2.657,0.009965,0.08625,0.10070,0.010829,0,1928.66,11.43,740.04,215.72,0.011429,0.013401,0.7607,4.664
0.05,ours_bptt,54,-0.1562,0.9648,0.906433,2.991495,1,0,4.065,0.009998,-0.16607,0.96322,0.010790,0,1430.61,34.74,624.92,64.33,0.034740,0.049666,2.0626,6.970
0.05,ours_bptt,55,-0.1446,-0.2073,0.861317,2.969775,1,0,2.405,0.009973,-0.13956,-0.19868,0.013253,0,802.56,17.38,237.36,150.88,0.017383,0.021911,0.4411,4.100
0.05,ours_bptt,56,0.7844,0.3256,0.790337,2.984554,1,0,2.536,0.009986,0.77612,0.31999,0.016143,0,186.12,14.81,38.34,43.62,0.014809,0.019293,0.8353,5.221
0.05,ours_bptt,57,0.2535,-0.6401,0.830157,2.988830,1,0,2.707,0.009974,0.25883,-0.63166,0.010717,0,211.06,28.50,54.42,29.74,0.028499,0.034720,0.6504,5.184
0.05,ours_bptt,58,0.3038,-0.4120,0.784945,2.975288,1,0,2.448,0.009914,0.29933,-0.40315,0.016014,0,367.18,20.99,102.30,65.55,0.020994,0.026024,0.3394,4.058
0.05,ours_bptt,59,0.7189,-0.3583,0.789477,2.983970,1,0,2.527,0.009901,0.71124,-0.35205,0.019054,0,173.07,16.46,45.76,28.43,0.016461,0.021357,0.7425,5.060
0.05,ours_bptt,60,0.1800,0.0264,0.752089,2.947505,1,0,1.502,0.009991,0.17001,0.02661,0.021812,0,206.81,2.70,15.07,86.31,0.002703,0.003216,0.0293,1.176
0.05,ours_bptt,61,-0.4251,0.6545,0.935423,2.976970,1,0,4.033,0.009987,-0.43349,0.64909,0.010787,0,1666.40,40.44,673.45,129.42,0.040440,0.059640,1.8058,5.879
0.05,ours_bptt,62,0.5324,0.0722,0.769636,2.972199,1,0,2.236,0.009954,0.52251,0.07139,0.010659,0,118.51,4.01,20.72,35.53,0.004010,0.005024,0.3119,3.042
0.05,ours_bptt,63,-0.1463,-0.2830,0.870062,2.975189,1,0,2.513,0.009998,-0.13862,-0.27655,0.010715,0,699.14,19.57,195.99,138.90,0.019570,0.024875,0.4401,3.917
0.05,ours_bptt,64,0.5285,0.0914,0.769346,2.971929,1,0,2.240,0.009942,0.51858,0.09036,0.010665,0,132.57,5.07,26.21,36.28,0.005070,0.006353,0.3106,3.102
0.05,ours_bptt,65,0.2105,0.2530,0.765543,2.958062,1,0,2.154,0.009970,0.20116,0.24965,0.006327,0,459.67,16.59,117.54,99.85,0.016587,0.019983,0.1716,3.141
0.05,ours_bptt,66,-0.2321,0.7541,0.910398,2.985098,1,0,3.993,0.009996,-0.24182,0.75176,0.010800,0,1637.54,30.45,673.41,122.53,0.030449,0.045420,1.6745,5.953
0.05,ours_bptt,67,0.1052,0.6538,0.852349,2.985804,1,0,3.832,0.009996,0.09625,0.65824,0.010763,0,1746.01,23.89,704.82,150.27,0.023891,0.030266,1.2787,5.178
0.05,ours_bptt,68,0.5076,0.3617,0.778970,2.975654,1,0,2.448,0.009946,0.50041,0.35488,0.016311,0,221.81,17.76,70.96,26.63,0.017762,0.022636,0.4397,4.268
0.05,ours_bptt,69,-0.0513,0.1705,0.807639,2.952766,1,0,2.160,0.009979,-0.05799,0.16303,0.010712,0,765.67,15.47,218.75,152.49,0.015467,0.017032,0.3716,3.539
0.05,ours_bptt,70,-0.0982,0.3380,0.854279,2.965423,1,0,2.525,0.009953,-0.09176,0.33043,0.010814,0,636.47,20.40,174.35,128.58,0.020401,0.024274,0.4098,3.951
0.05,ours_bptt,71,-0.2987,-0.5024,0.918781,2.986400,1,0,3.889,0.009971,-0.30819,-0.49915,0.010780,0,1897.67,27.87,745.66,182.27,0.027868,0.042196,1.3860,4.931
0.05,ours_bptt,72,-0.1503,0.3616,0.877012,2.967134,1,0,3.708,0.009975,-0.16005,0.36384,0.010833,0,2116.77,18.10,815.24,229.57,0.018098,0.024348,1.0915,4.813
0.05,ours_bptt,73,-0.1360,0.7558,0.895278,2.986784,1,0,3.965,0.009961,-0.14597,0.75495,0.010798,0,1650.48,28.69,676.68,127.04,0.028694,0.039787,1.5730,5.823
0.05,ours_bptt,74,0.2863,-0.1810,0.759469,2.960034,1,0,2.051,0.009968,0.27634,-0.18051,0.000793,0,341.65,12.23,75.31,86.34,0.012233,0.014843,0.1346,2.742
0.05,ours_bptt,75,0.2629,0.0381,0.754614,2.953835,1,0,1.772,0.009958,0.25296,0.03875,0.012328,0,186.99,3.07,7.16,84.03,0.003072,0.003695,0.0663,1.597
0.05,ours_bptt,76,-0.0879,0.1908,0.830895,2.956252,1,0,2.267,0.009997,-0.08985,0.18095,0.012795,0,800.41,16.00,236.21,152.00,0.016002,0.017931,0.3936,3.663
0.05,ours_bptt,77,0.1878,-0.1637,0.755637,2.953155,1,0,1.920,0.009992,0.17794,-0.16526,0.010687,0,370.09,13.01,70.86,104.43,0.013014,0.015563,0.1241,2.571
0.05,ours_bptt,78,0.3960,0.0616,0.761630,2.963898,1,0,2.053,0.009971,0.38603,0.06154,0.010647,0,179.99,3.95,22.09,64.94,0.003955,0.004843,0.1648,2.332
0.05,ours_bptt,79,0.1499,0.3328,0.782863,2.964617,1,0,2.321,0.009965,0.14419,0.32462,0.013749,0,520.83,19.61,141.73,103.98,0.019614,0.023362,0.2459,3.583
0.05,ours_bptt,80,0.4252,0.0139,0.763691,2.966277,1,0,2.081,0.009974,0.41519,0.01383,0.010615,0,129.28,0.87,4.84,59.15,0.000867,0.001066,0.1877,2.233
0.05,ours_bptt,81,-0.1576,0.2546,0.869500,2.961818,1,0,2.496,0.009988,-0.15018,0.24792,0.010829,0,735.36,18.98,209.65,143.79,0.018985,0.024643,0.4424,4.011
0.05,ours_bptt,82,-0.0686,-0.8309,0.894281,2.994634,1,0,3.971,0.009950,-0.07853,-0.83102,0.010768,0,1583.40,30.06,664.25,104.90,0.030058,0.040490,1.6776,6.180
0.05,ours_bptt,83,0.4444,-0.8902,0.849407,2.994157,1,0,2.856,0.009985,0.45231,-0.88407,0.023264,0,185.45,36.40,2.86,62.56,0.036401,0.045308,1.2721,6.817
0.05,ours_bptt,84,0.2393,0.0573,0.754246,2.952229,1,0,1.733,0.009982,0.22933,0.05834,0.014013,0,194.97,4.82,6.90,86.97,0.004816,0.005779,0.0585,1.685
0.05,ours_bptt,85,-0.0699,0.1952,0.821898,2.955520,1,0,2.241,0.009955,-0.07341,0.18584,0.014210,0,779.97,16.09,227.52,150.40,0.016094,0.017798,0.3698,3.611
0.05,ours_bptt,86,0.7095,0.5152,0.801116,2.986543,1,0,2.619,0.009911,0.70466,0.50656,0.019695,0,213.82,22.68,44.94,44.95,0.022681,0.029401,0.9014,5.688
0.05,ours_bptt,87,-0.0494,-0.2016,0.813981,2.964490,1,0,2.214,0.009973,-0.05428,-0.19296,0.005729,0,753.93,16.34,217.06,147.66,0.016340,0.018035,0.3443,3.560
0.05,ours_bptt,88,0.0267,0.5306,0.846480,2.979204,1,0,2.692,0.009988,0.03518,0.52539,0.010775,0,368.33,25.52,81.96,83.06,0.025524,0.030087,0.5208,4.573
0.05,ours_bptt,89,0.5313,0.5599,0.802510,2.984609,1,0,2.625,0.009958,0.52910,0.55021,0.019919,0,164.05,24.96,55.64,7.67,0.024960,0.031849,0.7067,5.298
0.05,ours_bptt,90,-0.0457,0.0894,0.791456,2.947093,1,0,3.096,0.009986,-0.04197,0.08011,0.010769,0,1258.85,11.92,352.71,267.78,0.011921,0.013536,1.1542,4.608
0.05,ours_bptt,91,-0.3348,-0.7215,0.926757,2.991979,1,0,4.010,0.009956,-0.34392,-0.71750,0.010781,0,1636.09,34.11,670.46,122.01,0.034107,0.052776,1.7677,5.997
0.05,ours_bptt,92,-0.2539,0.6200,0.910624,2.979216,1,0,3.935,0.009980,-0.26363,0.61756,0.010814,0,1782.30,27.62,712.75,157.69,0.027618,0.041883,1.4717,5.338
0.05,ours_bptt,93,0.1010,0.2482,0.774130,2.956487,1,0,2.153,0.009927,0.09228,0.24353,0.006263,0,567.29,17.58,149.54,120.92,0.017584,0.020646,0.2007,3.237
0.05,ours_bptt,94,0.8495,0.4720,0.803380,2.988508,1,0,2.622,0.009997,0.84312,0.46429,0.019579,0,259.30,20.56,36.45,77.78,0.020560,0.026864,1.1200,6.090
0.05,ours_bptt,95,0.1372,0.4237,0.804957,2.972355,1,0,2.478,0.009990,0.13660,0.41370,0.017145,0,471.76,22.15,127.59,91.68,0.022150,0.026376,0.3375,4.026
0.05,ours_bptt,96,0.4789,0.8183,0.837627,2.991766,1,0,2.805,0.009965,0.48435,0.81000,0.022160,0,183.68,33.95,15.06,51.32,0.033946,0.042531,1.1307,6.491
0.05,ours_bptt,97,-0.0656,0.3396,0.841833,2.965529,1,0,2.487,0.009976,-0.06118,0.33068,0.017073,0,636.00,20.18,175.92,126.94,0.020185,0.023331,0.3768,3.898
0.05,ours_bptt,98,0.6043,0.2287,0.776148,2.976722,1,0,2.388,0.009941,0.59507,0.22492,0.010734,0,137.80,11.47,47.63,12.67,0.011468,0.014661,0.4648,4.029
0.05,ours_bptt,99,-0.0616,-0.5886,0.873606,2.989668,1,0,3.832,0.009955,-0.07136,-0.59043,0.010735,0,1843.51,23.16,730.10,174.29,0.023158,0.029911,1.2433,4.924
0.05,ours_bptt,100,0.6577,0.3184,0.782761,2.980212,1,0,2.480,0.009928,0.64954,0.31278,0.017400,0,137.87,15.07,49.88,7.76,0.015071,0.019461,0.6049,4.630
0.05,ours_bptt,101,0.7053,0.3527,0.787492,2.982521,1,0,2.521,0.009942,0.69758,0.34646,0.019371,0,165.27,16.27,46.53,23.90,0.016268,0.021096,0.7124,4.974
0.05,ours_bptt,102,-0.2611,-0.8069,0.917975,2.993934,1,0,4.019,0.009996,-0.27069,-0.80407,0.010779,0,1572.94,32.66,657.30,104.67,0.032663,0.049790,1.8248,6.285
0.05,ours_bptt,103,-0.2565,-0.5607,0.912369,2.988700,1,0,3.896,0.009958,-0.26623,-0.55839,0.010771,0,1848.46,26.45,732.33,172.06,0.026447,0.040154,1.3976,5.089
0.05,ours_bptt,104,-0.0062,-0.2025,0.792489,2.961389,1,0,2.148,0.009929,-0.01392,-0.19631,0.010643,0,693.49,16.57,191.41,142.90,0.016571,0.018629,0.2991,3.405
0.05,ours_bptt,105,0.1683,-0.1221,0.753162,2.949779,1,0,1.762,0.009959,0.15874,-0.12494,0.010748,0,269.32,11.03,23.33,103.06,0.011028,0.013140,0.1020,2.252
0.05,ours_bptt,106,0.1073,0.7657,0.865482,2.989401,1,0,3.900,0.009948,0.09796,0.76904,0.010772,0,1636.15,26.96,679.04,118.82,0.026956,0.034506,1.4740,5.773
0.05,ours_bptt,107,0.2607,-0.0935,0.755300,2.955238,1,0,1.844,0.009992,0.25080,-0.09476,0.009605,0,240.23,7.27,27.42,87.24,0.007271,0.008752,0.0801,2.055
0.05,ours_bptt,108,0.2814,0.9272,0.864950,2.993357,1,0,3.955,0.009965,0.27248,0.93161,0.010773,0,1447.08,30.80,644.13,56.31,0.030802,0.040211,1.8553,6.781
0.05,ours_bptt,109,0.5130,0.7951,0.833284,2.991425,1,0,2.786,0.009973,0.51726,0.78607,0.022008,0,195.11,33.12,20.19,52.52,0.033121,0.041707,1.1140,6.444
0.05,ours_bptt,110,0.4870,-0.3349,0.777309,2.975959,1,0,2.408,0.009990,0.47920,-0.32870,0.014540,0,241.24,16.89,74.04,33.91,0.016893,0.021424,0.3945,4.080
0.05,ours_bptt,111,0.2839,0.6459,0.826269,2.986017,1,0,2.709,0.009979,0.28862,0.63711,0.010746,0,195.23,28.57,52.22,23.96,0.028567,0.035007,0.6660,5.239
0.05,ours_bptt,112,0.3172,0.1950,0.759873,2.959451,1,0,2.110,0.009928,0.30734,0.19370,0.003774,0,334.89,12.51,77.56,80.51,0.012506,0.015269,0.1544,2.883
0.05,ours_bptt,113,0.3999,-0.0481,0.762919,2.965270,1,0,2.050,0.009954,0.38991,-0.04803,0.010615,0,166.88,3.09,17.18,63.95,0.003085,0.003778,0.1669,2.279
0.05,ours_bptt,114,0.0845,-0.3381,0.794456,2.971364,1,0,2.358,0.009919,0.08107,-0.32876,0.013050,0,568.18,19.92,155.80,113.35,0.019924,0.023248,0.2716,3.665
0.05,ours_bptt,115,0.2833,0.3617,0.778201,2.968350,1,0,2.370,0.009998,0.27698,0.35394,0.014928,0,403.57,19.57,111.06,76.05,0.019565,0.024086,0.2801,3.773
0.05,ours_bptt,116,-0.0960,-0.1708,0.834356,2.964373,1,0,2.250,0.009921,-0.09794,-0.16104,0.009349,0,825.33,15.46,245.91,155.16,0.015458,0.017467,0.4221,3.822
0.05,ours_bptt,117,0.1426,0.0149,0.751182,2.944619,1,0,1.329,0.009928,0.13273,0.01450,0.024361,0,209.81,1.84,21.01,82.51,0.001844,0.002157,0.0171,0.894
0.05,ours_bptt,118,0.2298,-0.1089,0.754372,2.953401,1,0,1.819,0.009928,0.22003,-0.11070,0.010713,0,258.18,8.83,29.84,92.62,0.008835,0.010601,0.0820,2.130
0.05,ours_bptt,119,0.3467,0.6367,0.820041,2.985888,1,0,2.690,0.009947,0.34979,0.62727,0.022133,0,180.18,28.14,53.74,15.25,0.028141,0.034880,0.6762,5.280
0.05,ours_bptt,120,0.1427,0.1849,0.759547,2.950293,1,0,1.969,0.009975,0.13277,0.18584,0.010698,0,448.44,14.92,98.38,114.66,0.014917,0.017727,0.1601,2.792
0.05,ours_bptt,121,0.9039,0.2691,0.795985,2.987295,1,0,2.555,0.009898,0.89500,0.26469,0.010763,0,221.26,12.04,27.17,74.43,0.012039,0.015767,1.0520,5.616
0.05,ours_bptt,122,0.6186,-0.7694,0.824620,2.991804,1,0,2.771,0.009960,0.62059,-0.75962,0.022071,0,228.22,31.93,21.84,68.32,0.031926,0.040752,1.1854,6.573
0.05,ours_bptt,123,0.1330,0.4410,0.809351,2.973644,1,0,2.506,0.009929,0.13353,0.43104,0.017596,0,458.15,22.65,122.93,89.16,0.022647,0.026945,0.3581,4.110
0.05,ours_bptt,124,0.3040,-0.5997,0.818492,2.986800,1,0,2.659,0.009949,0.30680,-0.59011,0.021204,0,231.30,27.07,64.77,30.58,0.027075,0.033349,0.5965,5.029
0.05,ours_bptt,125,0.8777,-0.3398,0.796602,2.987492,1,0,2.574,0.009940,0.86952,-0.33413,0.010809,0,230.91,15.09,32.25,71.88,0.015088,0.019752,1.0443,5.721
0.05,ours_bptt,126,0.4647,-0.7285,0.826602,2.990761,1,0,2.748,0.009989,0.46814,-0.71914,0.021311,0,166.07,30.94,32.19,27.64,0.030941,0.038848,0.9292,5.986
0.05,ours_bptt,127,-0.1434,-0.2996,0.870582,2.976225,1,0,2.533,0.009970,-0.13536,-0.29368,0.010715,0,675.35,19.99,186.48,136.20,0.019994,0.025317,0.4446,3.948
0.05,ours_bptt,128,0.7348,0.4244,0.794306,2.984950,1,0,2.572,0.009908,0.72819,0.41710,0.018684,0,198.26,19.06,45.04,39.79,0.019055,0.024764,0.8359,5.398
0.05,ours_bptt,129,-0.1202,-0.4211,0.872777,2.983018,1,0,3.731,0.009977,-0.12984,-0.42352,0.010723,0,2042.83,19.21,790.66,216.35,0.019213,0.025118,1.1066,4.815
0.05,ours_bptt,130,0.0262,0.7331,0.870396,2.987900,1,0,3.905,0.009963,0.01649,0.73529,0.010783,0,1677.23,26.43,685.85,132.95,0.026425,0.033942,1.4289,5.591
0.05,ours_bptt,131,0.1806,-0.8313,0.863349,2.994066,1,0,3.924,0.009960,0.17139,-0.83506,0.010753,0,1554.48,28.45,661.51,94.39,0.028455,0.036685,1.6086,6.157
0.05,ours_bptt,132,0.0616,0.4904,0.832388,2.976838,1,0,2.610,0.009985,0.06711,0.48203,0.010764,0,426.29,24.23,107.18,87.80,0.024229,0.028444,0.4438,4.365
0.05,ours_bptt,133,0.3828,0.6743,0.823639,2.987505,1,0,2.716,0.009963,0.38629,0.66496,0.020948,0,133.70,29.31,44.65,0.22,0.029313,0.036472,0.7638,5.540
0.05,ours_bptt,134,0.6240,-0.1220,0.776895,2.977626,1,0,2.338,0.009991,0.61418,-0.12021,0.010685,0,87.31,6.28,27.69,11.26,0.006283,0.007993,0.4503,3.701
0.05,ours_bptt,135,0.7082,-0.4265,0.793435,2.985214,1,0,2.565,0.009932,0.70164,-0.41907,0.018360,0,189.54,19.25,47.49,32.84,0.019251,0.024973,0.7912,5.298
0.05,ours_bptt,136,0.3059,-0.0613,0.757399,2.958409,1,0,1.891,0.009933,0.29597,-0.06195,0.007747,0,205.91,4.50,19.84,79.74,0.004501,0.005441,0.0951,1.948
0.05,ours_bptt,137,0.3815,0.8201,0.843309,2.991592,1,0,2.826,0.009978,0.38881,0.81336,0.010771,0,138.29,34.09,9.62,33.96,0.034092,0.042189,1.0587,6.314
0.05,ours_bptt,138,-0.4068,-0.7436,0.935492,2.991605,1,0,4.049,0.009988,-0.41542,-0.73866,0.010782,0,1582.17,39.95,653.31,107.81,0.039948,0.060475,1.9365,6.266
0.05,ours_bptt,139,0.2478,-0.2333,0.762926,2.961058,1,0,2.126,0.009997,0.23811,-0.23093,0.003934,0,415.12,15.29,102.88,93.21,0.015288,0.018511,0.1594,3.034
0.05,ours_bptt,140,0.6772,0.6933,0.817765,2.990252,1,0,2.722,0.009960,0.67670,0.68338,0.021433,0,240.85,29.26,31.57,66.91,0.029256,0.037637,1.1297,6.391
0.05,ours_bptt,141,0.0428,-0.2079,0.776140,2.958280,1,0,2.097,0.009988,0.03351,-0.20412,0.010662,0,618.94,16.77,162.29,134.60,0.016774,0.019346,0.2492,3.232
0.05,ours_bptt,142,0.6916,-0.1596,0.781418,2.980467,1,0,2.404,0.009968,0.68193,-0.15702,0.010710,0,87.45,7.84,29.83,8.01,0.007844,0.010085,0.5706,4.175
0.05,ours_bptt,143,0.3035,0.5051,0.801196,2.978993,1,0,2.563,0.009932,0.30279,0.49517,0.018738,0,309.16,24.00,86.57,50.02,0.023997,0.029699,0.4541,4.535
0.05,ours_bptt,144,0.1292,-0.1752,0.759267,2.952379,1,0,1.940,0.009977,0.11940,-0.17694,0.010698,0,445.01,14.75,94.17,117.27,0.014752,0.017487,0.1679,2.764
0.05,ours_bptt,145,0.4745,0.7177,0.825188,2.989398,1,0,2.739,0.009955,0.47751,0.70818,0.021373,0,169.22,30.58,34.46,27.22,0.030579,0.038462,0.9177,5.953
0.05,ours_bptt,146,0.3993,0.8983,0.851294,2.993119,1,0,2.881,0.009992,0.40823,0.89372,0.010795,0,190.77,36.55,12.06,55.92,0.036554,0.045301,1.2562,6.771
0.05,ours_bptt,147,-0.1444,0.3214,0.871102,2.964835,1,0,2.568,0.009979,-0.13584,0.31634,0.010831,0,643.29,20.62,173.49,132.69,0.020622,0.026180,0.4560,3.992
0.05,ours_bptt,148,0.0548,-0.4646,0.828045,2.982712,1,0,2.582,0.009947,0.05961,-0.45593,0.010694,0,455.41,23.41,115.97,94.17,0.023414,0.027409,0.4149,4.250
0.05,ours_bptt,149,0.3302,-0.5948,0.815375,2.986459,1,0,2.652,0.009940,0.33226,-0.58512,0.019468,0,223.40,26.84,64.50,27.07,0.026836,0.033224,0.5995,5.040
0.05,ours_bptt,150,0.1291,0.0400,0.751556,2.943712,1,0,1.314,0.009942,0.11925,0.03854,0.024335,0,301.89,5.17,63.17,83.90,0.005166,0.006020,0.0263,1.302
0.05,ours_bptt,151,0.1204,0.0183,0.751173,2.943088,1,0,1.217,0.009943,0.11051,0.01692,0.023994,0,237.36,2.64,37.77,78.93,0.002636,0.003006,0.0139,0.900
0.05,ours_bptt,152,0.3968,0.7576,0.834393,2.990088,1,0,2.777,0.009983,0.40224,0.74930,0.021937,0,143.24,32.04,25.96,21.63,0.032042,0.039806,0.9343,6.005
0.05,ours_bptt,153,0.0547,0.2267,0.778994,2.954447,1,0,2.132,0.009944,0.04590,0.22201,0.010702,0,613.31,17.25,162.88,130.84,0.017247,0.019947,0.2333,3.262
0.05,ours_bptt,154,0.0069,0.1062,0.767163,2.943095,1,0,2.782,0.009986,0.01472,0.09999,0.010802,0,1886.07,12.81,697.03,236.39,0.012812,0.014950,0.9103,4.403
0.05,ours_bptt,155,0.3885,0.8374,0.844957,2.991972,1,0,2.836,0.009998,0.39607,0.83089,0.010785,0,142.78,34.65,5.92,39.48,0.034652,0.042903,1.1022,6.420
0.05,ours_bptt,156,0.0770,0.0732,0.754002,2.941620,1,0,1.291,0.009945,0.06858,0.06794,0.010901,0,540.07,11.33,169.88,91.66,0.011330,0.013034,0.0907,2.141
0.05,ours_bptt,157,0.0515,-0.0915,0.758566,2.945437,1,0,2.531,0.009968,0.06129,-0.08958,0.010861,0,2135.95,11.32,846.45,213.03,0.011319,0.013340,0.7779,4.677
0.05,ours_bptt,158,0.1176,-0.1584,0.758094,2.950602,1,0,1.888,0.009959,0.10816,-0.16163,0.010721,0,420.69,14.26,80.46,119.19,0.014260,0.016868,0.1746,2.686
0.05,ours_bptt,159,-0.1864,-0.2631,0.882168,2.974699,1,0,2.574,0.009990,-0.17678,-0.26056,0.010743,0,689.78,20.15,186.24,143.54,0.020149,0.027806,0.4930,4.225
0.05,ours_bptt,160,0.2632,-0.1929,0.759204,2.959185,1,0,2.054,0.009940,0.25331,-0.19233,0.000878,0,368.59,13.19,83.48,90.92,0.013189,0.015965,0.1368,2.790
0.05,ours_bptt,161,-0.3555,-0.7662,0.929670,2.992579,1,0,4.036,0.009995,-0.36460,-0.76201,0.010782,0,1582.37,36.25,656.46,107.53,0.036254,0.056216,1.8881,6.262
0.05,ours_bptt,162,-0.1215,-0.1778,0.847670,2.966402,1,0,2.315,0.009998,-0.12009,-0.16788,0.011346,0,834.65,16.02,250.44,154.87,0.016018,0.019067,0.4439,4.031
0.05,ours_bptt,163,-0.0238,-0.5614,0.862583,2.988480,1,0,3.800,0.009988,-0.03334,-0.56438,0.010723,0,1869.45,22.04,736.88,181.31,0.022045,0.027876,1.1862,4.824
0.05,ours_bptt,164,0.4774,0.4709,0.790877,2.979708,1,0,2.543,0.009915,0.47319,0.46197,0.018532,0,213.34,22.02,70.56,19.59,0.022023,0.028009,0.5276,4.712
0.05,ours_bptt,165,0.0443,-0.5806,0.851161,2.988534,1,0,3.795,0.009993,0.03522,-0.58466,0.010718,0,1832.42,22.13,725.68,173.93,0.022130,0.027772,1.1848,4.864
0.05,ours_bptt,166,-0.0210,-0.5374,0.858881,2.987506,1,0,3.782,0.009952,-0.03035,-0.54072,0.010718,0,1893.36,21.35,742.95,187.71,0.021346,0.026848,1.1556,4.838
0.05,ours_bptt,167,0.8175,0.5027,0.804012,2.988357,1,0,2.632,0.009919,0.81187,0.49456,0.019841,0,253.35,21.85,37.72,72.57,0.021846,0.028497,1.0904,6.074
0.05,ours_bptt,168,0.8027,-0.3400,0.792725,2.985771,1,0,2.548,0.009941,0.79463,-0.33417,0.018378,0,199.05,15.36,37.74,50.26,0.015356,0.020024,0.8848,5.364
0.05,ours_bptt,169,0.1514,0.0679,0.752480,2.945709,1,0,1.501,0.009942,0.14144,0.06852,0.010858,0,286.08,7.33,45.77,91.78,0.007326,0.008692,0.0498,1.690
0.05,ours_bptt,170,0.5304,0.7692,0.829435,2.990942,1,0,2.769,0.009946,0.53378,0.75986,0.021836,0,197.63,32.21,24.58,50.08,0.032210,0.040694,1.0784,6.351
0.05,ours_bptt,171,0.2090,0.4792,0.803908,2.976369,1,0,2.544,0.009942,0.20923,0.46922,0.018469,0,382.19,23.49,102.16,71.32,0.023488,0.028515,0.3983,4.308
0.05,ours_bptt,172,0.5598,-0.3460,0.781275,2.978889,1,0,2.452,0.009931,0.55216,-0.33965,0.015590,0,182.61,16.83,63.82,14.86,0.016825,0.021530,0.4893,4.377
0.05,ours_bptt,173,0.5464,-0.7222,0.821202,2.990566,1,0,2.744,0.009946,0.54830,-0.71246,0.021575,0,191.67,30.47,30.45,42.53,0.030472,0.038681,0.9991,6.140
0.05,ours_bptt,174,-0.1182,-0.2340,0.853254,2.970918,1,0,2.390,0.009982,-0.11481,-0.22463,0.012694,0,772.17,17.64,226.67,146.18,0.017636,0.020991,0.4003,3.778
0.05,ours_bptt,175,-0.2591,-0.7992,0.917555,2.993838,1,0,4.015,0.009996,-0.26873,-0.79642,0.010779,0,1581.57,32.41,659.47,107.01,0.032407,0.049344,1.8060,6.242
0.05,ours_bptt,176,0.5500,-0.2108,0.773937,2.975180,1,0,2.332,0.009986,0.54060,-0.20752,0.010705,0,173.61,11.02,51.51,27.03,0.011021,0.013952,0.3829,3.728
0.05,ours_bptt,177,0.2832,0.3475,0.776107,2.967263,1,0,2.348,0.009960,0.27641,0.34021,0.014312,0,407.29,19.10,111.57,77.75,0.019102,0.023490,0.2665,3.699
0.05,ours_bptt,178,0.3999,0.1449,0.761797,2.963847,1,0,2.133,0.009906,0.39003,0.14396,0.003468,0,245.15,8.87,51.58,64.34,0.008871,0.010926,0.1897,2.815
0.05,ours_bptt,179,-0.3922,0.5944,0.931397,2.974970,1,0,3.993,0.009995,-0.40089,0.58942,0.010800,0,1747.91,36.96,697.32,148.92,0.036955,0.054468,1.6514,5.528
0.05,ours_bptt,180,0.1187,-0.5094,0.823726,2.984266,1,0,2.610,0.009959,0.12312,-0.50043,0.010699,0,387.36,24.62,97.42,77.79,0.024618,0.029232,0.4489,4.440
0.05,ours_bptt,181,0.2591,0.4505,0.793916,2.974645,1,0,2.499,0.009979,0.25695,0.44081,0.017783,0,375.52,22.44,103.04,67.88,0.022445,0.027579,0.3699,4.202
0.05,ours_bptt,182,-0.1886,-0.2921,0.885065,2.976606,1,0,3.681,0.009960,-0.19853,-0.29321,0.010744,0,2192.45,17.40,841.63,241.54,0.017403,0.024934,1.1058,4.812
0.05,ours_bptt,183,0.1147,-0.5915,0.838626,2.988284,1,0,2.714,0.009984,0.12246,-0.58512,0.010716,0,286.17,27.14,62.27,60.46,0.027139,0.032316,0.5743,4.849
0.05,ours_bptt,184,0.3148,0.1334,0.757834,2.958044,1,0,2.004,0.009962,0.30481,0.13368,0.001875,0,278.00,9.15,51.57,80.56,0.009148,0.011111,0.1199,2.482
0.05,ours_bptt,185,0.2581,-0.2319,0.762870,2.961443,1,0,2.129,0.009981,0.24839,-0.22956,0.003994,0,405.92,15.08,100.43,91.21,0.015083,0.018291,0.1601,3.033
0.05,ours_bptt,186,-0.0058,-0.3736,0.827012,2.977980,1,0,2.484,0.009948,-0.00290,-0.36408,0.014896,0,580.93,20.93,157.68,117.09,0.020925,0.024034,0.3546,3.927
0.05,ours_bptt,187,0.6780,0.6485,0.812976,2.989232,1,0,2.696,0.009989,0.67642,0.63860,0.021075,0,231.69,27.65,36.40,58.70,0.027654,0.035641,1.0510,6.181
0.05,ours_bptt,188,0.1861,0.6801,0.845238,2.987183,1,0,2.771,0.009997,0.19462,0.67482,0.010753,0,176.98,29.91,35.77,30.29,0.029907,0.036045,0.7207,5.346
0.05,ours_bptt,189,0.5062,-0.1910,0.771038,2.972897,1,0,2.280,0.009995,0.49658,-0.18838,0.010687,0,198.72,10.39,52.95,38.61,0.010392,0.013049,0.3195,3.460
0.05,ours_bptt,190,0.3110,0.0827,0.756708,2.957308,1,0,1.926,0.009979,0.30105,0.08334,0.005583,0,225.93,5.94,28.72,79.79,0.005939,0.007191,0.1022,2.118
0.05,ours_bptt,191,0.2038,0.5088,0.811388,2.978490,1,0,2.580,0.009950,0.20549,0.49902,0.018868,0,358.95,24.45,95.08,66.06,0.024445,0.029604,0.4381,4.459
0.05,ours_bptt,192,0.1233,-0.0533,0.751264,2.944533,1,0,1.337,0.009935,0.11347,-0.05165,0.010900,0,346.64,6.86,81.70,86.48,0.006859,0.008013,0.0379,1.532
0.05,ours_bptt,193,-0.0796,-0.7824,0.892337,2.993993,1,0,3.951,0.009948,-0.08957,-0.78250,0.010764,0,1632.25,28.81,675.23,119.28,0.028812,0.038771,1.5842,5.925
0.05,ours_bptt,194,0.2915,-0.1221,0.757566,2.958386,1,0,1.949,0.009944,0.28155,-0.12288,0.005031,0,273.02,8.76,45.84,84.09,0.008762,0.010598,0.1043,2.347
0.05,ours_bptt,195,-0.1019,0.1701,0.835383,2.955914,1,0,2.263,0.009988,-0.10320,0.16016,0.012618,0,829.36,15.47,247.44,155.64,0.015468,0.017633,0.4274,3.874
0.05,ours_bptt,196,0.4572,-0.2213,0.769125,2.970969,1,0,2.268,0.010000,0.44771,-0.21822,0.010698,0,247.32,12.26,65.49,48.97,0.012262,0.015324,0.2819,3.425
0.05,ours_bptt,197,0.1068,0.1660,0.759453,2.947855,1,0,1.920,0.009982,0.09719,0.16872,0.010724,0,455.56,14.81,94.37,122.29,0.014812,0.017489,0.1889,2.775
0.05,ours_bptt,198,0.6025,-0.0753,0.775104,2.976444,1,0,2.304,0.009908,0.59260,-0.07432,0.010669,0,78.77,3.97,18.51,17.90,0.003971,0.005027,0.4075,3.417
0.05,ours_bptt,199,0.0462,0.5396,0.843957,2.979855,1,0,2.688,0.009990,0.05426,0.53372,0.010770,0,358.95,25.75,81.06,79.10,0.025754,0.030372,0.5221,4.606
0.05,ours_bptt,200,0.1240,-0.0387,0.750948,2.944054,1,0,1.286,0.009942,0.11421,-0.03687,0.023994,0,308.73,5.18,67.52,82.95,0.005185,0.006009,0.0253,1.284
0.05,ours_bptt,201,0.4164,-0.5120,0.796524,2.982389,1,0,2.575,0.009972,0.41410,-0.50232,0.018740,0,233.11,23.72,72.26,26.51,0.023719,0.029905,0.5277,4.767
0.05,ours_bptt,202,-0.1230,0.4612,0.876444,2.972854,1,0,3.770,0.009948,-0.13279,0.46315,0.010821,0,1997.75,20.33,776.74,206.90,0.020327,0.026821,1.1376,4.778
0.05,ours_bptt,203,0.4410,-0.4585,0.790377,2.980530,1,0,2.521,0.009916,0.43672,-0.44954,0.017494,0,245.61,21.81,77.02,29.44,0.021806,0.027596,0.4798,4.562
0.05,ours_bptt,204,0.2855,0.1293,0.756941,2.956102,1,0,1.953,0.009978,0.27554,0.13000,0.004116,0,282.91,9.29,49.08,85.41,0.009290,0.011234,0.1058,2.384
0.05,ours_bptt,205,0.3098,0.8479,0.853557,2.992071,1,0,3.918,0.009995,0.30134,0.85319,0.010763,0,1502.52,28.57,654.13,75.70,0.028567,0.037327,1.6873,6.370
0.05,ours_bptt,206,0.7544,0.5438,0.805044,2.988024,1,0,2.643,0.009915,0.74988,0.53497,0.020115,0,238.19,23.61,40.28,61.10,0.023612,0.030675,1.0217,5.988
0.05,ours_bptt,207,0.2818,0.3011,0.769704,2.963742,1,0,2.271,0.009957,0.27346,0.29565,0.011125,0,411.62,17.52,110.10,82.57,0.017518,0.021455,0.2236,3.449
0.05,ours_bptt,208,0.4930,0.1739,0.767833,2.970177,1,0,2.259,0.009961,0.48331,0.17166,0.010699,0,200.81,9.61,50.30,42.90,0.009612,0.012042,0.2953,3.319
0.05,ours_bptt,209,0.3355,-0.5061,0.799624,2.981910,1,0,2.563,0.009947,0.33424,-0.49624,0.018171,0,288.85,23.90,82.75,43.75,0.023899,0.029745,0.4697,4.588
0.05,ours_bptt,210,0.2506,-0.7408,0.845718,2.991930,1,0,2.804,0.009993,0.25912,-0.73555,0.010734,0,100.07,31.70,19.57,6.69,0.031701,0.038577,0.8429,5.720
0.05,ours_bptt,211,0.5757,-0.1236,0.774135,2.975593,1,0,2.297,0.009967,0.56585,-0.12192,0.010672,0,119.85,6.57,31.38,23.62,0.006570,0.008300,0.3816,3.470
0.05,ours_bptt,212,0.1789,0.4176,0.795659,2.971706,1,0,2.462,0.009929,0.17699,0.40782,0.017043,0,450.50,21.79,121.93,86.98,0.021789,0.026267,0.3246,3.991
0.05,ours_bptt,213,0.3431,0.9019,0.856522,2.993103,1,0,3.942,0.009966,0.33463,0.90710,0.010768,0,1445.11,29.94,643.68,56.42,0.029941,0.039313,1.8277,6.710
0.05,ours_bptt,214,0.4497,-0.0405,0.765806,2.968369,1,0,2.121,0.009954,0.43972,-0.04032,0.010616,0,139.20,2.46,13.73,54.02,0.002457,0.003032,0.2141,2.488
0.05,ours_bptt,215,-0.0738,-0.8147,0.893809,2.994431,1,0,3.964,0.009998,-0.08385,-0.81476,0.010767,0,1601.30,29.66,668.74,109.66,0.029661,0.039969,1.6465,6.095
0.05,ours_bptt,216,-0.0007,-0.2767,0.805438,2.969129,1,0,2.302,0.009931,-0.00406,-0.26737,0.011010,0,669.15,18.41,188.20,132.57,0.018408,0.020736,0.2864,3.584
0.05,ours_bptt,217,0.1157,-0.0892,0.752267,2.945499,1,0,1.510,0.009959,0.10576,-0.09009,0.010852,0,358.58,10.35,71.98,99.54,0.010350,0.012233,0.0896,2.065
0.05,ours_bptt,218,0.2996,0.3432,0.774950,2.967293,1,0,2.345,0.009999,0.29251,0.33614,0.014214,0,394.39,18.82,108.17,74.91,0.018816,0.023201,0.2679,3.695
0.05,ours_bptt,219,0.1075,0.0912,0.753600,2.943452,1,0,1.507,0.009967,0.09758,0.09207,0.010855,0,377.35,10.84,79.54,101.01,0.010837,0.012794,0.0992,2.133
0.05,ours_bptt,220,-0.1180,0.5028,0.878257,2.975345,1,0,3.798,0.009982,-0.12788,0.50441,0.010816,0,1949.54,21.41,762.27,196.45,0.021411,0.028312,1.1747,4.764
0.05,ours_bptt,221,-0.0384,-0.1602,0.800989,2.959607,1,0,2.113,0.009974,-0.04659,-0.15459,0.010664,0,747.26,15.32,209.71,152.44,0.015321,0.016968,0.3753,3.491
0.05,ours_bptt,222,0.6916,-0.2139,0.782136,2.980787,1,0,2.431,0.009918,0.68236,-0.21036,0.010728,0,110.93,10.36,37.41,10.28,0.010360,0.013353,0.5946,4.373
0.05,ours_bptt,223,-0.0588,0.1179,0.804203,2.950170,1,0,2.093,0.009968,-0.06761,0.11317,0.010735,0,811.71,13.96,233.64,161.74,0.013961,0.015342,0.4721,3.709
0.05,ours_bptt,224,-0.0745,-0.3129,0.843373,2.975546,1,0,2.452,0.009960,-0.07077,-0.30367,0.013863,0,670.42,19.49,188.74,131.85,0.019488,0.022486,0.3706,3.846
0.05,ours_bptt,225,-0.1780,-0.3364,0.885006,2.979044,1,0,3.703,0.009964,-0.18783,-0.33770,0.010738,0,2142.76,18.17,824.98,232.77,0.018170,0.025512,1.1079,4.797
0.05,ours_bptt,226,0.6911,0.0578,0.779739,2.979645,1,0,2.376,0.009913,0.68124,0.05692,0.010696,0,37.67,2.89,11.54,5.14,0.002886,0.003701,0.5428,3.830
0.05,ours_bptt,227,0.2381,-0.1180,0.754997,2.954330,1,0,1.855,0.009939,0.22831,-0.11961,0.010697,0,273.88,9.30,37.74,92.22,0.009303,0.011176,0.0887,2.216
0.05,ours_bptt,228,0.1519,0.8000,0.864493,2.990504,1,0,3.909,0.009968,0.14270,0.80369,0.010770,0,1595.45,27.74,671.41,105.52,0.027735,0.035635,1.5413,5.976
0.05,ours_bptt,229,0.1294,-0.0464,0.751044,2.944561,1,0,1.337,0.009951,0.11955,-0.04505,0.010903,0,316.90,5.88,68.66,85.37,0.005880,0.006875,0.0312,1.408
0.05,ours_bptt,230,0.0091,0.7864,0.876962,2.989224,1,0,3.940,0.009971,-0.00077,0.78792,0.010787,0,1622.73,28.01,672.19,118.17,0.028010,0.036398,1.5373,5.878
0.05,ours_bptt,231,0.7804,-0.0773,0.785721,2.983006,1,0,2.439,0.009933,0.77050,-0.07603,0.010715,0,91.43,3.69,12.39,30.55,0.003694,0.004782,0.7089,4.380
0.05,ours_bptt,232,0.1448,0.2357,0.766906,2.955232,1,0,2.108,0.009936,0.13522,0.23293,0.004276,0,511.62,16.79,129.73,113.49,0.016791,0.019955,0.1753,3.094
0.05,ours_bptt,233,0.0215,0.4271,0.829301,2.972440,1,0,2.546,0.009997,0.02570,0.41803,0.010770,0,511.93,22.42,134.60,104.55,0.022423,0.026022,0.3882,4.107
0.05,ours_bptt,234,-0.0409,-0.1955,0.808198,2.963368,1,0,2.188,0.009925,-0.04683,-0.18751,0.004751,0,745.30,16.21,212.67,147.82,0.016207,0.017914,0.3379,3.524
0.05,ours_bptt,235,0.4958,-0.7270,0.824216,2.990674,1,0,2.747,0.009981,0.49863,-0.71743,0.021445,0,175.49,30.78,31.38,33.27,0.030783,0.038820,0.9545,6.043
0.05,ours_bptt,236,0.8988,-0.2304,0.794399,2.986898,1,0,2.541,0.009904,0.88962,-0.22660,0.010757,0,205.88,10.38,24.64,70.52,0.010376,0.013581,1.0161,5.466
0.05,ours_bptt,237,0.0532,-0.4550,0.826590,2.982116,1,0,2.568,0.010000,0.05759,-0.44601,0.010692,0,468.09,23.14,120.52,96.17,0.023140,0.027054,0.4037,4.207
0.05,ours_bptt,238,0.1776,-0.1698,0.756557,2.953267,1,0,1.932,0.009972,0.16775,-0.17130,0.010686,0,388.90,13.54,77.51,106.79,0.013535,0.016167,0.1321,2.628
0.05,ours_bptt,239,0.4213,0.3347,0.773737,2.970960,1,0,2.381,0.009984,0.41357,0.32840,0.014810,0,294.34,17.39,84.39,49.73,0.017390,0.021875,0.3318,3.887
0.05,ours_bptt,240,0.3769,-0.3379,0.775121,2.972350,1,0,2.362,0.009924,0.36936,-0.33138,0.013473,0,331.43,17.94,93.28,58.98,0.017940,0.022397,0.3030,3.805
0.05,ours_bptt,241,0.2876,0.6481,0.826174,2.986116,1,0,2.711,0.009956,0.29232,0.63938,0.010747,0,191.47,28.62,51.34,22.92,0.028624,0.035099,0.6711,5.255
0.05,ours_bptt,242,-0.2242,-0.5692,0.906207,2.989163,1,0,3.885,0.009973,-0.23403,-0.56759,0.010765,0,1849.70,25.47,733.11,172.64,0.025472,0.037791,1.3672,5.064
0.05,ours_bptt,243,0.2114,0.6827,0.842408,2.987346,1,0,2.761,0.009986,0.21916,0.67652,0.010751,0,173.95,29.97,38.55,25.95,0.029966,0.036238,0.7243,5.376
0.05,ours_bptt,244,0.3551,-0.4475,0.788583,2.978192,1,0,2.499,0.009959,0.35136,-0.43830,0.017191,0,311.49,21.85,89.45,49.91,0.021854,0.027337,0.4045,4.319
0.05,ours_bptt,245,-0.0902,0.2305,0.837373,2.958621,1,0,2.338,0.009985,-0.08982,0.22057,0.014870,0,767.28,17.21,224.64,146.10,0.017207,0.019533,0.3726,3.699
0.05,ours_bptt,246,0.3024,-0.0595,0.757184,2.958107,1,0,1.882,0.009943,0.29247,-0.06018,0.008114,0,204.63,4.40,18.86,80.16,0.004400,0.005317,0.0925,1.922
0.05,ours_bptt,247,0.0963,-0.5319,0.831469,2.985826,1,0,2.650,0.009996,0.10239,-0.52397,0.010705,0,364.23,25.34,87.43,75.68,0.025341,0.029997,0.4876,4.552
0.05,ours_bptt,248,0.6870,-0.3791,0.789353,2.983623,1,0,2.527,0.009987,0.67961,-0.37240,0.017406,0,169.19,17.47,49.57,21.93,0.017466,0.022613,0.7071,5.013
0.05,ours_bptt,249,0.6621,-0.5816,0.805715,2.988156,1,0,2.655,0.009941,0.65917,-0.57214,0.020270,0,210.43,25.27,43.33,42.93,0.025272,0.032607,0.9171,5.813
0.05,ours_bptt,250,-0.1159,-0.8802,0.902570,2.995202,1,0,4.007,0.009957,-0.12584,-0.87941,0.010776,0,1527.94,31.99,650.26,89.72,0.031989,0.044418,1.8244,6.487
0.05,ours_bptt,251,0.1278,0.4828,0.818914,2.976625,1,0,2.566,0.009970,0.13052,0.47324,0.017548,0,418.46,23.89,109.70,81.61,0.023892,0.028398,0.4110,4.313
0.05,ours_bptt,252,-0.4713,-0.6876,0.941623,2.989608,1,0,4.062,0.009986,-0.47930,-0.68157,0.010780,0,1598.14,44.95,651.41,113.94,0.044950,0.065808,1.9630,6.159
0.05,ours_bptt,253,0.0785,-0.2458,0.776270,2.961125,1,0,2.161,0.009967,0.07006,-0.24051,0.005162,0,591.82,17.62,157.57,125.13,0.017617,0.020528,0.2142,3.277
0.05,ours_bptt,254,0.1938,-0.0414,0.751889,2.948748,1,0,1.575,0.009943,0.18390,-0.04205,0.019837,0,207.14,3.99,12.67,87.91,0.003988,0.004760,0.0377,1.396
0.05,ours_bptt,255,0.2595,0.6392,0.828604,2.985698,1,0,2.706,0.009978,0.26459,0.63065,0.010746,0,210.61,28.44,54.83,29.14,0.028443,0.034699,0.6490,5.181
0.05,ours_bptt,256,-0.1225,-0.6050,0.887173,2.990368,1,0,3.865,0.009955,-0.13249,-0.60538,0.010748,0,1824.62,24.39,725.19,168.83,0.024386,0.032907,1.3114,5.070
0.05,ours_bptt,257,-0.2557,-0.7313,0.915672,2.992788,1,0,3.983,0.009986,-0.26532,-0.72862,0.010776,0,1655.11,30.57,678.17,126.46,0.030566,0.046443,1.6675,5.891
0.05,ours_bptt,258,0.9286,-0.2665,0.796973,2.987863,1,0,2.564,0.009929,0.91973,-0.26218,0.010765,0,231.98,11.86,25.53,81.57,0.011856,0.015547,1.1082,5.735
0.05,ours_bptt,259,-0.1529,0.2949,0.871622,2.963470,1,0,2.544,0.009964,-0.14460,0.28935,0.010833,0,679.06,20.02,187.24,137.28,0.020019,0.025756,0.4517,3.944
0.05,ours_bptt,260,-0.5134,-0.8404,0.945134,2.991910,1,0,4.126,0.009958,-0.52150,-0.83458,0.010771,0,1436.35,50.05,612.83,67.80,0.050054,0.074386,2.3636,7.005
0.05,ours_bptt,261,0.1135,0.7021,0.857980,2.987616,1,0,3.860,0.009972,0.10437,0.70612,0.010765,0,1697.78,25.20,693.76,136.23,0.025195,0.032064,1.3578,5.435
0.05,ours_bptt,262,0.1363,0.0233,0.751276,2.944181,1,0,1.309,0.009935,0.12637,0.02246,0.024415,0,240.78,2.97,35.84,82.33,0.002967,0.003458,0.0180,1.019
0.05,ours_bptt,263,0.6920,-0.4273,0.792821,2.984864,1,0,2.561,0.009913,0.68556,-0.41977,0.018280,0,184.10,19.35,48.99,28.55,0.019349,0.025074,0.7644,5.236
0.05,ours_bptt,264,0.2765,0.2692,0.765922,2.961396,1,0,2.212,0.009974,0.26744,0.26508,0.010755,0,409.38,16.37,106.49,85.92,0.016374,0.019982,0.1945,3.265
0.05,ours_bptt,265,0.2175,0.3285,0.776452,2.964708,1,0,2.306,0.009932,0.21050,0.32138,0.013146,0,466.03,19.05,126.27,92.46,0.019052,0.023077,0.2371,3.553
0.05,ours_bptt,266,0.5969,-0.4234,0.788743,2.982441,1,0,2.530,0.009962,0.59067,-0.41565,0.017687,0,153.95,19.65,59.10,3.14,0.019650,0.025280,0.6143,4.860
0.05,ours_bptt,267,0.0093,-0.2934,0.805691,2.970325,1,0,2.325,0.009936,0.00641,-0.28386,0.011658,0,651.14,18.84,182.39,129.04,0.018843,0.021331,0.2861,3.615
0.05,ours_bptt,268,-0.0703,-0.4002,0.853200,2.981206,1,0,2.590,0.009976,-0.06259,-0.39393,0.010703,0,544.96,22.03,139.70,116.25,0.022034,0.026059,0.4375,4.122
0.05,ours_bptt,269,-0.1298,0.8148,0.896668,2.988568,1,0,3.994,0.009969,-0.13971,0.81387,0.010795,0,1586.03,30.22,660.18,110.17,0.030223,0.041988,1.6859,6.124
0.05,ours_bptt,270,0.3659,0.1527,0.760064,2.961541,1,0,2.101,0.009917,0.35602,0.15194,0.002739,0,270.96,9.65,57.03,71.21,0.009649,0.011828,0.1641,2.748
0.05,ours_bptt,271,0.1731,0.7224,0.853037,2.988571,1,0,3.862,0.009996,0.16426,0.72712,0.010759,0,1661.30,25.55,685.95,125.55,0.025545,0.032708,1.3953,5.566
0.05,ours_bptt,272,-0.1537,-0.3882,0.881170,2.981682,1,0,3.724,0.009975,-0.16350,-0.38993,0.010730,0,2083.81,18.94,805.20,222.50,0.018943,0.025698,1.1120,4.796
0.05,ours_bptt,273,0.3157,0.8481,0.852917,2.992085,1,0,3.919,0.009953,0.30727,0.85345,0.010763,0,1498.32,28.55,652.73,75.02,0.028551,0.037336,1.6909,6.378
0.05,ours_bptt,274,-0.0314,-0.5603,0.863963,2.988509,1,0,3.802,0.009982,-0.04101,-0.56309,0.010724,0,1871.63,22.07,737.50,181.76,0.022074,0.027978,1.1886,4.819
0.05,ours_bptt,275,0.8578,-0.3810,0.797353,2.987581,1,0,2.586,0.009949,0.85018,-0.37469,0.018186,0,234.49,16.85,34.79,69.82,0.016848,0.022041,1.0372,5.774
0.05,ours_bptt,276,0.1279,-0.9419,0.880302,2.995627,1,0,3.980,0.009971,0.11828,-0.94435,0.010769,0,1467.04,31.74,644.50,65.21,0.031737,0.041318,1.8617,6.759
0.05,ours_bptt,277,0.3437,0.3660,0.777215,2.970083,1,0,2.392,0.009917,0.33721,0.35857,0.015389,0,353.39,19.20,98.93,63.37,0.019203,0.023920,0.3095,3.882
0.05,ours_bptt,278,0.4443,0.0492,0.764411,2.967135,1,0,2.119,0.009944,0.43439,0.04892,0.010625,0,148.74,2.99,16.75,55.38,0.002990,0.003689,0.2091,2.499
0.05,ours_bptt,279,0.5094,-0.5381,0.799780,2.984800,1,0,2.605,0.009995,0.50675,-0.52846,0.019295,0,158.91,24.27,60.09,1.16,0.024269,0.030915,0.6505,5.130
0.05,ours_bptt,280,0.6178,0.6921,0.817721,2.989683,1,0,2.720,0.009990,0.61790,0.68209,0.021379,0,217.17,29.35,33.93,52.64,0.029345,0.037559,1.0370,6.197
0.05,ours_bptt,281,-0.0121,0.1057,0.773934,2.944352,1,0,2.933,0.009989,-0.00712,0.09709,0.010786,0,1596.72,12.73,538.22,250.60,0.012732,0.014711,1.0043,4.450
0.05,ours_bptt,282,0.5679,0.2579,0.774380,2.975205,1,0,2.388,0.009957,0.55897,0.25348,0.010815,0,171.34,13.00,55.42,20.50,0.012998,0.016582,0.4315,4.001
0.05,ours_bptt,283,0.2760,0.1287,0.756681,2.955476,1,0,1.938,0.009938,0.26611,0.12966,0.004827,0,284.98,9.40,48.46,86.99,0.009395,0.011347,0.1028,2.361
0.05,ours_bptt,284,0.4500,0.3983,0.781344,2.975205,1,0,2.464,0.009964,0.44381,0.39050,0.016959,0,260.02,19.55,79.29,36.05,0.019553,0.024779,0.4181,4.280
0.05,ours_bptt,285,0.4344,0.0610,0.763735,2.966408,1,0,2.110,0.009963,0.42439,0.06070,0.010626,0,162.50,3.74,21.03,57.42,0.003739,0.004607,0.2006,2.508
0.05,ours_bptt,286,0.2625,-0.1936,0.759215,2.959174,1,0,2.055,0.009922,0.25258,-0.19300,0.000899,0,369.93,13.23,83.95,91.09,0.013234,0.016018,0.1370,2.794
0.05,ours_bptt,287,0.4951,-0.4703,0.792225,2.982093,1,0,2.542,0.009932,0.49071,-0.46136,0.017930,0,201.71,21.95,69.20,15.20,0.021950,0.027950,0.5460,4.763
0.05,ours_bptt,288,-0.0609,0.1904,0.816202,2.954710,1,0,2.216,0.009941,-0.06551,0.18162,0.008879,0,772.16,15.97,223.62,150.48,0.015972,0.017604,0.3623,3.580
0.05,ours_bptt,289,0.4627,-0.5742,0.804030,2.985483,1,0,2.635,0.009984,0.46176,-0.56430,0.019858,0,165.64,25.65,58.20,5.39,0.025648,0.032462,0.6563,5.185
0.05,ours_bptt,290,-0.2671,0.5113,0.911646,2.973489,1,0,3.881,0.010000,-0.27682,0.50904,0.010830,0,1908.69,25.81,750.92,184.07,0.025812,0.039221,1.3447,4.890
0.05,ours_bptt,291,-0.1914,0.4290,0.892857,2.970604,1,0,3.785,0.009953,-0.20137,0.42924,0.010837,0,2031.68,20.86,789.31,210.88,0.020857,0.029823,1.1717,4.722
0.05,ours_bptt,292,0.3585,0.0772,0.759424,2.961081,1,0,2.004,0.009950,0.34858,0.07737,0.002585,0,207.88,5.18,28.14,71.92,0.005176,0.006308,0.1358,2.261
0.05,ours_bptt,293,0.0225,0.1187,0.764283,2.943397,1,0,2.832,0.009992,0.02869,0.11093,0.010790,0,1773.29,12.97,640.57,236.35,0.012968,0.015160,0.8897,4.486
0.05,ours_bptt,294,0.4545,0.0289,0.765259,2.967972,1,0,2.127,0.009912,0.44458,0.02872,0.010623,0,128.57,1.74,9.72,53.26,0.001742,0.002152,0.2177,2.457
0.05,ours_bptt,295,-0.0097,-0.2389,0.800521,2.965579,1,0,2.234,0.009941,-0.01500,-0.23049,0.010764,0,694.39,17.44,195.31,138.81,0.017435,0.019530,0.2907,3.500
0.05,ours_bptt,296,-0.0414,-0.4969,0.858223,2.985922,1,0,3.758,0.009955,-0.05075,-0.50027,0.010715,0,1941.64,20.38,756.92,198.61,0.020376,0.025595,1.1215,4.845
0.05,ours_bptt,297,-0.4635,-0.8276,0.941075,2.992352,1,0,4.101,0.009989,-0.47191,-0.82223,0.010777,0,1474.35,45.69,624.97,77.94,0.045692,0.068775,2.2242,6.816
0.05,ours_bptt,298,-0.1078,-0.2116,0.845741,2.968721,1,0,2.337,0.009929,-0.10649,-0.20177,0.011548,0,795.03,16.83,235.45,149.45,0.016827,0.019539,0.4026,3.755
0.05,ours_bptt,299,0.1967,0.7699,0.856545,2.990021,1,0,3.885,0.009998,0.18789,0.77456,0.010761,0,1611.64,26.78,675.81,109.92,0.026779,0.034453,1.4876,5.839
0.05,lyap1,0,-0.4828,-0.7608,0.800000,1.700000,1,0,3.371,0.009903,-0.48383,-0.75092,0.018724,0,439.59,32.22,173.88,21.75,0.032224,0.039521,1.1173,5.663
0.05,lyap1,1,0.3886,-0.1909,0.800000,1.700000,1,0,2.122,0.009975,0.37859,-0.19130,0.018725,0,234.01,19.35,41.89,60.60,0.019352,0.023752,0.2128,2.932
0.05,lyap1,2,0.1373,-0.1241,0.800000,1.700000,1,0,1.670,0.009959,0.13219,-0.11550,0.018724,0,567.25,20.35,166.48,101.88,0.020351,0.022908,0.0685,1.997
0.05,lyap1,3,0.5235,0.3075,0.800000,1.700000,1,0,2.387,0.009933,0.51387,0.31005,0.018724,0,102.17,26.51,5.00,26.21,0.026508,0.033661,0.4206,3.919
0.05,lyap1,4,0.3315,0.9345,0.800000,1.700000,1,0,3.074,0.009975,0.32214,0.93089,0.018723,0,346.88,52.00,94.83,39.61,0.052000,0.070162,1.0942,6.087
0.05,lyap1,5,0.3231,-0.0585,0.800000,1.700000,1,0,1.851,0.009916,0.31320,-0.05744,0.018725,0,216.20,7.02,32.76,70.08,0.007016,0.008294,0.1174,2.008
0.05,lyap1,6,-0.0850,0.5502,0.800000,1.700000,1,0,2.987,0.009985,-0.09423,0.54641,0.018723,0,514.59,26.27,134.10,103.49,0.026271,0.032107,0.4205,3.990
0.05,lyap1,7,-0.0720,-0.5823,0.800000,1.700000,1,0,3.002,0.009989,-0.08112,-0.57823,0.018723,0,494.45,27.84,131.78,94.57,0.027843,0.034296,0.4530,4.134
0.05,lyap1,8,0.3960,-0.5209,0.800000,1.700000,1,0,2.680,0.009990,0.38671,-0.52461,0.018724,0,234.18,39.24,48.70,38.96,0.039239,0.051066,0.4866,4.347
0.05,lyap1,9,0.3685,0.3828,0.800000,1.700000,1,0,2.479,0.009982,0.35947,0.38708,0.018724,0,195.49,32.66,11.40,61.85,0.032660,0.041548,0.3283,3.696
0.05,lyap1,10,0.1283,0.2512,0.800000,1.700000,0,0,30.000,0.018725,0.12384,0.23300,0.018725,0,3154.17,13.19,573.21,993.98,0.013194,0.015837,5.3566,3.040
0.05,lyap1,11,0.2440,0.2446,0.800000,1.700000,1,0,2.156,0.009958,0.23401,0.24505,0.018725,0,357.04,26.12,64.52,94.41,0.026118,0.031891,0.1541,2.777
0.05,lyap1,12,0.6768,0.6211,0.800000,1.700000,1,0,2.763,0.009949,0.66711,0.62344,0.018723,0,251.59,43.71,47.84,45.17,0.043711,0.058129,0.9556,5.643
0.05,lyap1,13,0.7407,-0.0375,0.800000,1.700000,1,0,2.359,0.009898,0.73080,-0.03771,0.018725,0,53.65,3.15,0.79,23.67,0.003147,0.004014,0.6507,4.111
0.05,lyap1,14,0.1895,0.9012,0.800000,1.700000,1,0,3.100,0.009965,0.18068,0.89655,0.018723,0,305.86,47.01,105.36,12.31,0.047009,0.062549,0.9572,5.756
0.05,lyap1,15,0.3282,0.2784,0.800000,1.700000,1,0,2.261,0.009950,0.31845,0.28057,0.018725,0,258.28,26.98,33.58,75.33,0.026980,0.033495,0.2190,3.134
0.05,lyap1,16,0.4229,-0.6724,0.800000,1.700000,1,0,2.836,0.009999,0.41296,-0.67370,0.018723,0,218.25,45.48,69.41,5.60,0.045476,0.060290,0.7056,5.062
0.05,lyap1,17,-0.0535,-0.6259,0.800000,1.700000,1,0,3.023,0.009950,-0.06244,-0.62151,0.018723,0,467.70,29.96,129.12,82.26,0.029959,0.037280,0.5020,4.333
0.05,lyap1,18,0.5135,-0.1699,0.800000,1.700000,1,0,2.215,0.009930,0.50366,-0.17084,0.018725,0,126.78,15.85,19.33,32.17,0.015853,0.019765,0.3342,3.358
0.05,lyap1,19,-0.1027,-0.2139,0.800000,1.700000,0,0,30.000,0.018724,-0.08563,-0.20615,0.018724,0,3450.64,12.44,721.83,994.16,0.012441,0.014021,5.3529,2.911
0.05,lyap1,20,0.5724,0.0126,0.800000,1.700000,1,0,2.195,0.009971,0.56248,0.01262,0.018725,0,42.85,1.16,1.46,19.09,0.001165,0.001452,0.3797,3.120
0.05,lyap1,21,-0.2534,-0.7892,0.800000,1.700000,1,0,3.251,0.009998,-0.25821,-0.78047,0.018723,0,412.05,25.09,152.24,34.96,0.025086,0.030396,0.8831,5.338
0.05,lyap1,22,0.1756,0.0811,0.800000,1.700000,1,0,1.566,0.009952,0.16836,0.07429,0.018724,0,418.73,13.28,110.75,88.66,0.013276,0.014828,0.0493,1.669
0.05,lyap1,23,-0.1826,-0.5070,0.800000,1.700000,1,0,3.033,0.009948,-0.19091,-0.50147,0.018723,0,568.07,19.65,155.10,114.20,0.019648,0.023241,0.4289,3.899
0.05,lyap1,24,0.5281,0.1638,0.800000,1.700000,1,0,2.223,0.009923,0.51823,0.16474,0.018725,0,115.10,15.17,17.40,28.77,0.015174,0.018945,0.3500,3.402
0.05,lyap1,25,0.2533,-0.1131,0.800000,1.700000,1,0,1.802,0.009945,0.24397,-0.10967,0.018725,0,353.12,14.68,82.63,82.92,0.014683,0.017130,0.0895,2.075
0.05,lyap1,26,-0.0698,0.1000,0.800000,1.700000,0,0,30.000,0.018725,-0.05595,0.08731,0.018725,0,3147.53,12.24,569.97,994.62,0.012238,0.013733,5.4256,3.007
0.05,lyap1,27,0.3040,0.0277,0.800000,1.700000,1,0,1.792,0.009905,0.29413,0.02693,0.018725,0,186.27,3.47,18.30,72.23,0.003466,0.004055,0.0995,1.742
0.05,lyap1,28,0.2958,-0.8584,0.800000,1.700000,1,0,3.031,0.009940,0.28627,-0.85557,0.018723,0,292.49,49.09,94.75,14.68,0.049089,0.065766,0.9209,5.667
0.05,lyap1,29,0.3034,0.1431,0.800000,1.700000,1,0,1.940,0.009967,0.29363,0.14139,0.018725,0,312.41,16.58,67.35,76.43,0.016581,0.019815,0.1287,2.402
0.05,lyap1,30,-0.0517,-0.6699,0.800000,1.700000,1,0,3.055,0.009928,-0.06034,-0.66497,0.018723,0,445.88,31.18,129.35,70.21,0.031177,0.038918,0.5630,4.547
0.05,lyap1,31,0.5492,0.3284,0.800000,1.700000,1,0,2.425,0.009952,0.53959,0.33109,0.018724,0,79.48,27.68,0.44,18.54,0.027679,0.035325,0.4676,4.097
0.05,lyap1,32,-0.2470,-0.5392,0.800000,1.700000,1,0,3.105,0.009940,-0.25386,-0.53198,0.018723,0,563.85,18.54,165.46,102.55,0.018543,0.022283,0.5148,4.149
0.05,lyap1,33,0.0352,0.9500,0.800000,1.700000,1,0,3.196,0.009927,0.02800,0.94315,0.018723,0,328.59,42.12,119.59,13.12,0.042122,0.054655,1.0445,5.939
0.05,lyap1,34,0.0707,-0.1224,0.800000,1.700000,1,0,1.674,0.009978,0.07074,-0.11242,0.018724,0,721.51,23.58,225.69,117.38,0.023578,0.026251,0.0881,2.102
0.05,lyap1,35,0.4590,0.2294,0.800000,1.700000,1,0,2.240,0.009979,0.44908,0.23087,0.018725,0,170.25,21.49,24.63,44.38,0.021489,0.026801,0.2995,3.363
0.05,lyap1,36,-0.1107,0.4644,0.800000,1.700000,1,0,2.944,0.009964,-0.12036,0.46198,0.018723,0,568.60,22.40,140.87,126.63,0.022398,0.026857,0.3466,3.619
0.05,lyap1,37,0.1172,0.8775,0.800000,1.700000,1,0,3.114,0.009914,0.10870,0.87231,0.018723,0,292.15,43.79,111.67,1.56,0.043793,0.057622,0.8959,5.590
0.05,lyap1,38,-0.1887,-0.6828,0.800000,1.700000,1,0,3.152,0.009914,-0.19531,-0.67543,0.018723,0,470.11,24.59,149.44,67.17,0.024592,0.029424,0.6562,4.731
0.05,lyap1,39,0.8660,-0.0873,0.800000,1.700000,1,0,2.462,0.009903,0.85612,-0.08787,0.018724,0,129.57,6.93,1.22,58.37,0.006930,0.008967,0.9048,4.903
0.05,lyap1,40,0.3463,-0.5640,0.800000,1.700000,1,0,2.746,0.009995,0.33680,-0.56700,0.018724,0,271.20,40.75,62.11,42.93,0.040751,0.053250,0.4983,4.408
0.05,lyap1,41,0.1016,-0.3385,0.800000,1.700000,0,0,30.000,0.018724,0.10860,-0.32113,0.018724,0,3436.28,13.63,714.25,993.67,0.013629,0.016896,5.3558,3.024
0.05,lyap1,42,-0.2362,-0.3342,0.800000,1.700000,1,0,2.973,0.009999,-0.24513,-0.32978,0.018723,0,691.06,13.65,182.44,152.85,0.013655,0.016574,0.3430,3.282
0.05,lyap1,43,0.8826,0.0070,0.800000,1.700000,1,0,2.464,0.009955,0.87261,0.00707,0.018724,0,125.89,0.56,0.10,62.43,0.000556,0.000720,0.9327,4.834
0.05,lyap1,44,0.1563,-0.4355,0.800000,1.700000,0,0,30.000,0.018724,0.16705,-0.42019,0.018724,0,3616.62,14.11,804.56,993.17,0.014109,0.018298,5.4109,3.500
0.05,lyap1,45,0.0602,0.2535,0.800000,1.700000,0,0,30.000,0.018725,0.06315,0.23506,0.018725,0,3257.55,13.22,624.80,994.07,0.013215,0.015817,5.3456,2.984
0.05,lyap1,46,0.3509,-0.8008,0.800000,1.700000,1,0,2.968,0.010000,0.34102,-0.79941,0.018723,0,265.10,48.71,86.80,9.22,0.048711,0.065173,0.8522,5.485
0.05,lyap1,47,-0.1504,-0.4231,0.800000,1.700000,1,0,2.949,0.009989,-0.16001,-0.42032,0.018723,0,606.51,18.81,152.28,136.87,0.018815,0.022106,0.3350,3.486
0.05,lyap1,48,0.3656,-0.0779,0.800000,1.700000,1,0,1.942,0.009969,0.35569,-0.07725,0.018725,0,203.64,8.71,32.02,63.27,0.008709,0.010451,0.1548,2.303
0.05,lyap1,49,-0.2992,-0.4212,0.800000,1.700000,1,0,3.078,0.009997,-0.30574,-0.41365,0.018723,0,647.81,17.60,184.40,126.31,0.017602,0.021569,0.4507,3.755
0.05,lyap1,50,0.7379,0.3254,0.800000,1.700000,1,0,2.508,0.009924,0.72819,0.32764,0.018724,0,119.80,25.71,9.18,31.43,0.025713,0.033319,0.7561,4.894
0.05,lyap1,51,0.2430,0.2287,0.800000,1.700000,1,0,2.107,0.009969,0.23301,0.22834,0.018725,0,372.74,25.12,73.90,93.63,0.025123,0.030509,0.1435,2.698
0.05,lyap1,52,-0.0147,-0.5282,0.800000,1.700000,1,0,2.917,0.009991,-0.02458,-0.52696,0.018723,0,495.72,29.53,119.37,106.34,0.029525,0.037042,0.3734,3.852
0.05,lyap1,53,0.0787,0.1072,0.800000,1.700000,1,0,1.580,0.009982,0.08001,0.09729,0.018724,0,705.66,21.87,225.43,111.00,0.021866,0.024140,0.0764,1.992
0.05,lyap1,54,-0.1562,0.9648,0.800000,1.700000,1,0,3.292,0.009935,-0.16110,0.95616,0.018723,0,348.28,33.89,135.84,12.88,0.033895,0.041627,1.1508,6.103
0.05,lyap1,55,-0.1446,-0.2073,0.800000,1.700000,0,0,30.000,0.018724,-0.12609,-0.20422,0.018724,0,3513.06,12.16,753.31,994.10,0.012162,0.013635,5.3634,2.920
0.05,lyap1,56,0.7844,0.3256,0.800000,1.700000,1,0,2.530,0.009941,0.77468,0.32774,0.018724,0,147.91,25.36,10.72,44.22,0.025357,0.032981,0.8425,5.109
0.05,lyap1,57,0.2535,-0.6401,0.800000,1.700000,1,0,2.861,0.009997,0.24350,-0.64075,0.018723,0,319.86,42.00,83.32,45.12,0.041996,0.055140,0.5410,4.570
0.05,lyap1,58,0.3038,-0.4120,0.800000,1.700000,1,0,2.565,0.009992,0.29582,-0.41806,0.018724,0,273.84,34.13,34.14,77.19,0.034130,0.043608,0.3146,3.653
0.05,lyap1,59,0.7189,-0.3583,0.800000,1.700000,1,0,2.527,0.009996,0.70921,-0.36075,0.018724,0,123.18,28.14,12.05,28.43,0.028143,0.036521,0.7468,4.913
0.05,lyap1,60,0.1800,0.0264,0.800000,1.700000,1,0,1.454,0.009943,0.17055,0.02329,0.018724,0,250.40,4.55,40.24,81.55,0.004545,0.005025,0.0326,1.160
0.05,lyap1,61,-0.4251,0.6545,0.800000,1.700000,1,0,3.291,0.009950,-0.42763,0.64487,0.018723,0,510.38,27.54,178.64,55.89,0.027536,0.033802,0.8671,5.045
0.05,lyap1,62,0.5324,0.0722,0.800000,1.700000,1,0,2.165,0.009904,0.52253,0.07251,0.018725,0,87.75,6.85,10.30,28.44,0.006850,0.008501,0.3317,3.096
0.05,lyap1,63,-0.1463,-0.2830,0.800000,1.700000,0,0,30.000,0.018724,-0.12759,-0.28182,0.018724,0,3663.15,12.44,828.43,993.82,0.012436,0.014024,5.3648,2.978
0.05,lyap1,64,0.5285,0.0914,0.800000,1.700000,1,0,2.170,0.009900,0.51857,0.09181,0.018725,0,97.20,8.66,12.82,29.28,0.008664,0.010756,0.3301,3.142
0.05,lyap1,65,0.2105,0.2530,0.800000,1.700000,1,0,2.187,0.009971,0.20061,0.25399,0.018725,0,373.97,27.11,63.53,103.12,0.027108,0.033121,0.1502,2.759
0.05,lyap1,66,-0.2321,0.7541,0.800000,1.700000,1,0,3.220,0.009959,-0.23751,0.74574,0.018723,0,432.15,24.70,151.74,45.81,0.024700,0.029908,0.8039,5.136
0.05,lyap1,67,0.1052,0.6538,0.800000,1.700000,1,0,2.947,0.009995,0.09540,0.65201,0.018723,0,391.83,37.98,104.60,62.83,0.037983,0.049280,0.5189,4.476
0.05,lyap1,68,0.5076,0.3617,0.800000,1.700000,1,0,2.455,0.009981,0.49816,0.36481,0.018724,0,110.24,30.29,5.07,27.33,0.030293,0.038714,0.4426,4.064
0.05,lyap1,69,-0.0513,0.1705,0.800000,1.700000,0,0,30.000,0.018725,-0.03949,0.15598,0.018725,0,3258.01,12.61,625.15,994.40,0.012606,0.014369,5.3666,2.945
0.05,lyap1,70,-0.0982,0.3380,0.800000,1.700000,0,0,30.000,0.018724,-0.07984,0.33422,0.018724,0,3695.95,12.90,844.62,993.68,0.012902,0.014864,5.3623,3.072
0.05,lyap1,71,-0.2987,-0.5024,0.800000,1.700000,1,0,3.124,0.009951,-0.30477,-0.49443,0.018723,0,596.44,18.65,176.81,107.42,0.018654,0.022592,0.5248,4.090
0.05,lyap1,72,-0.1503,0.3616,0.800000,1.700000,0,0,30.000,0.018723,-0.13168,0.36332,0.018723,0,3813.26,12.70,903.61,993.50,0.012698,0.014456,5.3881,3.232
0.05,lyap1,73,-0.1360,0.7558,0.800000,1.700000,1,0,3.164,0.009945,-0.14287,0.74853,0.018723,0,419.39,29.20,140.20,47.60,0.029204,0.035520,0.7370,5.031
0.05,lyap1,74,0.2863,-0.1810,0.800000,1.700000,1,0,2.003,0.009990,0.27641,-0.17953,0.018725,0,342.45,20.49,74.28,81.57,0.020489,0.024654,0.1359,2.554
0.05,lyap1,75,0.2629,0.0381,0.800000,1.700000,1,0,1.705,0.009959,0.25307,0.03649,0.018724,0,227.85,5.19,32.67,77.37,0.005186,0.005959,0.0742,1.610
0.05,lyap1,76,-0.0879,0.1908,0.800000,1.700000,0,0,30.000,0.018724,-0.07208,0.18078,0.018724,0,3374.51,12.45,683.64,994.27,0.012451,0.014048,5.3558,2.906
0.05,lyap1,77,0.1878,-0.1637,0.800000,1.700000,1,0,1.865,0.009946,0.17922,-0.15865,0.018725,0,480.88,21.80,125.11,98.98,0.021798,0.025512,0.0909,2.265
0.05,lyap1,78,0.3960,0.0616,0.800000,1.700000,1,0,1.978,0.009938,0.38607,0.06128,0.018725,0,168.23,6.67,21.64,57.47,0.006668,0.008052,0.1788,2.368
0.05,lyap1,79,0.1499,0.3328,0.800000,1.700000,0,0,30.000,0.018724,0.15279,0.31428,0.018724,0,3375.87,13.63,684.09,993.62,0.013633,0.016955,5.3657,3.040
0.05,lyap1,80,0.4252,0.0139,0.800000,1.700000,1,0,2.005,0.009967,0.41519,0.01383,0.018725,0,113.87,1.46,4.27,51.57,0.001464,0.001776,0.2027,2.315
0.05,lyap1,81,-0.1576,0.2546,0.800000,1.700000,0,0,30.000,0.018724,-0.13889,0.25386,0.018724,0,3627.99,12.27,810.88,993.91,0.012270,0.013804,5.3659,2.963
0.05,lyap1,82,-0.0686,-0.8309,0.800000,1.700000,1,0,3.173,0.009934,-0.07564,-0.82394,0.018723,0,364.42,34.46,130.88,25.48,0.034461,0.043135,0.8357,5.359
0.05,lyap1,83,0.4444,-0.8902,0.800000,1.700000,1,0,3.012,0.009969,0.43466,-0.88825,0.018723,0,343.48,53.03,84.96,47.01,0.053032,0.071721,1.0989,6.084
0.05,lyap1,84,0.2393,0.0573,0.800000,1.700000,1,0,1.669,0.009968,0.22974,0.05431,0.018724,0,284.28,8.14,55.41,80.62,0.008144,0.009283,0.0651,1.648
0.05,lyap1,85,-0.0699,0.1952,0.800000,1.700000,0,0,30.000,0.018724,-0.05544,0.18326,0.018724,0,3350.11,12.58,671.34,994.28,0.012580,0.014292,5.3534,2.915
0.05,lyap1,86,0.7095,0.5152,0.800000,1.700000,1,0,2.670,0.009937,0.69992,0.51801,0.018724,0,202.87,37.94,33.12,39.86,0.037937,0.049987,0.8791,5.393
0.05,lyap1,87,-0.0494,-0.2016,0.800000,1.700000,0,0,30.000,0.018724,-0.03676,-0.18780,0.018724,0,3325.20,12.72,658.78,994.28,0.012719,0.014582,5.3514,2.927
0.05,lyap1,88,0.0267,0.5306,0.800000,1.700000,1,0,2.890,0.009965,0.01670,0.53049,0.018723,0,475.60,31.63,111.39,102.69,0.031628,0.040135,0.3687,3.859
0.05,lyap1,89,0.5313,0.5599,0.800000,1.700000,1,0,2.705,0.009954,0.52186,0.56294,0.018724,0,154.02,41.04,45.89,0.33,0.041043,0.053927,0.6715,4.909
0.05,lyap1,90,-0.0457,0.0894,0.800000,1.700000,1,0,1.961,0.009972,-0.04270,0.07986,0.018725,0,762.24,19.21,207.12,159.59,0.019208,0.021910,0.1792,2.460
0.05,lyap1,91,-0.3348,-0.7215,0.800000,1.700000,1,0,3.265,0.009996,-0.33868,-0.71227,0.018723,0,461.08,23.66,164.71,48.08,0.023657,0.028426,0.8536,5.153
0.05,lyap1,92,-0.2539,0.6200,0.800000,1.700000,1,0,3.158,0.009959,-0.26000,0.61205,0.018723,0,516.31,20.59,161.58,81.14,0.020586,0.024762,0.6209,4.530
0.05,lyap1,93,0.1010,0.2482,0.800000,1.700000,0,0,30.000,0.018725,0.09884,0.22959,0.018725,0,3179.00,13.19,585.57,994.04,0.013193,0.015814,5.3524,3.022
0.05,lyap1,94,0.8495,0.4720,0.800000,1.700000,1,0,2.665,0.009980,0.83979,0.47438,0.018724,0,252.38,34.47,26.84,73.50,0.034470,0.045580,1.0975,5.844
0.05,lyap1,95,0.1372,0.4237,0.800000,1.700000,0,0,30.000,0.018724,0.14812,0.40849,0.018724,0,3605.10,14.03,798.77,993.25,0.014034,0.018058,5.3983,3.427
0.05,lyap1,96,0.4789,0.8183,0.800000,1.700000,1,0,2.950,0.009958,0.46897,0.81772,0.018723,0,307.19,51.19,78.35,36.85,0.051194,0.068924,0.9995,5.838
0.05,lyap1,97,-0.0656,0.3396,0.800000,1.700000,0,0,30.000,0.018724,-0.04810,0.33294,0.018724,0,3652.89,13.09,822.93,993.70,0.013085,0.015299,5.3555,3.047
0.05,lyap1,98,0.6043,0.2287,0.800000,1.700000,1,0,2.345,0.009980,0.59442,0.23036,0.018725,0,61.34,19.77,7.48,8.37,0.019767,0.025069,0.4813,3.977
0.05,lyap1,99,-0.0616,-0.5886,0.800000,1.700000,1,0,3.000,0.009951,-0.07075,-0.58468,0.018723,0,488.24,28.56,130.08,92.62,0.028565,0.035353,0.4568,4.157
0.05,lyap1,100,0.6577,0.3184,0.800000,1.700000,1,0,2.463,0.009956,0.64804,0.32079,0.018724,0,67.70,25.92,4.95,9.46,0.025925,0.033349,0.6159,4.515
0.05,lyap1,101,0.7053,0.3527,0.800000,1.700000,1,0,2.517,0.009933,0.69571,0.35516,0.018724,0,112.58,27.87,11.09,24.30,0.027869,0.036112,0.7192,4.835
0.05,lyap1,102,-0.2611,-0.8069,0.800000,1.700000,1,0,3.265,0.009956,-0.26567,-0.79808,0.018723,0,401.73,25.41,152.16,29.65,0.025406,0.030775,0.9217,5.437
0.05,lyap1,103,-0.2565,-0.5607,0.800000,1.700000,1,0,3.125,0.009958,-0.26302,-0.55313,0.018723,0,552.60,19.07,165.61,96.39,0.019073,0.022905,0.5483,4.263
0.05,lyap1,104,-0.0062,-0.2025,0.800000,1.700000,0,0,30.000,0.018725,0.00101,-0.18522,0.018725,0,3239.06,12.90,615.55,994.30,0.012902,0.015027,5.3548,2.970
0.05,lyap1,105,0.1683,-0.1221,0.800000,1.700000,1,0,1.694,0.009937,0.16143,-0.11491,0.018724,0,501.14,18.71,140.21,96.33,0.018706,0.021223,0.0679,1.984
0.05,lyap1,106,0.1073,0.7657,0.800000,1.700000,1,0,3.037,0.009995,0.09811,0.76187,0.018723,0,346.68,40.76,109.70,33.07,0.040764,0.053257,0.6920,5.026
0.05,lyap1,107,0.2607,-0.0935,0.800000,1.700000,1,0,1.776,0.009938,0.25125,-0.09044,0.018725,0,320.68,12.24,70.67,80.49,0.012242,0.014232,0.0864,1.972
0.05,lyap1,108,0.2814,0.9272,0.800000,1.700000,1,0,3.085,0.009956,0.27226,0.92321,0.018723,0,333.85,50.49,98.44,30.62,0.050495,0.067870,1.0486,5.982
0.05,lyap1,109,0.5130,0.7951,0.800000,1.700000,1,0,2.925,0.009953,0.50302,0.79501,0.018723,0,302.17,50.73,74.39,38.65,0.050728,0.068232,0.9967,5.823
0.05,lyap1,110,0.4870,-0.3349,0.800000,1.700000,1,0,2.411,0.009949,0.47751,-0.33785,0.018724,0,115.39,28.77,1.91,34.21,0.028767,0.036564,0.3983,3.886
0.05,lyap1,111,0.2839,0.6459,0.800000,1.700000,1,0,2.855,0.009953,0.27396,0.64681,0.018723,0,302.31,42.76,80.54,38.55,0.042758,0.056257,0.5648,4.648
0.05,lyap1,112,0.3172,0.1950,0.800000,1.700000,1,0,2.064,0.009968,0.30722,0.19454,0.018725,0,306.28,21.01,61.45,75.94,0.021010,0.025518,0.1613,2.713
0.05,lyap1,113,0.3999,-0.0481,0.800000,1.700000,1,0,1.976,0.009985,0.38989,-0.04780,0.018725,0,154.66,5.20,16.85,56.58,0.005198,0.006276,0.1806,2.327
0.05,lyap1,114,0.0845,-0.3381,0.800000,1.700000,0,0,30.000,0.018724,0.09272,-0.32126,0.018724,0,3453.80,13.61,723.00,993.69,0.013605,0.016812,5.3528,3.012
0.05,lyap1,115,0.2833,0.3617,0.800000,1.700000,1,0,2.480,0.009998,0.27549,0.36791,0.018724,0,253.46,31.80,15.90,86.98,0.031802,0.040220,0.2614,3.389
0.05,lyap1,116,-0.0960,-0.1708,0.800000,1.700000,0,0,30.000,0.018724,-0.07984,-0.16141,0.018724,0,3347.31,12.32,670.08,994.33,0.012324,0.013838,5.3634,2.901
0.05,lyap1,117,0.1426,0.0149,0.800000,1.700000,1,0,1.292,0.009924,0.13314,0.01205,0.018724,0,220.80,2.98,29.33,78.84,0.002979,0.003258,0.0185,0.883
0.05,lyap1,118,0.2298,-0.1089,0.800000,1.700000,1,0,1.751,0.009970,0.22084,-0.10456,0.018725,0,381.25,14.91,93.56,85.88,0.014912,0.017206,0.0777,1.986
0.05,lyap1,119,0.3467,0.6367,0.800000,1.700000,1,0,2.823,0.009978,0.33686,0.63831,0.018723,0,267.07,43.41,72.44,28.54,0.043408,0.057195,0.5923,4.729
0.05,lyap1,120,0.1427,0.1849,0.800000,1.700000,1,0,1.937,0.009987,0.13424,0.17955,0.018725,0,534.88,24.68,137.43,111.50,0.024681,0.029051,0.0992,2.356
0.05,lyap1,121,0.9039,0.2691,0.800000,1.700000,1,0,2.554,0.009934,0.89405,0.27075,0.018724,0,199.03,20.51,9.60,74.53,0.020514,0.026834,1.0548,5.530
0.05,lyap1,122,0.6186,-0.7694,0.800000,1.700000,1,0,2.890,0.009952,0.60868,-0.77011,0.018723,0,320.46,50.38,65.97,56.47,0.050384,0.067821,1.0911,6.018
0.05,lyap1,123,0.1330,0.4410,0.800000,1.700000,0,0,30.000,0.018724,0.14520,0.42675,0.018724,0,3645.73,14.10,819.11,993.18,0.014098,0.018238,5.4074,3.500
0.05,lyap1,124,0.3040,-0.5997,0.800000,1.700000,1,0,2.800,0.009997,0.29423,-0.60173,0.018723,0,296.48,41.58,72.40,44.66,0.041582,0.054485,0.5147,4.475
0.05,lyap1,125,0.8777,-0.3398,0.800000,1.700000,1,0,2.582,0.009986,0.86791,-0.34176,0.018724,0,209.12,25.66,14.23,71.09,0.025659,0.033646,1.0427,5.590
0.05,lyap1,126,0.4647,-0.7285,0.800000,1.700000,1,0,2.878,0.009992,0.45474,-0.72917,0.018723,0,245.06,47.90,71.96,14.64,0.047901,0.063943,0.8325,5.410
0.05,lyap1,127,-0.1434,-0.2996,0.800000,1.700000,0,0,30.000,0.018724,-0.12469,-0.29864,0.018724,0,3689.98,12.51,841.84,993.76,0.012513,0.014142,5.3667,2.989
0.05,lyap1,128,0.7348,0.4244,0.800000,1.700000,1,0,2.592,0.009996,0.72520,0.42708,0.018724,0,165.39,32.33,20.65,37.80,0.032334,0.042276,0.8308,5.195
0.05,lyap1,129,-0.1202,-0.4211,0.800000,1.700000,1,0,2.924,0.009991,-0.13007,-0.41990,0.018723,0,599.32,20.55,146.01,138.23,0.020552,0.024427,0.3182,3.439
0.05,lyap1,130,0.0262,0.7331,0.800000,1.700000,1,0,3.055,0.009967,0.01735,0.72854,0.018723,0,390.25,36.53,119.03,48.71,0.036526,0.046860,0.6407,4.843
0.05,lyap1,131,0.1806,-0.8313,0.800000,1.700000,1,0,3.054,0.009939,0.17141,-0.82750,0.018723,0,291.30,45.01,104.23,7.67,0.045010,0.059608,0.8205,5.401
0.05,lyap1,132,0.0616,0.4904,0.800000,1.700000,1,0,2.838,0.009994,0.05209,0.49342,0.018723,0,480.23,32.10,105.67,110.37,0.032096,0.040910,0.3273,3.679
0.05,lyap1,133,0.3828,0.6743,0.800000,1.700000,1,0,2.849,0.009954,0.37292,0.67543,0.018723,0,241.47,45.14,73.37,13.51,0.045138,0.059782,0.6734,4.975
0.05,lyap1,134,0.6240,-0.1220,0.800000,1.700000,1,0,2.282,0.009989,0.61406,-0.12279,0.018725,0,42.56,10.79,7.53,5.66,0.010789,0.013602,0.4704,3.723
0.05,lyap1,135,0.7082,-0.4265,0.800000,1.700000,1,0,2.586,0.009991,0.69858,-0.42926,0.018724,0,151.82,32.67,20.66,30.74,0.032669,0.042650,0.7864,5.088
0.05,lyap1,136,0.3059,-0.0613,0.800000,1.700000,1,0,1.820,0.009957,0.29603,-0.05991,0.018725,0,232.92,7.56,38.11,72.68,0.007561,0.008886,0.1057,1.947
0.05,lyap1,137,0.3815,0.8201,0.800000,1.700000,1,0,2.975,0.009961,0.37161,0.81870,0.018723,0,284.18,49.84,85.64,19.07,0.049841,0.066880,0.9103,5.633
0.05,lyap1,138,-0.4068,-0.7436,0.800000,1.700000,1,0,3.319,0.009974,-0.40925,-0.73398,0.018723,0,449.99,26.80,169.68,35.22,0.026798,0.032709,0.9789,5.406
0.05,lyap1,139,0.2478,-0.2333,0.800000,1.700000,1,0,2.122,0.009967,0.23786,-0.23316,0.018725,0,364.00,25.33,70.19,92.81,0.025328,0.030821,0.1481,2.730
0.05,lyap1,140,0.6772,0.6933,0.800000,1.700000,1,0,2.825,0.009937,0.66742,0.69503,0.018723,0,295.93,47.16,55.94,56.65,0.047164,0.063161,1.0595,5.914
0.05,lyap1,141,0.0428,-0.2079,0.800000,1.700000,0,0,30.000,0.018725,0.04310,-0.18916,0.018725,0,3148.68,13.00,570.33,994.26,0.012998,0.015312,5.3583,3.023
0.05,lyap1,142,0.6916,-0.1596,0.800000,1.700000,1,0,2.360,0.009923,0.68171,-0.16070,0.018725,0,52.24,13.50,3.58,12.41,0.013503,0.017201,0.5898,4.175
0.05,lyap1,143,0.3035,0.5051,0.800000,1.700000,1,0,2.695,0.009980,0.29455,0.50943,0.018724,0,298.94,38.10,57.73,63.17,0.038097,0.049357,0.4042,4.056
0.05,lyap1,144,0.1292,-0.1752,0.800000,1.700000,1,0,1.898,0.009974,0.12156,-0.16881,0.018725,0,564.94,24.51,150.97,113.12,0.024509,0.028622,0.0947,2.305
0.05,lyap1,145,0.4745,0.7177,0.800000,1.700000,1,0,2.867,0.009957,0.46460,0.71857,0.018723,0,240.85,47.57,70.32,14.42,0.047573,0.063462,0.8257,5.389
0.05,lyap1,146,0.3993,0.8983,0.800000,1.700000,1,0,3.029,0.009982,0.38967,0.89584,0.018723,0,337.92,52.48,88.45,41.15,0.052484,0.070892,1.0733,6.031
0.05,lyap1,147,-0.1444,0.3214,0.800000,1.700000,0,0,30.000,0.018723,-0.12572,0.32124,0.018723,0,3732.21,12.59,862.99,993.68,0.012586,0.014262,5.3722,3.068
0.05,lyap1,148,0.0548,-0.4646,0.800000,1.700000,0,0,30.000,0.018724,0.07120,-0.45562,0.018724,0,3762.45,14.00,877.58,993.15,0.013996,0.017819,5.4098,3.559
0.05,lyap1,149,0.3302,-0.5948,0.800000,1.700000,1,0,2.786,0.009962,0.32052,-0.59723,0.018723,0,281.28,41.73,68.88,40.46,0.041731,0.054705,0.5254,4.508
0.05,lyap1,150,0.1291,0.0400,0.800000,1.700000,1,0,1.295,0.009996,0.12248,0.03250,0.018724,0,345.49,8.27,84.53,82.02,0.008265,0.009034,0.0229,1.186
0.05,lyap1,151,0.1204,0.0183,0.800000,1.700000,1,0,1.191,0.009975,0.11150,0.01368,0.018724,0,240.04,4.02,40.66,76.34,0.004019,0.004390,0.0135,0.857
0.05,lyap1,152,0.3968,0.7576,0.800000,1.700000,1,0,2.920,0.009940,0.38682,0.75742,0.018723,0,246.93,48.12,80.04,7.34,0.048125,0.064277,0.8152,5.379
0.05,lyap1,153,0.0547,0.2267,0.800000,1.700000,0,0,30.000,0.018725,0.05547,0.20795,0.018725,0,3185.03,13.09,588.52,994.18,0.013089,0.015525,5.3518,3.007
0.05,lyap1,154,0.0069,0.1062,0.800000,1.700000,1,0,1.765,0.009946,0.01138,0.09732,0.018725,0,838.23,24.42,262.44,138.36,0.024423,0.027098,0.1311,2.254
0.05,lyap1,155,0.3885,0.8374,0.800000,1.700000,1,0,2.987,0.009927,0.37870,0.83583,0.018723,0,296.96,50.48,86.22,24.40,0.050480,0.067852,0.9477,5.726
0.05,lyap1,156,0.0770,0.0732,0.800000,1.700000,1,0,1.381,0.009961,0.08166,0.06434,0.018724,0,657.76,17.52,215.17,100.57,0.017524,0.019120,0.0661,1.743
0.05,lyap1,157,0.0515,-0.0915,0.800000,1.700000,1,0,1.533,0.009970,0.05745,-0.08350,0.018724,0,793.19,22.09,264.00,116.02,0.022091,0.024195,0.0889,2.019
0.05,lyap1,158,0.1176,-0.1584,0.800000,1.700000,1,0,1.824,0.009964,0.11140,-0.15057,0.018725,0,600.97,23.93,169.66,112.87,0.023929,0.027536,0.0876,2.220
0.05,lyap1,159,-0.1864,-0.2631,0.800000,1.700000,0,0,30.000,0.018724,-0.16786,-0.26542,0.018724,0,3692.78,12.18,843.45,993.81,0.012180,0.013766,5.3784,2.993
0.05,lyap1,160,0.2632,-0.1929,0.800000,1.700000,1,0,2.014,0.009957,0.25340,-0.19137,0.018725,0,369.08,22.04,81.06,86.95,0.022035,0.026508,0.1306,2.559
0.05,lyap1,161,-0.3555,-0.7662,0.800000,1.700000,1,0,3.299,0.009991,-0.35881,-0.75680,0.018723,0,433.18,25.03,163.58,34.23,0.025030,0.030125,0.9516,5.405
0.05,lyap1,162,-0.1215,-0.1778,0.800000,1.700000,0,0,30.000,0.018724,-0.10386,-0.17158,0.018724,0,3410.30,12.18,701.76,994.25,0.012184,0.013637,5.3643,2.897
0.05,lyap1,163,-0.0238,-0.5614,0.800000,1.700000,1,0,2.951,0.009980,-0.03350,-0.55896,0.018723,0,485.47,29.88,122.20,98.12,0.029879,0.037446,0.4123,4.011
0.05,lyap1,164,0.4774,0.4709,0.800000,1.700000,1,0,2.603,0.009960,0.46817,0.47466,0.018724,0,169.29,36.76,31.49,25.58,0.036760,0.047651,0.5100,4.384
0.05,lyap1,165,0.0443,-0.5806,0.800000,1.700000,1,0,2.920,0.009997,0.03441,-0.57926,0.018723,0,446.75,33.67,110.13,87.99,0.033672,0.043026,0.4232,4.099
0.05,lyap1,166,-0.0210,-0.5374,0.800000,1.700000,1,0,2.929,0.009996,-0.03081,-0.53566,0.018723,0,494.44,29.43,120.86,104.29,0.029427,0.036864,0.3847,3.897
0.05,lyap1,167,0.8175,0.5027,0.800000,1.700000,1,0,2.681,0.009940,0.80787,0.50521,0.018724,0,251.04,36.53,30.43,67.69,0.036534,0.048353,1.0647,5.800
0.05,lyap1,168,0.8027,-0.3400,0.800000,1.700000,1,0,2.549,0.009951,0.79300,-0.34214,0.018724,0,164.81,26.21,12.58,50.16,0.026215,0.034183,0.8883,5.237
0.05,lyap1,169,0.1514,0.0679,0.800000,1.700000,1,0,1.464,0.009971,0.14521,0.06005,0.018724,0,424.47,12.29,114.91,88.11,0.012291,0.013564,0.0386,1.521
0.05,lyap1,170,0.5304,0.7692,0.800000,1.700000,1,0,2.901,0.009959,0.52044,0.76960,0.018723,0,291.02,49.92,71.17,36.90,0.049917,0.067021,0.9732,5.759
0.05,lyap1,171,0.2090,0.4792,0.800000,1.700000,0,0,30.000,0.018724,0.22012,0.46412,0.018724,0,3675.53,14.35,834.12,992.88,0.014355,0.019093,5.4606,3.766
0.05,lyap1,172,0.5598,-0.3460,0.800000,1.700000,1,0,2.451,0.009967,0.55025,-0.34879,0.018724,0,80.92,28.76,4.13,14.76,0.028759,0.036818,0.4946,4.204
0.05,lyap1,173,0.5464,-0.7222,0.800000,1.700000,1,0,2.859,0.009967,0.53646,-0.72333,0.018723,0,266.06,48.19,65.84,31.05,0.048186,0.064444,0.9165,5.608
0.05,lyap1,174,-0.1182,-0.2340,0.800000,1.700000,0,0,30.000,0.018724,-0.10028,-0.22854,0.018724,0,3519.68,12.42,756.47,994.06,0.012419,0.013981,5.3540,2.926
0.05,lyap1,175,-0.2591,-0.7992,0.800000,1.700000,1,0,3.260,0.009948,-0.26379,-0.79045,0.018723,0,406.45,25.24,152.38,31.92,0.025237,0.030569,0.9061,5.396
0.05,lyap1,176,0.5500,-0.2108,0.800000,1.700000,1,0,2.287,0.009999,0.54015,-0.21220,0.018725,0,101.23,18.89,13.92,22.53,0.018889,0.023763,0.3977,3.672
0.05,lyap1,177,0.2832,0.3475,0.800000,1.700000,1,0,2.439,0.009994,0.27477,0.35280,0.018724,0,229.90,31.20,4.77,86.78,0.031204,0.039308,0.2484,3.327
0.05,lyap1,178,0.3999,0.1449,0.800000,1.700000,1,0,2.066,0.009955,0.38993,0.14488,0.018725,0,214.59,15.02,38.36,57.67,0.015021,0.018332,0.2037,2.767
0.05,lyap1,179,-0.3922,0.5944,0.800000,1.700000,1,0,3.241,0.009996,-0.39572,0.58507,0.018723,0,548.34,24.89,180.81,74.69,0.024893,0.030562,0.7413,4.702
0.05,lyap1,180,0.1187,-0.5094,0.800000,1.700000,1,0,2.812,0.009987,0.10925,-0.51261,0.018723,0,435.21,34.70,93.74,97.84,0.034704,0.044606,0.3470,3.800
0.05,lyap1,181,0.2591,0.4505,0.800000,1.700000,0,0,30.000,0.018724,0.26642,0.43329,0.018724,0,3593.61,14.25,793.23,992.89,0.014251,0.018813,5.4653,3.726
0.05,lyap1,182,-0.1886,-0.2921,0.800000,1.700000,0,0,30.000,0.018723,-0.17018,-0.29520,0.018723,0,3747.94,12.27,871.07,993.70,0.012269,0.013887,5.3840,3.037
0.05,lyap1,183,0.1147,-0.5915,0.800000,1.700000,1,0,2.886,0.009983,0.10476,-0.59136,0.018723,0,407.98,36.78,98.83,77.58,0.036783,0.047570,0.4374,4.182
0.05,lyap1,184,0.3148,0.1334,0.800000,1.700000,1,0,1.938,0.009919,0.30497,0.13192,0.018725,0,294.26,15.37,61.60,74.00,0.015370,0.018378,0.1322,2.388
0.05,lyap1,185,0.2581,-0.2319,0.800000,1.700000,1,0,2.121,0.009953,0.24815,-0.23182,0.018725,0,354.80,25.04,68.21,90.42,0.025036,0.030485,0.1513,2.744
0.05,lyap1,186,-0.0058,-0.3736,0.800000,1.700000,0,0,30.000,0.018724,0.01006,-0.36370,0.018724,0,3643.54,13.48,818.08,993.58,0.013476,0.016329,5.3592,3.154
0.05,lyap1,187,0.6780,0.6485,0.800000,1.700000,1,0,2.787,0.009944,0.66831,0.65057,0.018723,0,268.88,45.05,51.03,49.63,0.045047,0.060071,0.9954,5.749
0.05,lyap1,188,0.1861,0.6801,0.800000,1.700000,1,0,2.929,0.009959,0.17624,0.67909,0.018723,0,345.21,41.39,95.50,46.07,0.041394,0.054300,0.5720,4.670
0.05,lyap1,189,0.5062,-0.1910,0.800000,1.700000,1,0,2.230,0.009971,0.49631,-0.19215,0.018725,0,134.16,17.74,20.16,33.62,0.017741,0.022148,0.3340,3.406
0.05,lyap1,190,0.3110,0.0827,0.800000,1.700000,1,0,1.854,0.009929,0.30121,0.08113,0.018725,0,254.63,9.98,47.20,72.63,0.009980,0.011793,0.1140,2.092
0.05,lyap1,191,0.2038,0.5088,0.800000,1.700000,1,0,2.757,0.009993,0.19483,0.51320,0.018724,0,377.02,36.85,77.21,83.66,0.036854,0.047633,0.3644,3.893
0.05,lyap1,192,0.1233,-0.0533,0.800000,1.700000,1,0,1.330,0.009939,0.11885,-0.04443,0.018724,0,418.66,11.04,115.27,85.78,0.011040,0.012072,0.0302,1.358
0.05,lyap1,193,-0.0796,-0.7824,0.800000,1.700000,1,0,3.148,0.009975,-0.08698,-0.77564,0.018723,0,393.50,32.68,132.71,39.53,0.032682,0.040634,0.7534,5.121
0.05,lyap1,194,0.2915,-0.1221,0.800000,1.700000,1,0,1.882,0.009992,0.28172,-0.11992,0.018725,0,313.36,14.71,68.21,77.44,0.014713,0.017429,0.1133,2.247
0.05,lyap1,195,-0.1019,0.1701,0.800000,1.700000,0,0,30.000,0.018724,-0.08528,0.16139,0.018724,0,3356.93,12.28,674.93,994.32,0.012282,0.013773,5.3640,2.898
0.05,lyap1,196,0.4572,-0.2213,0.800000,1.700000,1,0,2.227,0.009993,0.44730,-0.22265,0.018725,0,172.66,20.87,25.80,44.88,0.020867,0.025987,0.2934,3.323
0.05,lyap1,197,0.1068,0.1660,0.800000,1.700000,1,0,1.866,0.009994,0.10035,0.15838,0.018725,0,608.49,24.67,168.77,116.97,0.024672,0.028555,0.0934,2.267
0.05,lyap1,198,0.6025,-0.0753,0.800000,1.700000,1,0,2.241,0.009924,0.59254,-0.07578,0.018725,0,46.26,6.81,6.43,11.60,0.006807,0.008538,0.4284,3.469
0.05,lyap1,199,0.0462,0.5396,0.800000,1.700000,1,0,2.884,0.009966,0.03619,0.53964,0.018723,0,462.07,32.74,107.94,98.54,0.032740,0.041741,0.3763,3.904
0.05,lyap1,200,0.1240,-0.0387,0.800000,1.700000,1,0,1.271,0.009983,0.11765,-0.03097,0.018724,0,344.72,8.19,84.75,81.46,0.008190,0.008947,0.0224,1.165
0.05,lyap1,201,0.4164,-0.5120,0.800000,1.700000,1,0,2.664,0.009987,0.40712,-0.51576,0.018724,0,218.87,38.87,44.88,35.40,0.038872,0.050561,0.4944,4.366
0.05,lyap1,202,-0.1230,0.4612,0.800000,1.700000,1,0,2.952,0.009959,-0.13260,0.45846,0.018723,0,574.90,21.58,143.84,127.43,0.021578,0.025713,0.3500,3.618
0.05,lyap1,203,0.4410,-0.4585,0.800000,1.700000,1,0,2.589,0.009971,0.43185,-0.46242,0.018724,0,187.78,36.26,30.46,36.23,0.036260,0.046847,0.4606,4.220
0.05,lyap1,204,0.2855,0.1293,0.800000,1.700000,1,0,1.887,0.009970,0.27579,0.12693,0.018725,0,325.79,15.59,72.35,78.85,0.015594,0.018477,0.1125,2.268
0.05,lyap1,205,0.3098,0.8479,0.800000,1.700000,1,0,3.018,0.009979,0.30017,0.84532,0.018723,0,287.99,49.16,92.98,14.15,0.049156,0.065862,0.9096,5.638
0.05,lyap1,206,0.7544,0.5438,0.800000,1.700000,1,0,2.702,0.009984,0.74471,0.54637,0.018724,0,241.30,39.30,35.95,55.22,0.039295,0.052033,0.9909,5.670
0.05,lyap1,207,0.2818,0.3011,0.800000,1.700000,1,0,2.316,0.009982,0.27231,0.30435,0.018725,0,268.48,28.90,25.52,87.04,0.028903,0.035972,0.2101,3.119
0.05,lyap1,208,0.4930,0.1739,0.800000,1.700000,1,0,2.200,0.009909,0.48315,0.17485,0.018725,0,143.04,16.43,22.19,37.01,0.016429,0.020434,0.3113,3.283
0.05,lyap1,209,0.3355,-0.5061,0.800000,1.700000,1,0,2.682,0.009976,0.32645,-0.51030,0.018724,0,274.86,38.37,53.04,55.62,0.038365,0.049749,0.4250,4.132
0.05,lyap1,210,0.2506,-0.7408,0.800000,1.700000,1,0,2.954,0.009937,0.24077,-0.73941,0.018723,0,295.48,44.78,92.46,21.69,0.044782,0.059312,0.6904,5.040
0.05,lyap1,211,0.5757,-0.1236,0.800000,1.700000,1,0,2.238,0.009927,0.56577,-0.12433,0.018725,0,74.65,11.25,11.16,17.72,0.011248,0.014091,0.4005,3.487
0.05,lyap1,212,0.1789,0.4176,0.800000,1.700000,0,0,30.000,0.018724,0.18733,0.40083,0.018724,0,3561.64,14.05,777.07,993.21,0.014053,0.018156,5.4082,3.448
0.05,lyap1,213,0.3431,0.9019,0.800000,1.700000,1,0,3.048,0.009929,0.33363,0.89889,0.018723,0,328.62,51.39,92.85,32.91,0.051395,0.069251,1.0361,5.948
0.05,lyap1,214,0.4497,-0.0405,0.800000,1.700000,1,0,2.047,0.009982,0.43969,-0.04050,0.018725,0,120.46,4.16,10.47,46.64,0.004157,0.005074,0.2300,2.551
0.05,lyap1,215,-0.0738,-0.8147,0.800000,1.700000,1,0,3.165,0.009999,-0.08101,-0.80767,0.018723,0,374.22,33.80,131.57,30.19,0.033797,0.042185,0.8081,5.280
0.05,lyap1,216,-0.0007,-0.2767,0.800000,1.700000,0,0,30.000,0.018724,0.01058,-0.26176,0.018724,0,3417.39,13.17,704.81,994.00,0.013175,0.015627,5.3393,2.944
0.05,lyap1,217,0.1157,-0.0892,0.800000,1.700000,1,0,1.488,0.009936,0.11384,-0.07943,0.018724,0,569.03,17.33,174.15,97.36,0.017332,0.019091,0.0512,1.750
0.05,lyap1,218,0.2996,0.3432,0.800000,1.700000,1,0,2.417,0.009996,0.29072,0.34774,0.018724,0,213.06,30.96,1.24,82.07,0.030964,0.038971,0.2521,3.346
0.05,lyap1,219,0.1075,0.0912,0.800000,1.700000,1,0,1.491,0.009923,0.10666,0.08133,0.018724,0,597.28,18.11,185.64,99.42,0.018107,0.019930,0.0545,1.786
0.05,lyap1,220,-0.1180,0.5028,0.800000,1.700000,1,0,2.977,0.009994,-0.12731,0.49911,0.018723,0,549.99,23.08,141.28,116.40,0.023083,0.027677,0.3857,3.800
0.05,lyap1,221,-0.0384,-0.1602,0.800000,1.700000,0,0,30.000,0.018725,-0.02864,-0.14423,0.018725,0,3205.84,12.64,598.99,994.45,0.012641,0.014457,5.3760,2.980
0.05,lyap1,222,0.6916,-0.2139,0.800000,1.700000,1,0,2.394,0.009979,0.68176,-0.21544,0.018725,0,58.66,17.85,1.97,13.98,0.017846,0.022815,0.6113,4.337
0.05,lyap1,223,-0.0588,0.1179,0.800000,1.700000,0,0,30.000,0.018725,-0.04675,0.10363,0.018725,0,3160.43,12.39,576.35,994.58,0.012385,0.013977,5.4095,3.009
0.05,lyap1,224,-0.0745,-0.3129,0.800000,1.700000,0,0,30.000,0.018724,-0.05721,-0.30580,0.018724,0,3611.28,12.95,802.12,993.81,0.012949,0.014995,5.3506,2.965
0.05,lyap1,225,-0.1780,-0.3364,0.800000,1.700000,0,0,30.000,0.018723,-0.15952,-0.33966,0.018723,0,3808.82,12.47,901.51,993.55,0.012467,0.014131,5.3910,3.178
0.05,lyap1,226,0.6911,0.0578,0.800000,1.700000,1,0,2.319,0.009996,0.68113,0.05818,0.018725,0,33.73,4.97,2.30,10.83,0.004973,0.006308,0.5658,3.891
0.05,lyap1,227,0.2381,-0.1180,0.800000,1.700000,1,0,1.788,0.009924,0.22903,-0.11401,0.018725,0,379.20,15.66,92.28,85.58,0.015663,0.018205,0.0846,2.066
0.05,lyap1,228,0.1519,0.8000,0.800000,1.700000,1,0,3.043,0.009932,0.14272,0.79628,0.018723,0,315.66,43.25,106.08,19.31,0.043252,0.056983,0.7573,5.223
0.05,lyap1,229,0.1294,-0.0464,0.800000,1.700000,1,0,1.320,0.009998,0.12352,-0.03834,0.018724,0,375.83,9.49,97.11,83.69,0.009486,0.010375,0.0260,1.270
0.05,lyap1,230,0.0091,0.7864,0.800000,1.700000,1,0,3.103,0.009925,0.00083,0.78095,0.018723,0,369.74,37.02,122.09,35.01,0.037023,0.047399,0.7328,5.110
0.05,lyap1,231,0.7804,-0.0773,0.800000,1.700000,1,0,2.397,0.009983,0.77038,-0.07779,0.018725,0,80.05,6.36,0.51,34.75,0.006358,0.008152,0.7295,4.419
0.05,lyap1,232,0.1448,0.2357,0.800000,1.700000,1,0,2.160,0.009976,0.13478,0.23555,0.018725,0,444.51,26.99,83.39,118.62,0.026993,0.032683,0.1318,2.604
0.05,lyap1,233,0.0215,0.4271,0.800000,1.700000,0,0,30.000,0.018724,0.03792,0.41813,0.018724,0,3721.82,13.76,857.26,993.33,0.013757,0.017101,5.3842,3.384
0.05,lyap1,234,-0.0409,-0.1955,0.800000,1.700000,0,0,30.000,0.018724,-0.02946,-0.18061,0.018724,0,3294.01,12.74,643.13,994.31,0.012742,0.014642,5.3545,2.938
0.05,lyap1,235,0.4958,-0.7270,0.800000,1.700000,1,0,2.871,0.009971,0.48585,-0.72785,0.018723,0,253.20,48.08,69.65,20.88,0.048084,0.064240,0.8637,5.485
0.05,lyap1,236,0.8988,-0.2304,0.800000,1.700000,1,0,2.532,0.009940,0.88893,-0.23182,0.018724,0,183.70,17.73,7.14,71.42,0.017726,0.023130,1.0233,5.407
0.05,lyap1,237,0.0532,-0.4550,0.800000,1.700000,0,0,30.000,0.018724,0.06938,-0.44556,0.018724,0,3745.02,13.96,868.85,993.19,0.013958,0.017712,5.4030,3.514
0.05,lyap1,238,0.1776,-0.1698,0.800000,1.700000,1,0,1.881,0.009979,0.16907,-0.16465,0.018725,0,495.44,22.63,129.00,101.74,0.022626,0.026517,0.0926,2.291
0.05,lyap1,239,0.4213,0.3347,0.800000,1.700000,1,0,2.393,0.009971,0.41181,0.33790,0.018724,0,157.24,29.45,5.60,50.93,0.029454,0.037251,0.3320,3.657
0.05,lyap1,240,0.3769,-0.3379,0.800000,1.700000,1,0,2.393,0.009980,0.36750,-0.34132,0.018724,0,181.67,30.09,6.20,62.07,0.030092,0.037968,0.2972,3.531
0.05,lyap1,241,0.2876,0.6481,0.800000,1.700000,1,0,2.855,0.009992,0.27762,0.64899,0.018723,0,299.25,42.90,80.14,37.31,0.042903,0.056466,0.5699,4.664
0.05,lyap1,242,-0.2242,-0.5692,0.800000,1.700000,1,0,3.106,0.009947,-0.23120,-0.56214,0.018723,0,541.53,19.68,159.82,96.19,0.019683,0.023704,0.5303,4.246
0.05,lyap1,243,0.2114,0.6827,0.800000,1.700000,1,0,2.920,0.009941,0.20144,0.68202,0.018723,0,332.20,42.18,92.64,41.83,0.042179,0.055454,0.5842,4.712
0.05,lyap1,244,0.3551,-0.4475,0.800000,1.700000,1,0,2.593,0.009976,0.34632,-0.45226,0.018724,0,243.36,35.87,35.50,59.28,0.035869,0.046134,0.3785,3.931
0.05,lyap1,245,-0.0902,0.2305,0.800000,1.700000,0,0,30.000,0.018724,-0.07362,0.22189,0.018724,0,3463.78,12.58,728.33,994.12,0.012578,0.014264,5.3487,2.918
0.05,lyap1,246,0.3024,-0.0595,0.800000,1.700000,1,0,1.811,0.009986,0.29251,-0.05808,0.018725,0,233.27,7.40,37.99,73.10,0.007395,0.008676,0.1029,1.921
0.05,lyap1,247,0.0963,-0.5319,0.800000,1.700000,1,0,2.844,0.009975,0.08642,-0.53346,0.018723,0,438.05,34.57,98.16,94.93,0.034570,0.044400,0.3677,3.889
0.05,lyap1,248,0.6870,-0.3791,0.800000,1.700000,1,0,2.534,0.009981,0.67735,-0.38177,0.018724,0,114.81,29.80,13.83,21.23,0.029799,0.038660,0.7093,4.842
0.05,lyap1,249,0.6621,-0.5816,0.800000,1.700000,1,0,2.726,0.009989,0.65249,-0.58421,0.018724,0,220.75,41.77,43.21,35.84,0.041769,0.055290,0.8808,5.446
0.05,lyap1,250,-0.1159,-0.8802,0.800000,1.700000,1,0,3.227,0.009906,-0.12198,-0.87238,0.018723,0,343.90,33.50,134.86,11.97,0.033495,0.041376,0.9522,5.639
0.05,lyap1,251,0.1278,0.4828,0.800000,1.700000,0,0,30.000,0.018724,0.14229,0.47097,0.018724,0,3735.77,14.25,864.21,992.99,0.014251,0.018680,5.4352,3.685
0.05,lyap1,252,-0.4713,-0.6876,0.800000,1.700000,1,0,3.334,0.009973,-0.47285,-0.67771,0.018723,0,489.42,31.67,179.35,41.62,0.031667,0.038512,0.9830,5.307
0.05,lyap1,253,0.0785,-0.2458,0.800000,1.700000,0,0,30.000,0.018725,0.07850,-0.22709,0.018725,0,3204.83,13.19,598.45,994.08,0.013186,0.015773,5.3495,3.006
0.05,lyap1,254,0.1938,-0.0414,0.800000,1.700000,1,0,1.521,0.009953,0.18464,-0.03752,0.018724,0,287.61,6.75,56.20,82.55,0.006748,0.007515,0.0410,1.355
0.05,lyap1,255,0.2595,0.6392,0.800000,1.700000,1,0,2.858,0.009978,0.24952,0.64000,0.018723,0,316.98,42.09,82.60,44.32,0.042089,0.055276,0.5427,4.576
0.05,lyap1,256,-0.1225,-0.6050,0.800000,1.700000,1,0,3.055,0.009981,-0.13087,-0.59946,0.018723,0,498.93,25.73,140.95,89.22,0.025727,0.031064,0.5053,4.282
0.05,lyap1,257,-0.2557,-0.7313,0.800000,1.700000,1,0,3.222,0.009943,-0.26089,-0.72284,0.018723,0,448.48,23.49,155.62,51.00,0.023492,0.028377,0.7875,5.061
0.05,lyap1,258,0.9286,-0.2665,0.800000,1.700000,1,0,2.565,0.009977,0.91880,-0.26810,0.018724,0,213.07,20.18,9.93,81.47,0.020183,0.026449,1.1095,5.648
0.05,lyap1,259,-0.1529,0.2949,0.800000,1.700000,0,0,30.000,0.018724,-0.13417,0.29470,0.018724,0,3696.04,12.44,844.92,993.76,0.012444,0.014045,5.3692,2.992
0.05,lyap1,260,-0.5134,-0.8404,0.800000,1.700000,1,0,3.418,0.009952,-0.51373,-0.83047,0.018724,0,396.06,34.63,169.17,2.89,0.034627,0.042542,1.3078,6.101
0.05,lyap1,261,0.1135,0.7021,0.800000,1.700000,1,0,2.984,0.009950,0.10388,0.69947,0.018723,0,370.78,39.47,106.35,49.44,0.039466,0.051427,0.5904,4.716
0.05,lyap1,262,0.1363,0.0233,0.800000,1.700000,1,0,1.277,0.009975,0.12745,0.01863,0.018724,0,260.27,4.75,47.42,79.15,0.004751,0.005194,0.0183,0.974
0.05,lyap1,263,0.6920,-0.4273,0.800000,1.700000,1,0,2.582,0.009997,0.68241,-0.43006,0.018724,0,143.35,32.84,20.59,26.45,0.032842,0.042835,0.7599,5.023
0.05,lyap1,264,0.2765,0.2692,0.800000,1.700000,1,0,2.229,0.009999,0.26668,0.27092,0.018725,0,305.95,27.13,45.02,87.61,0.027133,0.033462,0.1842,2.962
0.05,lyap1,265,0.2175,0.3285,0.800000,1.700000,0,0,30.000,0.018724,0.21574,0.30982,0.018724,0,3321.27,13.60,656.95,993.49,0.013600,0.016907,5.3878,3.113
0.05,lyap1,266,0.5969,-0.4234,0.800000,1.700000,1,0,2.554,0.009994,0.58738,-0.42653,0.018724,0,89.89,33.34,19.20,0.74,0.033345,0.043217,0.6106,4.628
0.05,lyap1,267,0.0093,-0.2934,0.800000,1.700000,0,0,30.000,0.018724,0.02062,-0.27849,0.018724,0,3442.38,13.27,717.31,993.93,0.013265,0.015853,5.3400,2.950
0.05,lyap1,268,-0.0703,-0.4002,0.800000,1.700000,0,0,30.000,0.018723,-0.05193,-0.39675,0.018723,0,3777.33,13.26,885.29,993.43,0.013259,0.015670,5.3798,3.302
0.05,lyap1,269,-0.1298,0.8148,0.800000,1.700000,1,0,3.196,0.009954,-0.13621,0.80722,0.018723,0,384.16,31.11,137.94,30.81,0.031106,0.038079,0.8363,5.320
0.05,lyap1,270,0.3659,0.1527,0.800000,1.700000,1,0,2.036,0.009987,0.35593,0.15228,0.018725,0,249.27,16.29,47.68,64.74,0.016294,0.019781,0.1773,2.670
0.05,lyap1,271,0.1731,0.7224,0.800000,1.700000,1,0,2.971,0.009991,0.16330,0.72026,0.018723,0,336.92,42.07,99.81,37.10,0.042074,0.055294,0.6326,4.860
0.05,lyap1,272,-0.1537,-0.3882,0.800000,1.700000,1,0,2.934,0.009978,-0.16355,-0.38668,0.018723,0,634.30,17.51,157.79,146.22,0.017509,0.020491,0.3161,3.344
0.05,lyap1,273,0.3157,0.8481,0.800000,1.700000,1,0,3.017,0.009919,0.30606,0.84569,0.018723,0,289.33,49.29,92.66,15.04,0.049291,0.066072,0.9138,5.648
0.05,lyap1,274,-0.0314,-0.5603,0.800000,1.700000,1,0,2.956,0.009956,-0.04107,-0.55771,0.018723,0,489.51,29.45,123.79,98.88,0.029447,0.036806,0.4131,4.008
0.05,lyap1,275,0.8578,-0.3810,0.800000,1.700000,1,0,2.602,0.009921,0.84817,-0.38326,0.018724,0,214.71,28.58,17.69,68.22,0.028585,0.037545,1.0320,5.612
0.05,lyap1,276,0.1279,-0.9419,0.800000,1.700000,1,0,3.152,0.009916,0.11987,-0.93615,0.018723,0,326.55,45.73,111.49,17.49,0.045730,0.060441,1.0275,5.921
0.05,lyap1,277,0.3437,0.3660,0.800000,1.700000,1,0,2.452,0.009988,0.33473,0.37038,0.018724,0,198.82,31.91,6.13,69.34,0.031914,0.040427,0.2967,3.557
0.05,lyap1,278,0.4443,0.0492,0.800000,1.700000,1,0,2.043,0.009953,0.43438,0.04914,0.018725,0,129.17,5.06,12.99,47.80,0.005063,0.006176,0.2253,2.558
0.05,lyap1,279,0.5094,-0.5381,0.800000,1.700000,1,0,2.682,0.009982,0.49995,-0.54132,0.018724,0,164.29,40.03,43.26,8.86,0.040034,0.052417,0.6194,4.752
0.05,lyap1,280,0.6178,0.6921,0.800000,1.700000,1,0,2.826,0.009964,0.60793,0.69373,0.018723,0,272.05,47.10,58.63,42.06,0.047104,0.062950,0.9667,5.708
0.05,lyap1,281,-0.0121,0.1057,0.800000,1.700000,1,0,1.849,0.009988,-0.00852,0.09642,0.018725,0,817.74,23.43,244.71,146.59,0.023433,0.026228,0.1457,2.308
0.05,lyap1,282,0.5679,0.2579,0.800000,1.700000,1,0,2.351,0.009917,0.55819,0.25984,0.018725,0,83.49,22.39,8.15,16.80,0.022389,0.028374,0.4461,3.918
0.05,lyap1,283,0.2760,0.1287,0.800000,1.700000,1,0,1.872,0.009946,0.26640,0.12615,0.018725,0,337.24,15.77,76.36,80.43,0.015769,0.018632,0.1070,2.236
0.05,lyap1,284,0.4500,0.3983,0.800000,1.700000,1,0,2.500,0.009984,0.44069,0.40204,0.018724,0,156.18,32.99,13.70,39.65,0.032989,0.042245,0.4121,4.007
0.05,lyap1,285,0.4344,0.0610,0.800000,1.700000,1,0,2.034,0.009998,0.42436,0.06089,0.018725,0,142.93,6.33,16.87,49.84,0.006328,0.007707,0.2164,2.555
0.05,lyap1,286,0.2625,-0.1936,0.800000,1.700000,1,0,2.015,0.009977,0.25263,-0.19203,0.018725,0,369.87,22.11,81.23,87.12,0.022110,0.026600,0.1307,2.561
0.05,lyap1,287,0.4951,-0.4703,0.800000,1.700000,1,0,2.601,0.009982,0.48583,-0.47386,0.018724,0,157.95,36.65,30.39,21.09,0.036653,0.047541,0.5286,4.439
0.05,lyap1,288,-0.0609,0.1904,0.800000,1.700000,0,0,30.000,0.018724,-0.04741,0.17743,0.018724,0,3322.26,12.62,657.35,994.31,0.012617,0.014373,5.3554,2.922
0.05,lyap1,289,0.4627,-0.5742,0.800000,1.700000,1,0,2.728,0.009989,0.45315,-0.57717,0.018724,0,197.27,41.71,52.66,14.69,0.041714,0.054769,0.6121,4.755
0.05,lyap1,290,-0.2671,0.5113,0.800000,1.700000,1,0,3.104,0.009941,-0.27373,0.50393,0.018723,0,584.80,17.99,170.84,108.07,0.017992,0.021621,0.5028,4.063
0.05,lyap1,291,-0.1914,0.4290,0.800000,1.700000,1,0,2.988,0.009977,-0.20031,0.42444,0.018723,0,614.91,16.74,161.31,133.59,0.016738,0.019877,0.3648,3.572
0.05,lyap1,292,0.3585,0.0772,0.800000,1.700000,1,0,1.930,0.009945,0.34861,0.07644,0.018725,0,208.57,8.71,33.20,64.55,0.008710,0.010432,0.1487,2.267
0.05,lyap1,293,0.0225,0.1187,0.800000,1.700000,1,0,1.771,0.009983,0.02474,0.10902,0.018725,0,799.67,24.76,247.27,133.99,0.024764,0.027625,0.1185,2.233
0.05,lyap1,294,0.4545,0.0289,0.800000,1.700000,1,0,2.051,0.009924,0.44456,0.02887,0.018725,0,110.39,2.95,7.30,45.68,0.002952,0.003605,0.2343,2.532
0.05,lyap1,295,-0.0097,-0.2389,0.800000,1.700000,0,0,30.000,0.018724,0.00026,-0.22306,0.018724,0,3339.52,13.02,665.84,994.16,0.013015,0.015257,5.3424,2.942
0.05,lyap1,296,-0.0414,-0.4969,0.800000,1.700000,1,0,2.913,0.009966,-0.05131,-0.49589,0.018723,0,523.18,27.29,124.86,116.26,0.027286,0.033856,0.3492,3.715
0.05,lyap1,297,-0.4635,-0.8276,0.800000,1.700000,1,0,3.387,0.009896,-0.46465,-0.81780,0.018724,0,394.24,30.83,167.30,6.70,0.030827,0.037864,1.2059,5.924
0.05,lyap1,298,-0.1078,-0.2116,0.800000,1.700000,0,0,30.000,0.018724,-0.09054,-0.20440,0.018724,0,3455.09,12.40,724.08,994.16,0.012400,0.013953,5.3541,2.911
0.05,lyap1,299,0.1967,0.7699,0.800000,1.700000,1,0,3.000,0.009943,0.18715,0.76733,0.018723,0,309.60,44.02,99.92,21.86,0.044018,0.058175,0.7172,5.115
0.05,lyap2,0,-0.4828,-0.7608,0.500000,2.500000,1,0,4.587,0.009996,-0.47956,-0.75129,0.012741,0,404.46,27.32,39.37,142.37,0.027319,0.039189,0.7080,4.242
0.05,lyap2,1,0.3886,-0.1909,0.500000,2.500000,1,0,2.937,0.009998,0.38007,-0.18564,0.012716,0,317.18,8.48,11.00,141.22,0.008481,0.012260,0.1094,2.221
0.05,lyap2,2,0.1373,-0.1241,0.500000,2.500000,1,0,2.042,0.009987,0.12748,-0.12207,0.012743,0,300.75,11.64,3.10,138.54,0.011638,0.014192,0.0711,1.869
0.05,lyap2,3,0.5235,0.3075,0.500000,2.500000,1,0,3.404,0.009997,0.51561,0.30133,0.012751,0,293.08,10.50,11.44,127.22,0.010505,0.016197,0.2145,2.906
0.05,lyap2,4,0.3315,0.9345,0.500000,2.500000,1,0,4.369,0.009939,0.32732,0.92543,0.012714,0,213.08,18.99,2.67,89.63,0.018987,0.029857,0.6154,4.574
0.05,lyap2,5,0.3231,-0.0585,0.500000,2.500000,1,0,2.531,0.009942,0.31322,-0.05705,0.012730,0,300.68,3.42,10.46,137.32,0.003424,0.004573,0.0547,1.429
0.05,lyap2,6,-0.0850,0.5502,0.500000,2.500000,1,0,3.800,0.009976,-0.08279,0.54043,0.012738,0,417.69,15.50,14.15,183.07,0.015501,0.019629,0.3171,3.451
0.05,lyap2,7,-0.0720,-0.5823,0.500000,2.500000,1,0,3.857,0.009968,-0.07040,-0.57244,0.012731,0,408.57,15.77,14.04,178.42,0.015773,0.020207,0.3303,3.512
0.05,lyap2,8,0.3960,-0.5209,0.500000,2.500000,1,0,3.658,0.009946,0.39106,-0.51227,0.012751,0,340.42,15.35,22.76,135.94,0.015350,0.023825,0.2748,3.416
0.05,lyap2,9,0.3685,0.3828,0.500000,2.500000,1,0,3.332,0.009929,0.36322,0.37440,0.012747,0,333.43,13.54,10.39,146.17,0.013541,0.020396,0.1856,2.944
0.05,lyap2,10,0.1283,0.2512,0.500000,2.500000,1,0,2.667,0.009946,0.12334,0.24258,0.012719,0,472.64,14.45,59.06,166.41,0.014455,0.019144,0.1190,2.535
0.05,lyap2,11,0.2440,0.2446,0.500000,2.500000,1,0,2.771,0.009976,0.23733,0.23712,0.012715,0,397.79,12.45,34.62,154.94,0.012452,0.017222,0.0994,2.369
0.05,lyap2,12,0.6768,0.6211,0.500000,2.500000,1,0,4.046,0.009931,0.66949,0.61436,0.012712,0,221.46,15.47,16.22,82.90,0.015469,0.025615,0.4977,4.152
0.05,lyap2,13,0.7407,-0.0375,0.500000,2.500000,1,0,3.585,0.009983,0.73073,-0.03685,0.012755,0,202.27,1.18,1.64,98.60,0.001181,0.001876,0.3076,2.734
0.05,lyap2,14,0.1895,0.9012,0.500000,2.500000,1,0,4.327,0.009965,0.18649,0.89169,0.012711,0,251.21,18.59,1.72,109.94,0.018590,0.027657,0.5568,4.373
0.05,lyap2,15,0.3282,0.2784,0.500000,2.500000,1,0,3.016,0.009949,0.32177,0.27081,0.012720,0,341.18,11.89,11.84,149.84,0.011886,0.017240,0.1257,2.527
0.05,lyap2,16,0.4229,-0.6724,0.500000,2.500000,1,0,3.960,0.009977,0.41775,-0.66379,0.012720,0,300.87,16.86,20.33,117.46,0.016864,0.026832,0.3949,3.898
0.05,lyap2,17,-0.0535,-0.6259,0.500000,2.500000,1,0,3.932,0.009977,-0.05265,-0.61592,0.012723,0,393.36,16.14,12.94,171.63,0.016140,0.021009,0.3512,3.602
0.05,lyap2,18,0.5135,-0.1699,0.500000,2.500000,1,0,3.194,0.009955,0.50442,-0.16587,0.012735,0,272.31,6.48,1.94,129.35,0.006478,0.009768,0.1622,2.399
0.05,lyap2,19,-0.1027,-0.2139,0.500000,2.500000,1,0,2.865,0.009970,-0.09766,-0.20528,0.012716,0,619.16,12.82,99.27,200.70,0.012822,0.014839,0.2835,3.211
0.05,lyap2,20,0.5724,0.0126,0.500000,2.500000,1,0,3.235,0.009980,0.56247,0.01227,0.012738,0,246.14,0.47,0.24,122.48,0.000468,0.000712,0.1773,2.066
0.05,lyap2,21,-0.2534,-0.7892,0.500000,2.500000,1,0,4.393,0.009930,-0.25218,-0.77938,0.012717,0,363.74,20.44,18.46,148.08,0.020444,0.027063,0.5649,4.100
0.05,lyap2,22,0.1756,0.0811,0.500000,2.500000,1,0,1.970,0.009972,0.16573,0.07998,0.012741,0,290.27,7.56,10.89,128.58,0.007555,0.009192,0.0342,1.414
0.05,lyap2,23,-0.1826,-0.5070,0.500000,2.500000,1,0,3.828,0.009998,-0.17889,-0.49768,0.012735,0,423.39,15.59,8.21,191.80,0.015586,0.019611,0.3426,3.441
0.05,lyap2,24,0.5281,0.1638,0.500000,2.500000,1,0,3.219,0.009974,0.51888,0.15999,0.012737,0,269.81,6.16,2.61,127.68,0.006162,0.009326,0.1691,2.415
0.05,lyap2,25,0.2533,-0.1131,0.500000,2.500000,1,0,2.375,0.009995,0.24365,-0.11053,0.012741,0,336.38,7.58,23.01,139.49,0.007583,0.009783,0.0474,1.654
0.05,lyap2,26,-0.0698,0.1000,0.500000,2.500000,1,0,2.308,0.009979,-0.07453,0.09120,0.012741,0,637.19,13.19,122.75,185.95,0.013187,0.015127,0.3719,3.492
0.05,lyap2,27,0.3040,0.0277,0.500000,2.500000,1,0,2.433,0.009982,0.29404,0.02703,0.012738,0,284.38,1.74,5.27,135.62,0.001738,0.002276,0.0454,1.197
0.05,lyap2,28,0.2958,-0.8584,0.500000,2.500000,1,0,4.250,0.009994,0.29188,-0.84921,0.012707,0,256.61,18.33,7.74,106.81,0.018333,0.028469,0.5268,4.318
0.05,lyap2,29,0.3034,0.1431,0.500000,2.500000,1,0,2.611,0.009947,0.29431,0.13918,0.012723,0,345.99,8.00,24.30,142.69,0.008001,0.010824,0.0679,1.874
0.05,lyap2,30,-0.0517,-0.6699,0.500000,2.500000,1,0,4.019,0.009959,-0.05139,-0.65998,0.012714,0,374.82,16.56,9.79,165.20,0.016560,0.021720,0.3815,3.707
0.05,lyap2,31,0.5492,0.3284,0.500000,2.500000,1,0,3.477,0.009991,0.54130,0.32225,0.012754,0,289.84,10.81,13.69,123.12,0.010811,0.016821,0.2382,3.026
0.05,lyap2,32,-0.2470,-0.5392,0.500000,2.500000,1,0,3.982,0.009945,-0.24348,-0.52991,0.012717,0,403.79,16.94,0.85,188.34,0.016940,0.022256,0.3951,3.550
0.05,lyap2,33,0.0352,0.9500,0.500000,2.500000,1,0,4.446,0.009958,0.03350,0.94017,0.012723,0,269.58,19.57,8.70,111.42,0.019566,0.026725,0.6163,4.466
0.05,lyap2,34,0.0707,-0.1224,0.500000,2.500000,1,0,1.935,0.009990,0.06101,-0.11995,0.012737,0,390.48,14.23,41.53,143.04,0.014227,0.017021,0.1298,2.212
0.05,lyap2,35,0.4590,0.2294,0.500000,2.500000,1,0,3.161,0.009945,0.45073,0.22384,0.012732,0,286.22,8.92,0.75,135.67,0.008925,0.013350,0.1517,2.502
0.05,lyap2,36,-0.1107,0.4644,0.500000,2.500000,1,0,3.634,0.009943,-0.10681,0.45523,0.012751,0,430.56,14.75,10.39,193.83,0.014749,0.018153,0.2884,3.311
0.05,lyap2,37,0.1172,0.8775,0.500000,2.500000,1,0,4.306,0.009942,0.11482,0.86780,0.012710,0,269.80,18.39,0.92,120.18,0.018389,0.026425,0.5319,4.273
0.05,lyap2,38,-0.1887,-0.6828,0.500000,2.500000,1,0,4.164,0.009971,-0.18723,-0.67291,0.012706,0,367.55,17.93,3.43,166.90,0.017933,0.023064,0.4476,3.801
0.05,lyap2,39,0.8660,-0.0873,0.500000,2.500000,1,0,3.808,0.009972,0.85609,-0.08619,0.012737,0,162.51,2.50,3.37,76.02,0.002499,0.004080,0.4316,3.282
0.05,lyap2,40,0.3463,-0.5640,0.500000,2.500000,1,0,3.718,0.009946,0.34213,-0.55496,0.012746,0,349.90,15.98,23.71,139.25,0.015981,0.024660,0.2893,3.499
0.05,lyap2,41,0.1016,-0.3385,0.500000,2.500000,1,0,3.030,0.009981,0.10115,-0.32854,0.012722,0,436.45,14.74,29.77,177.40,0.014741,0.020252,0.1610,2.842
0.05,lyap2,42,-0.2362,-0.3342,0.500000,2.500000,1,0,3.567,0.009970,-0.22897,-0.32735,0.012753,0,452.46,14.49,5.09,210.27,0.014492,0.018589,0.3333,3.653
0.05,lyap2,43,0.8826,0.0070,0.500000,2.500000,1,0,3.824,0.009966,0.87260,0.00694,0.012736,0,147.55,0.20,0.27,73.36,0.000200,0.000327,0.4442,3.195
0.05,lyap2,44,0.1563,-0.4355,0.500000,2.500000,1,0,3.346,0.009933,0.15555,-0.42560,0.012747,0,379.58,15.21,7.42,170.96,0.015213,0.021759,0.1959,3.064
0.05,lyap2,45,0.0602,0.2535,0.500000,2.500000,1,0,2.688,0.009938,0.05729,0.24404,0.012718,0,519.12,14.85,72.67,175.75,0.014855,0.019274,0.1535,2.703
0.05,lyap2,46,0.3509,-0.8008,0.500000,2.500000,1,0,4.161,0.009942,0.34652,-0.79191,0.012706,0,271.55,17.94,12.68,109.64,0.017941,0.028308,0.4839,4.198
0.05,lyap2,47,-0.1504,-0.4231,0.500000,2.500000,1,0,3.595,0.009999,-0.14539,-0.41446,0.012753,0,431.97,14.48,5.51,199.62,0.014478,0.017589,0.2954,3.287
0.05,lyap2,48,0.3656,-0.0779,0.500000,2.500000,1,0,2.697,0.009940,0.35592,-0.07580,0.012718,0,302.59,4.03,10.30,137.97,0.004034,0.005591,0.0730,1.641
0.05,lyap2,49,-0.2992,-0.4212,0.500000,2.500000,1,0,3.859,0.009939,-0.29349,-0.41302,0.012731,0,431.36,16.73,0.88,202.26,0.016729,0.023205,0.3870,3.757
0.05,lyap2,50,0.7379,0.3254,0.500000,2.500000,1,0,3.755,0.009997,0.72892,0.32089,0.012743,0,226.87,9.44,13.36,92.99,0.009444,0.015269,0.3729,3.464
0.05,lyap2,51,0.2430,0.2287,0.500000,2.500000,1,0,2.715,0.009973,0.23583,0.22179,0.012717,0,398.68,12.13,36.76,153.48,0.012128,0.016604,0.0924,2.298
0.05,lyap2,52,-0.0147,-0.5282,0.500000,2.500000,1,0,3.682,0.009972,-0.01298,-0.51841,0.012749,0,419.56,15.35,17.05,181.22,0.015348,0.020067,0.2796,3.365
0.05,lyap2,53,0.0787,0.1072,0.500000,2.500000,1,0,1.805,0.010000,0.06916,0.10414,0.012731,0,453.29,13.47,83.38,133.17,0.013470,0.015966,0.1056,2.058
0.05,lyap2,54,-0.1562,0.9648,0.500000,2.500000,1,0,4.564,0.010000,-0.15629,0.95480,0.012738,0,302.27,21.42,21.24,113.83,0.021425,0.027914,0.6869,4.527
0.05,lyap2,55,-0.1446,-0.2073,0.500000,2.500000,1,0,2.993,0.009967,-0.13730,-0.20048,0.012721,0,608.85,12.39,87.36,207.77,0.012394,0.014162,0.3205,3.522
0.05,lyap2,56,0.7844,0.3256,0.500000,2.500000,1,0,3.821,0.009982,0.77531,0.32142,0.012736,0,208.05,9.19,12.48,84.65,0.009192,0.014990,0.4141,3.590
0.05,lyap2,57,0.2535,-0.6401,0.500000,2.500000,1,0,3.851,0.009951,0.25039,-0.63061,0.012732,0,356.35,16.67,22.51,143.16,0.016672,0.025227,0.3273,3.656
0.05,lyap2,58,0.3038,-0.4120,0.500000,2.500000,1,0,3.340,0.009990,0.29982,-0.40283,0.012747,0,349.99,14.47,10.53,153.61,0.014474,0.021580,0.1869,2.998
0.05,lyap2,59,0.7189,-0.3583,0.500000,2.500000,1,0,3.763,0.009957,0.71025,-0.35339,0.012742,0,234.58,10.34,14.66,94.88,0.010341,0.016719,0.3713,3.506
0.05,lyap2,60,0.1800,0.0264,0.500000,2.500000,1,0,1.839,0.009993,0.17002,0.02595,0.012734,0,264.09,2.65,10.41,119.65,0.002645,0.003179,0.0150,0.863
0.05,lyap2,61,-0.4251,0.6545,0.500000,2.500000,1,0,4.394,0.009984,-0.42174,0.64509,0.012717,0,423.06,23.73,29.00,164.74,0.023726,0.034100,0.5851,3.944
0.05,lyap2,62,0.5324,0.0722,0.500000,2.500000,1,0,3.157,0.009953,0.52263,0.07045,0.012731,0,258.92,2.80,0.40,126.96,0.002804,0.004216,0.1556,2.109
0.05,lyap2,63,-0.1463,-0.2830,0.500000,2.500000,1,0,3.225,0.009944,-0.13918,-0.27602,0.012737,0,511.45,13.07,37.99,207.93,0.013071,0.015259,0.2869,3.290
0.05,lyap2,64,0.5285,0.0914,0.500000,2.500000,1,0,3.158,0.009979,0.51873,0.08919,0.012731,0,261.13,3.55,0.51,127.40,0.003549,0.005335,0.1555,2.162
0.05,lyap2,65,0.2105,0.2530,0.500000,2.500000,1,0,2.751,0.009946,0.20451,0.24514,0.012716,0,418.18,13.20,40.65,158.54,0.013201,0.018088,0.1034,2.425
0.05,lyap2,66,-0.2321,0.7541,0.500000,2.500000,1,0,4.321,0.009955,-0.23087,0.74423,0.012711,0,366.32,19.59,13.78,154.69,0.019587,0.025662,0.5242,3.999
0.05,lyap2,67,0.1052,0.6538,0.500000,2.500000,1,0,3.898,0.009975,0.10397,0.64394,0.012727,0,376.37,16.51,19.09,156.71,0.016513,0.023440,0.3362,3.648
0.05,lyap2,68,0.5076,0.3617,0.500000,2.500000,1,0,3.470,0.009947,0.50045,0.35484,0.012754,0,303.98,11.93,14.92,128.13,0.011926,0.018481,0.2307,3.058
0.05,lyap2,69,-0.0513,0.1705,0.500000,2.500000,1,0,2.506,0.009957,-0.05324,0.16070,0.012732,0,627.04,14.00,116.93,186.09,0.014000,0.016569,0.2606,3.018
0.05,lyap2,70,-0.0982,0.3380,0.500000,2.500000,1,0,3.276,0.009973,-0.09256,0.32979,0.012742,0,466.42,13.63,21.39,201.60,0.013631,0.016372,0.2509,3.137
0.05,lyap2,71,-0.2987,-0.5024,0.500000,2.500000,1,0,3.996,0.009935,-0.29441,-0.49341,0.012716,0,418.18,17.63,3.27,192.60,0.017634,0.024215,0.4130,3.599
0.05,lyap2,72,-0.1503,0.3616,0.500000,2.500000,1,0,3.445,0.009967,-0.14421,0.35375,0.012752,0,442.68,13.86,6.44,204.51,0.013857,0.016542,0.2836,3.223
0.05,lyap2,73,-0.1360,0.7558,0.500000,2.500000,1,0,4.240,0.009932,-0.13563,0.74584,0.012707,0,344.96,18.30,4.76,154.00,0.018296,0.023537,0.4791,3.952
0.05,lyap2,74,0.2863,-0.1810,0.500000,2.500000,1,0,2.661,0.009945,0.27782,-0.17577,0.012720,0,366.57,9.83,29.42,146.49,0.009834,0.013406,0.0775,2.063
0.05,lyap2,75,0.2629,0.0381,0.500000,2.500000,1,0,2.271,0.009936,0.25298,0.03742,0.012747,0,283.81,2.72,6.54,133.33,0.002715,0.003453,0.0339,1.148
0.05,lyap2,76,-0.0879,0.1908,0.500000,2.500000,1,0,2.723,0.009932,-0.08491,0.18130,0.012717,0,647.28,13.05,117.65,196.21,0.013052,0.015101,0.2838,3.182
0.05,lyap2,77,0.1878,-0.1637,0.500000,2.500000,1,0,2.354,0.010000,0.17869,-0.15957,0.012742,0,386.91,11.63,37.60,147.13,0.011633,0.014831,0.0674,2.009
0.05,lyap2,78,0.3960,0.0616,0.500000,2.500000,1,0,2.778,0.009956,0.38619,0.05991,0.012714,0,290.60,3.01,6.37,136.67,0.003008,0.004244,0.0833,1.646
0.05,lyap2,79,0.1499,0.3328,0.500000,2.500000,1,0,3.007,0.009971,0.14793,0.32301,0.012720,0,418.55,14.61,27.07,171.25,0.014609,0.020395,0.1474,2.771
0.05,lyap2,80,0.4252,0.0139,0.500000,2.500000,1,0,2.846,0.009991,0.41518,0.01349,0.012713,0,272.94,0.65,1.10,134.89,0.000646,0.000925,0.0934,1.539
0.05,lyap2,81,-0.1576,0.2546,0.500000,2.500000,1,0,3.176,0.009975,-0.15002,0.24813,0.012733,0,538.65,12.82,50.06,209.64,0.012824,0.014912,0.3049,3.441
0.05,lyap2,82,-0.0686,-0.8309,0.500000,2.500000,1,0,4.314,0.009993,-0.06913,-0.82094,0.012710,0,317.02,18.70,5.80,138.69,0.018696,0.024458,0.5201,4.130
0.05,lyap2,83,0.4444,-0.8902,0.500000,2.500000,1,0,4.317,0.009969,0.43938,-0.88160,0.012710,0,208.14,18.73,6.76,83.27,0.018729,0.030397,0.6062,4.562
0.05,lyap2,84,0.2393,0.0573,0.500000,2.500000,1,0,2.193,0.009967,0.22933,0.05636,0.012748,0,286.87,4.36,7.75,132.41,0.004357,0.005470,0.0303,1.241
0.05,lyap2,85,-0.0699,0.1952,0.500000,2.500000,1,0,2.677,0.009967,-0.06831,0.18532,0.012719,0,636.01,13.46,115.20,192.71,0.013462,0.015834,0.2655,3.060
0.05,lyap2,86,0.7095,0.5152,0.500000,2.500000,1,0,3.937,0.009998,0.70154,0.50914,0.012722,0,227.20,13.62,16.79,86.60,0.013616,0.022377,0.4494,3.923
0.05,lyap2,87,-0.0494,-0.2016,0.500000,2.500000,1,0,2.640,0.009946,-0.04920,-0.19169,0.012721,0,618.78,13.92,109.91,189.04,0.013917,0.016678,0.2440,2.989
0.05,lyap2,88,0.0267,0.5306,0.500000,2.500000,1,0,3.656,0.009964,0.02775,0.52071,0.012750,0,415.38,15.47,18.34,177.74,0.015472,0.020782,0.2690,3.351
0.05,lyap2,89,0.5313,0.5599,0.500000,2.500000,1,0,3.834,0.009971,0.52495,0.55227,0.012734,0,290.98,15.25,21.30,112.75,0.015247,0.024451,0.3600,3.714
0.05,lyap2,90,-0.0457,0.0894,0.500000,2.500000,1,0,2.225,0.009999,-0.05550,0.08743,0.012739,0,623.20,14.12,115.80,185.21,0.014117,0.016433,0.3964,3.308
0.05,lyap2,91,-0.3348,-0.7215,0.500000,2.500000,1,0,4.377,0.009998,-0.33253,-0.71174,0.012716,0,392.60,21.28,22.36,157.98,0.021276,0.029505,0.5627,4.000
0.05,lyap2,92,-0.2539,0.6200,0.500000,2.500000,1,0,4.130,0.009994,-0.25139,0.61030,0.012707,0,391.53,18.15,5.51,176.64,0.018145,0.023960,0.4428,3.710
0.05,lyap2,93,0.1010,0.2482,0.500000,2.500000,1,0,2.647,0.009986,0.09647,0.23931,0.012720,0,491.62,14.73,65.50,169.27,0.014727,0.019284,0.1301,2.585
0.05,lyap2,94,0.8495,0.4720,0.500000,2.500000,1,0,4.040,0.009965,0.84081,0.46710,0.012712,0,170.92,12.07,12.63,63.78,0.012069,0.020174,0.5486,4.145
0.05,lyap2,95,0.1372,0.4237,0.500000,2.500000,1,0,3.312,0.009934,0.13682,0.41374,0.012745,0,377.35,15.14,3.76,173.56,0.015136,0.021448,0.1924,3.039
0.05,lyap2,96,0.4789,0.8183,0.500000,2.500000,1,0,4.219,0.009994,0.47346,0.80997,0.012706,0,229.37,18.13,11.30,89.79,0.018127,0.029553,0.5486,4.395
0.05,lyap2,97,-0.0656,0.3396,0.500000,2.500000,1,0,3.219,0.009991,-0.06076,0.33089,0.012737,0,467.51,13.81,25.22,198.18,0.013807,0.016990,0.2331,3.091
0.05,lyap2,98,0.6043,0.2287,0.500000,2.500000,1,0,3.441,0.009931,0.59533,0.22435,0.012753,0,264.75,7.69,9.18,117.42,0.007689,0.011964,0.2354,2.829
0.05,lyap2,99,-0.0616,-0.5886,0.500000,2.500000,1,0,3.861,0.009954,-0.06019,-0.57869,0.012731,0,406.80,15.81,14.44,177.10,0.015815,0.020370,0.3303,3.521
0.05,lyap2,100,0.6577,0.3184,0.500000,2.500000,1,0,3.630,0.009980,0.64910,0.31338,0.012752,0,256.43,9.77,14.06,106.83,0.009766,0.015532,0.3061,3.239
0.05,lyap2,101,0.7053,0.3527,0.500000,2.500000,1,0,3.738,0.009963,0.69670,0.34770,0.012745,0,239.88,10.29,14.74,97.48,0.010292,0.016587,0.3577,3.456
0.05,lyap2,102,-0.2611,-0.8069,0.500000,2.500000,1,0,4.425,0.009943,-0.25991,-0.79706,0.012721,0,361.24,20.83,20.36,144.64,0.020831,0.027682,0.5844,4.150
0.05,lyap2,103,-0.2565,-0.5607,0.500000,2.500000,1,0,4.033,0.009961,-0.25325,-0.55130,0.012713,0,399.86,17.41,1.55,185.32,0.017408,0.023028,0.4116,3.597
0.05,lyap2,104,-0.0062,-0.2025,0.500000,2.500000,1,0,2.531,0.009936,-0.00936,-0.19310,0.012730,0,577.62,14.77,97.54,180.20,0.014769,0.018151,0.2038,2.833
0.05,lyap2,105,0.1683,-0.1221,0.500000,2.500000,1,0,2.120,0.009963,0.15853,-0.12006,0.012746,0,313.05,10.42,10.37,138.34,0.010422,0.012864,0.0564,1.768
0.05,lyap2,106,0.1073,0.7657,0.500000,2.500000,1,0,4.117,0.009955,0.10539,0.75595,0.012708,0,327.14,17.35,10.41,140.15,0.017354,0.024823,0.4268,3.953
0.05,lyap2,107,0.2607,-0.0935,0.500000,2.500000,1,0,2.354,0.009986,0.25093,-0.09148,0.012743,0,321.52,6.33,18.43,137.58,0.006327,0.008144,0.0431,1.530
0.05,lyap2,108,0.2814,0.9272,0.500000,2.500000,1,0,4.358,0.009951,0.27764,0.91795,0.012713,0,225.51,18.88,2.23,96.37,0.018877,0.029163,0.5961,4.510
0.05,lyap2,109,0.5130,0.7951,0.500000,2.500000,1,0,4.197,0.009940,0.50726,0.78694,0.012706,0,228.21,17.90,12.38,88.30,0.017898,0.029339,0.5429,4.373
0.05,lyap2,110,0.4870,-0.3349,0.500000,2.500000,1,0,3.393,0.009959,0.47978,-0.32808,0.012751,0,304.67,11.49,12.06,131.66,0.011495,0.017650,0.2077,2.932
0.05,lyap2,111,0.2839,0.6459,0.500000,2.500000,1,0,3.867,0.009945,0.28039,0.63657,0.012730,0,347.62,16.73,22.40,138.87,0.016730,0.025585,0.3361,3.692
0.05,lyap2,112,0.3172,0.1950,0.500000,2.500000,1,0,2.775,0.009945,0.30898,0.18937,0.012715,0,353.70,9.72,23.43,146.13,0.009716,0.013588,0.0891,2.153
0.05,lyap2,113,0.3999,-0.0481,0.500000,2.500000,1,0,2.781,0.009959,0.39000,-0.04674,0.012714,0,285.88,2.34,4.90,136.29,0.002340,0.003305,0.0837,1.597
0.05,lyap2,114,0.0845,-0.3381,0.500000,2.500000,1,0,3.035,0.009965,0.08452,-0.32811,0.012722,0,443.64,14.72,31.21,179.57,0.014724,0.020078,0.1659,2.863
0.05,lyap2,115,0.2833,0.3617,0.500000,2.500000,1,0,3.187,0.009968,0.27915,0.35262,0.012734,0,336.30,13.94,1.10,156.60,0.013941,0.020443,0.1580,2.821
0.05,lyap2,116,-0.0960,-0.1708,0.500000,2.500000,1,0,2.675,0.009997,-0.09316,-0.16121,0.012719,0,669.01,12.83,128.54,196.34,0.012832,0.014627,0.3048,3.325
0.05,lyap2,117,0.1426,0.0149,0.500000,2.500000,1,0,1.583,0.009989,0.13268,0.01424,0.012720,0,254.86,1.88,18.34,107.68,0.001884,0.002190,0.0087,0.655
0.05,lyap2,118,0.2298,-0.1089,0.500000,2.500000,1,0,2.280,0.009994,0.22004,-0.10675,0.012746,0,328.58,7.90,20.27,138.10,0.007897,0.010019,0.0434,1.617
0.05,lyap2,119,0.3467,0.6367,0.500000,2.500000,1,0,3.865,0.009930,0.34247,0.62775,0.012731,0,334.10,16.64,22.60,131.97,0.016637,0.025889,0.3425,3.714
0.05,lyap2,120,0.1427,0.1849,0.500000,2.500000,1,0,2.368,0.009971,0.13421,0.17963,0.012741,0,425.01,13.48,48.56,153.83,0.013479,0.017091,0.0912,2.222
0.05,lyap2,121,0.9039,0.2691,0.500000,2.500000,1,0,3.944,0.009949,0.89436,0.26614,0.012722,0,156.58,7.25,8.62,64.24,0.007251,0.012022,0.5123,3.802
0.05,lyap2,122,0.6186,-0.7694,0.500000,2.500000,1,0,4.209,0.009989,0.61208,-0.76181,0.012706,0,201.01,17.50,12.15,75.23,0.017498,0.029155,0.5811,4.464
0.05,lyap2,123,0.1330,0.4410,0.500000,2.500000,1,0,3.364,0.009954,0.13278,0.43100,0.012748,0,385.46,15.23,7.88,173.43,0.015233,0.021590,0.2015,3.087
0.05,lyap2,124,0.3040,-0.5997,0.500000,2.500000,1,0,3.776,0.009987,0.30035,-0.59037,0.012741,0,354.59,16.37,23.68,141.34,0.016367,0.025070,0.3052,3.571
0.05,lyap2,125,0.8777,-0.3398,0.500000,2.500000,1,0,3.958,0.009958,0.86847,-0.33603,0.012720,0,167.47,9.07,10.64,66.29,0.009069,0.015047,0.5112,3.891
0.05,lyap2,126,0.4647,-0.7285,0.500000,2.500000,1,0,4.073,0.009980,0.45926,-0.72017,0.012710,0,268.63,17.33,16.84,104.48,0.017329,0.027979,0.4592,4.114
0.05,lyap2,127,-0.1434,-0.2996,0.500000,2.500000,1,0,3.264,0.009984,-0.13649,-0.29237,0.012741,0,495.16,13.23,30.55,207.11,0.013228,0.015507,0.2805,3.230
0.05,lyap2,128,0.7348,0.4244,0.500000,2.500000,1,0,3.857,0.009965,0.72642,0.41912,0.012732,0,225.73,11.71,15.63,88.45,0.011712,0.019127,0.4172,3.730
0.05,lyap2,129,-0.1202,-0.4211,0.500000,2.500000,1,0,3.542,0.009947,-0.11541,-0.41239,0.012753,0,427.93,14.36,4.94,198.26,0.014357,0.017435,0.2795,3.255
0.05,lyap2,130,0.0262,0.7331,0.500000,2.500000,1,0,4.090,0.009996,0.02526,0.72317,0.012709,0,346.45,17.05,9.36,151.08,0.017052,0.023350,0.4102,3.856
0.05,lyap2,131,0.1806,-0.8313,0.500000,2.500000,1,0,4.214,0.009990,0.17774,-0.82170,0.012706,0,287.61,17.97,7.28,123.04,0.017973,0.026653,0.4859,4.165
0.05,lyap2,132,0.0616,0.4904,0.500000,2.500000,1,0,3.530,0.009992,0.06256,0.48041,0.012754,0,410.18,15.33,15.49,178.11,0.015330,0.020995,0.2393,3.242
0.05,lyap2,133,0.3828,0.6743,0.500000,2.500000,1,0,3.948,0.009952,0.37813,0.66552,0.012721,0,312.38,16.93,20.70,122.79,0.016927,0.026686,0.3825,3.859
0.05,lyap2,134,0.6240,-0.1220,0.500000,2.500000,1,0,3.388,0.009971,0.61434,-0.11957,0.012751,0,246.75,4.21,4.48,115.74,0.004213,0.006528,0.2234,2.556
0.05,lyap2,135,0.7082,-0.4265,0.500000,2.500000,1,0,3.827,0.009951,0.69992,-0.42100,0.012735,0,236.70,11.91,16.34,93.08,0.011912,0.019369,0.3964,3.672
0.05,lyap2,136,0.3059,-0.0613,0.500000,2.500000,1,0,2.470,0.010000,0.29600,-0.05986,0.012735,0,302.74,3.76,11.61,136.94,0.003760,0.004957,0.0494,1.404
0.05,lyap2,137,0.3815,0.8201,0.500000,2.500000,1,0,4.197,0.009983,0.37681,0.81129,0.012706,0,255.50,18.12,11.40,102.76,0.018118,0.028858,0.5117,4.285
0.05,lyap2,138,-0.4068,-0.7436,0.500000,2.500000,1,0,4.485,0.009948,-0.40410,-0.73405,0.012728,0,399.60,23.72,31.33,150.68,0.023721,0.033987,0.6319,4.119
0.05,lyap2,139,0.2478,-0.2333,0.500000,2.500000,1,0,2.739,0.009995,0.24079,-0.22617,0.012716,0,395.80,12.14,35.24,153.56,0.012136,0.016701,0.0946,2.317
0.05,lyap2,140,0.6772,0.6933,0.500000,2.500000,1,0,4.142,0.009996,0.67010,0.68629,0.012707,0,202.39,16.45,14.01,74.85,0.016451,0.027455,0.5555,4.355
0.05,lyap2,141,0.0428,-0.2079,0.500000,2.500000,1,0,2.477,0.009931,0.03734,-0.19957,0.012734,0,527.32,15.12,80.62,171.70,0.015117,0.018932,0.1608,2.652
0.05,lyap2,142,0.6916,-0.1596,0.500000,2.500000,1,0,3.542,0.009942,0.68201,-0.15686,0.012755,0,232.42,5.12,6.97,105.40,0.005123,0.008089,0.2823,2.872
0.05,lyap2,143,0.3035,0.5051,0.500000,2.500000,1,0,3.568,0.009942,0.29999,0.49578,0.012754,0,365.04,15.52,21.45,149.43,0.015519,0.023500,0.2410,3.290
0.05,lyap2,144,0.1292,-0.1752,0.500000,2.500000,1,0,2.303,0.009980,0.12042,-0.17049,0.012744,0,414.39,13.63,44.08,152.90,0.013626,0.017085,0.0958,2.212
0.05,lyap2,145,0.4745,0.7177,0.500000,2.500000,1,0,4.060,0.009946,0.46897,0.70941,0.012711,0,269.38,17.21,17.29,104.49,0.017214,0.027822,0.4542,4.095
0.05,lyap2,146,0.3993,0.8983,0.500000,2.500000,1,0,4.321,0.009960,0.39465,0.88952,0.012710,0,215.73,18.76,5.99,87.80,0.018761,0.030105,0.5973,4.534
0.05,lyap2,147,-0.1444,0.3214,0.500000,2.500000,1,0,3.327,0.009967,-0.13779,0.31397,0.012745,0,474.29,13.44,20.69,206.37,0.013440,0.015852,0.2773,3.190
0.05,lyap2,148,0.0548,-0.4646,0.500000,2.500000,1,0,3.464,0.009963,0.05612,-0.45476,0.012753,0,407.03,15.15,11.50,180.65,0.015153,0.020633,0.2286,3.186
0.05,lyap2,149,0.3302,-0.5948,0.500000,2.500000,1,0,3.775,0.009960,0.32620,-0.58572,0.012741,0,348.80,16.30,23.70,138.48,0.016296,0.025132,0.3073,3.577
0.05,lyap2,150,0.1291,0.0400,0.500000,2.500000,1,0,1.551,0.009969,0.11936,0.03782,0.012721,0,336.19,5.33,56.71,107.38,0.005331,0.006157,0.0163,1.011
0.05,lyap2,151,0.1204,0.0183,0.500000,2.500000,1,0,1.423,0.009980,0.11051,0.01664,0.012720,0,273.28,2.76,35.21,99.36,0.002755,0.003098,0.0077,0.678
0.05,lyap2,152,0.3968,0.7576,0.500000,2.500000,1,0,4.098,0.009971,0.39194,0.74892,0.012708,0,277.86,17.62,15.70,110.02,0.017619,0.028074,0.4583,4.118
0.05,lyap2,153,0.0547,0.2267,0.500000,2.500000,1,0,2.561,0.009945,0.05016,0.21781,0.012726,0,525.40,15.01,78.70,172.74,0.015010,0.019089,0.1535,2.654
0.05,lyap2,154,0.0069,0.1062,0.500000,2.500000,1,0,3.207,0.009996,0.01435,0.09953,0.012734,0,1854.96,13.40,641.33,276.10,0.013400,0.015958,0.7614,4.134
0.05,lyap2,155,0.3885,0.8374,0.500000,2.500000,1,0,4.226,0.009966,0.38380,0.82863,0.012706,0,246.09,18.26,10.18,99.17,0.018261,0.029162,0.5310,4.343
0.05,lyap2,156,0.0770,0.0732,0.500000,2.500000,1,0,1.468,0.009998,0.06989,0.06618,0.012721,0,564.65,12.19,164.01,109.18,0.012190,0.013744,0.0657,1.768
0.05,lyap2,157,0.0515,-0.0915,0.500000,2.500000,1,0,1.621,0.009986,0.04395,-0.08499,0.012725,0,612.70,14.64,170.68,124.69,0.014643,0.016952,0.1206,2.202
0.05,lyap2,158,0.1176,-0.1584,0.500000,2.500000,1,0,2.200,0.009998,0.10829,-0.15471,0.012745,0,379.93,13.56,29.97,149.82,0.013563,0.016764,0.0988,2.164
0.05,lyap2,159,-0.1864,-0.2631,0.500000,2.500000,1,0,3.283,0.009958,-0.17844,-0.25716,0.012742,0,514.80,13.09,35.41,212.17,0.013091,0.015617,0.3189,3.585
0.05,lyap2,160,0.2632,-0.1929,0.500000,2.500000,1,0,2.640,0.009932,0.25503,-0.18733,0.012721,0,381.29,10.73,33.94,148.66,0.010728,0.014519,0.0788,2.119
0.05,lyap2,161,-0.3555,-0.7662,0.500000,2.500000,1,0,4.460,0.009939,-0.35340,-0.75654,0.012725,0,386.42,22.36,27.21,149.23,0.022363,0.031327,0.6114,4.123
0.05,lyap2,162,-0.1215,-0.1778,0.500000,2.500000,1,0,2.806,0.009941,-0.11607,-0.16947,0.012716,0,662.48,12.39,119.55,202.40,0.012386,0.013977,0.3215,3.486
0.05,lyap2,163,-0.0238,-0.5614,0.500000,2.500000,1,0,3.768,0.009949,-0.02247,-0.55152,0.012742,0,414.19,15.59,17.19,178.22,0.015589,0.020363,0.3013,3.443
0.05,lyap2,164,0.4774,0.4709,0.500000,2.500000,1,0,3.630,0.009939,0.47127,0.46313,0.012752,0,318.26,14.22,20.88,127.59,0.014215,0.022274,0.2755,3.361
0.05,lyap2,165,0.0443,-0.5806,0.500000,2.500000,1,0,3.764,0.009969,0.04456,-0.57058,0.012742,0,405.09,15.87,19.72,170.92,0.015866,0.021638,0.2951,3.464
0.05,lyap2,166,-0.0210,-0.5374,0.500000,2.500000,1,0,3.709,0.009998,-0.01932,-0.52754,0.012747,0,418.61,15.41,17.09,180.66,0.015407,0.020089,0.2867,3.388
0.05,lyap2,167,0.8175,0.5027,0.500000,2.500000,1,0,4.037,0.009931,0.80907,0.49747,0.012713,0,181.71,12.82,13.54,67.70,0.012823,0.021400,0.5359,4.143
0.05,lyap2,168,0.8027,-0.3400,0.500000,2.500000,1,0,3.859,0.009973,0.79365,-0.33579,0.012731,0,200.24,9.44,12.42,80.62,0.009440,0.015465,0.4371,3.679
0.05,lyap2,169,0.1514,0.0679,0.500000,2.500000,1,0,1.799,0.009995,0.14146,0.06657,0.012732,0,327.91,7.31,37.24,121.24,0.007306,0.008723,0.0301,1.317
0.05,lyap2,170,0.5304,0.7692,0.500000,2.500000,1,0,4.165,0.009985,0.52447,0.76117,0.012706,0,232.21,17.64,13.64,89.24,0.017638,0.028949,0.5279,4.323
0.05,lyap2,171,0.2090,0.4792,0.500000,2.500000,1,0,3.471,0.009981,0.20712,0.46935,0.012753,0,382.38,15.49,16.89,162.68,0.015492,0.022717,0.2165,3.181
0.05,lyap2,172,0.5598,-0.3460,0.500000,2.500000,1,0,3.520,0.009959,0.55202,-0.33978,0.012755,0,288.83,11.15,14.98,121.07,0.011146,0.017429,0.2524,3.104
0.05,lyap2,173,0.5464,-0.7222,0.500000,2.500000,1,0,4.102,0.009983,0.54023,-0.71434,0.012708,0,243.26,17.14,15.81,92.97,0.017138,0.028091,0.4946,4.212
0.05,lyap2,174,-0.1182,-0.2340,0.500000,2.500000,1,0,2.989,0.009986,-0.11193,-0.22624,0.012720,0,585.86,12.75,79.14,204.23,0.012748,0.014736,0.2864,3.253
0.05,lyap2,175,-0.2591,-0.7992,0.500000,2.500000,1,0,4.412,0.009969,-0.25792,-0.78936,0.012719,0,362.49,20.69,19.65,146.07,0.020690,0.027465,0.5767,4.129
0.05,lyap2,176,0.5500,-0.2108,0.500000,2.500000,1,0,3.318,0.009933,0.54118,-0.20627,0.012746,0,273.75,7.53,6.24,124.98,0.007534,0.011539,0.1949,2.634
0.05,lyap2,177,0.2832,0.3475,0.500000,2.500000,1,0,3.147,0.009936,0.27886,0.33855,0.012731,0,342.26,13.73,4.33,156.51,0.013730,0.020060,0.1509,2.771
0.05,lyap2,178,0.3999,0.1449,0.500000,2.500000,1,0,2.886,0.009996,0.39073,0.14092,0.012714,0,308.18,6.62,10.29,138.83,0.006625,0.009516,0.1004,2.037
0.05,lyap2,179,-0.3922,0.5944,0.500000,2.500000,1,0,4.273,0.009931,-0.38862,0.58519,0.012708,0,427.84,21.73,21.44,176.18,0.021733,0.031217,0.5243,3.847
0.05,lyap2,180,0.1187,-0.5094,0.500000,2.500000,1,0,3.556,0.009985,0.11845,-0.49937,0.012754,0,402.28,15.61,18.58,170.86,0.015613,0.022103,0.2391,3.270
0.05,lyap2,181,0.2591,0.4505,0.500000,2.500000,1,0,3.412,0.009979,0.25627,0.44099,0.012751,0,367.50,15.13,14.45,157.95,0.015133,0.022449,0.2027,3.104
0.05,lyap2,182,-0.1886,-0.2921,0.500000,2.500000,1,0,3.359,0.009983,-0.18099,-0.28564,0.012747,0,487.98,13.40,22.95,210.99,0.013404,0.016099,0.3090,3.511
0.05,lyap2,183,0.1147,-0.5915,0.500000,2.500000,1,0,3.758,0.009958,0.11388,-0.58153,0.012743,0,394.44,16.12,21.68,163.45,0.016117,0.022895,0.2912,3.483
0.05,lyap2,184,0.3148,0.1334,0.500000,2.500000,1,0,2.623,0.009992,0.30548,0.12977,0.012722,0,338.05,7.37,21.82,141.68,0.007369,0.010006,0.0680,1.835
0.05,lyap2,185,0.2581,-0.2319,0.500000,2.500000,1,0,2.754,0.009949,0.25101,-0.22489,0.012715,0,389.65,11.90,33.14,152.76,0.011902,0.016450,0.0946,2.308
0.05,lyap2,186,-0.0058,-0.3736,0.500000,2.500000,1,0,3.241,0.009973,-0.00266,-0.36413,0.012739,0,432.72,14.38,14.61,190.96,0.014381,0.018653,0.2131,3.056
0.05,lyap2,187,0.6780,0.6485,0.500000,2.500000,1,0,4.083,0.009979,0.67078,0.64159,0.012709,0,214.20,15.85,15.45,79.76,0.015852,0.026333,0.5197,4.231
0.05,lyap2,188,0.1861,0.6801,0.500000,2.500000,1,0,3.934,0.009956,0.18374,0.67048,0.012723,0,355.60,16.86,19.60,145.56,0.016856,0.024915,0.3534,3.738
0.05,lyap2,189,0.5062,-0.1910,0.500000,2.500000,1,0,3.203,0.010000,0.49729,-0.18652,0.012735,0,276.08,7.25,2.42,130.19,0.007251,0.010938,0.1638,2.459
0.05,lyap2,190,0.3110,0.0827,0.500000,2.500000,1,0,2.518,0.009978,0.30126,0.08063,0.012731,0,314.29,4.90,15.20,138.27,0.004905,0.006526,0.0545,1.542
0.05,lyap2,191,0.2038,0.5088,0.500000,2.500000,1,0,3.547,0.009963,0.20201,0.49903,0.012754,0,386.60,15.71,20.08,161.43,0.015711,0.023075,0.2338,3.265
0.05,lyap2,192,0.1233,-0.0533,0.500000,2.500000,1,0,1.572,0.009950,0.11371,-0.05057,0.012722,0,377.76,7.10,73.81,109.75,0.007095,0.008218,0.0248,1.210
0.05,lyap2,193,-0.0796,-0.7824,0.500000,2.500000,1,0,4.242,0.009966,-0.07986,-0.77241,0.012707,0,327.73,18.14,2.40,147.86,0.018138,0.023615,0.4801,4.002
0.05,lyap2,194,0.2915,-0.1221,0.500000,2.500000,1,0,2.526,0.009938,0.28204,-0.11897,0.012730,0,339.21,7.27,23.11,141.05,0.007266,0.009660,0.0585,1.743
0.05,lyap2,195,-0.1019,0.1701,0.500000,2.500000,1,0,2.697,0.009937,-0.09844,0.16074,0.012718,0,671.93,12.70,128.76,197.68,0.012699,0.014411,0.3106,3.373
0.05,lyap2,196,0.4572,-0.2213,0.500000,2.500000,1,0,3.144,0.009952,0.44888,-0.21589,0.012730,0,284.66,8.69,0.05,135.77,0.008691,0.012974,0.1482,2.467
0.05,lyap2,197,0.1068,0.1660,0.500000,2.500000,1,0,2.233,0.009956,0.09778,0.16179,0.012745,0,402.38,14.04,37.66,153.00,0.014037,0.017380,0.1088,2.246
0.05,lyap2,198,0.6025,-0.0753,0.500000,2.500000,1,0,3.319,0.009941,0.59264,-0.07373,0.012746,0,246.28,2.69,2.29,118.84,0.002691,0.004135,0.2016,2.348
0.05,lyap2,199,0.0462,0.5396,0.500000,2.500000,1,0,3.666,0.009929,0.04684,0.52965,0.012750,0,412.41,15.59,19.28,175.24,0.015589,0.021215,0.2694,3.365
0.05,lyap2,200,0.1240,-0.0387,0.500000,2.500000,1,0,1.511,0.009976,0.11432,-0.03619,0.012720,0,341.83,5.38,61.62,105.25,0.005383,0.006169,0.0159,1.000
0.05,lyap2,201,0.4164,-0.5120,0.500000,2.500000,1,0,3.655,0.009948,0.41115,-0.50356,0.012751,0,335.04,15.15,22.45,133.71,0.015147,0.023584,0.2761,3.411
0.05,lyap2,202,-0.1230,0.4612,0.500000,2.500000,1,0,3.643,0.009994,-0.11896,0.45210,0.012751,0,431.14,14.75,9.80,194.71,0.014749,0.018097,0.2931,3.316
0.05,lyap2,203,0.4410,-0.4585,0.500000,2.500000,1,0,3.570,0.009955,0.43525,-0.45036,0.012754,0,328.76,14.25,20.15,133.54,0.014249,0.022116,0.2524,3.273
0.05,lyap2,204,0.2855,0.1293,0.500000,2.500000,1,0,2.523,0.009961,0.27612,0.12588,0.012730,0,344.40,7.72,24.75,141.66,0.007724,0.010256,0.0592,1.778
0.05,lyap2,205,0.3098,0.8479,0.500000,2.500000,1,0,4.234,0.009956,0.30578,0.83878,0.012706,0,258.97,18.26,8.75,107.04,0.018265,0.028496,0.5193,4.299
0.05,lyap2,206,0.7544,0.5438,0.500000,2.500000,1,0,4.018,0.009951,0.74635,0.53791,0.012714,0,203.58,13.88,15.20,76.17,0.013885,0.023056,0.5051,4.103
0.05,lyap2,207,0.2818,0.3011,0.500000,2.500000,1,0,3.009,0.009973,0.27641,0.29273,0.012720,0,360.98,12.98,15.46,155.29,0.012976,0.018678,0.1283,2.599
0.05,lyap2,208,0.4930,0.1739,0.500000,2.500000,1,0,3.153,0.009975,0.48398,0.16968,0.012731,0,274.41,6.78,0.56,131.56,0.006783,0.010165,0.1519,2.364
0.05,lyap2,209,0.3355,-0.5061,0.500000,2.500000,1,0,3.587,0.009977,0.33143,-0.49700,0.012754,0,357.14,15.42,21.86,145.14,0.015425,0.023552,0.2482,3.315
0.05,lyap2,210,0.2506,-0.7408,0.500000,2.500000,1,0,4.047,0.009994,0.24724,-0.73137,0.012712,0,319.30,17.38,16.37,130.25,0.017382,0.026460,0.4087,3.943
0.05,lyap2,211,0.5757,-0.1236,0.500000,2.500000,1,0,3.288,0.009929,0.56611,-0.12090,0.012743,0,257.51,4.49,3.28,122.11,0.004485,0.006860,0.1903,2.413
0.05,lyap2,212,0.1789,0.4176,0.500000,2.500000,1,0,3.294,0.009940,0.17760,0.40771,0.012743,0,368.26,15.07,4.05,168.77,0.015074,0.021687,0.1847,3.005
0.05,lyap2,213,0.3431,0.9019,0.500000,2.500000,1,0,4.320,0.009987,0.33883,0.89284,0.012710,0,226.45,18.74,5.18,94.00,0.018736,0.029569,0.5833,4.488
0.05,lyap2,214,0.4497,-0.0405,0.500000,2.500000,1,0,2.926,0.009934,0.43980,-0.03943,0.012714,0,274.59,1.80,2.18,133.77,0.001796,0.002607,0.1067,1.726
0.05,lyap2,215,-0.0738,-0.8147,0.500000,2.500000,1,0,4.291,0.009999,-0.07429,-0.80466,0.012709,0,321.04,18.52,4.79,141.84,0.018522,0.024180,0.5068,4.087
0.05,lyap2,216,-0.0007,-0.2767,0.500000,2.500000,1,0,2.867,0.009982,0.00054,-0.26681,0.012716,0,533.59,14.30,68.47,187.60,0.014297,0.018291,0.1927,2.898
0.05,lyap2,217,0.1157,-0.0892,0.500000,2.500000,1,0,1.755,0.009964,0.10602,-0.08677,0.012729,0,404.55,10.59,70.59,123.74,0.010595,0.012550,0.0571,1.663
0.05,lyap2,218,0.2996,0.3432,0.500000,2.500000,1,0,3.152,0.009988,0.29486,0.33439,0.012731,0,335.88,13.51,3.31,154.50,0.013506,0.019797,0.1509,2.761
0.05,lyap2,219,0.1075,0.0912,0.500000,2.500000,1,0,1.739,0.009977,0.09793,0.08844,0.012729,0,425.38,11.16,80.41,123.91,0.011163,0.013190,0.0636,1.727
0.05,lyap2,220,-0.1180,0.5028,0.500000,2.500000,1,0,3.733,0.009937,-0.11476,0.49343,0.012745,0,427.54,15.13,12.23,190.19,0.015132,0.018791,0.3079,3.382
0.05,lyap2,221,-0.0384,-0.1602,0.500000,2.500000,1,0,2.416,0.009937,-0.04236,-0.15114,0.012738,0,600.57,14.40,107.60,181.89,0.014400,0.017140,0.2567,2.973
0.05,lyap2,222,0.6916,-0.2139,0.500000,2.500000,1,0,3.581,0.009992,0.68227,-0.21039,0.012754,0,237.63,6.74,9.42,104.34,0.006737,0.010680,0.2958,3.025
0.05,lyap2,223,-0.0588,0.1179,0.500000,2.500000,1,0,2.318,0.009949,-0.06390,0.10934,0.012741,0,612.24,13.77,112.22,183.57,0.013774,0.016008,0.3294,3.260
0.05,lyap2,224,-0.0745,-0.3129,0.500000,2.500000,1,0,3.148,0.009965,-0.06944,-0.30433,0.012731,0,495.58,13.58,38.09,199.51,0.013582,0.016519,0.2373,3.080
0.05,lyap2,225,-0.1780,-0.3364,0.500000,2.500000,1,0,3.441,0.009935,-0.17114,-0.32913,0.012751,0,456.89,13.76,10.28,207.84,0.013760,0.016524,0.2975,3.339
0.05,lyap2,226,0.6911,0.0578,0.500000,2.500000,1,0,3.495,0.009989,0.68118,0.05676,0.012755,0,220.47,1.90,2.45,106.36,0.001898,0.002982,0.2670,2.605
0.05,lyap2,227,0.2381,-0.1180,0.500000,2.500000,1,0,2.337,0.009936,0.22852,-0.11543,0.012743,0,339.57,8.19,23.87,139.77,0.008193,0.010489,0.0470,1.680
0.05,lyap2,228,0.1519,0.8000,0.500000,2.500000,1,0,4.166,0.009967,0.14943,0.79031,0.012706,0,306.36,17.68,9.06,130.86,0.017682,0.025871,0.4558,4.063
0.05,lyap2,229,0.1294,-0.0464,0.500000,2.500000,1,0,1.579,0.009949,0.11971,-0.04416,0.012722,0,350.35,6.06,61.29,109.34,0.006057,0.007027,0.0198,1.100
0.05,lyap2,230,0.0091,0.7864,0.500000,2.500000,1,0,4.196,0.009937,0.00801,0.77657,0.012706,0,319.98,17.66,3.42,143.33,0.017659,0.023969,0.4593,4.000
0.05,lyap2,231,0.7804,-0.0773,0.500000,2.500000,1,0,3.664,0.009971,0.77045,-0.07612,0.012751,0,193.57,2.35,3.34,91.68,0.002351,0.003773,0.3464,2.961
0.05,lyap2,232,0.1448,0.2357,0.500000,2.500000,1,0,2.607,0.009974,0.13863,0.22787,0.012723,0,460.83,14.14,57.38,162.43,0.014141,0.018617,0.1077,2.444
0.05,lyap2,233,0.0215,0.4271,0.500000,2.500000,1,0,3.380,0.009987,0.02378,0.41737,0.012749,0,400.54,14.80,3.03,186.13,0.014803,0.019667,0.2221,3.129
0.05,lyap2,234,-0.0409,-0.1955,0.500000,2.500000,1,0,2.586,0.009987,-0.04190,-0.18552,0.012724,0,613.73,14.15,109.75,186.50,0.014146,0.017010,0.2384,2.961
0.05,lyap2,235,0.4958,-0.7270,0.500000,2.500000,1,0,4.084,0.009996,0.49005,-0.71881,0.012709,0,259.00,17.28,16.47,100.08,0.017276,0.028064,0.4723,4.151
0.05,lyap2,236,0.8988,-0.2304,0.500000,2.500000,1,0,3.914,0.009989,0.88913,-0.22776,0.012725,0,158.02,6.29,7.73,66.56,0.006292,0.010398,0.4947,3.698
0.05,lyap2,237,0.0532,-0.4550,0.500000,2.500000,1,0,3.438,0.009945,0.05465,-0.44516,0.012752,0,404.84,15.09,9.67,181.43,0.015092,0.020517,0.2246,3.165
0.05,lyap2,238,0.1776,-0.1698,0.500000,2.500000,1,0,2.358,0.009977,0.16864,-0.16543,0.012742,0,395.96,12.13,40.19,148.69,0.012128,0.015447,0.0724,2.062
0.05,lyap2,239,0.4213,0.3347,0.500000,2.500000,1,0,3.294,0.009973,0.41472,0.32723,0.012744,0,314.39,12.11,7.97,140.14,0.012108,0.018295,0.1791,2.833
0.05,lyap2,240,0.3769,-0.3379,0.500000,2.500000,1,0,3.237,0.009989,0.37089,-0.32987,0.012739,0,318.87,12.62,4.46,145.51,0.012620,0.018864,0.1656,2.794
0.05,lyap2,241,0.2876,0.6481,0.500000,2.500000,1,0,3.872,0.009956,0.28403,0.63883,0.012730,0,346.01,16.75,22.31,138.14,0.016748,0.025648,0.3384,3.701
0.05,lyap2,242,-0.2242,-0.5692,0.500000,2.500000,1,0,4.005,0.009945,-0.22120,-0.55972,0.012715,0,397.03,16.92,1.57,184.26,0.016925,0.021929,0.3965,3.585
0.05,lyap2,243,0.2114,0.6827,0.500000,2.500000,1,0,3.937,0.009958,0.20863,0.67317,0.012722,0,350.28,16.92,19.88,142.57,0.016917,0.025275,0.3566,3.756
0.05,lyap2,244,0.3551,-0.4475,0.500000,2.500000,1,0,3.468,0.009985,0.35051,-0.43866,0.012754,0,348.69,14.63,17.57,145.80,0.014626,0.022229,0.2174,3.147
0.05,lyap2,245,-0.0902,0.2305,0.500000,2.500000,1,0,2.888,0.009942,-0.08557,0.22176,0.012716,0,599.17,13.06,90.35,199.44,0.013055,0.015349,0.2662,3.092
0.05,lyap2,246,0.3024,-0.0595,0.500000,2.500000,1,0,2.455,0.009976,0.29251,-0.05814,0.012736,0,301.82,3.69,11.37,136.77,0.003692,0.004853,0.0480,1.385
0.05,lyap2,247,0.0963,-0.5319,0.500000,2.500000,1,0,3.622,0.009929,0.09623,-0.52194,0.012752,0,406.17,15.69,20.01,171.32,0.015688,0.021982,0.2554,3.332
0.05,lyap2,248,0.6870,-0.3791,0.500000,2.500000,1,0,3.743,0.009977,0.67856,-0.37378,0.012744,0,246.81,11.02,15.80,99.34,0.011017,0.017747,0.3556,3.487
0.05,lyap2,249,0.6621,-0.5816,0.500000,2.500000,1,0,3.979,0.009999,0.65475,-0.57488,0.012718,0,235.85,14.95,17.51,89.20,0.014952,0.024585,0.4580,4.011
0.05,lyap2,250,-0.1159,-0.8802,0.500000,2.500000,1,0,4.420,0.009976,-0.11621,-0.87024,0.012720,0,317.08,19.79,13.18,130.52,0.019792,0.025683,0.5834,4.276
0.05,lyap2,251,0.1278,0.4828,0.500000,2.500000,1,0,3.483,0.009986,0.12755,0.47284,0.012754,0,397.80,15.47,15.53,171.77,0.015473,0.021961,0.2236,3.199
0.05,lyap2,252,-0.4713,-0.6876,0.500000,2.500000,1,0,4.491,0.009963,-0.46786,-0.67823,0.012729,0,423.18,26.30,35.81,156.05,0.026304,0.037655,0.6452,4.066
0.05,lyap2,253,0.0785,-0.2458,0.500000,2.500000,1,0,2.640,0.009996,0.07442,-0.23668,0.012721,0,507.86,14.87,70.82,171.96,0.014869,0.019298,0.1415,2.634
0.05,lyap2,254,0.1938,-0.0414,0.500000,2.500000,1,0,1.943,0.009958,0.18387,-0.04085,0.012740,0,268.43,3.83,7.05,124.29,0.003830,0.004656,0.0197,1.037
0.05,lyap2,255,0.2595,0.6392,0.500000,2.500000,1,0,3.850,0.009939,0.25631,0.62978,0.012732,0,355.31,16.67,22.58,142.57,0.016669,0.025273,0.3274,3.657
0.05,lyap2,256,-0.1225,-0.6050,0.500000,2.500000,1,0,3.954,0.009953,-0.12079,-0.59517,0.012720,0,397.33,16.18,9.07,177.46,0.016179,0.020603,0.3648,3.588
0.05,lyap2,257,-0.2557,-0.7313,0.500000,2.500000,1,0,4.309,0.009975,-0.25413,-0.72147,0.012710,0,375.26,19.69,14.46,158.40,0.019692,0.026063,0.5197,3.959
0.05,lyap2,258,0.9286,-0.2665,0.500000,2.500000,1,0,3.976,0.009941,0.91912,-0.26370,0.012718,0,145.54,7.09,8.07,59.38,0.007093,0.011807,0.5386,3.874
0.05,lyap2,259,-0.1529,0.2949,0.500000,2.500000,1,0,3.275,0.009962,-0.14578,0.28789,0.012741,0,496.88,13.20,30.38,208.16,0.013201,0.015483,0.2874,3.298
0.05,lyap2,260,-0.5134,-0.8404,0.500000,2.500000,1,0,4.705,0.009971,-0.51029,-0.83095,0.012755,0,381.58,29.38,43.61,125.15,0.029383,0.042139,0.8016,4.467
0.05,lyap2,261,0.1135,0.7021,0.500000,2.500000,1,0,3.994,0.009954,0.11180,0.69227,0.012716,0,356.10,16.87,16.04,149.36,0.016867,0.024128,0.3728,3.779
0.05,lyap2,262,0.1363,0.0233,0.500000,2.500000,1,0,1.552,0.009981,0.12637,0.02206,0.012720,0,281.10,3.05,31.85,106.41,0.003049,0.003525,0.0099,0.766
0.05,lyap2,263,0.6920,-0.4273,0.500000,2.500000,1,0,3.808,0.009958,0.68383,-0.42162,0.012737,0,243.22,12.03,16.74,95.85,0.012025,0.019500,0.3840,3.636
0.05,lyap2,264,0.2765,0.2692,0.500000,2.500000,1,0,2.904,0.009990,0.27038,0.26131,0.012715,0,373.44,12.42,23.31,154.09,0.012422,0.017629,0.1129,2.470
0.05,lyap2,265,0.2175,0.3285,0.500000,2.500000,1,0,3.027,0.009934,0.21388,0.31920,0.012721,0,385.45,14.09,18.81,163.35,0.014094,0.020078,0.1385,2.709
0.05,lyap2,266,0.5969,-0.4234,0.500000,2.500000,1,0,3.685,0.009997,0.58928,-0.41694,0.012749,0,279.44,12.56,18.41,111.89,0.012560,0.020004,0.3143,3.420
0.05,lyap2,267,0.0093,-0.2934,0.500000,2.500000,1,0,2.923,0.009977,0.01071,-0.28351,0.012717,0,513.01,14.35,58.41,187.33,0.014349,0.018575,0.1874,2.900
0.05,lyap2,268,-0.0703,-0.4002,0.500000,2.500000,1,0,3.410,0.009964,-0.06595,-0.39127,0.012750,0,416.92,14.22,1.60,196.20,0.014218,0.017594,0.2498,3.174
0.05,lyap2,269,-0.1298,0.8148,0.500000,2.500000,1,0,4.330,0.009962,-0.12974,0.80486,0.012711,0,333.48,19.04,9.23,143.23,0.019040,0.024590,0.5272,4.103
0.05,lyap2,270,0.3659,0.1527,0.500000,2.500000,1,0,2.808,0.009973,0.35691,0.14840,0.012714,0,323.70,7.37,15.24,141.08,0.007366,0.010417,0.0896,2.010
0.05,lyap2,271,0.1731,0.7224,0.500000,2.500000,1,0,4.019,0.009969,0.17060,0.71272,0.012714,0,340.19,17.12,16.28,140.97,0.017122,0.025229,0.3875,3.851
0.05,lyap2,272,-0.1537,-0.3882,0.500000,2.500000,1,0,3.517,0.009996,-0.14798,-0.37996,0.012753,0,426.80,14.14,0.06,202.73,0.014141,0.017021,0.2896,3.251
0.05,lyap2,273,0.3157,0.8481,0.500000,2.500000,1,0,4.235,0.009934,0.31160,0.83907,0.012706,0,257.72,18.27,8.80,106.35,0.018273,0.028565,0.5209,4.304
0.05,lyap2,274,-0.0314,-0.5603,0.500000,2.500000,1,0,3.772,0.009940,-0.02999,-0.55042,0.012741,0,414.78,15.57,16.85,178.86,0.015571,0.020249,0.3031,3.444
0.05,lyap2,275,0.8578,-0.3810,0.500000,2.500000,1,0,3.966,0.009984,0.84878,-0.37685,0.012719,0,174.63,10.11,11.77,67.96,0.010108,0.016774,0.5093,3.937
0.05,lyap2,276,0.1279,-0.9419,0.500000,2.500000,1,0,4.403,0.009984,0.12545,-0.93223,0.012718,0,250.46,19.09,3.72,107.19,0.019085,0.027444,0.5993,4.466
0.05,lyap2,277,0.3437,0.3660,0.500000,2.500000,1,0,3.263,0.009955,0.33863,0.35750,0.012741,0,330.76,13.47,5.85,149.43,0.013471,0.020092,0.1707,2.866
0.05,lyap2,278,0.4443,0.0492,0.500000,2.500000,1,0,2.914,0.009977,0.43445,0.04784,0.012714,0,277.20,2.20,2.83,134.12,0.002196,0.003180,0.1046,1.742
0.05,lyap2,279,0.5094,-0.5381,0.500000,2.500000,1,0,3.779,0.009954,0.50316,-0.53035,0.012741,0,302.23,15.05,21.82,118.01,0.015045,0.023959,0.3337,3.614
0.05,lyap2,280,0.6178,0.6921,0.500000,2.500000,1,0,4.100,0.009996,0.61102,0.68469,0.012708,0,226.24,16.62,15.55,85.10,0.016621,0.027485,0.5126,4.243
0.05,lyap2,281,-0.0121,0.1057,0.500000,2.500000,1,0,3.317,0.009989,-0.00535,0.09839,0.012737,0,1727.43,13.46,567.40,286.23,0.013456,0.015965,0.8098,4.128
0.05,lyap2,282,0.5679,0.2579,0.500000,2.500000,1,0,3.409,0.009992,0.55932,0.25276,0.012752,0,276.73,8.80,9.78,121.99,0.008799,0.013617,0.2214,2.835
0.05,lyap2,283,0.2760,0.1287,0.500000,2.500000,1,0,2.491,0.009997,0.26657,0.12544,0.012733,0,345.92,7.89,25.49,141.55,0.007894,0.010410,0.0569,1.767
0.05,lyap2,284,0.4500,0.3983,0.500000,2.500000,1,0,3.461,0.009974,0.44368,0.39059,0.012754,0,321.67,13.15,16.03,134.94,0.013152,0.020246,0.2223,3.090
0.05,lyap2,285,0.4344,0.0610,0.500000,2.500000,1,0,2.892,0.009970,0.42452,0.05932,0.012714,0,281.78,2.76,3.96,134.86,0.002762,0.003984,0.1008,1.758
0.05,lyap2,286,0.2625,-0.1936,0.500000,2.500000,1,0,2.640,0.009958,0.25428,-0.18797,0.012721,0,381.78,10.77,34.09,148.73,0.010767,0.014571,0.0790,2.123
0.05,lyap2,287,0.4951,-0.4703,0.500000,2.500000,1,0,3.646,0.009985,0.48876,-0.46257,0.012751,0,312.56,14.09,20.77,124.94,0.014095,0.022161,0.2835,3.385
0.05,lyap2,288,-0.0609,0.1904,0.500000,2.500000,1,0,2.626,0.009990,-0.06043,0.18044,0.012721,0,633.15,13.69,116.03,190.28,0.013690,0.016191,0.2596,3.034
0.05,lyap2,289,0.4627,-0.5742,0.500000,2.500000,1,0,3.807,0.009939,0.45707,-0.56606,0.012737,0,312.59,15.72,22.52,121.98,0.015723,0.024935,0.3366,3.657
0.05,lyap2,290,-0.2671,0.5113,0.500000,2.500000,1,0,3.962,0.009941,-0.26301,0.50226,0.012719,0,409.33,16.99,0.04,191.88,0.016993,0.022690,0.3954,3.521
0.05,lyap2,291,-0.1914,0.4290,0.500000,2.500000,1,0,3.678,0.009973,-0.18621,0.42046,0.012749,0,434.95,14.85,5.71,200.63,0.014845,0.018419,0.3194,3.335
0.05,lyap2,292,0.3585,0.0772,0.500000,2.500000,1,0,2.673,0.009951,0.34880,0.07510,0.012719,0,303.84,4.07,10.82,138.05,0.004067,0.005605,0.0701,1.620
0.05,lyap2,293,0.0225,0.1187,0.500000,2.500000,1,0,2.002,0.009980,0.01273,0.11654,0.012737,0,379.89,15.44,21.76,156.60,0.015439,0.018370,0.2120,2.585
0.05,lyap2,294,0.4545,0.0289,0.500000,2.500000,1,0,2.935,0.009991,0.44453,0.02810,0.012715,0,271.46,1.27,1.47,133.31,0.001272,0.001850,0.1084,1.698
0.05,lyap2,295,-0.0097,-0.2389,0.500000,2.500000,1,0,2.713,0.009975,-0.01002,-0.22894,0.012717,0,571.09,14.42,89.29,185.44,0.014415,0.018015,0.2012,2.876
0.05,lyap2,296,-0.0414,-0.4969,0.500000,2.500000,1,0,3.630,0.009983,-0.03888,-0.48722,0.012751,0,424.18,15.05,14.51,186.29,0.015052,0.019269,0.2729,3.316
0.05,lyap2,297,-0.4635,-0.8276,0.500000,2.500000,1,0,4.642,0.009985,-0.46071,-0.81804,0.012748,0,382.12,26.88,39.47,131.43,0.026878,0.038670,0.7465,4.380
0.05,lyap2,298,-0.1078,-0.2116,0.500000,2.500000,1,0,2.874,0.009999,-0.10252,-0.20313,0.012716,0,620.98,12.74,99.45,201.48,0.012740,0.014683,0.2888,3.255
0.05,lyap2,299,0.1967,0.7699,0.500000,2.500000,1,0,4.104,0.009986,0.19387,0.76036,0.012708,0,315.27,17.51,13.00,131.50,0.017510,0.026122,0.4295,3.996
